store_id,sku_id,stock_on_hand,reorder_point,safety_stock,last_restock_date
ST11,SKU02558,323,72,22,2025-05-17
ST21,SKU01031,236,67,14,2025-06-17
ST26,SKU02129,433,96,34,2025-05-20
ST19,SKU02907,178,34,13,2025-08-03
ST05,SKU01023,333,97,22,2025-07-12
ST08,SKU04475,470,90,29,2025-06-09
ST01,SKU01318,125,24,9,2025-07-25
ST13,SKU00389,212,49,15,2025-08-16
ST25,SKU01675,259,77,32,2025-06-11
ST06,SKU01396,204,57,12,2025-05-06
ST07,SKU04250,348,79,27,2025-05-10
ST22,SKU03592,444,79,38,2025-09-01
ST01,SKU00500,0,54,24,2025-08-25
ST20,SKU02728,245,41,18,2025-06-16
ST08,SKU03428,72,21,5,2025-08-29
ST11,SKU04894,488,93,22,2025-05-26
ST16,SKU01037,0,92,38,2025-09-03
ST21,SKU01152,0,76,32,2025-10-02
ST28,SKU02094,291,62,16,2025-06-01
ST26,SKU04236,377,85,24,2025-06-16
ST19,SKU01042,131,29,12,2025-05-06
ST15,SKU01337,226,60,19,2025-08-15
ST08,SKU02381,0,36,15,2025-09-05
ST09,SKU01034,297,50,17,2025-07-31
ST07,SKU00170,311,70,33,2025-08-12
ST19,SKU01981,179,30,13,2025-05-19
ST15,SKU04491,91,25,10,2025-08-24
ST25,SKU00978,129,22,5,2025-05-31
ST27,SKU03562,393,79,38,2025-06-09
ST25,SKU00749,115,27,10,2025-06-11
ST14,SKU00331,317,59,15,2025-08-15
ST24,SKU03493,308,58,22,2025-08-24
ST22,SKU04652,80,21,9,2025-05-12
ST03,SKU02387,292,77,37,2025-08-09
ST08,SKU04717,202,56,16,2025-05-29
ST08,SKU00516,297,94,29,2025-08-20
ST01,SKU03546,0,42,18,2025-09-25
ST13,SKU00631,528,100,48,2025-06-21
ST12,SKU03375,379,92,45,2025-05-31
ST24,SKU02217,324,59,21,2025-07-20
ST08,SKU01684,154,40,11,2025-08-06
ST01,SKU02728,173,40,10,2025-05-20
ST04,SKU04194,446,92,19,2025-08-07
ST11,SKU00935,176,58,27,2025-06-07
ST28,SKU04551,0,80,39,2025-09-05
ST21,SKU03609,508,97,41,2025-06-03
ST23,SKU02221,152,35,15,2025-06-22
ST09,SKU02094,239,65,25,2025-07-22
ST28,SKU00350,150,31,14,2025-07-22
ST03,SKU02279,435,78,24,2025-07-14
ST18,SKU03311,475,80,28,2025-08-15
ST25,SKU02038,69,22,5,2025-05-26
ST30,SKU00167,221,56,24,2025-06-27
ST09,SKU03491,89,22,10,2025-06-01
ST23,SKU01174,459,83,19,2025-07-08
ST28,SKU03504,457,89,24,2025-08-18
ST11,SKU01874,488,85,36,2025-07-20
ST24,SKU02567,361,65,16,2025-08-25
ST15,SKU02747,0,100,30,2025-08-25
ST15,SKU00532,175,33,7,2025-07-14
ST27,SKU01818,152,41,13,2025-07-24
ST25,SKU00991,189,46,23,2025-08-16
ST06,SKU04913,0,26,9,2025-09-09
ST04,SKU04315,0,76,24,2025-10-08
ST28,SKU04443,102,22,11,2025-07-06
ST26,SKU00169,0,23,9,2025-09-12
ST12,SKU02449,0,79,18,2025-09-26
ST10,SKU03837,239,50,24,2025-08-29
ST05,SKU03493,319,68,27,2025-05-31
ST22,SKU04894,113,33,13,2025-08-26
ST13,SKU03088,0,97,40,2025-08-14
ST30,SKU02503,0,21,6,2025-10-10
ST30,SKU04489,0,74,37,2025-09-17
ST25,SKU04145,179,48,21,2025-05-12
ST16,SKU04554,165,51,13,2025-05-25
ST06,SKU01880,149,29,10,2025-08-12
ST06,SKU01651,96,20,4,2025-06-11
ST07,SKU02519,259,45,9,2025-07-01
ST26,SKU01337,93,21,8,2025-08-05
ST07,SKU04505,104,29,9,2025-07-31
ST15,SKU04854,147,45,14,2025-07-22
ST27,SKU01939,299,55,24,2025-08-31
ST20,SKU02983,0,77,25,2025-09-05
ST18,SKU00170,163,35,14,2025-08-08
ST04,SKU02221,301,59,25,2025-07-02
ST09,SKU00350,181,47,19,2025-08-29
ST21,SKU03622,0,47,15,2025-10-08
ST12,SKU00355,298,87,30,2025-05-07
ST03,SKU00535,112,24,8,2025-08-21
ST15,SKU03807,147,41,12,2025-07-30
ST13,SKU00994,0,73,15,2025-09-01
ST04,SKU01174,336,57,13,2025-07-24
ST09,SKU03504,365,70,15,2025-07-26
ST21,SKU00589,195,58,17,2025-06-17
ST05,SKU02567,247,76,28,2025-07-29
ST24,SKU02580,188,57,22,2025-06-23
ST22,SKU03968,230,51,14,2025-08-22
ST06,SKU00954,210,43,13,2025-06-09
ST23,SKU02355,0,40,19,2025-08-13
ST26,SKU04612,396,95,32,2025-08-16
ST19,SKU03633,0,81,27,2025-09-15
ST02,SKU03235,310,52,21,2025-08-14
ST24,SKU01762,290,55,24,2025-06-20
ST22,SKU03150,215,44,13,2025-08-23
ST22,SKU00935,337,59,19,2025-06-27
ST25,SKU02401,0,21,6,2025-10-01
ST27,SKU02999,125,34,13,2025-05-07
ST20,SKU02057,421,74,36,2025-08-18
ST25,SKU00186,207,39,10,2025-06-07
ST23,SKU03523,143,31,15,2025-08-07
ST14,SKU01754,310,56,23,2025-07-02
ST07,SKU04747,245,54,26,2025-05-18
ST07,SKU00546,318,58,22,2025-06-20
ST07,SKU00317,230,43,17,2025-07-16
ST29,SKU00830,0,21,9,2025-10-03
ST22,SKU01874,156,31,11,2025-07-13
ST01,SKU02983,0,70,31,2025-10-08
ST06,SKU01075,311,52,21,2025-07-04
ST16,SKU03520,445,96,40,2025-07-11
ST21,SKU01649,318,79,29,2025-05-18
ST26,SKU02747,0,26,8,2025-09-02
ST26,SKU00532,175,40,19,2025-07-03
ST07,SKU01485,0,55,27,2025-08-07
ST05,SKU03627,384,77,17,2025-08-18
ST19,SKU01310,448,77,22,2025-05-24
ST02,SKU04753,138,36,8,2025-08-24
ST19,SKU04693,290,93,25,2025-07-01
ST22,SKU02224,154,37,8,2025-06-07
ST24,SKU02822,381,91,25,2025-06-02
ST17,SKU01880,362,100,43,2025-05-20
ST30,SKU03805,90,21,5,2025-07-30
ST04,SKU02584,260,57,25,2025-08-25
ST04,SKU02355,0,48,17,2025-10-10
ST26,SKU04854,450,86,32,2025-05-27
ST12,SKU04919,368,65,14,2025-08-04
ST26,SKU02639,141,33,11,2025-08-04
ST29,SKU04334,242,55,23,2025-08-14
ST12,SKU04690,365,64,22,2025-05-16
ST29,SKU04105,0,83,32,2025-09-25
ST01,SKU02057,356,67,19,2025-07-03
ST06,SKU04350,0,92,26,2025-08-16
ST04,SKU03523,426,77,20,2025-08-25
ST11,SKU00264,0,31,7,2025-08-21
ST21,SKU02938,369,83,27,2025-07-05
ST07,SKU00788,390,84,38,2025-07-21
ST26,SKU03807,233,41,19,2025-05-18
ST05,SKU02930,0,23,8,2025-09-12
ST26,SKU01592,384,71,26,2025-07-10
ST10,SKU00830,0,87,23,2025-08-31
ST03,SKU04052,350,76,29,2025-05-24
ST27,SKU04409,414,76,27,2025-05-13
ST29,SKU03058,397,75,28,2025-06-18
ST23,SKU02718,310,80,31,2025-08-05
ST21,SKU04106,138,37,18,2025-08-09
ST16,SKU01547,0,79,26,2025-10-01
ST26,SKU00774,0,84,30,2025-09-27
ST17,SKU00954,232,66,23,2025-07-22
ST22,SKU03284,227,73,25,2025-07-22
ST03,SKU03005,319,57,26,2025-07-14
ST08,SKU03349,81,23,6,2025-08-10
ST03,SKU02776,0,24,12,2025-10-09
ST15,SKU04062,280,67,18,2025-06-20
ST11,SKU00385,251,55,26,2025-07-27
ST16,SKU00500,0,22,7,2025-09-28
ST02,SKU02780,411,73,16,2025-06-06
ST19,SKU00734,119,23,9,2025-06-15
ST29,SKU03179,136,27,13,2025-05-08
ST25,SKU01717,126,29,12,2025-08-09
ST18,SKU00546,120,32,8,2025-06-30
ST14,SKU01070,342,77,23,2025-05-18
ST10,SKU04334,74,20,4,2025-07-25
ST15,SKU04412,249,55,27,2025-06-14
ST13,SKU01370,0,22,6,2025-09-14
ST27,SKU03254,393,73,33,2025-05-30
ST11,SKU00506,0,62,14,2025-09-06
ST23,SKU01792,511,100,21,2025-07-23
ST21,SKU00965,123,35,16,2025-08-26
ST02,SKU04887,566,95,32,2025-06-25
ST08,SKU04409,316,69,25,2025-06-07
ST11,SKU01674,437,84,33,2025-05-23
ST21,SKU04348,0,74,18,2025-09-09
ST04,SKU02718,248,44,15,2025-08-02
ST14,SKU01191,434,82,20,2025-05-24
ST09,SKU02833,0,82,22,2025-08-06
ST23,SKU00516,461,81,34,2025-05-08
ST02,SKU03840,0,49,19,2025-09-08
ST02,SKU01854,437,80,19,2025-06-10
ST28,SKU00860,129,34,12,2025-06-14
ST29,SKU02482,0,98,23,2025-08-18
ST29,SKU04468,244,79,28,2025-08-25
ST03,SKU01032,268,63,20,2025-05-24
ST20,SKU02662,320,87,19,2025-08-05
ST27,SKU03375,378,67,25,2025-05-24
ST30,SKU00906,306,80,18,2025-07-25
ST23,SKU01684,503,97,24,2025-06-23
ST10,SKU03179,241,50,17,2025-08-15
ST03,SKU01971,104,28,6,2025-08-04
ST15,SKU03257,443,76,36,2025-08-03
ST15,SKU01042,291,72,20,2025-08-18
ST09,SKU02954,0,31,8,2025-08-19
ST17,SKU01317,0,78,37,2025-08-10
ST01,SKU04756,0,73,18,2025-08-14
ST03,SKU01153,0,98,24,2025-09-01
ST03,SKU03139,149,31,14,2025-07-02
ST01,SKU02541,235,47,10,2025-08-14
ST25,SKU02898,0,24,5,2025-08-15
ST06,SKU04605,177,56,23,2025-07-10
ST04,SKU01792,120,21,10,2025-08-21
ST23,SKU01805,289,72,21,2025-05-07
ST26,SKU00090,457,98,37,2025-07-28
ST21,SKU00978,227,47,22,2025-06-07
ST01,SKU03709,101,21,7,2025-05-23
ST13,SKU02780,182,32,15,2025-06-09
ST20,SKU01507,0,53,12,2025-08-22
ST27,SKU02449,0,24,6,2025-08-30
ST25,SKU03837,334,81,31,2025-08-16
ST23,SKU00987,147,38,9,2025-05-12
ST21,SKU02375,363,64,13,2025-07-19
ST23,SKU00758,591,100,20,2025-05-13
ST09,SKU00860,120,27,12,2025-07-03
ST07,SKU02211,344,59,21,2025-07-12
ST10,SKU02482,0,28,14,2025-08-10
ST29,SKU04710,0,51,13,2025-10-03
ST10,SKU04468,104,32,11,2025-05-08
ST10,SKU02253,544,97,20,2025-05-08
ST03,SKU01274,0,36,11,2025-08-10
ST01,SKU02662,425,75,33,2025-05-22
ST03,SKU01045,0,89,37,2025-08-27
ST06,SKU02740,0,64,28,2025-09-27
ST06,SKU04726,206,65,31,2025-06-18
ST16,SKU03199,0,76,29,2025-09-04
ST04,SKU01684,154,45,21,2025-05-08
ST26,SKU04412,251,62,17,2025-05-13
ST07,SKU03150,290,51,18,2025-07-14
ST24,SKU01104,341,92,36,2025-08-30
ST27,SKU00584,287,70,24,2025-08-29
ST08,SKU00342,316,56,22,2025-05-18
ST27,SKU02570,517,90,32,2025-05-20
ST27,SKU00355,369,62,30,2025-08-21
ST21,SKU02267,303,56,24,2025-05-20
ST21,SKU00052,154,41,16,2025-05-16
ST07,SKU04318,0,77,24,2025-10-11
ST24,SKU02501,193,41,11,2025-08-22
ST29,SKU04831,307,89,32,2025-06-06
ST12,SKU00986,369,68,21,2025-06-20
ST22,SKU01674,182,48,23,2025-06-22
ST29,SKU00401,77,25,9,2025-05-10
ST13,SKU01854,289,57,25,2025-08-22
ST13,SKU03840,0,82,27,2025-08-18
ST15,SKU00237,286,78,26,2025-08-16
ST06,SKU04847,0,61,12,2025-09-06
ST04,SKU01805,452,86,43,2025-05-13
ST22,SKU02842,267,63,18,2025-05-27
ST01,SKU01507,0,48,17,2025-09-17
ST06,SKU03800,0,21,10,2025-08-07
ST11,SKU04144,295,84,25,2025-08-30
ST04,SKU00987,76,24,5,2025-08-05
ST04,SKU00758,305,83,20,2025-05-30
ST10,SKU04710,0,67,27,2025-08-10
ST29,SKU02737,0,33,12,2025-09-08
ST18,SKU04305,0,58,19,2025-10-10
ST25,SKU01046,300,71,35,2025-07-10
ST16,SKU03441,205,48,24,2025-06-02
ST06,SKU00538,0,98,25,2025-09-16
ST26,SKU04654,80,24,9,2025-05-11
ST02,SKU03277,264,44,17,2025-05-20
ST07,SKU03621,309,58,13,2025-08-25
ST29,SKU03905,251,58,17,2025-08-25
ST03,SKU00240,383,95,24,2025-07-21
ST08,SKU02570,202,44,16,2025-06-16
ST08,SKU00584,109,23,10,2025-06-15
ST13,SKU00699,443,77,32,2025-06-19
ST24,SKU04729,532,93,21,2025-07-17
ST10,SKU04831,132,23,6,2025-06-21
ST29,SKU02858,0,79,32,2025-09-14
ST24,SKU02514,537,92,25,2025-07-30
ST05,SKU02501,261,68,31,2025-06-12
ST10,SKU00401,212,65,24,2025-08-30
ST18,SKU02211,345,69,15,2025-06-23
ST17,SKU04955,249,51,17,2025-05-08
ST17,SKU04726,558,96,43,2025-08-04
ST03,SKU04562,0,40,17,2025-08-28
ST25,SKU04321,0,68,26,2025-09-23
ST30,SKU04665,248,70,20,2025-05-24
ST18,SKU01164,0,26,12,2025-10-02
ST04,SKU01229,237,48,10,2025-07-18
ST11,SKU04157,0,93,27,2025-08-31
ST23,SKU03457,503,91,33,2025-08-13
ST02,SKU02351,464,86,26,2025-05-12
ST19,SKU02520,448,77,34,2025-07-09
ST19,SKU00305,325,72,28,2025-07-19
ST07,SKU00251,204,46,13,2025-08-16
ST10,SKU02737,0,44,15,2025-08-28
ST13,SKU02217,506,99,26,2025-07-29
ST13,SKU00002,0,47,14,2025-08-05
ST25,SKU03274,0,94,40,2025-09-12
ST13,SKU01988,0,22,7,2025-09-06
ST16,SKU03454,175,41,15,2025-07-02
ST26,SKU02681,160,35,13,2025-07-02
ST07,SKU03634,126,33,15,2025-08-02
ST26,SKU00466,169,51,15,2025-06-02
ST02,SKU01075,243,62,16,2025-08-15
ST24,SKU03803,191,48,23,2025-07-19
ST10,SKU03905,251,68,22,2025-07-23
ST29,SKU04147,310,100,21,2025-07-24
ST23,SKU01363,0,51,23,2025-09-03
ST23,SKU03349,433,79,17,2025-07-28
ST16,SKU00421,195,62,24,2025-05-22
ST14,SKU01580,365,97,31,2025-07-05
ST22,SKU04144,209,46,21,2025-06-14
ST05,SKU02514,174,30,14,2025-07-01
ST29,SKU02871,364,62,14,2025-06-27
ST04,SKU04504,120,38,10,2025-06-22
ST23,SKU02531,0,85,35,2025-09-09
ST23,SKU02302,106,33,13,2025-06-22
ST19,SKU03580,108,24,5,2025-05-29
ST05,SKU01696,249,80,24,2025-08-14
ST13,SKU03277,284,60,19,2025-06-13
ST19,SKU02533,198,36,9,2025-06-30
ST05,SKU00649,160,28,11,2025-06-07
ST24,SKU02648,0,69,22,2025-09-07
ST03,SKU01542,381,65,16,2025-06-29
ST09,SKU00539,0,60,28,2025-08-09
ST07,SKU03876,0,40,12,2025-09-25
ST14,SKU00654,209,64,13,2025-06-01
ST05,SKU03803,504,92,41,2025-07-02
ST10,SKU04147,86,20,9,2025-08-30
ST08,SKU01068,408,93,46,2025-05-20
ST01,SKU02112,265,55,14,2025-08-26
ST03,SKU02710,248,47,21,2025-07-07
ST04,SKU03578,0,45,15,2025-08-26
ST30,SKU02584,341,57,17,2025-05-27
ST23,SKU01605,419,75,21,2025-08-08
ST09,SKU03693,0,44,10,2025-10-09
ST11,SKU00090,339,78,21,2025-07-21
ST14,SKU01822,94,30,12,2025-07-06
ST08,SKU04222,330,84,18,2025-08-24
ST13,SKU02351,131,39,11,2025-08-15
ST04,SKU02531,0,31,7,2025-08-17
ST21,SKU03932,405,93,32,2025-07-20
ST24,SKU04166,0,100,47,2025-09-10
ST19,SKU03822,239,65,26,2025-05-24
ST17,SKU01009,0,97,23,2025-10-03
ST15,SKU04346,0,85,37,2025-09-29
ST03,SKU00845,0,72,27,2025-10-01
ST18,SKU03863,108,28,10,2025-05-17
ST25,SKU02590,219,38,18,2025-08-13
ST18,SKU03634,319,79,17,2025-08-18
ST07,SKU02950,0,94,21,2025-09-25
ST03,SKU01784,0,51,22,2025-08-24
ST20,SKU03414,203,57,26,2025-08-02
ST27,SKU02141,0,60,23,2025-10-12
ST08,SKU02128,174,57,17,2025-07-01
ST06,SKU01264,279,88,29,2025-05-26
ST27,SKU00155,70,22,9,2025-07-11
ST23,SKU00679,130,24,11,2025-08-09
ST13,SKU02472,322,67,32,2025-05-23
ST16,SKU03709,284,60,28,2025-06-03
ST26,SKU00721,200,35,15,2025-08-04
ST12,SKU04987,436,85,38,2025-07-21
ST05,SKU01830,162,31,12,2025-06-19
ST25,SKU04926,0,30,15,2025-09-12
ST21,SKU03235,133,34,8,2025-05-31
ST04,SKU01605,323,73,22,2025-07-01
ST14,SKU02064,331,61,26,2025-08-27
ST07,SKU02842,313,94,26,2025-07-24
ST20,SKU03535,0,82,19,2025-08-29
ST23,SKU00571,159,44,18,2025-05-29
ST26,SKU03057,0,34,8,2025-10-02
ST05,SKU04166,0,23,8,2025-08-13
ST10,SKU04281,126,40,10,2025-05-18
ST03,SKU03073,555,98,38,2025-06-19
ST13,SKU01317,0,45,10,2025-09-25
ST09,SKU02070,162,34,8,2025-06-09
ST11,SKU04654,120,30,13,2025-06-28
ST07,SKU03192,410,74,19,2025-05-10
ST26,SKU00024,301,88,33,2025-05-06
ST01,SKU01428,289,74,26,2025-05-19
ST01,SKU03414,74,22,8,2025-05-22
ST08,SKU00155,337,88,31,2025-05-25
ST30,SKU02129,314,66,15,2025-07-08
ST06,SKU03492,383,72,29,2025-07-17
ST23,SKU02907,341,97,27,2025-07-04
ST14,SKU03353,0,47,21,2025-09-25
ST09,SKU01023,173,37,12,2025-06-30
ST14,SKU01138,0,31,11,2025-08-20
ST04,SKU00679,169,53,25,2025-08-22
ST19,SKU01970,400,75,21,2025-08-13
ST12,SKU03014,346,95,20,2025-07-24
ST04,SKU03833,233,71,34,2025-08-09
ST26,SKU04346,0,66,18,2025-10-06
ST17,SKU04526,223,41,16,2025-08-05
ST22,SKU04641,359,79,37,2025-06-30
ST24,SKU01038,165,39,19,2025-08-19
ST03,SKU04362,0,91,28,2025-08-12
ST08,SKU04706,379,82,36,2025-05-13
ST01,SKU03535,0,32,12,2025-08-14
ST25,SKU01906,467,100,39,2025-06-25
ST30,SKU04236,231,58,20,2025-08-20
ST25,SKU01677,0,96,46,2025-10-12
ST04,SKU00571,471,82,40,2025-09-02
ST22,SKU03823,268,88,36,2025-05-12
ST17,SKU01264,485,100,39,2025-06-08
ST15,SKU02386,112,31,7,2025-05-21
ST30,SKU00974,0,34,8,2025-08-14
ST16,SKU03254,292,80,26,2025-05-27
ST23,SKU01981,364,75,15,2025-07-31
ST11,SKU02681,259,63,15,2025-08-03
ST02,SKU03090,384,89,25,2025-07-04
ST19,SKU03030,0,63,18,2025-08-26
ST22,SKU02776,0,47,15,2025-08-24
ST03,SKU02268,0,29,7,2025-10-10
ST15,SKU01339,391,77,33,2025-06-16
ST11,SKU01863,109,31,14,2025-07-16
ST04,SKU02907,341,94,44,2025-08-29
ST28,SKU03493,179,39,11,2025-06-12
ST04,SKU00692,0,88,19,2025-08-16
ST07,SKU02387,163,29,8,2025-08-27
ST01,SKU04824,0,69,25,2025-09-17
ST27,SKU01578,0,52,23,2025-09-25
ST06,SKU04902,385,74,34,2025-07-13
ST11,SKU03031,588,98,45,2025-05-07
ST28,SKU02217,488,95,22,2025-05-28
ST28,SKU00002,0,100,28,2025-09-01
ST17,SKU04768,387,71,31,2025-07-25
ST12,SKU02209,432,90,36,2025-07-09
ST29,SKU03839,298,71,23,2025-06-18
ST22,SKU00682,271,68,34,2025-05-16
ST05,SKU01038,297,62,19,2025-08-18
ST20,SKU04019,381,72,32,2025-06-11
ST18,SKU03192,101,22,8,2025-06-15
ST27,SKU00531,0,99,34,2025-10-02
ST25,SKU01919,402,94,23,2025-07-02
ST04,SKU01042,211,66,32,2025-05-12
ST28,SKU01170,0,66,24,2025-08-05
ST02,SKU02164,61,20,8,2025-05-23
ST07,SKU02279,307,54,23,2025-07-05
ST24,SKU04663,0,68,19,2025-09-30
ST17,SKU03492,148,36,8,2025-07-23
ST01,SKU04945,119,20,5,2025-05-25
ST13,SKU04016,0,99,39,2025-09-21
ST11,SKU03152,313,85,35,2025-05-21
ST28,SKU02567,70,21,6,2025-05-09
ST04,SKU01981,359,86,19,2025-07-30
ST22,SKU00574,243,58,15,2025-07-18
ST20,SKU01696,277,61,30,2025-05-15
ST09,SKU03493,332,84,39,2025-06-30
ST24,SKU00354,110,34,12,2025-05-07
ST27,SKU04035,0,72,17,2025-09-19
ST08,SKU01578,0,59,26,2025-08-09
ST30,SKU01337,230,52,18,2025-07-09
ST20,SKU00649,266,86,29,2025-08-23
ST06,SKU02700,362,87,33,2025-07-28
ST09,SKU02217,267,78,31,2025-06-03
ST24,SKU03737,137,31,9,2025-07-07
ST10,SKU03839,217,39,15,2025-07-18
ST20,SKU02046,0,62,15,2025-08-31
ST03,SKU00416,0,27,13,2025-09-02
ST13,SKU03090,255,58,21,2025-05-16
ST30,SKU04491,482,81,30,2025-06-21
ST11,SKU04212,301,52,26,2025-08-07
ST16,SKU00355,354,61,22,2025-08-05
ST28,SKU03627,111,32,12,2025-06-04
ST23,SKU01068,230,40,16,2025-08-23
ST26,SKU01568,453,84,32,2025-05-28
ST24,SKU04905,296,75,28,2025-06-23
ST05,SKU04663,0,36,7,2025-09-30
ST15,SKU04856,229,55,22,2025-06-28
ST18,SKU02387,180,36,12,2025-05-24
ST28,SKU04795,509,87,19,2025-05-11
ST09,SKU02567,165,31,8,2025-07-20
ST28,SKU02580,178,50,11,2025-07-31
ST26,SKU00521,270,60,18,2025-08-19
ST17,SKU04902,313,93,25,2025-05-25
ST22,SKU03031,336,73,36,2025-05-27
ST24,SKU01414,0,80,35,2025-08-12
ST20,SKU04153,220,38,11,2025-05-25
ST13,SKU00996,0,92,41,2025-09-20
ST30,SKU04612,500,90,36,2025-05-29
ST16,SKU02462,0,71,23,2025-08-28
ST23,SKU01189,0,44,21,2025-10-03
ST12,SKU03740,345,95,20,2025-05-23
ST05,SKU00354,260,84,31,2025-06-27
ST13,SKU02164,352,90,36,2025-06-08
ST18,SKU02279,315,84,37,2025-08-16
ST23,SKU00371,104,20,8,2025-08-11
ST12,SKU04679,145,38,14,2025-05-30
ST19,SKU01420,0,99,35,2025-10-09
ST22,SKU02923,0,29,10,2025-09-04
ST01,SKU04261,143,47,18,2025-05-12
ST01,SKU02046,0,46,12,2025-10-02
ST30,SKU02747,0,72,27,2025-08-24
ST30,SKU00532,186,50,16,2025-05-15
ST21,SKU04913,0,63,26,2025-08-25
ST23,SKU01310,389,65,27,2025-07-24
ST09,SKU03627,372,63,29,2025-06-22
ST05,SKU04905,122,31,9,2025-06-18
ST29,SKU00832,0,48,14,2025-08-26
ST03,SKU03812,0,45,18,2025-10-04
ST25,SKU01356,271,46,11,2025-06-01
ST09,SKU04795,207,50,20,2025-08-05
ST28,SKU02822,186,48,17,2025-08-24
ST09,SKU02580,354,72,16,2025-05-16
ST23,SKU00263,0,74,29,2025-09-11
ST21,SKU01651,142,25,9,2025-07-06
ST21,SKU01880,348,92,26,2025-08-08
ST07,SKU03931,205,64,20,2025-05-30
ST07,SKU03702,0,56,18,2025-08-05
ST05,SKU01643,212,53,26,2025-08-16
ST29,SKU04215,350,89,42,2025-08-08
ST01,SKU04153,187,61,14,2025-09-02
ST03,SKU00550,163,30,10,2025-08-24
ST16,SKU04919,196,42,11,2025-07-19
ST30,SKU02639,395,90,25,2025-09-01
ST16,SKU04690,109,21,8,2025-07-20
ST04,SKU01189,0,33,7,2025-09-20
ST02,SKU04526,171,29,13,2025-07-03
ST05,SKU04797,466,82,29,2025-05-20
ST12,SKU01538,383,78,34,2025-08-30
ST22,SKU04212,327,63,16,2025-08-23
ST13,SKU04392,217,50,21,2025-07-21
ST18,SKU00535,129,25,12,2025-08-16
ST30,SKU03807,167,31,11,2025-07-07
ST20,SKU01133,301,80,35,2025-06-24
ST30,SKU01592,208,55,23,2025-06-28
ST04,SKU00371,336,96,35,2025-08-24
ST14,SKU00830,0,81,34,2025-10-07
ST07,SKU04052,396,84,29,2025-05-11
ST26,SKU04856,480,86,35,2025-07-12
ST07,SKU03823,232,42,10,2025-07-22
ST19,SKU01662,0,32,12,2025-10-07
ST19,SKU01433,448,87,32,2025-08-16
ST13,SKU03574,89,25,8,2025-05-22
ST06,SKU04352,460,98,23,2025-07-04
ST04,SKU01310,105,20,7,2025-06-16
ST03,SKU04054,254,68,34,2025-07-09
ST23,SKU04706,417,78,23,2025-05-28
ST17,SKU03171,0,84,42,2025-08-09
ST10,SKU04215,121,28,12,2025-07-14
ST29,SKU04228,350,76,23,2025-07-25
ST25,SKU00551,272,68,27,2025-07-31
ST21,SKU01075,145,26,7,2025-06-25
ST02,SKU04768,181,33,8,2025-05-17
ST07,SKU00682,129,29,13,2025-05-26
ST19,SKU00507,303,74,32,2025-06-11
ST10,SKU00953,0,57,19,2025-09-19
ST13,SKU02648,0,98,40,2025-09-20
ST27,SKU00331,261,44,15,2025-08-11
ST15,SKU01031,316,64,25,2025-07-13
ST22,SKU00024,566,100,23,2025-08-26
ST27,SKU04532,169,37,14,2025-07-07
ST09,SKU00728,0,28,14,2025-10-05
ST14,SKU03058,293,52,11,2025-08-06
ST07,SKU02079,0,95,44,2025-09-22
ST02,SKU03950,414,79,24,2025-06-28
ST19,SKU01675,234,72,22,2025-06-20
ST15,SKU04414,306,80,33,2025-07-22
ST20,SKU00328,0,91,43,2025-09-14
ST26,SKU04280,0,25,6,2025-09-16
ST07,SKU01032,114,23,8,2025-08-21
ST10,SKU01303,386,83,19,2025-08-02
ST19,SKU00628,0,45,12,2025-10-01
ST27,SKU04653,183,43,16,2025-08-27
ST04,SKU00734,166,41,20,2025-05-08
ST21,SKU04350,0,97,29,2025-09-28
ST14,SKU03179,439,95,20,2025-06-05
ST07,SKU01971,411,92,39,2025-05-10
ST22,SKU01542,551,100,20,2025-05-08
ST18,SKU04052,122,23,7,2025-07-22
ST20,SKU00449,257,79,30,2025-08-07
ST18,SKU03823,488,93,20,2025-07-09
ST06,SKU02500,207,65,26,2025-06-17
ST06,SKU00285,0,92,27,2025-09-03
ST26,SKU04401,103,31,8,2025-06-23
ST07,SKU01153,0,97,21,2025-09-13
ST07,SKU03139,422,76,34,2025-05-26
ST05,SKU03295,135,41,10,2025-08-09
ST19,SKU00978,316,73,35,2025-08-26
ST19,SKU02964,150,29,6,2025-05-20
ST19,SKU00749,502,97,29,2025-05-11
ST08,SKU04532,138,36,17,2025-06-11
ST08,SKU00331,133,36,12,2025-08-21
ST18,SKU03005,115,32,6,2025-05-18
ST20,SKU03603,467,79,18,2025-07-27
ST18,SKU02776,0,32,10,2025-08-08
ST30,SKU04062,231,39,19,2025-05-11
ST11,SKU01568,313,96,20,2025-07-15
ST29,SKU04591,472,99,47,2025-06-29
ST27,SKU03727,0,54,18,2025-10-07
ST20,SKU04771,497,96,35,2025-08-25
ST14,SKU04468,311,59,19,2025-08-28
ST14,SKU02253,171,48,16,2025-08-09
ST07,SKU01045,0,34,13,2025-09-18
ST29,SKU03773,191,54,20,2025-05-27
ST15,SKU03609,306,73,29,2025-06-27
ST08,SKU04653,216,60,16,2025-05-31
ST30,SKU04412,231,68,31,2025-05-29
ST13,SKU04768,141,32,14,2025-07-10
ST28,SKU01104,212,46,10,2025-07-09
ST12,SKU03311,193,44,14,2025-06-11
ST19,SKU00052,290,87,25,2025-08-16
ST19,SKU02038,262,74,18,2025-08-12
ST10,SKU02484,0,30,12,2025-10-05
ST24,SKU00167,181,54,26,2025-08-21
ST03,SKU03491,109,24,6,2025-07-29
ST01,SKU04879,347,72,18,2025-08-04
ST27,SKU03848,95,20,7,2025-08-14
ST13,SKU03950,327,82,38,2025-07-05
ST20,SKU00691,241,59,28,2025-05-28
ST16,SKU00986,141,43,14,2025-05-07
ST26,SKU04414,369,99,28,2025-07-13
ST12,SKU04250,457,80,27,2025-06-20
ST19,SKU00991,418,98,42,2025-09-02
ST01,SKU03603,245,81,18,2025-08-02
ST26,SKU01152,0,98,43,2025-09-17
ST19,SKU04145,148,36,8,2025-07-31
ST10,SKU04591,174,48,16,2025-07-24
ST01,SKU05000,121,21,10,2025-05-26
ST08,SKU03727,0,45,21,2025-10-06
ST27,SKU01754,528,89,21,2025-05-31
ST27,SKU03740,213,48,21,2025-05-07
ST06,SKU04849,506,88,19,2025-07-24
ST30,SKU03257,457,79,38,2025-07-21
ST14,SKU04710,0,23,7,2025-09-19
ST10,SKU03773,476,92,43,2025-08-08
ST12,SKU00170,120,38,9,2025-07-26
ST19,SKU01112,267,52,22,2025-07-06
ST17,SKU02500,255,50,11,2025-06-22
ST17,SKU00285,0,83,33,2025-09-10
ST15,SKU03851,0,95,42,2025-09-01
ST30,SKU04654,157,31,10,2025-05-12
ST18,SKU01153,0,23,11,2025-09-04
ST18,SKU03139,236,51,24,2025-07-23
ST15,SKU01407,445,98,31,2025-07-06
ST21,SKU04605,223,39,18,2025-08-08
ST09,SKU01104,173,42,13,2025-06-16
ST07,SKU00240,307,57,24,2025-05-15
ST10,SKU04941,268,55,26,2025-05-20
ST05,SKU00167,130,25,10,2025-08-26
ST29,SKU00524,95,20,5,2025-07-23
ST03,SKU03504,392,88,20,2025-06-27
ST01,SKU00691,145,30,8,2025-06-07
ST09,SKU02501,397,81,23,2025-05-10
ST14,SKU04831,125,36,15,2025-08-08
ST09,SKU00286,0,89,40,2025-08-29
ST28,SKU02514,355,99,22,2025-08-14
ST29,SKU03907,0,60,30,2025-08-19
ST12,SKU00062,0,99,22,2025-08-25
ST27,SKU03043,293,91,34,2025-08-13
ST18,SKU01274,0,40,15,2025-09-23
ST11,SKU00066,257,68,30,2025-09-02
ST21,SKU04726,460,91,18,2025-07-31
ST07,SKU04791,282,75,25,2025-08-24
ST26,SKU03609,156,28,6,2025-05-14
ST19,SKU00186,346,83,28,2025-06-24
ST29,SKU00645,284,53,18,2025-06-17
ST08,SKU01754,357,73,15,2025-07-28
ST08,SKU03740,279,62,19,2025-07-19
ST06,SKU00890,480,97,33,2025-06-13
ST14,SKU02737,0,32,14,2025-09-08
ST07,SKU03744,159,47,18,2025-06-15
ST13,SKU03266,390,69,27,2025-07-04
ST01,SKU03966,237,44,19,2025-06-16
ST20,SKU01993,0,59,28,2025-09-20
ST03,SKU00363,0,85,27,2025-09-20
ST01,SKU01751,0,100,34,2025-09-21
ST30,SKU00466,369,91,45,2025-07-20
ST15,SKU01649,184,39,12,2025-05-12
ST28,SKU03803,271,83,34,2025-08-06
ST14,SKU03905,367,96,45,2025-07-29
ST30,SKU00237,336,76,20,2025-06-22
ST28,SKU03574,293,51,13,2025-07-03
ST11,SKU04388,267,53,19,2025-06-22
ST06,SKU02997,536,96,42,2025-07-16
ST09,SKU04729,189,56,21,2025-07-15
ST09,SKU02514,327,63,13,2025-06-23
ST02,SKU03292,0,93,32,2025-09-09
ST12,SKU02519,293,57,17,2025-05-09
ST10,SKU03907,0,64,19,2025-09-10
ST17,SKU04849,72,24,5,2025-05-09
ST20,SKU02114,206,44,21,2025-06-22
ST26,SKU03851,0,79,35,2025-08-29
ST26,SKU03622,0,86,18,2025-09-01
ST10,SKU00874,167,33,11,2025-07-31
ST15,SKU02938,434,92,21,2025-05-24
ST18,SKU00240,354,80,28,2025-07-05
ST04,SKU00305,175,50,13,2025-07-10
ST23,SKU02533,281,70,15,2025-06-06
ST26,SKU00589,423,99,45,2025-06-01
ST07,SKU01542,492,89,25,2025-08-24
ST12,SKU02640,0,97,43,2025-08-15
ST19,SKU03582,319,57,17,2025-06-18
ST29,SKU02055,144,30,14,2025-05-16
ST15,SKU04106,344,69,16,2025-07-11
ST27,SKU03177,400,76,25,2025-06-25
ST20,SKU00020,0,54,26,2025-09-23
ST09,SKU03803,187,57,17,2025-08-15
ST28,SKU01830,341,64,16,2025-07-21
ST11,SKU04401,310,84,31,2025-05-21
ST14,SKU04147,203,52,17,2025-07-08
ST26,SKU03743,0,92,21,2025-09-23
ST07,SKU02710,312,78,17,2025-06-02
ST22,SKU00066,569,97,44,2025-08-28
ST18,SKU04791,329,65,29,2025-07-19
ST18,SKU02576,398,80,19,2025-05-22
ST18,SKU04562,0,37,18,2025-09-21
ST25,SKU01303,110,34,8,2025-05-23
ST21,SKU01827,312,96,24,2025-06-15
ST14,SKU02871,448,75,33,2025-06-19
ST19,SKU01717,276,47,16,2025-06-07
ST17,SKU03105,318,89,27,2025-07-22
ST12,SKU04747,410,73,16,2025-05-11
ST17,SKU00890,238,43,18,2025-06-09
ST22,SKU03220,302,55,15,2025-07-21
ST05,SKU03805,252,81,38,2025-07-11
ST12,SKU00546,454,99,21,2025-08-17
ST13,SKU01414,0,98,26,2025-08-12
ST18,SKU03744,335,70,26,2025-06-10
ST08,SKU01070,337,75,27,2025-05-24
ST25,SKU02471,265,51,21,2025-08-11
ST01,SKU02114,292,80,29,2025-07-09
ST02,SKU00501,326,64,22,2025-05-28
ST26,SKU03864,287,78,24,2025-07-13
ST22,SKU04388,466,97,25,2025-08-03
ST29,SKU03115,422,99,42,2025-08-27
ST04,SKU02533,367,75,30,2025-06-19
ST09,SKU02648,0,76,23,2025-10-05
ST07,SKU01784,0,53,12,2025-09-25
ST15,SKU04348,0,33,13,2025-08-04
ST03,SKU02833,0,49,19,2025-08-05
ST08,SKU03177,318,61,30,2025-06-17
ST01,SKU00020,0,37,8,2025-10-06
ST20,SKU00262,117,36,8,2025-08-14
ST30,SKU00721,257,52,22,2025-06-09
ST16,SKU04987,225,48,24,2025-06-05
ST11,SKU04643,539,98,45,2025-05-25
ST09,SKU01830,174,37,16,2025-05-31
ST26,SKU01770,415,78,37,2025-05-17
ST24,SKU02892,0,94,31,2025-10-06
ST22,SKU00079,0,75,18,2025-09-12
ST26,SKU02938,435,84,23,2025-07-23
ST12,SKU00788,361,65,24,2025-07-30
ST27,SKU03311,338,57,12,2025-06-30
ST09,SKU04166,0,86,33,2025-08-20
ST04,SKU03822,301,52,21,2025-05-30
ST06,SKU02205,344,100,29,2025-07-25
ST14,SKU04281,448,83,33,2025-06-20
ST16,SKU04879,511,94,44,2025-07-11
ST07,SKU03073,240,52,18,2025-06-03
ST07,SKU00858,176,34,12,2025-07-12
ST19,SKU02898,0,47,21,2025-09-29
ST29,SKU01371,0,79,25,2025-09-17
ST18,SKU02710,118,34,15,2025-07-23
ST22,SKU03583,294,63,29,2025-08-30
ST19,SKU03837,345,96,25,2025-07-12
ST15,SKU02375,260,67,29,2025-06-28
ST18,SKU04107,312,76,20,2025-09-02
ST08,SKU01433,204,64,27,2025-07-20
ST01,SKU00262,180,50,15,2025-06-16
ST23,SKU01970,415,94,32,2025-05-06
ST16,SKU03014,114,33,8,2025-05-23
ST16,SKU05000,214,63,25,2025-05-23
ST05,SKU00906,85,26,13,2025-07-06
ST27,SKU02614,0,27,10,2025-09-30
ST30,SKU04346,0,45,18,2025-08-07
ST25,SKU03773,326,85,33,2025-05-29
ST28,SKU01038,325,62,21,2025-08-16
ST02,SKU01803,226,48,20,2025-08-22
ST26,SKU00965,425,73,32,2025-05-26
ST12,SKU01030,0,24,7,2025-09-26
ST29,SKU00445,0,55,27,2025-08-21
ST15,SKU02267,302,54,20,2025-06-23
ST25,SKU04941,418,81,33,2025-07-14
ST15,SKU00052,278,86,38,2025-07-26
ST21,SKU01264,389,90,19,2025-05-29
ST24,SKU03484,184,61,29,2025-07-30
ST22,SKU04643,281,48,21,2025-06-23
ST23,SKU03030,0,24,5,2025-10-05
ST14,SKU03476,0,46,10,2025-08-24
ST07,SKU02268,0,96,22,2025-08-22
ST30,SKU00976,0,100,47,2025-10-09
ST04,SKU01970,450,85,33,2025-08-23
ST07,SKU03436,228,38,8,2025-08-10
ST12,SKU04305,0,42,20,2025-10-10
ST19,SKU01046,342,78,31,2025-08-31
ST24,SKU03376,419,78,23,2025-06-01
ST20,SKU01685,0,21,9,2025-08-12
ST18,SKU03073,443,98,47,2025-08-21
ST16,SKU02209,250,54,12,2025-06-11
ST28,SKU03266,142,35,16,2025-07-29
ST09,SKU01038,301,56,21,2025-06-09
ST29,SKU04888,403,94,29,2025-07-28
ST10,SKU04646,0,66,26,2025-08-30
ST10,SKU00445,0,35,15,2025-10-07
ST13,SKU01911,382,71,33,2025-06-11
ST23,SKU04319,170,39,13,2025-05-10
ST21,SKU03492,342,79,34,2025-05-16
ST05,SKU03484,308,56,23,2025-06-26
ST19,SKU01167,179,33,7,2025-06-05
ST12,SKU02211,118,21,9,2025-05-06
ST04,SKU03259,0,57,22,2025-09-12
ST02,SKU04152,194,60,18,2025-05-20
ST05,SKU04652,150,32,7,2025-05-25
ST24,SKU04665,142,45,13,2025-08-02
ST07,SKU00066,139,28,12,2025-08-20
ST12,SKU01164,0,25,11,2025-10-01
ST18,SKU04362,0,58,19,2025-10-04
ST13,SKU01803,201,59,28,2025-06-29
ST28,SKU00354,224,45,20,2025-06-30
ST19,SKU03274,0,62,24,2025-09-18
ST01,SKU01685,0,35,16,2025-09-13
ST30,SKU02386,486,86,34,2025-05-24
ST28,SKU03737,204,49,18,2025-05-21
ST14,SKU03839,578,100,32,2025-08-26
ST07,SKU00416,0,26,7,2025-09-03
ST05,SKU02558,365,93,22,2025-08-14
ST10,SKU04888,177,33,12,2025-07-19
ST29,SKU02915,117,34,11,2025-07-16
ST19,SKU04442,195,56,17,2025-08-04
ST29,SKU04901,365,89,25,2025-06-29
ST27,SKU01822,245,78,31,2025-08-28
ST18,SKU02268,0,80,38,2025-08-31
ST25,SKU03210,152,35,10,2025-07-27
ST01,SKU00638,405,86,22,2025-06-01
ST09,SKU04663,0,69,23,2025-08-23
ST04,SKU04319,128,40,13,2025-05-20
ST18,SKU03436,298,80,34,2025-08-02
ST27,SKU00775,282,79,17,2025-07-25
ST11,SKU04443,330,66,24,2025-06-07
ST21,SKU04902,426,75,36,2025-06-26
ST28,SKU01643,302,100,49,2025-07-20
ST28,SKU01414,0,60,19,2025-08-09
ST02,SKU02408,313,67,13,2025-07-23
ST12,SKU03621,494,87,36,2025-07-27
ST05,SKU04665,240,79,22,2025-06-09
ST24,SKU02692,0,42,16,2025-09-10
ST29,SKU03036,375,71,24,2025-05-16
ST10,SKU02794,220,52,20,2025-08-14
ST06,SKU00837,395,84,26,2025-07-13
ST23,SKU04453,0,52,12,2025-10-08
ST28,SKU04797,298,82,40,2025-07-05
ST09,SKU00354,349,66,30,2025-05-24
ST02,SKU03347,237,46,19,2025-05-15
ST24,SKU01645,107,22,6,2025-06-03
ST29,SKU03975,220,42,20,2025-05-28
ST01,SKU04142,347,58,15,2025-07-03
ST03,SKU00539,0,28,9,2025-09-17
ST08,SKU00654,146,27,13,2025-08-05
ST09,SKU03737,356,87,27,2025-06-20
ST10,SKU02915,125,28,6,2025-09-02
ST10,SKU04901,139,40,16,2025-06-26
ST13,SKU04381,0,82,35,2025-09-17
ST03,SKU03693,0,53,18,2025-08-12
ST20,SKU03108,217,46,20,2025-07-26
ST27,SKU02064,221,38,15,2025-08-04
ST20,SKU00893,0,34,10,2025-10-03
ST09,SKU04905,303,76,20,2025-06-21
ST06,SKU03173,282,83,30,2025-08-12
ST08,SKU01822,370,67,19,2025-09-02
ST07,SKU03812,0,33,12,2025-10-10
ST24,SKU01766,539,94,47,2025-07-20
ST15,SKU03932,153,51,13,2025-05-28
ST20,SKU00075,463,79,29,2025-07-10
ST30,SKU02520,365,80,20,2025-08-02
ST09,SKU01643,323,78,16,2025-06-03
ST21,SKU02700,523,99,49,2025-07-03
ST02,SKU02421,297,71,31,2025-06-10
ST12,SKU03863,286,77,20,2025-07-21
ST07,SKU00550,463,93,25,2025-06-30
ST19,SKU02590,283,75,16,2025-05-08
ST05,SKU02692,0,23,9,2025-09-22
ST10,SKU03036,148,39,19,2025-07-29
ST10,SKU00821,362,78,22,2025-05-25
ST29,SKU01063,411,74,25,2025-07-18
ST12,SKU03634,142,43,11,2025-08-19
ST13,SKU04273,0,97,46,2025-10-08
ST11,SKU01423,162,30,15,2025-07-31
ST29,SKU04217,125,24,8,2025-06-13
ST10,SKU03975,459,88,22,2025-06-30
ST27,SKU03353,0,48,21,2025-09-14
ST15,SKU04053,213,60,25,2025-05-31
ST25,SKU04741,223,39,9,2025-05-08
ST30,SKU04856,215,57,27,2025-08-22
ST11,SKU00376,0,30,14,2025-09-27
ST04,SKU01420,0,78,17,2025-08-24
ST23,SKU01433,144,45,10,2025-07-17
ST10,SKU00942,0,65,30,2025-08-14
ST24,SKU02826,0,67,18,2025-08-13
ST15,SKU03235,237,40,14,2025-05-06
ST27,SKU04292,270,49,17,2025-08-29
ST13,SKU02408,208,42,11,2025-06-12
ST08,SKU02064,235,76,27,2025-07-30
ST06,SKU01200,321,83,21,2025-06-24
ST14,SKU00832,0,68,33,2025-08-11
ST07,SKU04054,147,38,8,2025-07-27
ST02,SKU01495,111,29,12,2025-05-18
ST17,SKU00837,116,32,15,2025-07-03
ST01,SKU04505,154,33,12,2025-08-28
ST20,SKU00317,99,24,11,2025-08-12
ST14,SKU04215,169,33,15,2025-05-15
ST29,SKU03291,177,58,15,2025-08-07
ST24,SKU00732,290,67,16,2025-06-28
ST03,SKU02070,241,52,17,2025-05-11
ST23,SKU02722,403,97,32,2025-05-25
ST05,SKU04102,415,89,44,2025-06-04
ST24,SKU02129,237,64,23,2025-07-17
ST17,SKU03173,239,52,22,2025-08-15
ST10,SKU04217,501,84,18,2025-05-29
ST03,SKU01023,139,30,13,2025-07-23
ST08,SKU03353,0,62,28,2025-08-21
ST08,SKU01138,0,87,27,2025-08-06
ST18,SKU03812,0,60,21,2025-10-12
ST25,SKU00553,246,66,24,2025-06-04
ST06,SKU04475,265,87,23,2025-08-16
ST11,SKU00389,426,100,32,2025-08-03
ST21,SKU03063,0,40,14,2025-08-15
ST23,SKU01675,309,56,14,2025-09-01
ST04,SKU01433,166,32,16,2025-07-30
ST08,SKU04292,223,67,20,2025-05-22
ST13,SKU02421,139,28,10,2025-05-17
ST06,SKU03428,126,31,8,2025-07-08
ST18,SKU00550,230,70,34,2025-07-10
ST19,SKU01906,147,40,17,2025-07-03
ST12,SKU02950,0,37,8,2025-09-30
ST19,SKU03892,427,92,33,2025-08-02
ST22,SKU01423,133,27,9,2025-06-26
ST29,SKU04580,254,61,27,2025-08-25
ST01,SKU02532,0,93,22,2025-08-15
ST01,SKU00317,137,37,10,2025-07-21
ST25,SKU02660,0,20,9,2025-08-15
ST28,SKU04126,0,63,15,2025-08-28
ST26,SKU04053,258,75,33,2025-08-10
ST07,SKU01034,388,97,44,2025-06-10
ST10,SKU03520,313,82,24,2025-07-29
ST17,SKU02247,0,39,17,2025-08-06
ST22,SKU00376,0,66,17,2025-08-11
ST29,SKU01318,317,77,28,2025-07-08
ST25,SKU03828,577,97,24,2025-05-22
ST20,SKU03484,368,76,24,2025-05-24
ST21,SKU04352,485,91,23,2025-08-27
ST23,SKU00749,123,22,9,2025-07-30
ST04,SKU00507,352,90,33,2025-05-31
ST26,SKU03235,280,61,13,2025-08-18
ST02,SKU04073,388,91,42,2025-08-02
ST04,SKU02722,285,84,34,2025-08-16
ST05,SKU02129,251,73,15,2025-08-11
ST17,SKU01200,531,94,42,2025-08-31
ST18,SKU04054,116,28,8,2025-07-24
ST20,SKU04652,74,20,4,2025-05-24
ST06,SKU04717,171,43,10,2025-06-14
ST06,SKU00516,374,90,44,2025-07-30
ST29,SKU03425,0,86,34,2025-09-16
ST01,SKU03592,148,32,16,2025-05-14
ST02,SKU04194,279,67,33,2025-08-18
ST07,SKU02094,304,54,15,2025-05-10
ST12,SKU03192,114,36,10,2025-06-21
ST10,SKU04580,205,35,15,2025-05-29
ST10,SKU00150,277,90,30,2025-06-10
ST20,SKU02558,200,38,9,2025-07-01
ST23,SKU02038,358,71,21,2025-06-30
ST14,SKU02484,0,91,18,2025-08-16
ST09,SKU04126,0,36,11,2025-10-02
ST28,SKU00167,123,30,9,2025-07-03
ST17,SKU04475,430,82,19,2025-07-16
ST10,SKU01318,371,93,35,2025-08-09
ST22,SKU00389,106,32,9,2025-07-03
ST15,SKU01396,315,67,31,2025-08-07
ST30,SKU04414,294,50,25,2025-07-08
ST04,SKU00978,194,38,10,2025-08-31
ST06,SKU03562,355,62,31,2025-07-07
ST23,SKU00991,459,94,26,2025-06-17
ST04,SKU00749,217,54,14,2025-05-18
ST16,SKU04250,343,88,30,2025-06-05
ST29,SKU02728,426,94,26,2025-07-15
ST17,SKU03428,362,85,28,2025-05-06
ST24,SKU00169,0,32,8,2025-10-05
ST08,SKU03837,206,48,20,2025-06-04
ST03,SKU03493,295,65,31,2025-07-27
ST20,SKU04894,335,66,31,2025-06-23
ST14,SKU02376,142,39,17,2025-08-28
ST17,SKU04596,0,88,36,2025-09-10
ST24,SKU01337,183,40,19,2025-06-10
ST17,SKU02381,0,37,10,2025-10-09
ST25,SKU04191,0,91,36,2025-08-13
ST03,SKU02217,192,44,12,2025-05-30
ST18,SKU01034,350,64,27,2025-08-02
ST14,SKU03773,126,37,17,2025-08-27
ST16,SKU00170,236,46,14,2025-07-16
ST23,SKU01112,317,55,17,2025-07-31
ST21,SKU02500,473,80,36,2025-08-28
ST02,SKU02221,346,86,32,2025-08-27
ST07,SKU04551,0,89,40,2025-09-03
ST07,SKU00350,353,94,29,2025-06-18
ST24,SKU04491,325,73,20,2025-05-16
ST04,SKU00052,299,77,26,2025-06-28
ST09,SKU00167,85,22,9,2025-05-26
ST02,SKU01174,193,38,15,2025-06-06
ST07,SKU03504,230,55,15,2025-05-14
ST12,SKU02387,161,40,17,2025-08-12
ST17,SKU04717,345,75,17,2025-06-13
ST22,SKU00631,79,23,10,2025-05-28
ST03,SKU02567,286,79,21,2025-08-23
ST15,SKU03624,275,70,15,2025-08-20
ST20,SKU03968,584,100,48,2025-06-22
ST06,SKU01818,257,50,22,2025-08-22
ST04,SKU00991,93,27,9,2025-06-03
ST21,SKU04607,188,38,16,2025-06-06
ST16,SKU00062,0,79,33,2025-09-24
ST02,SKU00127,96,20,8,2025-08-31
ST10,SKU02728,222,66,20,2025-07-01
ST24,SKU04612,312,54,16,2025-08-22
ST05,SKU00169,0,23,10,2025-08-22
ST01,SKU04894,219,54,16,2025-07-20
ST30,SKU03609,103,31,15,2025-06-08
ST20,SKU00935,252,61,28,2025-08-01
ST27,SKU03863,457,84,25,2025-08-01
ST23,SKU02401,0,65,21,2025-10-11
ST04,SKU04145,89,27,7,2025-07-06
ST12,SKU02279,260,46,17,2025-06-22
ST05,SKU01337,392,71,20,2025-06-19
ST27,SKU00830,0,94,39,2025-08-09
ST06,SKU04154,0,51,20,2025-09-28
ST06,SKU01939,311,94,26,2025-08-07
ST30,SKU02333,0,95,29,2025-08-30
ST04,SKU01112,434,81,40,2025-07-24
ST26,SKU01396,324,64,26,2025-08-14
ST24,SKU02747,0,60,20,2025-08-15
ST17,SKU01805,294,85,28,2025-07-17
ST15,SKU04913,0,66,28,2025-09-09
ST13,SKU04315,0,43,20,2025-10-08
ST23,SKU04508,0,24,10,2025-10-12
ST14,SKU00524,90,29,12,2025-05-07
ST17,SKU00758,103,25,6,2025-08-08
ST03,SKU04795,387,83,38,2025-06-20
ST15,SKU01880,249,43,17,2025-05-13
ST03,SKU02580,494,94,31,2025-07-22
ST01,SKU03968,271,75,25,2025-06-19
ST30,SKU02683,0,50,18,2025-10-10
ST15,SKU01651,342,61,14,2025-07-29
ST16,SKU02519,364,86,18,2025-08-30
ST21,SKU04849,218,69,16,2025-08-14
ST16,SKU04505,100,24,6,2025-08-30
ST07,SKU00484,0,23,8,2025-09-18
ST24,SKU04854,179,47,16,2025-05-26
ST05,SKU04612,147,44,22,2025-05-09
ST24,SKU02639,129,24,8,2025-07-20
ST03,SKU01762,347,95,46,2025-06-13
ST27,SKU04334,144,31,10,2025-06-19
ST01,SKU03150,403,99,45,2025-06-16
ST27,SKU04105,0,73,36,2025-08-22
ST01,SKU00935,395,94,36,2025-08-23
ST13,SKU02221,340,66,16,2025-05-21
ST18,SKU00350,309,85,31,2025-08-08
ST06,SKU02999,569,97,34,2025-06-16
ST30,SKU01407,546,92,43,2025-08-20
ST02,SKU03523,232,54,11,2025-06-29
ST26,SKU00699,413,78,38,2025-07-27
ST14,SKU00645,239,70,31,2025-08-27
ST12,SKU00535,241,71,31,2025-07-03
ST24,SKU01592,313,90,38,2025-08-17
ST08,SKU00830,0,75,23,2025-09-19
ST18,SKU03504,145,42,9,2025-07-28
ST30,SKU00589,436,91,45,2025-07-05
ST01,SKU01874,372,85,37,2025-05-12
ST13,SKU01174,542,92,29,2025-08-15
ST16,SKU02640,0,74,31,2025-09-11
ST23,SKU03582,136,41,9,2025-07-30
ST27,SKU03058,411,92,32,2025-08-25
ST05,SKU02747,0,44,17,2025-09-29
ST24,SKU00774,0,86,40,2025-09-03
ST05,SKU00532,125,27,6,2025-07-27
ST17,SKU01818,286,69,15,2025-08-02
ST15,SKU00954,287,67,25,2025-06-14
ST13,SKU00127,514,88,38,2025-05-19
ST29,SKU02057,477,81,22,2025-06-20
ST03,SKU02822,251,55,18,2025-07-26
ST27,SKU03179,312,98,31,2025-06-21
ST21,SKU00890,190,36,15,2025-05-20
ST16,SKU02532,0,93,32,2025-10-11
ST16,SKU00546,156,36,8,2025-07-04
ST05,SKU04854,79,20,10,2025-08-31
ST17,SKU01939,227,55,24,2025-06-30
ST05,SKU02639,263,57,15,2025-08-29
ST08,SKU04334,336,59,13,2025-05-20
ST15,SKU01075,294,62,24,2025-07-23
ST03,SKU01775,0,92,44,2025-08-09
ST25,SKU03749,272,78,16,2025-06-29
ST18,SKU00592,364,90,36,2025-05-31
ST25,SKU03520,259,50,21,2025-08-12
ST30,SKU03864,321,58,14,2025-07-19
ST30,SKU01649,488,98,37,2025-06-22
ST11,SKU01370,0,25,5,2025-08-31
ST16,SKU01485,0,90,25,2025-08-18
ST26,SKU04913,0,67,15,2025-08-29
ST03,SKU00728,0,87,27,2025-08-15
ST08,SKU03058,427,72,27,2025-05-15
ST11,SKU04753,224,66,15,2025-08-24
ST06,SKU04409,409,72,33,2025-06-19
ST11,SKU02538,0,99,22,2025-08-16
ST04,SKU03582,143,43,18,2025-08-31
ST21,SKU02997,469,91,34,2025-06-22
ST02,SKU02718,381,66,18,2025-08-13
ST12,SKU03931,316,96,31,2025-08-02
ST25,SKU03870,0,93,35,2025-10-03
ST27,SKU04468,180,33,14,2025-06-03
ST13,SKU00369,0,63,15,2025-08-08
ST27,SKU02253,200,34,8,2025-07-10
ST01,SKU03284,255,72,21,2025-07-20
ST30,SKU01770,348,85,17,2025-06-02
ST28,SKU00906,84,26,11,2025-06-18
ST28,SKU02892,0,28,6,2025-08-30
ST05,SKU04157,0,58,25,2025-08-05
ST17,SKU02999,235,64,24,2025-06-12
ST10,SKU02057,304,61,25,2025-08-30
ST01,SKU00251,226,63,14,2025-05-10
ST13,SKU03523,186,34,8,2025-08-13
ST20,SKU00264,0,79,37,2025-10-07
ST30,SKU02938,376,94,43,2025-08-21
ST25,SKU00608,215,39,14,2025-07-27
ST04,SKU01717,173,34,7,2025-07-22
ST14,SKU02176,0,23,5,2025-08-25
ST12,SKU03823,321,78,19,2025-05-18
ST25,SKU01547,0,55,18,2025-08-17
ST23,SKU02898,0,76,34,2025-09-13
ST02,SKU01792,270,72,15,2025-08-10
ST26,SKU00954,405,70,29,2025-05-08
ST17,SKU03349,377,79,35,2025-07-01
ST24,SKU04062,140,28,12,2025-08-24
ST25,SKU00500,0,88,26,2025-08-19
ST11,SKU02780,323,63,25,2025-08-09
ST23,SKU03837,523,93,34,2025-06-11
ST14,SKU02068,0,74,30,2025-08-19
ST02,SKU00516,488,97,41,2025-07-25
ST17,SKU02302,451,97,46,2025-08-19
ST08,SKU04468,121,21,10,2025-08-28
ST08,SKU02253,279,69,18,2025-05-26
ST06,SKU03375,131,38,19,2025-06-23
ST09,SKU00906,176,38,16,2025-06-13
ST09,SKU02892,0,83,31,2025-08-16
ST14,SKU01021,0,91,19,2025-09-09
ST26,SKU01075,379,64,16,2025-05-10
ST24,SKU04412,363,71,17,2025-05-17
ST29,SKU02541,112,31,10,2025-06-26
ST22,SKU01370,0,99,37,2025-08-18
ST20,SKU00506,0,70,15,2025-10-06
ST01,SKU00264,0,69,16,2025-09-10
ST11,SKU04887,316,71,26,2025-05-21
ST16,SKU01030,0,97,27,2025-10-02
ST29,SKU03709,239,73,25,2025-08-15
ST17,SKU04409,147,45,16,2025-06-23
ST22,SKU02538,0,96,35,2025-09-05
ST27,SKU04831,360,65,15,2025-05-26
ST03,SKU04245,0,60,21,2025-10-06
ST20,SKU01674,266,45,17,2025-05-11
ST13,SKU02718,151,33,11,2025-07-24
ST27,SKU00401,149,28,12,2025-08-28
ST11,SKU01854,211,49,11,2025-07-31
ST11,SKU03840,0,92,39,2025-09-09
ST04,SKU02898,0,63,30,2025-09-16
ST02,SKU01805,303,91,38,2025-07-14
ST12,SKU01032,134,35,15,2025-08-19
ST02,SKU00987,116,24,8,2025-08-19
ST12,SKU01971,153,44,20,2025-06-09
ST24,SKU03257,389,76,35,2025-05-23
ST27,SKU02737,0,84,26,2025-09-22
ST18,SKU02954,0,60,22,2025-09-10
ST16,SKU04305,0,52,17,2025-08-30
ST28,SKU03376,147,39,10,2025-06-28
ST21,SKU02205,125,40,9,2025-06-10
ST24,SKU04654,242,78,27,2025-06-19
ST05,SKU04412,385,75,24,2025-08-31
ST12,SKU03139,231,63,17,2025-07-19
ST10,SKU02541,312,87,36,2025-07-11
ST27,SKU03905,65,21,8,2025-05-18
ST15,SKU04605,271,84,32,2025-08-02
ST13,SKU01792,224,59,23,2025-07-26
ST03,SKU01104,123,33,9,2025-06-10
ST06,SKU00355,219,53,19,2025-07-12
ST28,SKU04315,0,39,15,2025-09-29
ST10,SKU03709,304,77,18,2025-08-15
ST19,SKU01048,0,25,12,2025-09-15
ST22,SKU02780,139,43,15,2025-07-30
ST29,SKU01507,0,95,21,2025-08-21
ST08,SKU04831,298,78,38,2025-05-08
ST27,SKU02858,0,71,31,2025-08-31
ST01,SKU01674,111,28,11,2025-07-16
ST03,SKU02501,460,77,27,2025-08-18
ST30,SKU02375,378,98,39,2025-06-14
ST08,SKU00401,428,74,30,2025-07-01
ST09,SKU03484,138,36,12,2025-06-08
ST23,SKU01167,75,20,6,2025-06-04
ST16,SKU02211,263,80,17,2025-07-14
ST12,SKU01274,0,88,41,2025-08-16
ST10,SKU02662,309,53,11,2025-06-14
ST15,SKU02740,0,23,9,2025-09-19
ST01,SKU02842,216,54,17,2025-05-29
ST25,SKU03199,0,93,20,2025-08-11
ST28,SKU04665,429,98,41,2025-07-13
ST16,SKU03150,138,29,8,2025-07-03
ST17,SKU00571,207,65,26,2025-08-29
ST22,SKU04887,205,44,15,2025-07-19
ST27,SKU00535,405,82,37,2025-06-27
ST23,SKU03274,0,28,11,2025-09-03
ST11,SKU01988,0,84,26,2025-08-28
ST30,SKU00052,206,35,14,2025-06-19
ST04,SKU01046,276,83,34,2025-05-10
ST09,SKU03376,349,77,26,2025-08-22
ST02,SKU04154,0,27,12,2025-08-31
ST05,SKU04654,326,92,44,2025-07-11
ST24,SKU02681,270,64,19,2025-08-11
ST22,SKU01854,220,37,10,2025-07-18
ST22,SKU03840,0,90,25,2025-08-19
ST24,SKU00237,230,75,22,2025-08-06
ST15,SKU04847,0,73,25,2025-08-12
ST08,SKU03905,309,68,14,2025-08-01
ST25,SKU03320,196,41,10,2025-08-31
ST13,SKU01805,516,92,30,2025-06-13
ST23,SKU04442,276,54,21,2025-08-12
ST14,SKU04888,404,82,38,2025-08-30
ST03,SKU04729,181,44,10,2025-07-01
ST08,SKU02858,0,88,19,2025-08-26
ST15,SKU03800,0,47,15,2025-08-06
ST20,SKU04144,318,83,19,2025-05-29
ST03,SKU02514,246,55,14,2025-08-26
ST13,SKU00987,420,81,19,2025-06-12
ST27,SKU02871,149,37,12,2025-08-09
ST04,SKU01167,374,80,30,2025-06-08
ST16,SKU02224,307,71,25,2025-06-04
ST02,SKU04504,146,39,15,2025-05-09
ST12,SKU01287,234,48,22,2025-05-27
ST25,SKU03441,322,66,26,2025-06-14
ST16,SKU03621,65,21,5,2025-08-31
ST04,SKU04321,0,24,7,2025-09-27
ST09,SKU04665,136,35,13,2025-08-23
ST23,SKU04334,370,71,27,2025-08-01
ST14,SKU02794,399,99,42,2025-06-13
ST02,SKU03457,501,90,33,2025-07-16
ST12,SKU00240,451,85,31,2025-08-06
ST03,SKU00649,186,38,8,2025-05-25
ST13,SKU03323,0,59,19,2025-08-20
ST22,SKU00699,148,25,6,2025-08-22
ST04,SKU03274,0,87,28,2025-08-14
ST28,SKU01645,252,44,13,2025-08-31
ST07,SKU00539,0,45,18,2025-08-17
ST29,SKU00823,0,31,7,2025-09-19
ST03,SKU03803,225,48,18,2025-07-30
ST08,SKU04147,424,97,46,2025-06-27
ST25,SKU03562,206,62,19,2025-07-14
ST04,SKU04442,191,37,10,2025-08-17
ST14,SKU02915,150,37,16,2025-07-05
ST26,SKU04955,277,59,27,2025-05-16
ST02,SKU03578,0,86,40,2025-08-08
ST26,SKU02740,0,71,30,2025-10-11
ST28,SKU02584,225,58,18,2025-07-19
ST07,SKU03693,0,85,24,2025-09-28
ST12,SKU04791,153,27,10,2025-05-12
ST02,SKU03349,262,85,33,2025-06-02
ST26,SKU04726,214,38,8,2025-08-05
ST12,SKU04562,0,30,9,2025-08-08
ST19,SKU01303,195,65,20,2025-05-07
ST13,SKU01229,150,38,12,2025-05-14
ST20,SKU04157,0,68,16,2025-09-06
ST08,SKU02871,341,89,42,2025-06-17
ST06,SKU04222,398,81,39,2025-05-29
ST15,SKU01827,407,84,38,2025-06-08
ST28,SKU01766,166,52,23,2025-05-06
ST16,SKU00251,139,39,9,2025-07-03
ST02,SKU02302,445,75,33,2025-05-24
ST12,SKU03744,241,41,13,2025-05-30
ST19,SKU02700,116,38,9,2025-06-23
ST22,SKU02217,200,42,17,2025-06-04
ST19,SKU02471,336,69,30,2025-07-15
ST22,SKU00002,0,80,22,2025-09-22
ST29,SKU02930,0,51,13,2025-08-21
ST27,SKU04281,341,74,17,2025-06-16
ST25,SKU03454,336,83,35,2025-07-14
ST23,SKU02590,334,68,24,2025-07-22
ST14,SKU03036,435,92,39,2025-08-24
ST16,SKU03634,335,65,20,2025-06-11
ST14,SKU00821,301,80,27,2025-07-02
ST22,SKU01170,0,45,9,2025-09-29
ST29,SKU02112,270,70,26,2025-05-16
ST06,SKU02128,100,24,10,2025-05-27
ST11,SKU02472,174,30,14,2025-05-09
ST09,SKU01645,393,99,48,2025-08-08
ST26,SKU03800,0,72,20,2025-09-27
ST24,SKU00721,415,96,35,2025-05-08
ST10,SKU00823,0,63,24,2025-09-22
ST03,SKU01830,305,55,15,2025-07-01
ST13,SKU04504,93,22,6,2025-08-06
ST23,SKU04926,0,30,8,2025-10-12
ST14,SKU00942,0,30,11,2025-08-09
ST04,SKU00254,0,20,10,2025-08-14
ST21,SKU03870,0,47,12,2025-09-09
ST02,SKU01605,135,39,18,2025-08-10
ST26,SKU00538,0,59,12,2025-08-23
ST13,SKU03457,396,95,39,2025-08-29
ST09,SKU01766,475,94,32,2025-05-26
ST21,SKU00837,288,58,12,2025-08-06
ST24,SKU03057,0,35,17,2025-09-12
ST19,SKU00498,166,49,11,2025-07-25
ST08,SKU04281,75,23,7,2025-06-30
ST04,SKU02590,425,87,18,2025-06-02
ST11,SKU01317,0,79,39,2025-09-08
ST14,SKU01063,146,31,12,2025-08-08
ST28,SKU00732,255,78,19,2025-08-01
ST10,SKU02112,425,80,33,2025-08-21
ST12,SKU02710,265,83,41,2025-06-18
ST27,SKU03476,0,84,30,2025-09-07
ST13,SKU03578,0,82,23,2025-09-09
ST18,SKU03693,0,87,33,2025-09-27
ST20,SKU00090,217,68,26,2025-05-25
ST09,SKU04102,464,98,34,2025-06-11
ST06,SKU00155,220,60,28,2025-05-20
ST21,SKU03173,223,47,18,2025-07-22
ST14,SKU04217,166,30,12,2025-07-27
ST21,SKU00958,167,49,20,2025-07-24
ST02,SKU00679,329,89,30,2025-09-01
ST26,SKU01827,440,83,26,2025-05-09
ST17,SKU04222,389,79,33,2025-07-12
ST05,SKU00721,210,63,15,2025-07-26
ST04,SKU04926,0,86,32,2025-09-27
ST30,SKU03932,270,55,17,2025-07-10
ST09,SKU02826,0,100,32,2025-09-25
ST26,SKU01009,0,74,34,2025-09-08
ST02,SKU03833,393,98,25,2025-06-05
ST24,SKU04346,0,50,15,2025-09-01
ST12,SKU00845,0,40,15,2025-08-08
ST15,SKU04526,168,36,10,2025-05-15
ST20,SKU04641,385,89,42,2025-07-02
ST25,SKU04756,0,88,31,2025-09-30
ST23,SKU03892,415,77,25,2025-06-05
ST28,SKU04236,477,97,38,2025-08-23
ST23,SKU01677,0,92,34,2025-08-28
ST02,SKU00571,269,53,14,2025-05-25
ST05,SKU03057,0,98,28,2025-09-23
ST29,SKU01428,363,75,36,2025-06-11
ST29,SKU03414,228,49,17,2025-06-24
ST17,SKU02128,449,99,30,2025-05-15
ST22,SKU02472,222,58,28,2025-08-05
ST30,SKU04053,215,39,15,2025-06-26
ST14,SKU03291,101,31,13,2025-06-12
ST09,SKU00732,239,48,14,2025-06-19
ST05,SKU00024,105,20,5,2025-08-28
ST30,SKU03235,117,34,11,2025-05-30
ST13,SKU01605,278,87,28,2025-07-23
ST27,SKU01274,0,52,23,2025-08-16
ST09,SKU02129,447,92,25,2025-07-22
ST28,SKU02142,164,51,19,2025-05-28
ST21,SKU01200,114,30,10,2025-08-23
ST16,SKU02842,102,29,12,2025-07-29
ST02,SKU02907,131,31,15,2025-06-03
ST02,SKU00692,0,90,23,2025-09-27
ST29,SKU03535,0,31,14,2025-09-14
ST24,SKU00976,0,50,22,2025-10-10
ST21,SKU02368,0,46,19,2025-09-16
ST19,SKU04244,288,78,19,2025-06-23
ST10,SKU04690,438,95,40,2025-08-15
ST12,SKU00858,201,39,12,2025-05-20
ST27,SKU03839,163,54,27,2025-05-23
ST13,SKU03941,208,69,23,2025-08-27
ST01,SKU04641,283,70,17,2025-07-10
ST18,SKU02070,376,81,35,2025-06-28
ST03,SKU01038,166,43,19,2025-08-04
ST16,SKU03192,387,84,28,2025-08-05
ST09,SKU04236,129,24,11,2025-06-24
ST23,SKU01919,208,50,19,2025-07-06
ST14,SKU04580,328,56,22,2025-08-28
ST14,SKU00150,458,84,26,2025-06-18
ST10,SKU01428,174,57,15,2025-08-30
ST10,SKU03414,118,38,9,2025-06-20
ST17,SKU00155,194,54,23,2025-06-02
ST01,SKU03823,112,20,10,2025-06-18
ST18,SKU01023,118,38,14,2025-06-01
ST13,SKU00679,211,61,20,2025-08-14
ST11,SKU04016,0,51,11,2025-08-22
ST09,SKU00974,0,56,26,2025-08-24
ST14,SKU01318,120,22,10,2025-05-19
ST02,SKU01981,342,69,22,2025-05-27
ST29,SKU04824,0,85,36,2025-08-17
ST01,SKU02776,0,74,31,2025-08-22
ST22,SKU01438,0,63,14,2025-10-04
ST13,SKU04062,180,31,11,2025-07-15
ST13,SKU03833,361,88,25,2025-07-03
ST20,SKU00574,137,45,18,2025-06-06
ST21,SKU03428,519,88,22,2025-05-17
ST28,SKU00169,0,35,15,2025-09-02
ST28,SKU02155,0,75,25,2025-08-22
ST09,SKU02142,357,86,38,2025-06-13
ST26,SKU04526,231,54,24,2025-08-04
ST07,SKU03493,315,95,38,2025-09-02
ST12,SKU04362,0,36,8,2025-09-03
ST17,SKU04706,95,29,13,2025-05-25
ST19,SKU03089,234,56,21,2025-08-12
ST28,SKU01337,379,74,18,2025-06-11
ST21,SKU02381,0,66,19,2025-08-16
ST26,SKU01264,394,76,38,2025-08-31
ST07,SKU02217,204,55,26,2025-07-08
ST07,SKU00002,0,93,27,2025-09-27
ST01,SKU00682,379,82,29,2025-06-27
ST25,SKU03254,270,60,13,2025-07-31
ST11,SKU03090,551,92,46,2025-05-28
ST06,SKU00531,0,32,16,2025-09-18
ST28,SKU04491,435,91,21,2025-07-19
ST23,SKU04147,429,83,25,2025-06-11
ST12,SKU02268,0,57,12,2025-08-08
ST20,SKU01863,422,72,32,2025-06-28
ST13,SKU02907,289,91,31,2025-05-21
ST16,SKU02387,141,41,20,2025-07-11
ST21,SKU04717,297,59,14,2025-06-05
ST21,SKU00516,460,80,18,2025-07-26
ST14,SKU03546,0,48,23,2025-09-03
ST28,SKU01229,351,80,38,2025-06-03
ST07,SKU02567,366,88,40,2025-08-31
ST12,SKU03436,199,40,11,2025-07-25
ST19,SKU00177,0,75,37,2025-08-14
ST10,SKU04824,0,56,13,2025-08-04
ST20,SKU03031,180,54,18,2025-07-22
ST25,SKU03375,78,24,7,2025-06-25
ST01,SKU00574,146,45,20,2025-08-25
ST14,SKU02728,282,68,29,2025-08-04
ST28,SKU04612,158,29,10,2025-05-29
ST09,SKU00169,0,21,8,2025-08-17
ST26,SKU04768,201,41,19,2025-06-06
ST29,SKU04019,590,99,22,2025-07-13
ST13,SKU01042,93,25,12,2025-08-22
ST03,SKU00354,477,80,39,2025-06-25
ST11,SKU02164,214,52,13,2025-08-09
ST16,SKU02279,254,46,21,2025-07-06
ST09,SKU03323,0,50,12,2025-09-30
ST09,SKU01337,277,52,16,2025-08-11
ST26,SKU03492,238,56,19,2025-05-27
ST10,SKU04945,315,57,22,2025-06-18
ST05,SKU02386,307,68,23,2025-09-01
ST03,SKU03737,268,82,23,2025-05-29
ST20,SKU03152,403,74,24,2025-07-28
ST13,SKU01981,220,58,25,2025-05-31
ST30,SKU01396,190,57,13,2025-07-11
ST28,SKU02747,0,43,15,2025-10-12
ST09,SKU04491,462,86,35,2025-08-14
ST07,SKU03627,442,76,16,2025-05-12
ST02,SKU01068,203,40,14,2025-08-08
ST29,SKU04140,0,62,15,2025-09-30
ST05,SKU01568,122,21,5,2025-05-14
ST05,SKU01339,176,42,11,2025-08-28
ST03,SKU04905,214,40,19,2025-05-08
ST29,SKU01696,171,56,17,2025-06-13
ST01,SKU01863,99,24,11,2025-07-11
ST27,SKU00832,0,73,36,2025-09-07
ST23,SKU01356,299,79,25,2025-07-12
ST07,SKU04795,318,64,30,2025-06-23
ST07,SKU02580,230,55,25,2025-07-09
ST05,SKU00521,81,25,9,2025-05-30
ST19,SKU00190,0,59,27,2025-09-23
ST17,SKU01578,0,85,31,2025-10-02
ST27,SKU04215,107,21,5,2025-07-17
ST01,SKU03031,98,32,16,2025-08-30
ST29,SKU00649,193,38,11,2025-07-03
ST15,SKU02700,238,71,31,2025-08-07
ST06,SKU00894,146,43,9,2025-08-17
ST28,SKU04854,424,90,21,2025-07-09
ST28,SKU02639,221,62,21,2025-06-25
ST10,SKU04019,244,46,19,2025-07-03
ST29,SKU04032,0,53,18,2025-09-27
ST22,SKU03090,210,51,20,2025-07-06
ST17,SKU00531,0,56,20,2025-10-01
ST03,SKU04797,221,39,12,2025-05-17
ST20,SKU04212,172,37,17,2025-05-06
ST25,SKU00355,178,45,9,2025-05-22
ST11,SKU04392,219,46,20,2025-07-05
ST16,SKU00535,528,93,40,2025-07-20
ST02,SKU00371,192,47,13,2025-08-15
ST19,SKU04741,355,70,15,2025-08-16
ST24,SKU04856,174,55,16,2025-07-25
ST01,SKU03152,273,67,27,2025-08-12
ST27,SKU04107,402,92,43,2025-05-16
ST18,SKU02567,175,55,15,2025-06-22
ST09,SKU02747,0,90,19,2025-09-14
ST09,SKU00532,175,53,17,2025-06-18
ST21,SKU01818,523,98,44,2025-07-20
ST26,SKU04902,205,46,11,2025-09-02
ST02,SKU01310,533,92,19,2025-06-20
ST29,SKU04153,350,96,43,2025-06-25
ST22,SKU00996,0,66,29,2025-08-11
ST25,SKU02462,0,45,13,2025-10-04
ST08,SKU00832,0,55,26,2025-08-31
ST04,SKU01356,349,75,25,2025-09-01
ST02,SKU04693,120,37,13,2025-05-27
ST07,SKU02822,203,59,29,2025-06-01
ST17,SKU04035,0,79,27,2025-09-14
ST22,SKU02164,221,73,33,2025-06-22
ST08,SKU04215,264,76,23,2025-07-25
ST27,SKU04228,83,21,6,2025-08-20
ST21,SKU04154,0,52,13,2025-09-24
ST09,SKU04854,361,63,27,2025-06-22
ST21,SKU01939,375,100,33,2025-06-23
ST07,SKU01775,0,25,8,2025-10-01
ST10,SKU04261,82,22,8,2025-08-18
ST10,SKU02046,0,95,44,2025-09-10
ST10,SKU04032,0,74,21,2025-08-06
ST03,SKU03053,0,47,22,2025-08-22
ST08,SKU00953,0,37,15,2025-08-09
ST30,SKU04913,0,70,26,2025-08-25
ST20,SKU00024,446,87,30,2025-08-27
ST18,SKU03627,310,66,27,2025-07-24
ST09,SKU01592,315,71,29,2025-08-01
ST19,SKU02768,119,39,11,2025-06-02
ST05,SKU04856,398,80,21,2025-07-28
ST18,SKU04795,152,38,12,2025-05-28
ST18,SKU02580,166,41,17,2025-08-08
ST30,SKU01651,261,70,32,2025-06-20
ST16,SKU03931,311,67,19,2025-08-08
ST09,SKU00774,0,93,21,2025-09-27
ST16,SKU03702,0,71,22,2025-09-26
ST10,SKU04153,275,61,27,2025-06-20
ST17,SKU00894,254,78,28,2025-07-01
ST12,SKU00550,460,97,22,2025-07-23
ST13,SKU03633,0,74,23,2025-09-12
ST25,SKU04919,451,88,30,2025-06-01
ST18,SKU01762,141,41,20,2025-08-05
ST25,SKU04690,263,46,22,2025-07-29
ST11,SKU04526,354,74,24,2025-06-28
ST14,SKU02057,78,24,12,2025-05-29
ST02,SKU04706,410,91,24,2025-06-13
ST19,SKU02660,0,46,21,2025-09-08
ST22,SKU04392,384,98,46,2025-06-08
ST08,SKU04228,215,44,17,2025-08-11
ST13,SKU00371,202,49,21,2025-06-04
ST16,SKU04052,153,37,16,2025-07-17
ST04,SKU00551,237,53,25,2025-08-27
ST22,SKU03574,242,45,9,2025-05-13
ST19,SKU03828,189,46,13,2025-05-11
ST30,SKU00954,123,26,7,2025-05-26
ST13,SKU01310,270,83,17,2025-06-28
ST06,SKU00331,212,55,27,2025-08-14
ST01,SKU00024,197,55,15,2025-07-09
ST28,SKU04062,217,55,17,2025-06-26
ST12,SKU04054,117,23,7,2025-07-21
ST19,SKU04996,469,94,45,2025-06-11
ST13,SKU04693,254,79,39,2025-08-03
ST18,SKU02822,484,89,26,2025-05-23
ST13,SKU00263,0,91,45,2025-08-30
ST26,SKU03171,0,52,15,2025-08-04
ST12,SKU01021,0,75,34,2025-09-29
ST25,SKU02946,272,54,25,2025-06-05
ST30,SKU01075,97,23,7,2025-07-30
ST06,SKU04653,401,94,25,2025-06-26
ST28,SKU04412,145,31,8,2025-07-22
ST11,SKU04768,232,65,22,2025-05-15
ST23,SKU03839,203,40,16,2025-07-18
ST16,SKU00682,496,86,41,2025-07-05
ST22,SKU02648,0,53,17,2025-09-11
ST10,SKU01133,234,48,16,2025-07-23
ST01,SKU01542,302,89,22,2025-05-21
ST18,SKU00728,0,24,8,2025-08-20
ST11,SKU03950,431,81,19,2025-07-08
ST21,SKU04409,264,77,19,2025-08-28
ST05,SKU04401,265,56,23,2025-08-10
ST16,SKU01032,307,57,20,2025-06-04
ST09,SKU04062,329,69,29,2025-05-06
ST19,SKU01037,0,69,14,2025-10-03
ST13,SKU00734,458,85,21,2025-08-12
ST30,SKU04350,0,55,15,2025-08-23
ST08,SKU02376,464,80,31,2025-06-20
ST06,SKU03727,0,43,21,2025-09-03
ST16,SKU01971,267,79,28,2025-06-18
ST28,SKU03257,431,100,23,2025-07-07
ST19,SKU02205,149,27,7,2025-07-17
ST29,SKU04879,278,62,13,2025-06-16
ST08,SKU03773,452,79,25,2025-08-14
ST15,SKU02500,107,20,8,2025-05-28
ST15,SKU00285,0,92,25,2025-09-18
ST09,SKU04412,106,32,13,2025-06-26
ST16,SKU01153,0,23,8,2025-08-22
ST16,SKU03139,149,29,10,2025-08-15
ST14,SKU02541,130,43,21,2025-07-03
ST26,SKU04352,109,28,12,2025-07-26
ST07,SKU01104,337,94,30,2025-08-25
ST19,SKU00929,0,31,9,2025-09-06
ST17,SKU00331,290,51,23,2025-08-12
ST29,SKU03603,95,22,7,2025-05-31
ST03,SKU00167,253,50,14,2025-06-29
ST27,SKU00524,227,40,14,2025-08-01
ST06,SKU03848,205,68,24,2025-06-17
ST14,SKU03709,342,74,22,2025-05-24
ST05,SKU04414,371,62,18,2025-06-05
ST10,SKU02543,0,34,15,2025-10-10
ST29,SKU04771,261,87,42,2025-06-03
ST15,SKU04607,263,70,15,2025-05-06
ST20,SKU00521,76,22,5,2025-08-23
ST14,SKU02662,471,94,39,2025-05-18
ST21,SKU03375,256,75,30,2025-08-29
ST24,SKU03609,292,80,26,2025-06-01
ST17,SKU04653,223,52,20,2025-05-17
ST05,SKU01152,0,98,25,2025-09-15
ST12,SKU02094,189,56,13,2025-08-04
ST03,SKU02503,0,66,28,2025-10-07
ST03,SKU04489,0,59,24,2025-08-06
ST27,SKU00645,254,46,13,2025-05-16
ST06,SKU01754,316,84,39,2025-05-31
ST06,SKU03740,283,63,18,2025-08-16
ST09,SKU03257,275,65,19,2025-05-13
ST22,SKU03950,321,91,32,2025-06-20
ST29,SKU00691,183,40,12,2025-05-14
ST10,SKU00449,233,50,23,2025-08-27
ST29,SKU00462,165,46,17,2025-05-20
ST18,SKU04245,0,63,24,2025-08-26
ST25,SKU00986,441,88,21,2025-07-18
ST09,SKU04654,130,32,8,2025-06-15
ST28,SKU00466,169,52,18,2025-08-20
ST10,SKU03603,344,87,32,2025-09-01
ST01,SKU04012,0,79,25,2025-08-17
ST08,SKU00524,313,93,26,2025-05-24
ST04,SKU01048,0,70,26,2025-09-05
ST14,SKU01507,0,58,19,2025-09-22
ST07,SKU04729,223,43,12,2025-05-30
ST19,SKU04554,425,98,22,2025-08-28
ST10,SKU05000,137,35,9,2025-06-15
ST17,SKU03727,0,80,32,2025-09-07
ST10,SKU04771,297,75,25,2025-06-18
ST06,SKU03043,133,40,8,2025-06-04
ST16,SKU01287,329,62,23,2025-06-13
ST26,SKU02500,167,49,18,2025-06-16
ST05,SKU03609,244,80,35,2025-07-27
ST12,SKU00350,122,25,9,2025-07-01
ST24,SKU03622,0,78,30,2025-08-24
ST29,SKU01751,0,30,12,2025-10-09
ST08,SKU00645,231,48,20,2025-07-14
ST25,SKU04261,394,92,22,2025-05-25
ST30,SKU04605,420,100,30,2025-05-09
ST18,SKU01104,148,42,15,2025-07-26
ST16,SKU00240,424,94,21,2025-06-20
ST21,SKU02570,331,88,18,2025-06-27
ST02,SKU00305,329,56,11,2025-06-06
ST21,SKU00584,206,41,14,2025-06-22
ST12,SKU03504,202,48,19,2025-05-12
ST17,SKU03848,219,43,12,2025-08-01
ST18,SKU02501,291,55,13,2025-08-20
ST09,SKU00466,403,92,22,2025-07-27
ST20,SKU00066,175,31,7,2025-08-17
ST30,SKU04726,480,88,21,2025-07-04
ST16,SKU04791,359,68,30,2025-05-27
ST16,SKU02576,318,74,29,2025-05-28
ST23,SKU01303,483,95,29,2025-05-10
ST17,SKU01754,291,60,18,2025-06-23
ST03,SKU03805,179,35,16,2025-05-13
ST15,SKU00890,248,57,22,2025-05-13
ST20,SKU03220,399,77,19,2025-08-29
ST06,SKU01070,219,56,26,2025-05-22
ST23,SKU02471,311,69,28,2025-07-24
ST02,SKU03580,401,86,23,2025-08-22
ST19,SKU03749,139,33,15,2025-08-12
ST05,SKU03851,0,71,23,2025-09-12
ST19,SKU03520,355,60,29,2025-06-23
ST22,SKU03266,219,52,22,2025-05-17
ST12,SKU00363,0,99,28,2025-08-29
ST10,SKU01751,0,41,18,2025-08-13
ST10,SKU03966,166,44,12,2025-05-10
ST24,SKU03864,242,73,33,2025-05-07
ST20,SKU04388,427,97,29,2025-05-25
ST27,SKU03115,330,71,28,2025-09-02
ST30,SKU04847,0,60,16,2025-09-07
ST02,SKU02533,113,21,8,2025-07-22
ST15,SKU02997,460,94,25,2025-07-28
ST08,SKU04041,0,74,17,2025-08-27
ST18,SKU04729,371,97,25,2025-08-28
ST30,SKU03800,0,36,16,2025-09-20
ST18,SKU02514,181,49,12,2025-07-31
ST08,SKU02055,512,99,42,2025-06-01
ST07,SKU01830,263,79,37,2025-08-31
ST17,SKU03043,409,77,22,2025-06-23
ST29,SKU02114,273,73,33,2025-05-15
ST01,SKU00066,149,42,12,2025-08-19
ST20,SKU00079,0,66,20,2025-09-23
ST30,SKU00538,0,24,11,2025-09-30
ST04,SKU01303,128,38,15,2025-08-16
ST19,SKU00608,285,63,23,2025-06-04
ST22,SKU02340,0,66,15,2025-09-07
ST24,SKU02938,204,59,29,2025-08-24
ST08,SKU02176,0,28,6,2025-10-12
ST01,SKU03220,262,80,28,2025-07-06
ST13,SKU02520,323,79,34,2025-05-13
ST13,SKU00305,180,53,18,2025-06-11
ST18,SKU00649,489,95,21,2025-05-25
ST04,SKU02700,176,30,13,2025-08-27
ST04,SKU02471,253,44,21,2025-06-15
ST23,SKU00498,274,56,26,2025-06-06
ST16,SKU01542,191,54,23,2025-07-01
ST02,SKU03822,114,34,11,2025-06-15
ST05,SKU03864,183,43,13,2025-06-21
ST19,SKU01547,0,46,13,2025-09-18
ST05,SKU01649,175,52,23,2025-08-05
ST01,SKU04388,261,44,9,2025-08-05
ST18,SKU03803,187,49,19,2025-08-18
ST20,SKU04401,217,65,15,2025-06-29
ST08,SKU03115,592,99,39,2025-07-05
ST14,SKU02112,283,86,17,2025-07-11
ST16,SKU02710,95,21,4,2025-05-29
ST19,SKU00500,0,54,24,2025-08-11
ST20,SKU03583,250,75,26,2025-08-29
ST30,SKU01827,279,69,28,2025-07-03
ST21,SKU04222,334,82,31,2025-07-24
ST09,SKU00721,247,48,21,2025-06-09
ST26,SKU03105,162,33,16,2025-05-21
ST26,SKU00890,116,34,8,2025-06-23
ST10,SKU04329,0,62,21,2025-08-29
ST22,SKU01414,0,28,10,2025-09-26
ST05,SKU01770,254,46,13,2025-07-03
ST10,SKU02114,269,87,31,2025-07-02
ST13,SKU03580,132,37,9,2025-06-21
ST01,SKU00079,0,87,42,2025-09-08
ST11,SKU00501,245,50,13,2025-08-09
ST05,SKU02938,153,35,15,2025-06-07
ST29,SKU03295,174,31,8,2025-07-22
ST13,SKU02533,117,24,7,2025-07-08
ST06,SKU03311,252,82,37,2025-05-29
ST23,SKU04941,102,20,9,2025-07-07
ST21,SKU02128,65,21,5,2025-07-26
ST04,SKU00498,429,87,26,2025-05-15
ST28,SKU00855,312,81,29,2025-07-04
ST26,SKU02997,90,25,11,2025-06-25
ST17,SKU03177,135,26,6,2025-06-05
ST29,SKU00262,237,70,22,2025-05-31
ST10,SKU00020,0,55,25,2025-08-16
ST08,SKU01371,0,23,10,2025-09-23
ST20,SKU02657,0,41,9,2025-09-21
ST25,SKU04987,302,60,22,2025-07-18
ST18,SKU01830,413,71,29,2025-08-28
ST20,SKU04643,249,65,27,2025-07-02
ST29,SKU03416,326,98,37,2025-07-31
ST26,SKU03347,136,40,13,2025-07-13
ST28,SKU00976,0,36,17,2025-08-16
ST02,SKU01970,415,77,25,2025-05-19
ST12,SKU02954,0,72,22,2025-09-08
ST18,SKU04166,0,81,27,2025-08-28
ST13,SKU03822,322,59,27,2025-06-28
ST15,SKU02205,347,68,23,2025-08-09
ST27,SKU03491,252,83,34,2025-06-07
ST07,SKU01038,198,65,27,2025-05-15
ST05,SKU00965,349,64,26,2025-08-22
ST27,SKU04888,194,55,23,2025-08-25
ST08,SKU00445,0,58,18,2025-09-14
ST11,SKU01911,277,48,10,2025-07-08
ST04,SKU04941,509,85,36,2025-06-06
ST14,SKU03414,192,41,15,2025-05-28
ST21,SKU00155,534,97,46,2025-07-21
ST09,SKU00855,116,31,13,2025-05-24
ST17,SKU01433,398,96,21,2025-08-26
ST03,SKU03484,524,98,40,2025-07-02
ST10,SKU00262,165,28,8,2025-05-15
ST01,SKU02657,0,79,39,2025-09-16
ST25,SKU03014,381,93,33,2025-07-22
ST25,SKU05000,158,33,11,2025-09-02
ST28,SKU00050,0,71,24,2025-09-09
ST02,SKU03030,0,86,23,2025-09-26
ST19,SKU03199,0,95,31,2025-08-08
ST10,SKU03416,544,93,30,2025-05-21
ST22,SKU00501,427,77,36,2025-07-15
ST27,SKU02794,220,38,8,2025-07-18
ST30,SKU04526,194,35,14,2025-06-18
ST16,SKU04362,0,98,30,2025-08-24
ST11,SKU01803,301,80,26,2025-07-07
ST23,SKU03089,237,43,21,2025-06-05
ST23,SKU00874,185,31,10,2025-07-19
ST09,SKU00976,0,22,10,2025-09-02
ST24,SKU02267,231,58,26,2025-05-16
ST19,SKU03320,212,59,20,2025-05-25
ST07,SKU03266,177,33,16,2025-06-29
ST27,SKU02915,169,33,12,2025-07-26
ST27,SKU04901,437,77,36,2025-06-30
ST23,SKU03210,179,40,14,2025-05-22
ST02,SKU04319,264,51,24,2025-05-21
ST05,SKU02375,220,44,21,2025-08-23
ST15,SKU04783,0,100,28,2025-09-03
ST13,SKU01970,75,20,7,2025-05-18
ST16,SKU03436,412,77,38,2025-07-15
ST09,SKU00050,0,63,22,2025-09-24
ST19,SKU03441,432,96,35,2025-07-10
ST03,SKU04665,152,27,5,2025-08-12
ST27,SKU03036,508,99,33,2025-07-25
ST08,SKU02794,185,59,13,2025-08-07
ST27,SKU00821,417,87,39,2025-05-09
ST25,SKU02209,148,30,15,2025-06-12
ST27,SKU00592,271,72,16,2025-07-19
ST18,SKU01038,352,93,32,2025-08-19
ST04,SKU03089,412,69,19,2025-06-07
ST26,SKU03602,94,30,13,2025-08-25
ST07,SKU02340,0,62,24,2025-09-12
ST10,SKU02840,0,24,6,2025-09-12
ST22,SKU01911,145,41,13,2025-07-08
ST29,SKU00638,233,59,27,2025-05-12
ST30,SKU03492,438,81,37,2025-07-01
ST09,SKU02386,127,22,10,2025-07-08
ST07,SKU03737,206,44,18,2025-07-22
ST19,SKU03562,351,61,17,2025-08-17
ST13,SKU03259,0,45,13,2025-08-27
ST08,SKU02915,133,28,13,2025-08-05
ST08,SKU04901,252,76,21,2025-06-15
ST06,SKU01822,355,67,18,2025-06-26
ST04,SKU03210,331,64,30,2025-08-19
ST11,SKU04152,184,32,9,2025-06-29
ST09,SKU01339,474,85,34,2025-05-16
ST22,SKU01803,428,75,18,2025-08-28
ST09,SKU00521,296,52,15,2025-06-30
ST11,SKU03105,449,90,37,2025-05-24
ST06,SKU00775,394,69,32,2025-07-31
ST21,SKU01578,0,51,10,2025-09-18
ST28,SKU02520,183,40,11,2025-08-08
ST07,SKU01643,200,34,17,2025-08-13
ST07,SKU01414,0,78,27,2025-08-17
ST29,SKU04142,413,97,41,2025-08-23
ST10,SKU01685,0,60,28,2025-08-15
ST03,SKU02692,0,63,14,2025-08-25
ST01,SKU02094,82,21,6,2025-06-13
ST08,SKU00821,97,32,13,2025-07-14
ST08,SKU03036,484,83,17,2025-08-05
ST27,SKU01063,299,93,32,2025-05-29
ST14,SKU04019,195,33,8,2025-05-07
ST16,SKU00416,0,66,28,2025-09-20
ST07,SKU04797,172,40,20,2025-07-21
ST10,SKU00638,335,87,19,2025-08-12
ST13,SKU02333,0,82,30,2025-09-27
ST08,SKU03975,349,87,22,2025-05-16
ST27,SKU04217,117,38,16,2025-07-06
ST03,SKU01645,130,29,13,2025-08-05
ST23,SKU02526,0,46,22,2025-10-02
ST28,SKU04856,175,33,8,2025-05-13
ST02,SKU01191,228,43,10,2025-06-15
ST20,SKU04443,84,22,8,2025-08-26
ST30,SKU04902,116,34,13,2025-06-26
ST04,SKU01466,0,42,20,2025-08-23
ST06,SKU02064,178,42,14,2025-08-07
ST14,SKU01696,318,85,42,2025-08-24
ST17,SKU04145,207,41,13,2025-08-28
ST03,SKU01766,375,76,29,2025-08-17
ST15,SKU00837,388,93,27,2025-08-04
ST23,SKU04633,0,70,19,2025-08-12
ST04,SKU00190,0,65,25,2025-09-11
ST14,SKU00649,427,81,34,2025-05-27
ST17,SKU00654,135,31,10,2025-08-14
ST08,SKU01063,299,59,14,2025-08-06
ST18,SKU03737,364,86,30,2025-05-15
ST25,SKU04679,229,40,13,2025-07-01
ST14,SKU04032,0,59,18,2025-08-23
ST12,SKU03693,0,23,10,2025-09-19
ST03,SKU04102,386,70,25,2025-05-31
ST29,SKU03108,115,24,10,2025-07-23
ST17,SKU01822,212,43,12,2025-05-10
ST18,SKU04905,97,21,5,2025-05-22
ST15,SKU00958,278,65,16,2025-06-11
ST08,SKU04217,328,62,20,2025-08-02
ST06,SKU03353,0,72,28,2025-08-16
ST16,SKU03812,0,83,34,2025-10-03
ST09,SKU04856,223,47,11,2025-07-07
ST02,SKU01433,199,38,9,2025-05-12
ST24,SKU03932,286,89,35,2025-06-30
ST29,SKU00075,378,81,38,2025-08-01
ST17,SKU00775,275,85,36,2025-06-10
ST01,SKU04443,240,59,27,2025-07-18
ST03,SKU02826,0,80,21,2025-09-07
ST18,SKU01643,233,55,26,2025-05-22
ST06,SKU04292,131,32,10,2025-07-18
ST11,SKU02421,90,20,7,2025-07-08
ST14,SKU04153,149,49,23,2025-05-07
ST16,SKU00550,275,46,12,2025-07-12
ST27,SKU04580,72,21,10,2025-06-03
ST20,SKU01423,178,54,25,2025-07-23
ST13,SKU04453,0,52,11,2025-08-30
ST25,SKU01538,404,95,40,2025-08-19
ST04,SKU04633,0,51,23,2025-09-11
ST24,SKU04053,329,86,33,2025-05-22
ST15,SKU02247,0,34,12,2025-08-24
ST08,SKU03291,305,80,33,2025-08-30
ST27,SKU01318,364,66,17,2025-08-31
ST13,SKU01420,0,31,13,2025-09-10
ST03,SKU00732,248,43,18,2025-05-28
ST02,SKU02722,323,93,43,2025-06-08
ST24,SKU03235,429,99,43,2025-07-02
ST17,SKU02064,172,40,11,2025-08-01
ST03,SKU02129,244,43,14,2025-06-24
ST16,SKU04054,405,72,35,2025-05-11
ST04,SKU02768,260,46,23,2025-08-14
ST04,SKU00553,215,62,23,2025-06-17
ST11,SKU01495,140,30,10,2025-07-09
ST02,SKU01675,105,28,8,2025-06-02
ST10,SKU04505,290,79,31,2025-08-27
ST29,SKU00317,168,40,13,2025-07-02
ST10,SKU00075,301,68,31,2025-08-15
ST22,SKU03347,92,29,9,2025-06-19
ST15,SKU02368,0,41,19,2025-09-06
ST30,SKU03171,0,82,41,2025-09-09
ST12,SKU02070,170,45,22,2025-07-06
ST03,SKU04236,303,55,24,2025-08-15
ST08,SKU04580,124,36,14,2025-05-25
ST18,SKU03053,0,89,21,2025-08-31
ST08,SKU00150,144,35,12,2025-05-18
ST26,SKU03173,346,85,42,2025-08-08
ST10,SKU04626,0,40,14,2025-08-06
ST12,SKU01023,383,95,40,2025-07-03
ST05,SKU04053,385,90,21,2025-08-21
ST15,SKU04475,450,78,38,2025-08-15
ST30,SKU03292,0,21,10,2025-10-09
ST01,SKU00376,0,68,17,2025-10-05
ST27,SKU03546,0,30,8,2025-09-19
ST03,SKU00974,0,55,18,2025-09-29
ST20,SKU00389,104,31,13,2025-06-07
ST08,SKU01318,158,36,15,2025-05-27
ST04,SKU03828,282,71,24,2025-05-21
ST02,SKU02964,440,100,43,2025-07-25
ST02,SKU00749,509,91,41,2025-09-02
ST05,SKU03235,174,29,10,2025-05-29
ST29,SKU03592,189,44,20,2025-08-07
ST17,SKU04292,345,86,26,2025-05-23
ST22,SKU02421,308,53,14,2025-05-15
ST27,SKU02728,296,98,28,2025-06-24
ST15,SKU03428,139,33,7,2025-07-26
ST03,SKU02142,329,77,19,2025-06-09
ST10,SKU00317,187,38,12,2025-06-01
ST29,SKU00330,299,53,21,2025-05-27
ST25,SKU02840,0,57,13,2025-10-05
ST23,SKU04191,0,85,24,2025-08-04
ST16,SKU01034,505,90,33,2025-06-24
ST19,SKU03254,73,22,5,2025-08-18
ST30,SKU04352,486,85,25,2025-08-31
ST21,SKU04532,514,86,23,2025-06-19
ST23,SKU00929,0,69,18,2025-08-25
ST28,SKU03259,0,46,10,2025-08-10
ST21,SKU00331,344,64,31,2025-08-29
ST26,SKU01200,386,87,42,2025-08-14
ST07,SKU00167,228,72,25,2025-08-08
ST12,SKU03251,148,41,14,2025-08-11
ST29,SKU04652,312,53,11,2025-05-06
ST01,SKU02833,0,96,27,2025-09-18
ST15,SKU00516,275,51,22,2025-06-23
ST22,SKU01495,163,41,19,2025-08-01
ST15,SKU04717,222,65,28,2025-06-11
ST13,SKU01675,364,86,29,2025-05-22
ST09,SKU04414,101,24,9,2025-06-15
ST14,SKU02543,0,86,27,2025-10-05
ST14,SKU00328,0,93,35,2025-09-08
ST26,SKU02368,0,77,21,2025-10-05
ST19,SKU03375,341,66,30,2025-06-02
ST22,SKU02892,0,95,29,2025-08-17
ST10,SKU03592,305,65,22,2025-08-26
ST08,SKU02728,254,43,19,2025-08-02
ST03,SKU00169,0,54,26,2025-10-02
ST11,SKU04194,573,98,24,2025-07-21
ST28,SKU03609,342,90,21,2025-07-24
ST21,SKU04653,256,57,23,2025-08-21
ST16,SKU02094,148,27,8,2025-06-07
ST23,SKU03036,227,64,13,2025-05-11
ST02,SKU04145,242,63,24,2025-05-08
ST03,SKU01337,425,94,25,2025-07-18
ST04,SKU02205,156,46,19,2025-08-18
ST04,SKU04191,0,79,36,2025-08-18
ST28,SKU02333,0,38,14,2025-09-19
ST02,SKU01112,164,37,16,2025-06-14
ST26,SKU04475,341,86,29,2025-07-29
ST24,SKU01396,352,71,16,2025-08-25
ST03,SKU04491,397,80,25,2025-06-29
ST13,SKU00978,345,89,38,2025-08-31
ST25,SKU04250,281,75,18,2025-07-14
ST13,SKU02964,228,72,21,2025-07-20
ST11,SKU04315,0,33,15,2025-08-04
ST13,SKU00749,338,77,29,2025-07-09
ST14,SKU03603,446,77,17,2025-08-02
ST26,SKU03428,118,26,10,2025-08-07
ST19,SKU02449,0,47,11,2025-10-05
ST17,SKU03837,232,62,21,2025-07-23
ST12,SKU03493,294,71,25,2025-06-15
ST29,SKU04894,212,49,17,2025-05-17
ST01,SKU00860,237,62,14,2025-07-10
ST01,SKU00631,200,55,21,2025-07-10
ST23,SKU04554,241,43,14,2025-06-14
ST28,SKU02683,0,73,30,2025-08-08
ST21,SKU03727,0,53,23,2025-09-17
ST14,SKU04771,530,89,27,2025-05-26
ST26,SKU02381,0,52,18,2025-08-19
ST03,SKU04612,371,76,29,2025-08-21
ST25,SKU00170,188,61,26,2025-05-08
ST30,SKU02500,227,39,12,2025-06-30
ST16,SKU04551,0,85,31,2025-09-04
ST09,SKU03609,227,50,22,2025-08-10
ST06,SKU03863,347,59,20,2025-09-01
ST02,SKU02401,0,66,17,2025-08-11
ST23,SKU01063,384,96,26,2025-06-06
ST28,SKU01407,144,28,6,2025-07-27
ST02,SKU00186,288,56,23,2025-07-10
ST19,SKU00355,183,52,13,2025-08-05
ST22,SKU04073,499,85,26,2025-08-07
ST13,SKU00052,232,59,17,2025-07-23
ST13,SKU02038,206,54,12,2025-06-18
ST18,SKU00167,172,52,24,2025-07-04
ST06,SKU00830,0,66,18,2025-08-28
ST16,SKU03504,96,22,5,2025-06-02
ST21,SKU03848,262,44,18,2025-08-27
ST14,SKU00691,132,24,7,2025-05-24
ST11,SKU01174,398,96,24,2025-06-30
ST26,SKU00516,460,87,33,2025-08-25
ST24,SKU03624,181,55,23,2025-06-16
ST29,SKU03968,266,49,12,2025-05-31
ST03,SKU00532,211,39,9,2025-05-09
ST13,SKU00991,340,85,32,2025-05-23
ST30,SKU04607,274,66,14,2025-05-29
ST28,SKU03743,0,100,23,2025-08-04
ST02,SKU04508,0,74,19,2025-08-11
ST19,SKU02462,0,26,6,2025-08-29
ST22,SKU04194,328,80,26,2025-08-24
ST10,SKU04894,133,28,11,2025-08-16
ST29,SKU00935,142,28,9,2025-08-31
ST29,SKU03150,221,47,21,2025-07-26
ST27,SKU02057,111,31,11,2025-08-14
ST09,SKU02683,0,66,29,2025-08-13
ST21,SKU01754,179,41,16,2025-08-27
ST21,SKU03740,250,42,10,2025-05-11
ST07,SKU03805,343,62,31,2025-05-11
ST29,SKU01874,157,29,9,2025-06-23
ST03,SKU04854,281,51,17,2025-05-11
ST15,SKU01939,326,84,40,2025-05-16
ST08,SKU02983,0,99,33,2025-08-05
ST03,SKU02639,325,74,20,2025-07-03
ST06,SKU04334,332,95,28,2025-06-25
ST23,SKU03520,492,100,24,2025-06-06
ST14,SKU03966,151,30,8,2025-05-27
ST16,SKU00363,0,21,8,2025-10-03
ST14,SKU01751,0,22,11,2025-08-12
ST09,SKU01407,285,83,33,2025-07-22
ST28,SKU03864,355,84,38,2025-07-02
ST05,SKU00699,179,57,17,2025-06-27
ST24,SKU04913,0,81,31,2025-09-07
ST22,SKU04315,0,46,9,2025-08-15
ST12,SKU03627,296,79,23,2025-07-10
ST03,SKU03807,525,88,18,2025-05-10
ST03,SKU01592,415,84,35,2025-06-07
ST06,SKU03058,238,47,21,2025-07-26
ST09,SKU00589,319,85,32,2025-06-20
ST26,SKU00758,220,62,16,2025-07-07
ST24,SKU01880,297,54,13,2025-08-27
ST10,SKU03968,322,80,17,2025-07-13
ST03,SKU00774,0,47,19,2025-09-24
ST15,SKU04046,0,21,6,2025-09-19
ST25,SKU02519,314,95,47,2025-06-19
ST30,SKU04849,333,56,23,2025-07-09
ST25,SKU04505,499,87,36,2025-05-29
ST11,SKU00369,0,91,23,2025-08-15
ST16,SKU00484,0,27,8,2025-09-28
ST12,SKU01762,251,54,22,2025-06-05
ST19,SKU04690,267,48,15,2025-07-31
ST10,SKU03150,240,44,15,2025-07-16
ST10,SKU00935,76,20,8,2025-08-29
ST22,SKU02221,222,53,17,2025-07-06
ST15,SKU02999,157,45,14,2025-08-08
ST08,SKU02057,258,45,18,2025-06-19
ST13,SKU00186,247,77,27,2025-08-05
ST11,SKU03523,520,98,23,2025-07-17
ST23,SKU00608,173,40,18,2025-05-17
ST06,SKU03179,312,86,31,2025-05-13
ST10,SKU04318,0,29,14,2025-08-23
ST22,SKU01174,541,95,28,2025-07-13
ST25,SKU02640,0,32,12,2025-08-07
ST27,SKU01023,338,74,28,2025-06-02
ST28,SKU04106,129,30,13,2025-07-09
ST04,SKU03520,118,39,19,2025-08-21
ST23,SKU01547,0,45,15,2025-10-03
ST09,SKU03864,146,35,12,2025-08-29
ST26,SKU01818,288,69,24,2025-05-16
ST24,SKU00954,287,58,14,2025-07-05
ST29,SKU03284,112,20,9,2025-07-15
ST22,SKU00127,481,87,19,2025-07-13
ST10,SKU02224,351,84,37,2025-07-30
ST12,SKU02822,341,60,26,2025-09-01
ST05,SKU01880,136,23,11,2025-08-10
ST29,SKU00251,228,38,12,2025-07-23
ST15,SKU02302,441,91,32,2025-08-16
ST30,SKU03105,190,36,18,2025-05-31
ST25,SKU04747,314,92,30,2025-05-25
ST30,SKU00890,101,22,6,2025-07-26
ST04,SKU03870,0,53,14,2025-10-11
ST18,SKU03805,156,45,10,2025-07-17
ST06,SKU02253,256,52,15,2025-05-24
ST14,SKU04329,0,63,26,2025-09-09
ST25,SKU00546,178,49,15,2025-05-22
ST09,SKU01770,120,27,11,2025-08-26
ST26,SKU04154,0,53,13,2025-09-21
ST21,SKU01070,441,78,25,2025-07-01
ST14,SKU02114,233,40,10,2025-07-05
ST07,SKU00906,372,88,36,2025-05-23
ST07,SKU02892,0,70,30,2025-08-26
ST19,SKU02946,237,60,24,2025-08-21
ST17,SKU04334,451,85,19,2025-06-13
ST24,SKU01075,358,84,37,2025-08-29
ST20,SKU01370,0,37,15,2025-08-04
ST28,SKU00965,455,89,41,2025-05-17
ST17,SKU03058,190,58,27,2025-06-01
ST20,SKU04753,177,40,16,2025-07-30
ST15,SKU04409,361,86,35,2025-08-09
ST30,SKU02997,229,55,21,2025-05-23
ST11,SKU02718,284,51,21,2025-08-24
ST09,SKU04106,224,45,13,2025-05-11
ST21,SKU01191,267,52,21,2025-07-09
ST16,SKU02833,0,60,28,2025-09-02
ST04,SKU01547,0,71,20,2025-10-01
ST21,SKU03177,304,87,28,2025-07-21
ST22,SKU02584,158,52,17,2025-06-11
ST22,SKU00369,0,64,25,2025-10-01
ST22,SKU02355,0,81,32,2025-09-27
ST03,SKU00090,197,49,20,2025-06-06
ST02,SKU03837,337,84,20,2025-06-23
ST10,SKU00251,159,43,20,2025-05-20
ST22,SKU03523,200,39,10,2025-08-27
ST29,SKU00264,0,43,12,2025-09-30
ST17,SKU03179,308,84,32,2025-06-14
ST13,SKU01717,311,74,28,2025-06-18
ST25,SKU00788,135,41,10,2025-06-06
ST14,SKU04571,0,68,20,2025-10-11
ST16,SKU02954,0,62,27,2025-08-25
ST03,SKU04412,318,70,25,2025-08-22
ST08,SKU02541,495,85,41,2025-05-13
ST01,SKU01370,0,43,15,2025-08-21
ST11,SKU01792,313,93,29,2025-07-07
ST28,SKU00978,411,91,37,2025-06-03
ST08,SKU03709,283,66,25,2025-05-11
ST01,SKU04753,410,85,31,2025-05-06
ST20,SKU02780,149,28,8,2025-09-01
ST01,SKU02538,0,60,20,2025-09-05
ST27,SKU01507,0,70,14,2025-09-24
ST06,SKU04831,105,32,9,2025-06-21
ST06,SKU00401,411,75,16,2025-06-26
ST16,SKU00860,158,31,15,2025-06-29
ST26,SKU02302,504,87,28,2025-08-23
ST14,SKU00262,409,91,45,2025-08-12
ST17,SKU02253,94,21,7,2025-06-09
ST08,SKU02662,94,29,7,2025-05-12
ST15,SKU03375,298,62,26,2025-07-15
ST18,SKU00906,296,57,22,2025-07-11
ST10,SKU00264,0,55,21,2025-09-10
ST20,SKU04887,400,80,39,2025-08-03
ST25,SKU01030,0,81,37,2025-09-25
ST15,SKU00342,138,28,11,2025-05-07
ST03,SKU03257,164,41,13,2025-05-11
ST06,SKU02737,0,48,22,2025-09-20
ST28,SKU02267,310,97,34,2025-05-29
ST21,SKU03311,70,21,10,2025-05-21
ST28,SKU00052,292,62,13,2025-09-02
ST02,SKU01046,76,24,11,2025-05-08
ST22,SKU00732,132,40,10,2025-07-10
ST19,SKU00986,205,41,15,2025-06-12
ST29,SKU01674,155,38,15,2025-06-05
ST22,SKU02718,411,94,39,2025-05-28
ST03,SKU04654,382,66,27,2025-05-13
ST20,SKU01854,422,86,28,2025-05-19
ST11,SKU01805,185,43,14,2025-06-23
ST29,SKU02842,258,49,22,2025-06-10
ST01,SKU02780,260,44,17,2025-06-21
ST08,SKU01507,0,85,29,2025-08-06
ST06,SKU02858,0,90,22,2025-08-21
ST11,SKU00987,583,100,31,2025-07-26
ST09,SKU02375,125,40,14,2025-07-07
ST11,SKU00758,150,31,15,2025-08-13
ST02,SKU01167,117,27,9,2025-07-17
ST17,SKU04710,0,38,8,2025-08-23
ST11,SKU02155,0,33,8,2025-09-25
ST04,SKU03199,0,99,26,2025-09-24
ST30,SKU02205,431,85,21,2025-07-09
ST21,SKU02614,0,60,18,2025-08-12
ST19,SKU04261,360,70,22,2025-06-14
ST24,SKU04605,112,32,12,2025-08-25
ST10,SKU00506,0,91,23,2025-09-20
ST22,SKU01792,257,49,11,2025-06-27
ST12,SKU01104,548,100,49,2025-08-30
ST01,SKU04887,149,27,12,2025-08-27
ST06,SKU00535,306,81,23,2025-06-13
ST09,SKU02267,310,60,23,2025-06-14
ST12,SKU02501,166,52,26,2025-07-24
ST17,SKU04831,463,91,21,2025-06-12
ST12,SKU00286,0,54,26,2025-08-16
ST10,SKU01674,146,27,11,2025-05-30
ST17,SKU00401,199,36,10,2025-07-08
ST03,SKU00466,204,52,24,2025-09-01
ST01,SKU01854,428,78,33,2025-05-25
ST01,SKU03840,0,94,23,2025-10-03
ST27,SKU00823,0,20,5,2025-09-17
ST25,SKU02211,151,26,8,2025-06-12
ST03,SKU00237,554,99,38,2025-07-02
ST04,SKU03320,540,97,33,2025-08-27
ST02,SKU04442,472,99,40,2025-05-22
ST24,SKU04726,85,23,10,2025-05-09
ST10,SKU02842,332,70,17,2025-08-04
ST25,SKU01164,0,82,24,2025-08-08
ST27,SKU01762,306,66,21,2025-07-09
ST06,SKU02871,399,98,25,2025-07-22
ST26,SKU00342,235,42,21,2025-05-12
ST17,SKU02737,0,71,26,2025-10-05
ST20,SKU00002,0,63,18,2025-09-15
ST27,SKU02930,0,50,16,2025-09-15
ST13,SKU01046,225,54,15,2025-08-13
ST18,SKU03376,403,71,35,2025-07-17
ST23,SKU03454,75,22,10,2025-06-08
ST07,SKU02692,0,24,7,2025-10-08
ST02,SKU04334,323,80,35,2025-06-29
ST24,SKU04847,0,44,18,2025-09-14
ST17,SKU03905,157,27,13,2025-08-23
ST05,SKU04605,216,71,19,2025-08-30
ST27,SKU02112,171,33,8,2025-05-28
ST21,SKU01580,501,94,37,2025-08-29
ST14,SKU00638,183,51,22,2025-08-26
ST12,SKU04729,157,30,7,2025-08-12
ST29,SKU04144,327,85,34,2025-06-17
ST12,SKU02514,307,65,29,2025-07-30
ST22,SKU00987,382,99,38,2025-05-16
ST13,SKU01167,128,26,10,2025-08-06
ST30,SKU04783,0,72,28,2025-08-22
ST04,SKU03562,294,95,39,2025-07-10
ST02,SKU00254,0,76,33,2025-09-05
ST12,SKU01696,195,53,20,2025-07-31
ST05,SKU04955,139,44,14,2025-08-03
ST05,SKU04726,356,93,27,2025-08-26
ST20,SKU03277,77,21,7,2025-06-01
ST18,SKU04665,148,37,10,2025-08-07
ST25,SKU03621,291,50,21,2025-08-13
ST07,SKU01766,369,97,24,2025-07-30
ST12,SKU00649,377,96,46,2025-07-06
ST22,SKU03323,0,65,20,2025-09-27
ST01,SKU02217,186,43,12,2025-07-16
ST13,SKU03274,0,52,25,2025-10-09
ST06,SKU04281,346,97,24,2025-07-29
ST04,SKU03454,159,39,17,2025-08-19
ST16,SKU00539,0,77,21,2025-08-05
ST02,SKU02590,277,71,30,2025-06-17
ST21,SKU00654,70,23,8,2025-06-26
ST12,SKU03803,150,48,15,2025-05-26
ST17,SKU04147,272,82,34,2025-05-25
ST15,SKU01068,292,68,22,2025-08-26
ST08,SKU02112,173,54,17,2025-05-23
ST11,SKU01363,0,96,34,2025-09-23
ST16,SKU03693,0,26,11,2025-09-27
ST11,SKU03349,324,97,48,2025-08-05
ST04,SKU00421,339,95,45,2025-06-18
ST21,SKU01822,484,87,42,2025-07-20
ST05,SKU03800,0,90,42,2025-08-15
ST22,SKU01229,273,72,26,2025-07-11
ST10,SKU04144,303,90,32,2025-05-11
ST17,SKU02871,125,40,16,2025-08-05
ST24,SKU01827,413,82,39,2025-08-02
ST03,SKU00721,204,55,26,2025-05-06
ST20,SKU02351,290,73,25,2025-07-16
ST11,SKU02531,0,22,10,2025-09-20
ST25,SKU00251,385,74,34,2025-06-29
ST02,SKU04926,0,66,24,2025-09-01
ST28,SKU03932,462,79,39,2025-08-10
ST11,SKU02302,454,92,37,2025-06-20
ST28,SKU01717,283,58,22,2025-08-23
ST02,SKU02482,0,55,27,2025-09-11
ST01,SKU03277,415,73,22,2025-08-26
ST25,SKU03634,82,22,6,2025-05-26
ST23,SKU02541,183,39,14,2025-05-21
ST27,SKU03414,305,51,14,2025-08-13
ST15,SKU02128,79,21,9,2025-06-29
ST20,SKU02472,336,79,34,2025-08-08
ST28,SKU04053,274,74,30,2025-07-01
ST23,SKU03709,375,70,23,2025-06-17
ST19,SKU04987,318,70,21,2025-07-23
ST07,SKU00732,285,54,27,2025-05-18
ST12,SKU01830,246,56,18,2025-07-17
ST13,SKU00254,0,33,14,2025-09-17
ST06,SKU03476,0,95,30,2025-09-19
ST11,SKU01605,300,73,27,2025-08-06
ST21,SKU02064,418,74,24,2025-07-17
ST23,SKU02662,241,53,18,2025-08-16
ST22,SKU03457,130,36,18,2025-07-05
ST05,SKU01827,116,37,17,2025-08-03
ST27,SKU03535,0,29,9,2025-09-10
ST01,SKU02351,189,37,7,2025-08-18
ST18,SKU01766,256,60,20,2025-08-13
ST30,SKU00837,243,77,17,2025-08-24
ST14,SKU00075,268,58,21,2025-05-28
ST17,SKU04281,339,63,14,2025-06-10
ST25,SKU03876,0,34,12,2025-08-30
ST20,SKU01317,0,96,43,2025-09-10
ST04,SKU04756,0,39,11,2025-08-25
ST02,SKU03892,157,39,10,2025-09-01
ST26,SKU01068,433,100,24,2025-06-29
ST02,SKU01677,0,75,24,2025-08-24
ST22,SKU03578,0,29,10,2025-09-10
ST22,SKU01363,0,80,20,2025-08-12
ST08,SKU01428,489,98,40,2025-07-19
ST18,SKU04102,393,84,29,2025-05-18
ST08,SKU03414,139,31,9,2025-05-06
ST29,SKU00090,343,100,21,2025-08-22
ST15,SKU00155,445,75,30,2025-06-30
ST30,SKU00958,325,95,31,2025-06-15
ST30,SKU03173,247,67,23,2025-09-01
ST11,SKU00679,224,61,24,2025-07-24
ST01,SKU02472,106,21,10,2025-06-08
ST09,SKU04053,472,100,31,2025-08-26
ST21,SKU01138,0,67,27,2025-09-29
ST26,SKU04222,379,92,37,2025-08-25
ST07,SKU00974,0,61,17,2025-08-31
ST19,SKU03014,105,26,7,2025-05-10
ST22,SKU02531,0,90,42,2025-09-28
ST27,SKU04824,0,84,22,2025-08-27
ST13,SKU04926,0,61,14,2025-08-05
ST18,SKU02826,0,57,15,2025-08-23
ST09,SKU03235,201,54,24,2025-08-25
ST21,SKU04292,230,66,31,2025-05-10
ST07,SKU02142,172,40,18,2025-07-09
ST24,SKU04526,298,63,19,2025-06-10
ST29,SKU04641,125,22,10,2025-08-04
ST08,SKU03535,0,37,18,2025-10-03
ST11,SKU00571,263,50,17,2025-07-09
ST14,SKU00317,154,47,20,2025-07-24
ST26,SKU02128,197,48,12,2025-06-08
ST19,SKU00920,0,45,15,2025-09-11
ST27,SKU04945,243,76,18,2025-08-06
ST30,SKU02247,0,74,34,2025-09-01
ST06,SKU03839,205,47,14,2025-06-16
ST27,SKU02501,72,21,5,2025-07-04
ST18,SKU00732,87,20,7,2025-07-20
ST26,SKU01310,191,59,16,2025-07-26
ST02,SKU01919,234,59,23,2025-06-19
ST19,SKU02088,0,87,37,2025-08-04
ST17,SKU03476,0,63,19,2025-08-20
ST22,SKU01605,101,22,8,2025-06-05
ST18,SKU02129,288,63,15,2025-06-28
ST30,SKU01200,374,83,33,2025-05-14
ST11,SKU02907,120,31,11,2025-08-22
ST11,SKU00692,0,41,10,2025-09-15
ST14,SKU03592,319,59,29,2025-07-26
ST07,SKU00169,0,70,33,2025-10-03
ST07,SKU02155,0,23,7,2025-08-28
ST19,SKU02209,215,55,22,2025-07-11
ST22,SKU03941,259,70,32,2025-08-13
ST10,SKU04641,366,69,17,2025-08-18
ST05,SKU04526,319,68,23,2025-08-08
ST29,SKU00682,94,30,12,2025-07-31
ST27,SKU04019,366,72,33,2025-06-03
ST12,SKU01038,181,48,23,2025-05-19
ST25,SKU03192,162,43,12,2025-08-05
ST13,SKU01906,115,34,17,2025-05-12
ST18,SKU04236,171,44,14,2025-05-20
ST13,SKU01677,0,92,36,2025-08-06
ST07,SKU01337,165,29,8,2025-08-16
ST07,SKU03323,0,48,19,2025-08-25
ST10,SKU03823,346,62,22,2025-06-14
ST26,SKU00155,226,57,12,2025-07-16
ST24,SKU03492,121,31,8,2025-06-22
ST08,SKU04945,476,82,25,2025-08-20
ST20,SKU04016,0,75,19,2025-08-23
ST03,SKU02386,400,87,20,2025-05-23
ST30,SKU04475,131,34,10,2025-08-09
ST18,SKU00974,0,67,27,2025-08-31
ST11,SKU01981,379,95,41,2025-05-23
ST28,SKU01396,242,52,17,2025-08-15
ST07,SKU04491,101,20,5,2025-07-06
ST02,SKU04147,347,62,28,2025-07-13
ST10,SKU02776,0,28,10,2025-09-26
ST22,SKU04062,256,68,29,2025-08-21
ST22,SKU03833,129,28,12,2025-05-29
ST03,SKU01568,220,65,16,2025-07-24
ST03,SKU01339,281,66,19,2025-06-09
ST20,SKU04955,297,56,26,2025-08-26
ST27,SKU01696,121,28,12,2025-05-31
ST30,SKU03428,360,94,19,2025-08-04
ST18,SKU02142,299,86,30,2025-08-06
ST16,SKU03493,258,68,27,2025-09-02
ST14,SKU04652,158,51,19,2025-06-27
ST07,SKU01229,288,65,21,2025-08-18
ST15,SKU01578,0,60,25,2025-09-13
ST30,SKU04596,0,45,11,2025-09-07
ST27,SKU00649,134,36,17,2025-05-24
ST30,SKU02381,0,32,12,2025-08-20
ST04,SKU03375,423,97,45,2025-08-02
ST16,SKU02217,131,34,17,2025-08-26
ST07,SKU04612,310,89,34,2025-05-14
ST05,SKU04768,327,56,11,2025-05-30
ST17,SKU03839,95,25,6,2025-06-04
ST10,SKU00682,265,54,24,2025-05-08
ST20,SKU03090,242,48,19,2025-08-26
ST16,SKU01170,0,31,11,2025-09-15
ST14,SKU02558,104,23,8,2025-07-28
ST12,SKU00462,265,59,18,2025-05-23
ST29,SKU01863,242,75,17,2025-05-19
ST22,SKU02907,328,61,22,2025-07-04
ST22,SKU00692,0,26,9,2025-10-10
ST01,SKU04016,0,77,21,2025-09-24
ST25,SKU02387,71,20,6,2025-09-01
ST30,SKU04717,254,61,18,2025-08-20
ST30,SKU00516,260,52,12,2025-06-17
ST28,SKU03624,298,59,17,2025-07-14
ST07,SKU00532,106,24,12,2025-08-02
ST24,SKU04902,93,23,5,2025-06-27
ST29,SKU03031,317,62,16,2025-06-20
ST08,SKU04140,0,41,18,2025-09-26
ST27,SKU04153,323,56,18,2025-06-19
ST20,SKU00996,0,65,14,2025-09-12
ST08,SKU01696,201,52,22,2025-07-09
ST04,SKU02449,0,82,39,2025-10-04
ST06,SKU00832,0,89,21,2025-08-09
ST10,SKU01971,142,44,11,2025-06-23
ST15,SKU04035,0,40,19,2025-08-29
ST20,SKU02164,239,49,19,2025-06-16
ST25,SKU02279,360,72,18,2025-07-17
ST18,SKU01337,151,50,21,2025-08-12
ST06,SKU04215,122,38,16,2025-05-26
ST07,SKU04854,374,99,25,2025-07-07
ST12,SKU03737,236,49,15,2025-08-15
ST19,SKU04679,257,60,27,2025-08-28
ST29,SKU03152,242,64,18,2025-06-20
ST29,SKU02923,0,49,19,2025-08-09
ST22,SKU01981,225,65,29,2025-05-28
ST08,SKU02046,0,25,6,2025-10-03
ST08,SKU04032,0,60,26,2025-08-24
ST01,SKU03090,176,39,16,2025-07-11
ST08,SKU04261,501,88,39,2025-07-01
ST18,SKU04491,497,91,31,2025-05-08
ST01,SKU01104,283,62,25,2025-08-29
ST04,SKU00355,289,53,19,2025-06-22
ST28,SKU04913,0,63,27,2025-09-04
ST16,SKU03627,424,71,30,2025-05-23
ST11,SKU01068,424,75,30,2025-06-11
ST12,SKU04905,375,64,16,2025-08-10
ST10,SKU01863,346,67,31,2025-05-11
ST03,SKU04856,330,67,32,2025-06-16
ST16,SKU04795,382,94,28,2025-06-14
ST09,SKU03624,146,41,17,2025-06-10
ST28,SKU01651,556,94,28,2025-07-13
ST14,SKU03968,210,61,18,2025-06-10
ST26,SKU01578,0,87,21,2025-08-07
ST05,SKU04902,436,76,22,2025-06-03
ST10,SKU03031,330,95,24,2025-07-12
ST08,SKU04153,66,20,5,2025-06-15
ST15,SKU00894,138,29,13,2025-07-06
ST18,SKU04612,485,97,48,2025-07-04
ST11,SKU03633,0,32,12,2025-09-23
ST23,SKU04690,333,73,35,2025-06-27
ST14,SKU00935,147,42,19,2025-07-14
ST21,SKU03863,141,34,9,2025-08-08
ST26,SKU00531,0,83,33,2025-08-06
ST12,SKU04797,90,23,11,2025-08-23
ST19,SKU01538,291,84,21,2025-05-11
ST29,SKU04212,205,52,21,2025-07-10
ST01,SKU02164,157,47,19,2025-05-28
ST25,SKU00535,173,46,19,2025-05-08
ST20,SKU04392,232,54,14,2025-05-18
ST27,SKU01133,367,77,34,2025-06-03
ST06,SKU04228,220,43,9,2025-07-30
ST11,SKU00371,371,74,22,2025-06-19
ST23,SKU01428,203,60,12,2025-06-28
ST14,SKU01874,184,41,17,2025-05-18
ST10,SKU03152,78,23,7,2025-09-01
ST22,SKU00237,221,57,17,2025-08-29
ST18,SKU00532,250,48,14,2025-08-19
ST30,SKU01818,238,57,13,2025-07-10
ST11,SKU01310,545,91,24,2025-08-10
ST14,SKU02224,293,51,22,2025-05-25
ST16,SKU02822,204,51,25,2025-06-12
ST09,SKU01880,384,77,36,2025-07-05
ST09,SKU01651,222,53,13,2025-07-04
ST26,SKU04035,0,89,28,2025-10-12
ST17,SKU04215,248,71,14,2025-06-21
ST30,SKU04154,0,29,9,2025-10-10
ST18,SKU04854,458,91,26,2025-05-18
ST30,SKU01939,170,45,18,2025-06-13
ST04,SKU04919,335,94,40,2025-08-04
ST18,SKU02639,190,43,14,2025-05-27
ST04,SKU04690,215,41,14,2025-07-19
ST21,SKU04105,0,31,12,2025-08-10
ST29,SKU00024,100,26,10,2025-06-14
ST01,SKU04392,289,84,40,2025-08-15
ST08,SKU01133,256,81,16,2025-07-12
ST18,SKU03807,353,85,33,2025-05-20
ST06,SKU02484,0,48,13,2025-10-06
ST18,SKU01592,193,50,18,2025-07-07
ST21,SKU03058,145,27,8,2025-05-16
ST24,SKU03063,0,55,21,2025-10-09
ST01,SKU03574,384,89,34,2025-06-07
ST27,SKU02543,0,51,23,2025-09-15
ST09,SKU00954,355,81,20,2025-07-02
ST14,SKU03284,67,21,10,2025-05-11
ST26,SKU00894,132,25,11,2025-06-16
ST10,SKU04562,0,98,38,2025-09-15
ST07,SKU04062,262,83,27,2025-07-27
ST06,SKU04591,362,75,27,2025-07-11
ST30,SKU02999,298,76,16,2025-05-25
ST28,SKU04350,0,90,20,2025-08-25
ST14,SKU00251,169,33,10,2025-07-01
ST21,SKU03179,184,45,22,2025-06-27
ST10,SKU03286,278,58,16,2025-07-15
ST22,SKU00371,170,31,15,2025-05-30
ST25,SKU04052,276,60,27,2025-07-17
ST27,SKU00449,179,32,14,2025-08-04
ST13,SKU00551,184,43,18,2025-05-27
ST25,SKU03823,434,99,33,2025-06-02
ST09,SKU01075,351,64,18,2025-08-21
ST23,SKU04945,296,50,13,2025-06-24
ST02,SKU03839,442,83,35,2025-07-18
ST15,SKU04532,223,54,24,2025-06-08
ST15,SKU00331,318,58,29,2025-05-23
ST03,SKU01031,81,20,6,2025-07-30
ST25,SKU03005,282,53,14,2025-07-22
ST27,SKU03603,488,95,34,2025-08-19
ST05,SKU03292,0,79,25,2025-08-30
ST22,SKU04693,532,97,25,2025-08-06
ST03,SKU04414,497,84,31,2025-08-04
ST08,SKU00328,0,100,47,2025-08-31
ST30,SKU02302,113,22,5,2025-06-07
ST21,SKU04468,263,62,19,2025-07-07
ST21,SKU02253,274,54,13,2025-09-01
ST03,SKU01152,0,70,20,2025-08-16
ST20,SKU04768,214,52,21,2025-07-05
ST25,SKU00682,347,98,29,2025-08-27
ST09,SKU04350,0,83,22,2025-10-01
ST23,SKU04019,218,37,18,2025-06-26
ST19,SKU03311,479,97,32,2025-07-28
ST07,SKU03257,171,37,10,2025-07-10
ST07,SKU01042,215,55,15,2025-08-05
ST10,SKU01542,231,47,11,2025-06-10
ST08,SKU04879,88,21,8,2025-05-29
ST20,SKU03950,193,58,25,2025-08-28
ST27,SKU00691,224,51,21,2025-07-06
ST25,SKU02079,0,40,18,2025-10-05
ST30,SKU04409,254,72,31,2025-08-13
ST08,SKU00449,237,64,19,2025-08-12
ST23,SKU00986,391,68,21,2025-08-17
ST19,SKU04250,329,82,26,2025-08-19
ST08,SKU03603,300,60,14,2025-06-04
ST18,SKU00090,480,89,41,2025-05-10
ST25,SKU01032,374,82,39,2025-07-07
ST06,SKU00524,137,34,17,2025-07-16
ST14,SKU00385,333,61,23,2025-08-10
ST02,SKU01048,0,92,44,2025-09-16
ST12,SKU04476,0,79,22,2025-08-23
ST17,SKU04591,344,66,27,2025-08-05
ST22,SKU00734,119,23,8,2025-05-19
ST17,SKU02376,313,71,22,2025-08-27
ST15,SKU03727,0,27,10,2025-10-12
ST08,SKU04771,114,23,8,2025-05-13
ST06,SKU03907,0,56,26,2025-08-10
ST25,SKU01971,463,88,33,2025-08-01
ST17,SKU03773,488,91,40,2025-08-11
ST19,SKU00170,309,82,34,2025-08-08
ST24,SKU02500,391,99,38,2025-08-06
ST03,SKU03609,391,76,19,2025-06-29
ST18,SKU04412,315,69,15,2025-08-24
ST27,SKU01751,0,73,33,2025-08-31
ST25,SKU01153,0,81,22,2025-08-20
ST25,SKU03139,281,50,18,2025-06-12
ST06,SKU00645,181,49,13,2025-07-09
ST23,SKU02046,0,88,25,2025-08-24
ST26,SKU04532,409,83,17,2025-05-15
ST26,SKU00331,198,47,16,2025-05-28
ST22,SKU00855,303,87,34,2025-08-17
ST12,SKU00167,164,28,13,2025-06-19
ST15,SKU03848,246,54,27,2025-06-18
ST29,SKU01568,257,47,19,2025-07-28
ST08,SKU00691,192,44,14,2025-06-08
ST27,SKU04905,213,67,24,2025-05-15
ST01,SKU03950,443,84,34,2025-07-18
ST21,SKU04831,128,37,10,2025-08-31
ST04,SKU00986,79,21,8,2025-07-30
ST14,SKU01674,434,73,26,2025-06-04
ST21,SKU00401,395,69,23,2025-07-14
ST07,SKU00466,258,64,26,2025-05-11
ST19,SKU00291,0,85,41,2025-10-11
ST25,SKU01274,0,88,37,2025-08-05
ST28,SKU04726,362,97,20,2025-06-18
ST14,SKU02842,443,80,35,2025-06-28
ST26,SKU04653,424,73,18,2025-06-30
ST12,SKU02503,0,46,15,2025-08-17
ST15,SKU01754,182,38,19,2025-06-10
ST15,SKU03740,271,80,17,2025-07-10
ST18,SKU03257,297,89,33,2025-06-12
ST30,SKU00342,122,37,11,2025-05-09
ST21,SKU02737,0,63,31,2025-08-28
ST05,SKU02500,317,75,21,2025-05-31
ST03,SKU03851,0,92,41,2025-08-23
ST20,SKU03266,361,68,24,2025-08-06
ST08,SKU03966,105,21,8,2025-07-11
ST18,SKU04654,140,24,7,2025-06-20
ST03,SKU01407,391,73,17,2025-07-18
ST28,SKU04847,0,59,22,2025-08-09
ST21,SKU03905,346,70,17,2025-05-11
ST04,SKU04261,97,31,13,2025-08-06
ST09,SKU04605,157,31,9,2025-08-14
ST17,SKU00524,494,95,23,2025-08-23
ST03,SKU00589,275,90,24,2025-06-28
ST13,SKU01048,0,86,25,2025-09-25
ST30,SKU02449,0,47,10,2025-08-23
ST16,SKU04729,110,22,8,2025-05-07
ST16,SKU02514,110,27,13,2025-09-02
ST19,SKU02519,273,46,19,2025-05-26
ST17,SKU03907,0,93,40,2025-08-31
ST24,SKU04849,224,42,13,2025-08-05
ST19,SKU04505,321,82,26,2025-06-30
ST27,SKU04329,0,55,11,2025-08-10
ST03,SKU03743,0,30,8,2025-09-24
ST15,SKU03043,281,65,28,2025-08-01
ST27,SKU02114,424,73,33,2025-08-23
ST25,SKU01287,376,76,33,2025-06-05
ST09,SKU02740,0,39,16,2025-09-07
ST09,SKU04726,188,36,17,2025-08-07
ST02,SKU01303,268,46,14,2025-05-06
ST17,SKU00874,238,73,18,2025-08-25
ST17,SKU00645,193,49,20,2025-05-31
ST27,SKU03053,0,40,14,2025-09-11
ST25,SKU00240,252,70,15,2025-06-17
ST30,SKU00584,234,58,20,2025-07-01
ST11,SKU00305,277,78,17,2025-06-15
ST26,SKU03848,164,28,10,2025-05-22
ST02,SKU02471,365,95,21,2025-08-02
ST19,SKU02640,0,96,46,2025-09-26
ST03,SKU03864,496,90,40,2025-06-24
ST08,SKU01993,0,21,10,2025-08-23
ST27,SKU00020,0,92,38,2025-09-28
ST18,SKU00466,94,26,7,2025-05-30
ST03,SKU01649,292,92,34,2025-08-18
ST16,SKU03803,455,93,27,2025-07-07
ST06,SKU03115,272,48,19,2025-08-12
ST21,SKU04147,495,99,48,2025-08-11
ST29,SKU00066,239,55,26,2025-06-25
ST25,SKU04791,291,50,11,2025-05-26
ST25,SKU04562,0,34,13,2025-08-24
ST14,SKU04144,499,95,43,2025-07-30
ST21,SKU02871,313,65,17,2025-08-03
ST26,SKU01754,176,52,21,2025-07-17
ST07,SKU00721,218,52,19,2025-08-26
ST24,SKU03105,401,93,20,2025-08-30
ST19,SKU04747,352,98,43,2025-07-28
ST05,SKU04849,280,84,33,2025-09-01
ST29,SKU03220,91,23,11,2025-08-21
ST24,SKU00890,367,80,27,2025-07-11
ST12,SKU03805,276,59,25,2025-07-01
ST19,SKU00546,152,26,7,2025-09-02
ST15,SKU01070,471,86,34,2025-05-15
ST06,SKU01021,0,43,20,2025-09-11
ST03,SKU02938,372,73,35,2025-06-13
ST27,SKU03295,291,71,15,2025-05-28
ST11,SKU02533,459,90,18,2025-06-13
ST16,SKU02648,0,22,11,2025-09-06
ST07,SKU03057,0,97,32,2025-08-09
ST02,SKU00498,446,90,23,2025-08-26
ST03,SKU04106,382,82,28,2025-07-19
ST15,SKU03177,177,43,14,2025-08-27
ST23,SKU04987,304,54,24,2025-06-18
ST16,SKU01830,152,33,8,2025-08-20
ST26,SKU03043,167,35,14,2025-08-07
ST05,SKU04152,145,35,9,2025-05-06
ST12,SKU00893,0,44,19,2025-10-09
ST29,SKU04280,0,67,33,2025-08-15
ST27,SKU03416,89,20,9,2025-08-13
ST13,SKU01303,139,32,11,2025-08-16
ST05,SKU03105,103,22,7,2025-08-21
ST22,SKU02520,401,72,31,2025-05-12
ST10,SKU03220,337,73,19,2025-06-19
ST05,SKU00890,322,94,22,2025-07-01
ST08,SKU04571,0,91,38,2025-09-23
ST22,SKU00305,301,93,33,2025-05-12
ST13,SKU02700,190,48,18,2025-07-28
ST13,SKU02471,410,74,28,2025-07-11
ST25,SKU01542,202,63,26,2025-08-03
ST11,SKU03822,173,41,19,2025-05-06
ST23,SKU04879,578,99,21,2025-07-06
ST02,SKU03773,226,53,18,2025-07-28
ST10,SKU04388,341,87,34,2025-07-20
ST29,SKU04401,133,40,20,2025-05-18
ST17,SKU03115,531,90,37,2025-05-29
ST08,SKU03295,301,64,26,2025-05-14
ST06,SKU04646,0,35,10,2025-08-11
ST25,SKU02710,113,22,10,2025-06-01
ST02,SKU04941,368,74,21,2025-06-01
ST07,SKU00855,280,54,25,2025-06-22
ST29,SKU03583,219,56,21,2025-08-20
ST03,SKU04348,0,41,11,2025-08-19
ST17,SKU02068,0,24,6,2025-09-01
ST08,SKU00262,178,39,14,2025-08-04
ST30,SKU04222,395,78,25,2025-05-30
ST04,SKU04987,190,37,11,2025-07-11
ST26,SKU01070,193,40,10,2025-05-16
ST12,SKU00906,215,39,8,2025-08-20
ST22,SKU03580,239,69,22,2025-06-08
ST08,SKU03416,162,32,9,2025-06-10
ST17,SKU04633,0,54,13,2025-09-17
ST05,SKU03347,104,25,7,2025-05-29
ST22,SKU02533,140,31,11,2025-08-21
ST30,SKU02128,346,66,26,2025-05-26
ST13,SKU00498,275,68,22,2025-05-13
ST06,SKU03491,541,97,44,2025-07-19
ST28,SKU01264,478,83,17,2025-07-16
ST26,SKU03177,262,62,19,2025-06-15
ST29,SKU04643,222,43,19,2025-07-23
ST14,SKU00090,339,72,29,2025-05-25
ST10,SKU03583,244,67,25,2025-05-12
ST03,SKU02375,465,79,19,2025-07-14
ST11,SKU01970,289,74,34,2025-08-06
ST04,SKU03014,104,26,6,2025-07-27
ST04,SKU05000,332,60,29,2025-07-25
ST19,SKU04305,0,63,29,2025-08-08
ST05,SKU02421,323,87,23,2025-07-16
ST22,SKU03822,287,63,15,2025-05-24
ST18,SKU04346,0,84,27,2025-09-28
ST25,SKU03073,331,63,31,2025-07-27
ST09,SKU04526,170,36,10,2025-08-17
ST23,SKU02209,263,70,30,2025-06-25
ST14,SKU04641,140,41,15,2025-05-18
ST02,SKU03089,273,83,24,2025-06-22
ST02,SKU00874,337,77,35,2025-07-23
ST24,SKU03602,368,80,30,2025-07-14
ST17,SKU04646,0,41,18,2025-09-17
ST20,SKU01911,100,27,6,2025-08-08
ST03,SKU02267,354,80,26,2025-06-23
ST13,SKU04941,262,48,12,2025-05-09
ST30,SKU00155,272,65,15,2025-06-01
ST28,SKU03492,279,58,27,2025-05-19
ST09,SKU01264,104,24,5,2025-06-02
ST26,SKU01433,150,30,11,2025-08-20
ST07,SKU02386,104,25,10,2025-08-20
ST19,SKU02211,212,37,13,2025-08-25
ST10,SKU04643,74,23,10,2025-07-12
ST06,SKU02915,278,83,32,2025-05-14
ST06,SKU04901,221,51,19,2025-07-19
ST11,SKU03030,0,59,17,2025-09-20
ST04,SKU02088,0,57,15,2025-10-02
ST02,SKU03210,321,54,26,2025-08-11
ST19,SKU01164,0,82,24,2025-08-07
ST25,SKU04362,0,54,22,2025-08-18
ST20,SKU01803,525,91,45,2025-07-02
ST18,SKU00976,0,73,35,2025-09-03
ST27,SKU04142,355,97,46,2025-07-02
ST13,SKU04244,421,76,36,2025-08-21
ST06,SKU00821,326,60,15,2025-05-08
ST04,SKU02209,109,32,10,2025-05-20
ST21,SKU03839,394,80,40,2025-07-09
ST06,SKU00592,79,26,7,2025-07-04
ST16,SKU03266,264,77,22,2025-08-21
ST14,SKU00682,324,74,34,2025-08-08
ST12,SKU02558,153,44,11,2025-06-24
ST17,SKU04888,191,53,12,2025-08-23
ST01,SKU04126,0,54,12,2025-08-26
ST01,SKU01911,92,27,8,2025-05-11
ST25,SKU02268,0,86,43,2025-10-11
ST15,SKU01580,151,30,12,2025-06-12
ST08,SKU00638,215,48,11,2025-08-01
ST16,SKU04663,0,97,34,2025-09-22
ST11,SKU04319,168,33,8,2025-06-03
ST09,SKU03492,122,34,9,2025-06-05
ST24,SKU04783,0,33,8,2025-10-12
ST22,SKU01970,432,97,41,2025-06-22
ST25,SKU03436,259,73,18,2025-07-17
ST06,SKU00942,0,20,7,2025-08-19
ST28,SKU04902,322,68,26,2025-05-09
ST14,SKU00574,498,98,37,2025-06-24
ST12,SKU04665,149,33,12,2025-05-10
ST13,SKU03089,149,37,9,2025-06-26
ST16,SKU00354,195,56,20,2025-05-24
ST16,SKU02340,0,21,4,2025-08-29
ST02,SKU00190,0,83,20,2025-09-16
ST07,SKU02520,223,40,13,2025-08-14
ST15,SKU00654,425,82,28,2025-08-17
ST18,SKU02386,330,72,33,2025-06-19
ST16,SKU03737,202,52,20,2025-07-18
ST23,SKU04679,273,75,20,2025-07-30
ST17,SKU02915,327,80,21,2025-06-06
ST20,SKU04381,0,87,36,2025-09-06
ST27,SKU03108,368,77,17,2025-07-06
ST15,SKU01822,401,95,38,2025-07-13
ST27,SKU00893,0,91,22,2025-09-04
ST18,SKU01339,518,91,42,2025-08-30
ST06,SKU04217,229,71,24,2025-05-23
ST20,SKU04152,230,39,15,2025-05-18
ST14,SKU01863,221,54,25,2025-06-19
ST02,SKU04741,323,83,25,2025-07-30
ST02,SKU02526,0,40,14,2025-09-03
ST05,SKU04783,0,34,9,2025-09-25
ST27,SKU00075,535,92,30,2025-07-08
ST13,SKU00177,0,98,41,2025-09-13
ST18,SKU00521,187,62,19,2025-05-06
ST20,SKU03105,340,77,16,2025-08-29
ST30,SKU01578,0,80,23,2025-08-17
ST09,SKU04902,377,85,32,2025-07-09
ST16,SKU01643,198,35,7,2025-08-19
ST14,SKU03031,376,74,29,2025-06-05
ST28,SKU02700,225,63,29,2025-05-17
ST19,SKU03863,159,45,13,2025-07-15
ST12,SKU02692,0,37,15,2025-08-11
ST19,SKU03634,255,69,25,2025-06-10
ST17,SKU00821,202,59,22,2025-08-18
ST20,SKU04273,0,62,23,2025-10-02
ST16,SKU04797,134,28,10,2025-07-27
ST23,SKU01538,364,86,34,2025-07-26
ST22,SKU04319,190,62,23,2025-08-29
ST06,SKU03291,358,78,28,2025-07-10
ST04,SKU04679,298,54,14,2025-06-16
ST14,SKU03152,300,76,36,2025-07-17
ST14,SKU02923,0,73,19,2025-08-22
ST02,SKU01371,0,90,21,2025-09-17
ST29,SKU04443,183,37,15,2025-07-08
ST17,SKU00942,0,95,23,2025-09-13
ST01,SKU04381,0,76,20,2025-08-11
ST13,SKU01466,0,92,42,2025-08-30
ST15,SKU02064,366,95,32,2025-05-16
ST26,SKU04145,86,21,8,2025-07-18
ST02,SKU02768,390,75,24,2025-05-19
ST02,SKU00553,508,90,35,2025-07-20
ST12,SKU01766,218,66,30,2025-06-04
ST24,SKU00837,105,33,12,2025-07-11
ST27,SKU00317,338,59,23,2025-07-01
ST08,SKU00075,418,85,19,2025-05-14
ST20,SKU03347,325,76,20,2025-08-09
ST13,SKU00190,0,29,11,2025-10-02
ST21,SKU04215,571,100,21,2025-06-09
ST17,SKU01063,309,86,31,2025-08-18
ST22,SKU01407,358,74,32,2025-07-28
ST06,SKU04580,83,24,11,2025-06-27
ST06,SKU00150,173,30,12,2025-08-16
ST04,SKU01538,114,28,13,2025-08-16
ST14,SKU04212,117,23,11,2025-06-28
ST26,SKU01822,421,97,32,2025-07-06
ST24,SKU03173,86,27,11,2025-07-01
ST17,SKU04217,329,70,22,2025-07-23
ST15,SKU03353,0,20,5,2025-09-23
ST03,SKU04053,276,71,19,2025-07-16
ST06,SKU01318,376,80,31,2025-08-19
ST11,SKU01433,359,75,24,2025-07-17
ST21,SKU04107,225,51,18,2025-06-09
ST02,SKU03828,234,54,17,2025-08-24
ST10,SKU04443,125,38,11,2025-07-20
ST12,SKU02826,0,39,9,2025-08-10
ST03,SKU03235,317,70,19,2025-05-15
ST27,SKU03592,94,22,7,2025-05-13
ST15,SKU04292,533,92,23,2025-06-15
ST20,SKU02421,152,26,10,2025-08-09
ST30,SKU00894,114,23,9,2025-06-27
ST25,SKU00550,90,25,7,2025-08-07
ST02,SKU04996,221,37,15,2025-08-10
ST19,SKU02950,0,59,15,2025-08-11
ST29,SKU01423,195,36,8,2025-07-06
ST05,SKU00837,339,58,25,2025-07-22
ST21,SKU04228,114,24,9,2025-07-20
ST14,SKU03286,186,59,14,2025-05-13
ST24,SKU02247,0,29,10,2025-09-10
ST29,SKU00376,0,54,14,2025-09-16
ST08,SKU01485,0,46,16,2025-08-24
ST27,SKU03484,140,28,7,2025-05-14
ST11,SKU02722,263,61,30,2025-06-16
ST11,SKU00507,168,30,10,2025-06-15
ST14,SKU00024,195,42,9,2025-06-01
ST26,SKU02064,329,79,35,2025-08-14
ST07,SKU01031,491,97,47,2025-06-06
ST12,SKU02129,156,33,14,2025-08-02
ST05,SKU03173,135,30,7,2025-06-28
ST24,SKU01200,300,87,43,2025-08-24
ST22,SKU04574,0,83,28,2025-09-22
ST25,SKU04054,188,44,20,2025-08-30
ST27,SKU04652,331,68,21,2025-05-26
ST13,SKU00553,268,52,12,2025-06-02
ST20,SKU01495,92,23,7,2025-05-23
ST06,SKU03546,0,65,32,2025-09-02
ST11,SKU01675,104,30,6,2025-06-24
ST07,SKU04414,382,81,30,2025-08-20
ST24,SKU02368,0,52,22,2025-09-25
ST18,SKU04280,0,37,10,2025-09-04
ST08,SKU03592,391,77,25,2025-08-28
ST01,SKU02421,211,45,21,2025-06-04
ST06,SKU02728,341,91,27,2025-08-16
ST02,SKU01037,0,87,31,2025-08-23
ST07,SKU01152,0,25,12,2025-08-13
ST19,SKU03192,81,25,9,2025-05-14
ST17,SKU04580,240,74,26,2025-06-16
ST27,SKU02558,126,32,10,2025-05-13
ST08,SKU00330,176,52,21,2025-05-23
ST21,SKU02484,0,47,23,2025-09-17
ST16,SKU04126,0,92,27,2025-08-18
ST02,SKU04191,0,59,18,2025-10-04
ST05,SKU02247,0,65,18,2025-08-12
ST24,SKU04475,334,71,21,2025-06-02
ST10,SKU00376,0,68,16,2025-10-08
ST12,SKU00974,0,47,13,2025-09-16
ST29,SKU00389,469,89,44,2025-06-27
ST17,SKU01318,278,50,24,2025-05-07
ST13,SKU03828,185,41,17,2025-08-21
ST23,SKU04250,179,30,10,2025-09-01
ST09,SKU04352,334,68,32,2025-08-10
ST11,SKU00749,93,28,9,2025-06-01
ST11,SKU02964,151,38,10,2025-06-26
ST02,SKU00929,0,100,45,2025-08-16
ST07,SKU03259,0,87,19,2025-09-14
ST24,SKU03428,162,30,12,2025-07-23
ST27,SKU04894,555,93,22,2025-08-17
ST08,SKU04652,84,25,9,2025-07-18
ST13,SKU04996,198,51,22,2025-08-26
ST01,SKU01495,437,89,29,2025-07-03
ST21,SKU04591,401,95,23,2025-08-30
ST21,SKU02376,305,99,33,2025-07-25
ST24,SKU04596,0,98,34,2025-08-27
ST24,SKU02381,0,27,10,2025-08-23
ST25,SKU01034,125,36,10,2025-05-31
ST23,SKU00170,306,62,20,2025-08-05
ST28,SKU02500,342,69,22,2025-08-16
ST07,SKU03609,469,80,21,2025-08-06
ST22,SKU02722,138,41,15,2025-08-28
ST30,SKU04532,91,21,6,2025-08-10
ST30,SKU00331,161,39,19,2025-06-24
ST18,SKU01031,175,52,21,2025-06-04
ST04,SKU03311,177,53,19,2025-06-23
ST11,SKU02038,306,96,38,2025-06-10
ST16,SKU00167,157,47,11,2025-05-28
ST07,SKU02333,0,28,7,2025-09-27
ST24,SKU04717,202,58,16,2025-06-28
ST05,SKU04475,462,87,29,2025-05-31
ST19,SKU02387,96,29,14,2025-07-01
ST17,SKU03546,0,58,22,2025-09-05
ST29,SKU00631,253,52,21,2025-06-25
ST27,SKU03968,71,21,6,2025-08-18
ST18,SKU04414,74,24,9,2025-07-11
ST03,SKU01396,150,37,9,2025-07-05
ST04,SKU04250,271,79,27,2025-07-09
ST11,SKU00991,275,56,14,2025-07-17
ST28,SKU04607,238,47,20,2025-07-22
ST23,SKU00062,0,81,20,2025-09-15
ST23,SKU02277,201,51,15,2025-05-25
ST17,SKU02728,113,29,14,2025-06-13
ST05,SKU03428,223,42,20,2025-08-04
ST12,SKU00169,0,52,20,2025-08-07
ST20,SKU04194,134,37,15,2025-08-15
ST27,SKU00935,250,50,24,2025-06-02
ST18,SKU01152,0,48,23,2025-09-04
ST25,SKU02094,254,76,16,2025-07-18
ST16,SKU02503,0,23,5,2025-09-21
ST07,SKU02683,0,40,18,2025-09-27
ST13,SKU02205,302,73,18,2025-08-08
ST04,SKU00170,351,100,37,2025-07-19
ST11,SKU01112,278,64,31,2025-06-06
ST09,SKU02500,465,91,20,2025-07-20
ST09,SKU00285,0,48,11,2025-08-08
ST07,SKU01407,107,28,8,2025-06-13
ST12,SKU04491,211,43,11,2025-05-26
ST22,SKU00978,447,95,20,2025-07-08
ST22,SKU00749,377,85,22,2025-06-18
ST01,SKU04073,239,69,23,2025-06-04
ST26,SKU03837,208,36,18,2025-06-06
ST28,SKU01466,0,99,23,2025-09-08
ST14,SKU01568,116,21,10,2025-07-05
ST07,SKU00589,308,54,20,2025-07-29
ST21,SKU00524,167,32,16,2025-08-09
ST05,SKU04717,481,94,38,2025-09-01
ST29,SKU03088,0,62,25,2025-08-28
ST05,SKU00516,167,36,9,2025-08-18
ST03,SKU03624,306,90,29,2025-06-22
ST08,SKU03968,190,34,9,2025-06-20
ST23,SKU02519,374,72,21,2025-06-05
ST21,SKU03907,0,49,17,2025-09-29
ST28,SKU04849,116,25,9,2025-07-02
ST09,SKU04607,178,41,16,2025-05-08
ST04,SKU02277,302,82,29,2025-07-01
ST23,SKU04505,306,65,25,2025-06-22
ST05,SKU01684,191,41,12,2025-07-09
ST12,SKU04612,334,87,38,2025-06-28
ST08,SKU03150,304,58,14,2025-06-18
ST01,SKU04194,263,44,18,2025-05-07
ST08,SKU00935,265,71,22,2025-08-01
ST18,SKU03609,351,76,24,2025-06-22
ST20,SKU02221,360,60,26,2025-08-14
ST15,SKU03863,253,80,22,2025-08-29
ST06,SKU02057,269,47,20,2025-06-18
ST11,SKU00186,256,77,24,2025-08-21
ST21,SKU00645,113,26,10,2025-06-04
ST19,SKU00535,320,55,26,2025-08-30
ST22,SKU00052,134,26,13,2025-08-05
ST15,SKU00830,0,87,35,2025-08-06
ST25,SKU03504,338,81,23,2025-05-14
ST30,SKU03848,267,51,17,2025-06-01
ST20,SKU01174,151,34,8,2025-08-13
ST23,SKU04626,0,80,31,2025-09-18
ST02,SKU03520,337,93,31,2025-07-05
ST12,SKU02747,0,31,11,2025-08-09
ST12,SKU00532,82,27,12,2025-05-20
ST24,SKU01818,262,60,27,2025-07-04
ST22,SKU00991,231,42,10,2025-08-27
ST03,SKU04913,0,24,10,2025-10-05
ST01,SKU04315,0,63,21,2025-10-12
ST11,SKU04508,0,89,31,2025-08-28
ST05,SKU00758,300,58,23,2025-07-09
ST10,SKU03088,0,61,30,2025-10-02
ST08,SKU02224,240,73,36,2025-05-31
ST30,SKU01754,287,59,18,2025-07-18
ST30,SKU03740,272,84,36,2025-07-31
ST23,SKU04747,308,99,20,2025-05-27
ST09,SKU04849,279,72,28,2025-06-16
ST23,SKU02532,0,83,29,2025-08-29
ST28,SKU00890,131,36,15,2025-09-02
ST16,SKU03805,197,51,19,2025-08-17
ST23,SKU00546,157,28,10,2025-07-03
ST23,SKU00317,161,42,18,2025-08-03
ST07,SKU01770,395,92,19,2025-07-16
ST04,SKU04505,189,62,26,2025-06-04
ST24,SKU01939,214,55,20,2025-07-07
ST17,SKU02983,0,56,14,2025-10-09
ST22,SKU01112,298,76,21,2025-08-24
ST15,SKU04334,191,38,11,2025-06-02
ST18,SKU03851,0,73,34,2025-09-05
ST01,SKU02221,363,80,37,2025-07-23
ST18,SKU03622,0,57,27,2025-09-16
ST18,SKU01407,157,40,17,2025-05-24
ST23,SKU01485,0,51,24,2025-08-06
ST07,SKU02938,120,33,16,2025-07-17
ST12,SKU01592,332,73,32,2025-05-09
ST01,SKU01174,406,93,34,2025-07-30
ST15,SKU03058,99,31,13,2025-05-14
ST27,SKU02129,346,65,21,2025-08-11
ST11,SKU03582,364,73,28,2025-06-21
ST28,SKU02997,422,72,33,2025-08-17
ST06,SKU01023,259,76,19,2025-06-05
ST21,SKU02055,327,77,20,2025-07-10
ST05,SKU01818,193,60,28,2025-06-07
ST03,SKU00954,247,62,19,2025-05-20
ST08,SKU03284,322,79,20,2025-08-26
ST20,SKU02355,0,25,5,2025-08-27
ST18,SKU03743,0,42,14,2025-09-14
ST01,SKU00127,353,86,32,2025-05-12
ST30,SKU03043,503,86,27,2025-08-18
ST14,SKU00066,77,23,9,2025-05-15
ST22,SKU02401,0,34,14,2025-10-03
ST08,SKU00251,147,49,13,2025-07-25
ST20,SKU03523,296,65,16,2025-08-24
ST15,SKU03179,156,48,20,2025-08-09
ST09,SKU03105,439,77,30,2025-07-19
ST23,SKU00788,302,91,39,2025-08-06
ST09,SKU00890,301,67,16,2025-06-14
ST04,SKU02532,0,80,23,2025-08-12
ST14,SKU03220,116,20,9,2025-08-08
ST04,SKU00546,222,66,17,2025-07-05
ST19,SKU04052,151,36,8,2025-06-22
ST05,SKU01939,212,37,9,2025-07-14
ST19,SKU03823,154,31,11,2025-08-22
ST03,SKU01075,209,35,9,2025-06-24
ST18,SKU03864,118,29,13,2025-07-31
ST18,SKU01649,96,23,8,2025-05-07
ST21,SKU03115,281,79,25,2025-06-10
ST07,SKU00965,240,70,22,2025-06-27
ST19,SKU03005,295,84,23,2025-08-18
ST24,SKU03349,168,32,15,2025-05-08
ST27,SKU00385,269,60,24,2025-05-13
ST09,SKU02997,352,98,45,2025-05-18
ST07,SKU04348,0,84,41,2025-09-07
ST21,SKU02068,0,78,33,2025-10-07
ST05,SKU04046,0,58,22,2025-09-10
ST13,SKU03870,0,45,22,2025-08-18
ST01,SKU02584,119,23,10,2025-09-02
ST01,SKU00369,0,88,30,2025-08-06
ST30,SKU01070,449,89,31,2025-08-09
ST18,SKU01770,207,45,18,2025-06-30
ST16,SKU00906,358,76,32,2025-05-28
ST16,SKU02892,0,95,25,2025-08-27
ST14,SKU04280,0,25,7,2025-08-05
ST14,SKU00079,0,38,17,2025-08-11
ST21,SKU01021,0,86,41,2025-08-20
ST26,SKU04105,0,63,26,2025-08-08
ST26,SKU04334,371,95,35,2025-08-04
ST05,SKU02999,226,63,15,2025-06-12
ST01,SKU03523,258,67,28,2025-08-18
ST18,SKU02938,278,72,26,2025-07-25
ST04,SKU00788,252,70,31,2025-05-18
ST29,SKU04753,137,33,9,2025-05-25
ST24,SKU04409,369,79,31,2025-07-25
ST22,SKU03582,368,97,26,2025-08-25
ST27,SKU01674,262,49,12,2025-05-16
ST20,SKU02718,162,38,13,2025-05-14
ST18,SKU04106,227,44,16,2025-05-14
ST11,SKU02898,0,56,26,2025-09-08
ST21,SKU01371,0,35,17,2025-08-17
ST12,SKU00090,288,79,33,2025-07-26
ST07,SKU00978,94,21,6,2025-06-18
ST19,SKU01032,149,28,12,2025-06-17
ST08,SKU00385,209,38,8,2025-06-15
ST06,SKU01507,0,49,18,2025-08-20
ST11,SKU03837,219,56,20,2025-06-23
ST07,SKU02375,142,38,16,2025-07-20
ST05,SKU02302,190,58,15,2025-06-20
ST19,SKU01971,268,70,32,2025-05-09
ST22,SKU01717,328,98,24,2025-07-17
ST28,SKU02205,113,30,7,2025-05-16
ST12,SKU04412,375,76,25,2025-05-06
ST19,SKU03139,281,75,30,2025-07-25
ST17,SKU02541,226,63,22,2025-08-31
ST08,SKU00506,0,25,6,2025-09-27
ST20,SKU01792,164,37,13,2025-07-28
ST18,SKU00965,234,71,19,2025-07-05
ST28,SKU03602,211,41,20,2025-07-30
ST21,SKU00445,0,66,26,2025-08-25
ST07,SKU02267,144,33,9,2025-06-22
ST17,SKU03709,309,86,37,2025-06-01
ST07,SKU00052,189,36,9,2025-05-28
ST05,SKU04409,356,62,23,2025-05-22
ST15,SKU04831,155,45,9,2025-06-25
ST01,SKU00732,223,49,12,2025-05-19
ST01,SKU02718,410,71,35,2025-08-29
ST15,SKU00401,269,61,19,2025-06-04
ST23,SKU02211,321,63,15,2025-08-22
ST14,SKU02657,0,95,28,2025-08-05
ST14,SKU04643,238,48,21,2025-05-22
ST02,SKU03320,415,86,33,2025-05-17
ST26,SKU04468,312,86,18,2025-08-16
ST26,SKU02253,70,21,8,2025-07-25
ST19,SKU01274,0,72,35,2025-09-14
ST17,SKU02662,123,35,12,2025-06-04
ST08,SKU02842,190,36,7,2025-08-03
ST23,SKU03150,190,46,11,2025-06-05
ST12,SKU03257,204,46,19,2025-05-29
ST24,SKU00342,304,66,27,2025-08-15
ST15,SKU02737,0,67,21,2025-09-19
ST11,SKU01046,139,37,12,2025-07-19
ST02,SKU03441,286,89,32,2025-07-16
ST21,SKU03491,157,42,10,2025-08-31
ST12,SKU04654,93,25,11,2025-05-16
ST29,SKU01854,449,80,21,2025-07-30
ST15,SKU03905,474,81,20,2025-08-03
ST03,SKU04605,170,47,13,2025-07-19
ST20,SKU01805,154,39,8,2025-08-03
ST09,SKU03602,269,58,28,2025-06-06
ST21,SKU04888,387,65,28,2025-06-12
ST10,SKU02780,261,80,27,2025-08-16
ST27,SKU04144,245,42,17,2025-06-04
ST20,SKU00987,319,84,41,2025-07-27
ST20,SKU00758,131,25,9,2025-08-05
ST11,SKU01167,157,29,11,2025-06-28
ST28,SKU04783,0,22,5,2025-09-15
ST04,SKU02211,233,71,23,2025-05-17
ST23,SKU02224,290,61,24,2025-08-02
ST19,SKU01287,382,100,28,2025-07-08
ST03,SKU04955,302,87,41,2025-06-28
ST03,SKU02740,0,37,14,2025-09-25
ST03,SKU04726,314,76,28,2025-08-28
ST20,SKU02155,0,64,17,2025-09-09
ST11,SKU04321,0,96,33,2025-10-10
ST04,SKU01164,0,35,9,2025-08-18
ST21,SKU02794,278,62,27,2025-06-30
ST10,SKU04887,221,58,20,2025-06-06
ST05,SKU00342,349,59,27,2025-08-04
ST19,SKU00240,343,61,23,2025-05-30
ST29,SKU00699,136,26,10,2025-08-17
ST24,SKU00584,152,46,12,2025-08-19
ST18,SKU02267,308,73,22,2025-08-15
ST06,SKU02930,0,70,28,2025-08-10
ST04,SKU04318,0,76,34,2025-10-02
ST26,SKU04831,298,57,23,2025-05-29
ST02,SKU03454,195,47,23,2025-07-24
ST26,SKU00401,301,77,19,2025-07-13
ST10,SKU01854,149,28,7,2025-07-13
ST10,SKU03840,0,58,19,2025-09-15
ST15,SKU04147,243,58,17,2025-08-19
ST03,SKU04847,0,46,10,2025-08-20
ST06,SKU02112,125,23,9,2025-08-21
ST11,SKU04442,309,58,22,2025-07-20
ST21,SKU02915,343,99,25,2025-08-24
ST21,SKU04901,123,35,13,2025-08-07
ST02,SKU00421,309,87,43,2025-07-29
ST19,SKU04791,199,58,20,2025-08-25
ST19,SKU02576,422,83,34,2025-08-22
ST19,SKU04562,0,74,29,2025-09-01
ST08,SKU04144,321,65,18,2025-06-05
ST01,SKU00987,322,97,36,2025-05-15
ST15,SKU02871,95,26,10,2025-05-26
ST09,SKU04783,0,88,42,2025-08-17
ST04,SKU02224,483,82,37,2025-08-16
ST26,SKU02737,0,51,16,2025-08-12
ST19,SKU03744,99,27,13,2025-08-18
ST22,SKU01046,226,44,12,2025-06-02
ST13,SKU03441,353,71,24,2025-08-11
ST03,SKU00538,0,33,15,2025-10-09
ST04,SKU03621,334,72,27,2025-08-10
ST21,SKU03036,469,89,35,2025-06-06
ST23,SKU03634,198,50,21,2025-06-29
ST21,SKU00821,161,34,17,2025-07-04
ST26,SKU03905,122,38,11,2025-06-11
ST21,SKU00592,459,81,37,2025-08-08
ST30,SKU01580,237,57,17,2025-06-05
ST16,SKU01645,168,31,11,2025-07-19
ST21,SKU03975,310,90,38,2025-06-03
ST17,SKU00823,0,37,11,2025-09-26
ST01,SKU04491,172,37,14,2025-07-26
ST13,SKU03562,341,91,42,2025-06-14
ST20,SKU04504,157,29,12,2025-06-24
ST28,SKU03870,0,84,34,2025-10-02
ST16,SKU02584,545,98,28,2025-05-14
ST29,SKU03277,74,21,10,2025-08-06
ST01,SKU01229,179,34,9,2025-08-03
ST08,SKU04157,0,87,22,2025-08-11
ST16,SKU01766,227,40,9,2025-08-07
ST28,SKU00837,123,39,13,2025-06-18
ST07,SKU03932,476,89,40,2025-06-19
ST10,SKU02217,89,25,9,2025-05-10
ST10,SKU00002,0,61,22,2025-08-14
ST10,SKU01988,0,58,19,2025-09-03
ST03,SKU01009,0,68,30,2025-09-01
ST15,SKU04281,585,99,25,2025-07-28
ST13,SKU03454,243,73,27,2025-08-07
ST25,SKU00539,0,37,8,2025-10-07
ST04,SKU03863,219,44,19,2025-05-20
ST11,SKU02590,241,47,20,2025-07-29
ST04,SKU03634,164,33,8,2025-06-23
ST21,SKU01063,344,75,33,2025-06-26
ST30,SKU00654,243,54,14,2025-08-26
ST24,SKU01068,348,97,46,2025-05-16
ST10,SKU01170,0,99,35,2025-09-13
ST17,SKU02112,304,58,18,2025-08-28
ST22,SKU04442,196,36,15,2025-06-29
ST20,SKU01363,0,65,16,2025-09-11
ST25,SKU03693,0,99,39,2025-08-24
ST27,SKU00090,480,93,32,2025-05-13
ST16,SKU04102,259,52,17,2025-07-18
ST06,SKU03414,450,93,23,2025-06-17
ST20,SKU03349,250,48,21,2025-06-20
ST21,SKU04217,297,60,21,2025-07-08
ST28,SKU03173,154,28,6,2025-05-30
ST30,SKU01822,190,36,11,2025-07-19
ST07,SKU04053,128,24,12,2025-05-21
ST26,SKU02871,441,99,31,2025-06-19
ST22,SKU03624,149,25,8,2025-09-01
ST24,SKU04222,416,92,23,2025-06-20
ST29,SKU02351,434,83,27,2025-08-28
ST01,SKU04504,95,23,6,2025-08-27
ST20,SKU02531,0,93,40,2025-09-15
ST14,SKU04443,219,51,20,2025-06-02
ST07,SKU03235,281,79,22,2025-06-25
ST02,SKU02662,209,39,9,2025-05-15
ST10,SKU03277,463,78,32,2025-06-12
ST27,SKU04641,203,58,12,2025-06-01
ST01,SKU03457,232,51,25,2025-08-21
ST09,SKU00837,415,74,19,2025-07-20
ST12,SKU03057,0,41,10,2025-09-21
ST28,SKU02247,0,27,6,2025-09-06
ST21,SKU03291,318,54,23,2025-08-14
ST16,SKU00732,248,44,22,2025-06-04
ST20,SKU01605,189,50,21,2025-07-22
ST30,SKU02064,341,60,28,2025-08-23
ST16,SKU02129,91,24,7,2025-08-03
ST28,SKU01200,206,40,10,2025-05-15
ST09,SKU00958,142,37,15,2025-07-04
ST05,SKU04222,319,72,21,2025-07-17
ST22,SKU01651,138,25,8,2025-07-23
ST10,SKU02351,300,52,24,2025-06-24
ST01,SKU02531,0,63,20,2025-09-15
ST06,SKU04824,0,88,18,2025-09-07
ST18,SKU03932,310,81,29,2025-06-10
ST28,SKU02368,0,72,21,2025-09-16
ST26,SKU04281,235,61,18,2025-08-06
ST12,SKU04346,0,54,25,2025-08-30
ST19,SKU03073,261,66,21,2025-07-13
ST03,SKU04526,361,61,30,2025-06-19
ST29,SKU01317,0,89,20,2025-08-24
ST20,SKU03941,274,55,23,2025-07-07
ST08,SKU04641,256,80,36,2025-09-02
ST27,SKU04654,177,53,21,2025-05-16
ST23,SKU03192,418,80,18,2025-06-20
ST04,SKU02950,0,99,20,2025-09-02
ST11,SKU03892,407,69,31,2025-05-07
ST11,SKU01677,0,21,10,2025-09-10
ST14,SKU01423,168,54,25,2025-05-09
ST21,SKU00150,407,70,26,2025-08-04
ST11,SKU01906,97,24,7,2025-07-23
ST16,SKU04236,290,69,19,2025-05-28
ST21,SKU04580,446,97,42,2025-08-03
ST17,SKU01428,99,25,11,2025-05-19
ST05,SKU02128,224,64,25,2025-07-11
ST24,SKU00155,348,74,37,2025-08-22
ST03,SKU01264,154,28,14,2025-05-07
ST25,SKU01023,206,57,12,2025-06-22
ST30,SKU03353,0,28,10,2025-09-06
ST18,SKU04053,111,25,11,2025-05-15
ST30,SKU01138,0,77,35,2025-09-19
ST20,SKU00679,184,53,14,2025-05-19
ST09,SKU02247,0,25,10,2025-10-07
ST28,SKU04475,337,62,20,2025-08-12
ST14,SKU00376,0,24,12,2025-10-03
ST16,SKU00974,0,98,25,2025-10-05
ST21,SKU01318,262,71,25,2025-06-01
ST06,SKU02501,93,27,11,2025-08-30
ST05,SKU01310,314,72,27,2025-06-09
ST22,SKU04926,0,45,19,2025-09-09
ST18,SKU03235,294,62,23,2025-06-16
ST27,SKU00574,169,50,19,2025-06-29
ST20,SKU03833,348,67,30,2025-06-01
ST30,SKU04292,286,54,13,2025-08-12
ST01,SKU01605,381,89,39,2025-07-07
ST28,SKU03428,493,84,29,2025-06-01
ST16,SKU02142,248,43,17,2025-08-18
ST05,SKU00263,0,46,18,2025-08-26
ST17,SKU03535,0,32,10,2025-10-02
ST28,SKU02381,0,23,7,2025-08-13
ST21,SKU03425,0,84,21,2025-09-08
ST15,SKU03839,150,37,9,2025-06-12
ST01,SKU03941,207,47,13,2025-06-11
ST08,SKU00682,103,21,5,2025-07-24
ST27,SKU02681,156,31,12,2025-07-13
ST06,SKU04019,421,85,26,2025-05-10
ST04,SKU03192,323,82,34,2025-07-29
ST11,SKU01919,428,95,47,2025-08-27
ST26,SKU03476,0,71,26,2025-09-03
ST19,SKU02268,0,78,25,2025-08-14
ST05,SKU00155,471,87,25,2025-08-21
ST03,SKU03492,214,41,11,2025-06-22
ST27,SKU01863,341,59,16,2025-06-10
ST20,SKU02907,73,22,7,2025-06-19
ST01,SKU00679,277,63,16,2025-06-04
ST28,SKU04717,378,80,20,2025-06-29
ST09,SKU04475,319,63,13,2025-07-05
ST07,SKU01396,322,60,18,2025-05-06
ST19,SKU03436,418,98,21,2025-08-16
ST01,SKU04062,249,44,12,2025-08-25
ST27,SKU03031,211,48,16,2025-05-19
ST21,SKU02728,234,40,9,2025-06-14
ST09,SKU03428,100,25,8,2025-08-16
ST06,SKU01696,122,22,9,2025-07-24
ST28,SKU03441,105,30,8,2025-06-04
ST22,SKU01906,98,20,4,2025-07-02
ST20,SKU01042,132,34,7,2025-07-03
ST23,SKU02279,221,37,16,2025-08-25
ST16,SKU01337,124,21,8,2025-08-18
ST06,SKU00649,401,85,42,2025-05-27
ST17,SKU04945,135,23,8,2025-05-13
ST29,SKU04016,0,85,34,2025-09-27
ST13,SKU03254,154,28,11,2025-05-18
ST20,SKU01981,146,43,11,2025-08-05
ST06,SKU02046,0,88,23,2025-09-10
ST28,SKU03562,343,95,39,2025-06-28
ST12,SKU01568,223,39,9,2025-08-05
ST12,SKU01339,415,88,19,2025-06-27
ST29,SKU04955,454,89,44,2025-07-15
ST25,SKU03493,336,88,33,2025-05-10
ST04,SKU02387,173,32,9,2025-07-14
ST09,SKU04717,428,98,38,2025-06-18
ST14,SKU00631,368,95,43,2025-08-09
ST16,SKU01229,115,35,11,2025-07-19
ST12,SKU00521,474,93,41,2025-07-31
ST03,SKU04902,304,55,22,2025-08-09
ST08,SKU03031,318,92,26,2025-06-07
ST25,SKU02217,163,41,13,2025-07-15
ST06,SKU04153,247,68,28,2025-05-18
ST16,SKU04612,443,84,39,2025-06-27
ST26,SKU03839,274,47,10,2025-07-10
ST17,SKU04019,276,81,28,2025-05-15
ST29,SKU03090,336,72,23,2025-05-10
ST22,SKU01919,165,41,18,2025-06-28
ST01,SKU03257,166,38,17,2025-06-24
ST27,SKU04212,195,53,25,2025-07-31
ST04,SKU02279,152,29,12,2025-05-31
ST08,SKU03152,301,72,35,2025-07-02
ST08,SKU02923,0,89,44,2025-10-01
ST18,SKU01396,305,90,35,2025-07-28
ST16,SKU00532,134,31,7,2025-07-05
ST07,SKU04913,0,79,22,2025-08-06
ST13,SKU02449,0,42,12,2025-09-11
ST11,SKU01356,155,31,13,2025-05-10
ST14,SKU03088,0,90,37,2025-08-13
ST07,SKU01651,339,64,17,2025-08-31
ST24,SKU04035,0,85,21,2025-09-18
ST29,SKU02164,101,29,9,2025-05-18
ST05,SKU01578,0,70,18,2025-08-12
ST15,SKU04215,335,99,49,2025-07-12
ST06,SKU04166,0,48,12,2025-09-08
ST28,SKU01939,301,88,31,2025-05-26
ST21,SKU02983,0,24,9,2025-09-03
ST16,SKU04854,235,40,17,2025-05-17
ST16,SKU02639,320,84,28,2025-06-20
ST02,SKU04690,170,32,11,2025-08-24
ST17,SKU04261,96,28,13,2025-07-12
ST17,SKU02046,0,25,9,2025-09-06
ST10,SKU03090,251,56,19,2025-06-19
ST10,SKU01104,284,79,38,2025-08-28
ST05,SKU00531,0,99,43,2025-09-25
ST08,SKU04212,325,74,17,2025-08-01
ST15,SKU00953,0,69,15,2025-08-29
ST25,SKU03627,136,30,13,2025-08-11
ST27,SKU00024,88,22,7,2025-05-30
ST13,SKU00355,422,91,40,2025-06-17
ST06,SKU01133,62,20,9,2025-05-13
ST02,SKU01428,153,35,15,2025-07-30
ST19,SKU03812,0,82,31,2025-09-12
ST12,SKU04856,371,79,38,2025-05-13
ST15,SKU04107,308,53,20,2025-08-28
ST25,SKU04795,277,79,39,2025-07-09
ST25,SKU02580,191,44,21,2025-08-15
ST18,SKU03624,273,88,30,2025-08-25
ST23,SKU03931,249,61,14,2025-05-08
ST09,SKU01818,395,71,23,2025-07-08
ST07,SKU00954,209,47,20,2025-08-30
ST17,SKU04153,128,26,8,2025-06-30
ST24,SKU00894,245,81,28,2025-08-12
ST10,SKU00996,0,52,17,2025-08-18
ST19,SKU00550,423,75,15,2025-08-25
ST29,SKU01009,0,84,33,2025-09-05
ST13,SKU02462,0,43,13,2025-08-04
ST27,SKU04346,0,74,35,2025-08-21
ST20,SKU01189,0,96,23,2025-08-14
ST30,SKU03863,100,22,9,2025-06-07
ST28,SKU02999,432,99,37,2025-05-12
ST21,SKU02057,146,32,14,2025-08-09
ST10,SKU02164,285,66,21,2025-05-25
ST29,SKU04392,273,83,20,2025-05-18
ST03,SKU03171,0,41,11,2025-08-15
ST15,SKU04228,188,32,12,2025-06-04
ST20,SKU00371,228,63,21,2025-08-12
ST08,SKU03286,245,56,12,2025-06-30
ST09,SKU04154,0,79,27,2025-09-25
ST09,SKU01939,302,64,17,2025-06-28
ST23,SKU03823,377,84,32,2025-07-10
ST29,SKU03574,482,98,39,2025-07-03
ST18,SKU04913,0,88,22,2025-10-05
ST20,SKU01310,145,35,12,2025-08-07
ST08,SKU00024,481,82,17,2025-07-26
ST26,SKU00832,0,20,9,2025-09-18
ST19,SKU04054,286,83,20,2025-07-13
ST03,SKU03292,0,85,29,2025-09-19
ST22,SKU01356,219,49,19,2025-08-05
ST25,SKU02822,237,61,22,2025-07-25
ST18,SKU01880,278,49,23,2025-07-30
ST06,SKU02543,0,56,24,2025-09-02
ST04,SKU03931,264,61,13,2025-05-08
ST09,SKU04046,0,35,13,2025-08-07
ST26,SKU04215,419,88,27,2025-05-15
ST30,SKU04334,244,50,16,2025-08-30
ST13,SKU04690,338,58,16,2025-05-14
ST09,SKU02999,264,60,23,2025-07-21
ST23,SKU00682,343,66,31,2025-06-08
ST21,SKU02070,401,92,34,2025-07-19
ST17,SKU01133,227,46,12,2025-07-28
ST25,SKU00728,0,20,4,2025-08-10
ST30,SKU03058,176,33,9,2025-06-19
ST06,SKU00449,116,21,8,2025-08-19
ST28,SKU04409,483,92,42,2025-07-09
ST04,SKU03823,89,25,12,2025-08-17
ST10,SKU03574,145,40,19,2025-06-11
ST18,SKU00954,225,69,33,2025-08-08
ST04,SKU03005,242,62,24,2025-06-06
ST09,SKU03349,392,76,18,2025-07-29
ST06,SKU03603,310,99,24,2025-06-19
ST16,SKU04062,454,87,32,2025-08-26
ST23,SKU01032,199,61,14,2025-07-10
ST26,SKU01303,438,94,37,2025-06-12
ST15,SKU04591,317,53,22,2025-06-04
ST20,SKU00734,306,56,13,2025-07-03
ST01,SKU04693,172,43,18,2025-08-23
ST06,SKU04771,265,80,27,2025-07-05
ST23,SKU01971,218,43,9,2025-05-26
ST13,SKU02946,249,59,18,2025-05-09
ST18,SKU01075,479,87,43,2025-08-23
ST16,SKU04412,219,56,26,2025-05-13
ST28,SKU03254,183,57,25,2025-05-16
ST10,SKU02648,0,100,44,2025-09-19
ST24,SKU00331,158,41,14,2025-06-11
ST12,SKU01031,266,82,30,2025-06-17
ST24,SKU04532,374,83,39,2025-07-09
ST27,SKU01568,438,75,16,2025-08-10
ST06,SKU00691,411,71,22,2025-08-31
ST04,SKU02079,0,35,8,2025-08-31
ST14,SKU04753,250,65,19,2025-08-14
ST09,SKU04409,354,80,21,2025-08-02
ST14,SKU02538,0,44,16,2025-08-15
ST06,SKU00462,127,36,15,2025-07-03
ST12,SKU04414,73,22,8,2025-08-22
ST17,SKU02543,0,27,12,2025-09-19
ST17,SKU00328,0,59,16,2025-09-26
ST30,SKU02482,0,21,9,2025-09-26
ST30,SKU04468,314,72,31,2025-06-21
ST30,SKU02253,347,80,16,2025-05-14
ST28,SKU03375,165,45,20,2025-06-26
ST24,SKU04653,198,36,17,2025-08-20
ST19,SKU02094,232,62,20,2025-06-06
ST29,SKU04768,78,22,7,2025-08-23
ST01,SKU00734,397,78,27,2025-05-24
ST04,SKU01971,141,25,7,2025-07-24
ST28,SKU00342,131,37,16,2025-05-07
ST16,SKU01042,154,45,16,2025-07-22
ST17,SKU04879,188,45,10,2025-05-09
ST29,SKU03950,263,61,28,2025-08-29
ST17,SKU00449,385,86,25,2025-06-19
ST03,SKU02500,305,74,20,2025-07-26
ST03,SKU00285,0,52,22,2025-09-09
ST06,SKU03966,424,75,26,2025-06-16
ST04,SKU03139,465,81,39,2025-08-15
ST02,SKU02046,0,41,11,2025-09-10
ST05,SKU04532,471,85,32,2025-05-27
ST05,SKU00331,279,59,12,2025-05-06
ST17,SKU03603,102,26,13,2025-06-21
ST01,SKU00855,425,90,18,2025-07-30
ST15,SKU00524,432,74,21,2025-06-24
ST06,SKU04905,170,36,7,2025-05-14
ST11,SKU01048,0,47,13,2025-09-26
ST28,SKU02449,0,61,30,2025-08-18
ST26,SKU04591,455,87,27,2025-08-19
ST26,SKU02376,98,29,10,2025-08-12
ST17,SKU05000,189,34,16,2025-08-09
ST17,SKU04771,251,45,9,2025-08-09
ST15,SKU03907,0,91,43,2025-08-07
ST03,SKU04607,252,62,31,2025-07-01
ST23,SKU01287,165,29,10,2025-06-30
ST04,SKU01045,0,95,24,2025-10-02
ST26,SKU03773,281,87,35,2025-05-30
ST19,SKU04551,0,28,12,2025-08-25
ST12,SKU03609,175,42,14,2025-07-18
ST05,SKU04653,262,57,25,2025-06-16
ST19,SKU00350,142,24,7,2025-06-24
ST01,SKU00976,0,69,15,2025-08-17
ST25,SKU01104,227,38,15,2025-07-28
ST14,SKU04887,345,69,25,2025-07-06
ST09,SKU00342,205,39,8,2025-06-20
ST28,SKU02570,326,76,20,2025-07-31
ST28,SKU00355,240,51,19,2025-08-05
ST23,SKU00240,195,47,19,2025-05-31
ST26,SKU04941,299,50,20,2025-05-14
ST28,SKU00584,424,95,31,2025-05-18
ST19,SKU03504,168,44,19,2025-07-18
ST24,SKU03848,448,86,35,2025-06-10
ST17,SKU00691,408,93,22,2025-07-12
ST10,SKU03950,322,78,29,2025-05-21
ST30,SKU04831,342,79,20,2025-07-17
ST13,SKU00986,416,72,29,2025-08-18
ST06,SKU01993,0,41,16,2025-08-04
ST14,SKU01854,370,87,42,2025-09-01
ST23,SKU04791,136,44,11,2025-08-07
ST23,SKU02576,360,90,30,2025-05-10
ST12,SKU02683,0,84,19,2025-09-04
ST24,SKU01754,318,66,19,2025-06-20
ST24,SKU03740,86,20,8,2025-05-10
ST03,SKU04849,483,98,25,2025-08-05
ST27,SKU03220,418,80,36,2025-05-10
ST23,SKU03744,162,39,13,2025-08-30
ST06,SKU02114,229,61,19,2025-09-02
ST04,SKU01287,86,22,10,2025-06-18
ST29,SKU03266,522,90,40,2025-05-26
ST17,SKU03966,240,46,11,2025-08-11
ST19,SKU00363,0,98,49,2025-09-11
ST17,SKU01751,0,33,14,2025-10-10
ST27,SKU04388,93,25,8,2025-05-29
ST30,SKU03905,95,22,5,2025-07-20
ST18,SKU04605,173,50,13,2025-08-28
ST06,SKU03053,0,54,13,2025-09-21
ST04,SKU00240,154,48,10,2025-05-18
ST14,SKU00699,216,65,20,2025-08-13
ST26,SKU00524,409,88,22,2025-08-12
ST15,SKU04041,0,63,23,2025-08-26
ST25,SKU04729,235,74,30,2025-07-07
ST30,SKU02858,0,82,24,2025-08-16
ST25,SKU02514,346,90,23,2025-07-20
ST12,SKU03743,0,66,24,2025-08-13
ST19,SKU00484,0,45,22,2025-09-17
ST03,SKU04152,496,85,35,2025-08-06
ST27,SKU04280,0,31,10,2025-08-28
ST18,SKU04726,90,23,6,2025-09-02
ST11,SKU01303,306,75,24,2025-07-12
ST28,SKU04919,474,88,20,2025-05-23
ST21,SKU01762,214,40,15,2025-08-25
ST07,SKU01827,235,49,13,2025-06-06
ST26,SKU00645,419,87,21,2025-05-31
ST05,SKU01754,356,63,27,2025-08-10
ST15,SKU02176,0,79,25,2025-08-23
ST08,SKU03220,334,98,42,2025-06-24
ST20,SKU00305,276,53,15,2025-06-03
ST04,SKU03744,299,51,18,2025-07-15
ST11,SKU02471,156,35,8,2025-08-26
ST14,SKU00002,0,24,9,2025-08-08
ST21,SKU02930,0,47,18,2025-08-19
ST23,SKU01542,382,89,42,2025-06-23
ST10,SKU03266,263,65,32,2025-07-30
ST12,SKU01649,106,28,9,2025-06-17
ST08,SKU04388,257,57,12,2025-07-22
ST25,SKU03803,374,83,31,2025-06-18
ST27,SKU04401,230,67,28,2025-07-22
ST15,SKU03115,257,69,18,2025-07-29
ST25,SKU03574,478,96,26,2025-06-08
ST06,SKU03295,314,87,38,2025-06-18
ST21,SKU02112,556,95,32,2025-07-09
ST23,SKU02710,205,37,11,2025-06-05
ST27,SKU03583,293,66,30,2025-08-31
ST03,SKU02997,428,81,20,2025-06-29
ST30,SKU02871,190,42,9,2025-09-02
ST06,SKU00262,265,46,12,2025-05-18
ST28,SKU04222,106,30,13,2025-05-23
ST02,SKU04987,117,21,8,2025-08-02
ST17,SKU04329,0,24,5,2025-10-01
ST05,SKU03043,75,24,6,2025-06-23
ST17,SKU02114,171,33,8,2025-05-20
ST15,SKU01021,0,92,27,2025-09-28
ST23,SKU00845,0,60,15,2025-09-14
ST14,SKU03277,405,90,36,2025-08-18
ST28,SKU02946,108,26,12,2025-05-31
ST10,SKU02340,0,73,34,2025-10-11
ST12,SKU02938,93,26,9,2025-05-10
ST01,SKU02520,218,69,17,2025-08-21
ST01,SKU00305,254,70,15,2025-05-11
ST20,SKU02533,341,94,30,2025-05-13
ST25,SKU02648,0,35,12,2025-10-08
ST16,SKU03057,0,74,18,2025-10-08
ST23,SKU01784,0,52,11,2025-09-27
ST11,SKU00498,277,82,19,2025-05-25
ST02,SKU04879,239,41,17,2025-06-11
ST26,SKU02055,138,46,12,2025-05-26
ST19,SKU02833,0,56,25,2025-08-28
ST24,SKU03177,498,83,39,2025-05-14
ST15,SKU01371,0,86,26,2025-08-23
ST27,SKU04643,177,38,15,2025-08-09
ST08,SKU04401,450,87,25,2025-05-18
ST09,SKU01068,125,24,10,2025-06-27
ST04,SKU02710,98,20,5,2025-08-18
ST22,SKU01303,247,51,16,2025-08-12
ST09,SKU04222,179,41,19,2025-09-01
ST14,SKU02351,204,37,14,2025-07-20
ST16,SKU00734,212,70,16,2025-06-21
ST02,SKU05000,256,65,15,2025-06-26
ST05,SKU01070,251,60,30,2025-08-21
ST22,SKU02700,385,98,30,2025-06-02
ST22,SKU02471,409,98,26,2025-06-19
ST18,SKU01009,0,80,27,2025-10-06
ST30,SKU04281,204,49,15,2025-05-16
ST23,SKU03073,406,83,33,2025-06-15
ST11,SKU03773,243,70,25,2025-06-27
ST05,SKU04453,0,29,11,2025-09-14
ST26,SKU03115,245,54,25,2025-08-24
ST17,SKU03295,249,46,16,2025-09-02
ST01,SKU02533,325,64,26,2025-05-07
ST23,SKU04012,0,59,20,2025-08-25
ST21,SKU03414,110,29,13,2025-08-04
ST28,SKU02141,0,56,19,2025-08-27
ST09,SKU02128,321,60,17,2025-05-25
ST02,SKU00920,0,45,21,2025-08-06
ST07,SKU01264,227,48,17,2025-07-12
ST12,SKU04348,0,60,25,2025-08-13
ST28,SKU00155,209,36,14,2025-07-15
ST14,SKU02472,545,94,38,2025-05-09
ST05,SKU01191,236,54,12,2025-05-11
ST13,SKU04987,270,85,27,2025-05-13
ST08,SKU04643,315,80,39,2025-05-19
ST05,SKU04574,0,43,15,2025-10-04
ST17,SKU03416,399,100,24,2025-05-06
ST26,SKU04633,0,78,22,2025-10-12
ST16,SKU00976,0,89,20,2025-08-06
ST22,SKU00498,286,59,19,2025-06-28
ST01,SKU03822,535,98,24,2025-07-29
ST11,SKU04244,402,84,38,2025-07-20
ST06,SKU01685,0,43,14,2025-08-23
ST04,SKU03073,382,93,43,2025-07-22
ST04,SKU00858,303,76,30,2025-07-20
ST02,SKU02209,119,26,9,2025-07-10
ST03,SKU03602,468,84,19,2025-08-13
ST15,SKU04888,195,42,11,2025-06-03
ST23,SKU02268,0,39,13,2025-08-31
ST09,SKU00155,266,64,19,2025-07-26
ST07,SKU03492,283,71,31,2025-07-22
ST05,SKU01433,507,99,38,2025-07-31
ST20,SKU01970,113,31,9,2025-06-09
ST13,SKU03014,77,24,8,2025-08-13
ST23,SKU03436,425,96,30,2025-08-31
ST21,SKU04824,0,20,7,2025-10-04
ST16,SKU00050,0,96,22,2025-08-06
ST10,SKU00501,145,30,10,2025-06-28
ST15,SKU02794,110,32,10,2025-05-13
ST27,SKU03851,0,39,17,2025-08-26
ST25,SKU01038,454,76,23,2025-06-19
ST09,SKU04706,289,89,38,2025-07-11
ST11,SKU03089,306,99,22,2025-06-25
ST11,SKU00874,216,38,18,2025-07-14
ST26,SKU02660,0,25,8,2025-08-23
ST26,SKU04646,0,49,16,2025-08-27
ST26,SKU00445,0,83,31,2025-09-14
ST17,SKU02840,0,51,16,2025-08-25
ST12,SKU02267,270,60,17,2025-06-04
ST13,SKU00920,0,31,7,2025-09-21
ST18,SKU01264,173,47,16,2025-06-10
ST06,SKU04142,164,31,9,2025-08-01
ST15,SKU02915,287,48,21,2025-05-14
ST15,SKU04901,187,32,7,2025-06-22
ST20,SKU03030,0,49,10,2025-08-12
ST04,SKU02268,0,31,11,2025-09-05
ST23,SKU00066,137,35,14,2025-08-29
ST29,SKU01803,278,86,26,2025-07-05
ST01,SKU01970,92,22,10,2025-06-14
ST28,SKU01578,0,69,21,2025-08-30
ST07,SKU04902,268,64,20,2025-06-03
ST05,SKU02614,0,32,10,2025-10-04
ST22,SKU04244,344,60,17,2025-06-10
ST15,SKU03036,79,26,11,2025-06-04
ST15,SKU00821,436,77,37,2025-06-25
ST13,SKU02209,292,79,36,2025-05-31
ST30,SKU03839,198,52,17,2025-08-25
ST23,SKU00416,0,39,11,2025-09-14
ST28,SKU00531,0,91,41,2025-09-28
ST26,SKU04888,314,65,27,2025-07-06
ST10,SKU01911,407,79,31,2025-06-10
ST17,SKU00638,119,20,10,2025-05-09
ST20,SKU04319,252,72,19,2025-08-24
ST18,SKU03492,127,23,9,2025-07-01
ST14,SKU04016,0,58,22,2025-08-29
ST02,SKU04679,378,74,35,2025-07-11
ST01,SKU03259,0,32,8,2025-09-16
ST06,SKU03108,101,26,9,2025-05-31
ST06,SKU00893,0,24,5,2025-10-10
ST14,SKU04955,151,47,10,2025-06-16
ST21,SKU01696,398,77,19,2025-06-09
ST26,SKU02794,108,26,13,2025-07-03
ST10,SKU01803,102,28,9,2025-06-17
ST22,SKU03089,499,88,24,2025-07-13
ST25,SKU00354,95,28,10,2025-08-24
ST25,SKU02340,0,65,29,2025-08-19
ST28,SKU04035,0,44,11,2025-09-26
ST09,SKU01578,0,98,38,2025-10-08
ST16,SKU02520,511,94,32,2025-06-27
ST21,SKU00649,415,84,35,2025-07-05
ST07,SKU02700,304,75,24,2025-05-29
ST19,SKU00539,0,38,11,2025-09-24
ST24,SKU00654,455,76,32,2025-06-03
ST15,SKU01063,87,20,10,2025-05-08
ST25,SKU03737,324,81,25,2025-06-24
ST21,SKU02046,0,92,39,2025-08-12
ST14,SKU03090,478,83,34,2025-09-02
ST19,SKU03693,0,40,10,2025-09-28
ST24,SKU01822,313,100,50,2025-05-26
ST01,SKU02333,0,76,22,2025-09-06
ST25,SKU04905,108,26,6,2025-08-23
ST11,SKU02526,0,89,44,2025-08-04
ST23,SKU03812,0,28,11,2025-09-05
ST16,SKU04856,258,64,26,2025-06-22
ST22,SKU00177,0,98,37,2025-08-28
ST08,SKU04443,445,81,40,2025-07-11
ST24,SKU00775,191,58,24,2025-05-18
ST18,SKU04902,114,21,9,2025-08-04
ST25,SKU01643,386,92,33,2025-07-28
ST25,SKU01414,0,70,14,2025-08-09
ST21,SKU04153,278,63,13,2025-05-26
ST28,SKU00894,302,62,28,2025-08-29
ST23,SKU00550,233,76,21,2025-06-22
ST26,SKU03036,434,92,24,2025-07-23
ST05,SKU04145,252,63,15,2025-05-09
ST27,SKU01423,241,49,16,2025-05-16
ST03,SKU00837,549,95,46,2025-08-05
ST25,SKU04797,308,99,23,2025-06-11
ST06,SKU00317,96,29,11,2025-05-17
ST14,SKU02164,282,85,22,2025-06-18
ST07,SKU03171,0,26,7,2025-09-23
ST27,SKU00376,0,50,20,2025-09-14
ST20,SKU01420,0,91,43,2025-10-09
ST13,SKU04679,95,28,11,2025-08-10
ST23,SKU02657,0,34,16,2025-09-27
ST26,SKU00942,0,35,17,2025-09-19
ST10,SKU04381,0,93,44,2025-09-12
ST22,SKU01466,0,20,6,2025-09-29
ST29,SKU02408,101,20,4,2025-07-17
ST24,SKU02064,139,30,12,2025-07-04
ST03,SKU03173,476,98,38,2025-07-05
ST05,SKU01822,196,36,8,2025-06-02
ST03,SKU00958,159,31,12,2025-08-29
ST20,SKU04574,0,64,16,2025-09-30
ST30,SKU00832,0,33,13,2025-08-25
ST04,SKU03812,0,76,22,2025-09-10
ST23,SKU04054,137,36,17,2025-08-31
ST11,SKU00553,140,35,9,2025-08-20
ST11,SKU02768,419,84,28,2025-07-05
ST17,SKU04505,485,89,19,2025-08-16
ST12,SKU03932,192,49,21,2025-07-06
ST17,SKU00075,153,30,14,2025-06-08
ST29,SKU03347,325,56,27,2025-08-15
ST22,SKU00190,0,36,9,2025-08-06
ST30,SKU04215,169,48,19,2025-07-14
ST06,SKU03592,283,61,26,2025-06-03
ST09,SKU00894,242,50,16,2025-06-14
ST04,SKU00550,150,37,12,2025-05-28
ST26,SKU01063,229,52,15,2025-07-03
ST08,SKU01423,177,57,22,2025-08-16
ST13,SKU01538,254,82,17,2025-08-28
ST11,SKU02660,0,49,21,2025-10-02
ST14,SKU04392,326,65,31,2025-05-26
ST21,SKU01133,114,29,13,2025-08-25
ST24,SKU03353,0,83,38,2025-09-10
ST12,SKU04053,288,52,25,2025-06-17
ST24,SKU01138,0,66,19,2025-10-05
ST22,SKU04741,263,54,18,2025-07-14
ST03,SKU02247,0,24,7,2025-10-04
ST15,SKU01318,325,92,33,2025-07-01
ST27,SKU00389,443,90,42,2025-07-10
ST20,SKU01433,318,87,30,2025-05-31
ST30,SKU04107,124,37,13,2025-06-25
ST11,SKU03828,353,61,29,2025-07-10
ST07,SKU04352,202,41,14,2025-07-29
ST12,SKU03235,89,22,5,2025-08-09
ST24,SKU04292,162,53,24,2025-05-14
ST05,SKU02064,391,99,32,2025-09-01
ST29,SKU02421,271,86,36,2025-07-26
ST04,SKU04054,185,38,16,2025-08-19
ST06,SKU04652,247,43,13,2025-08-19
ST17,SKU02532,0,37,18,2025-09-27
ST17,SKU00317,106,22,9,2025-06-01
ST03,SKU02368,0,41,10,2025-08-11
ST15,SKU03425,0,86,19,2025-10-03
ST30,SKU04228,176,39,10,2025-07-06
ST26,SKU03291,267,63,24,2025-05-24
ST20,SKU02722,163,51,13,2025-08-21
ST20,SKU00507,177,33,11,2025-06-16
ST06,SKU02558,555,94,24,2025-07-07
ST28,SKU00331,415,88,18,2025-05-08
ST16,SKU01031,342,93,30,2025-05-13
ST28,SKU04532,372,91,25,2025-07-16
ST19,SKU03251,385,93,31,2025-08-12
ST05,SKU03353,0,58,21,2025-10-07
ST22,SKU02768,141,26,8,2025-08-18
ST22,SKU00553,275,88,27,2025-06-01
ST03,SKU04475,278,63,20,2025-07-08
ST29,SKU01495,275,50,12,2025-05-11
ST01,SKU01662,0,57,22,2025-09-23
ST27,SKU00631,465,91,24,2025-08-24
ST08,SKU00389,380,100,32,2025-08-30
ST18,SKU03063,0,45,18,2025-09-18
ST20,SKU01675,286,58,23,2025-08-19
ST21,SKU00328,0,97,48,2025-09-15
ST02,SKU04250,470,81,34,2025-08-25
ST15,SKU02728,315,80,20,2025-06-05
ST03,SKU03428,136,45,9,2025-07-29
ST28,SKU04653,321,84,18,2025-05-12
ST26,SKU04580,264,63,13,2025-07-22
ST26,SKU00150,370,98,42,2025-06-07
ST17,SKU00330,241,42,15,2025-08-13
ST03,SKU02381,0,78,27,2025-08-16
ST25,SKU04126,0,59,22,2025-09-20
ST04,SKU01034,192,34,9,2025-07-24
ST07,SKU02500,438,98,27,2025-06-03
ST07,SKU00285,0,91,44,2025-08-30
ST20,SKU00978,127,25,6,2025-06-23
ST20,SKU02964,324,66,15,2025-05-21
ST01,SKU02722,460,77,35,2025-08-24
ST20,SKU00749,286,91,44,2025-08-04
ST11,SKU00929,0,23,5,2025-09-07
ST09,SKU00331,161,41,17,2025-08-14
ST21,SKU03603,303,76,25,2025-06-01
ST19,SKU03493,179,34,9,2025-08-30
ST17,SKU04652,167,34,7,2025-07-09
ST22,SKU04996,106,21,6,2025-05-19
ST10,SKU01495,326,93,40,2025-09-02
ST03,SKU04717,317,65,29,2025-08-17
ST08,SKU00631,196,62,25,2025-05-20
ST30,SKU04591,104,26,7,2025-05-22
ST06,SKU03968,209,55,17,2025-09-02
ST30,SKU02376,333,69,17,2025-09-01
ST28,SKU03727,0,94,20,2025-08-12
ST21,SKU04771,176,54,14,2025-07-22
ST02,SKU02277,130,28,10,2025-06-26
ST02,SKU00062,0,97,31,2025-09-04
ST19,SKU02217,117,23,7,2025-07-18
ST03,SKU01684,185,34,11,2025-06-10
ST01,SKU00628,0,95,31,2025-10-12
ST06,SKU00935,263,56,27,2025-07-10
ST23,SKU04551,0,22,8,2025-09-30
ST16,SKU03609,343,98,30,2025-07-05
ST04,SKU02094,124,28,6,2025-06-03
ST13,SKU03311,364,87,42,2025-08-27
ST20,SKU02038,466,91,22,2025-05-19
ST25,SKU00167,132,42,10,2025-08-20
ST04,SKU03491,312,100,46,2025-08-25
ST06,SKU01874,297,96,31,2025-07-28
ST28,SKU03848,331,89,26,2025-06-02
ST21,SKU00691,272,86,25,2025-08-31
ST16,SKU02333,0,96,27,2025-09-05
ST14,SKU03950,88,24,7,2025-07-29
ST21,SKU00462,182,48,14,2025-06-01
ST12,SKU01396,89,29,10,2025-06-01
ST01,SKU00978,174,36,10,2025-06-17
ST13,SKU04250,326,84,24,2025-06-03
ST20,SKU00991,102,26,7,2025-06-27
ST01,SKU00749,335,90,28,2025-06-23
ST01,SKU02964,277,90,36,2025-06-05
ST23,SKU04443,527,92,44,2025-05-21
ST26,SKU02728,437,97,46,2025-07-13
ST29,SKU04194,312,75,27,2025-07-10
ST17,SKU04894,287,91,26,2025-05-21
ST25,SKU02503,0,67,25,2025-08-04
ST20,SKU04145,448,86,29,2025-06-19
ST11,SKU04554,270,69,28,2025-08-01
ST28,SKU01754,237,59,19,2025-07-19
ST02,SKU02519,151,49,19,2025-06-18
ST07,SKU04849,197,43,17,2025-07-18
ST02,SKU04505,425,99,44,2025-07-15
ST22,SKU02205,159,31,12,2025-08-31
ST22,SKU04191,0,78,35,2025-08-30
ST13,SKU00170,468,84,35,2025-06-16
ST20,SKU01112,209,40,18,2025-08-02
ST18,SKU02500,326,59,19,2025-08-26
ST04,SKU04551,0,87,38,2025-08-15
ST19,SKU03627,187,32,15,2025-08-15
ST10,SKU04073,242,42,9,2025-08-31
ST01,SKU02038,362,98,37,2025-07-02
ST30,SKU00524,302,96,22,2025-05-26
ST06,SKU04102,461,98,35,2025-07-07
ST04,SKU03504,293,73,16,2025-08-18
ST09,SKU03848,341,84,33,2025-05-31
ST21,SKU04905,248,46,14,2025-08-18
ST02,SKU02640,0,68,16,2025-09-30
ST17,SKU03968,282,58,25,2025-05-22
ST03,SKU01818,208,61,19,2025-07-14
ST30,SKU03907,0,54,18,2025-09-24
ST01,SKU00991,238,50,16,2025-08-29
ST13,SKU02277,384,83,27,2025-06-22
ST16,SKU03743,0,25,8,2025-08-16
ST19,SKU01762,251,52,25,2025-08-26
ST17,SKU03150,353,98,38,2025-08-12
ST10,SKU04194,328,83,24,2025-08-22
ST17,SKU00935,96,30,13,2025-06-22
ST15,SKU02057,350,62,13,2025-08-23
ST20,SKU00186,185,32,10,2025-07-11
ST30,SKU00645,518,95,29,2025-08-07
ST09,SKU01754,93,23,7,2025-06-01
ST09,SKU03740,357,73,26,2025-08-06
ST23,SKU01423,235,61,15,2025-08-23
ST02,SKU04747,287,52,23,2025-07-26
ST07,SKU00890,132,25,10,2025-08-13
ST02,SKU00546,316,57,27,2025-06-08
ST17,SKU04318,0,41,16,2025-08-31
ST02,SKU00317,289,75,21,2025-08-17
ST29,SKU01174,389,97,24,2025-05-17
ST17,SKU01874,418,85,28,2025-06-17
ST01,SKU01112,357,100,25,2025-08-11
ST11,SKU03749,139,44,22,2025-05-20
ST04,SKU00592,360,86,40,2025-07-19
ST11,SKU03520,119,35,8,2025-08-31
ST14,SKU03266,405,88,42,2025-08-16
ST16,SKU01649,229,41,16,2025-06-01
ST16,SKU03864,327,85,22,2025-05-09
ST10,SKU04315,0,53,20,2025-08-24
ST07,SKU02997,213,50,13,2025-07-15
ST17,SKU02224,129,28,6,2025-08-20
ST19,SKU02822,103,30,8,2025-05-26
ST22,SKU04554,311,100,31,2025-06-04
ST13,SKU02519,415,83,37,2025-07-03
ST18,SKU04849,257,47,12,2025-07-27
ST28,SKU01070,239,61,29,2025-07-01
ST04,SKU00484,0,99,21,2025-09-29
ST16,SKU01770,441,85,23,2025-06-21
ST26,SKU02983,0,81,39,2025-08-29
ST24,SKU04334,265,86,35,2025-07-03
ST19,SKU01775,0,30,13,2025-09-28
ST24,SKU04105,0,67,31,2025-09-14
ST10,SKU02221,143,37,9,2025-07-11
ST03,SKU02999,259,58,27,2025-07-27
ST27,SKU01370,0,57,26,2025-09-14
ST01,SKU00186,108,27,11,2025-08-22
ST16,SKU02938,344,77,38,2025-08-20
ST21,SKU03053,0,52,25,2025-09-20
ST02,SKU00788,373,69,21,2025-05-26
ST05,SKU00830,0,42,19,2025-09-15
ST10,SKU01174,328,68,17,2025-06-06
ST27,SKU04753,316,75,24,2025-07-05
ST24,SKU03058,322,77,33,2025-08-12
ST20,SKU03582,222,65,25,2025-07-09
ST30,SKU02055,183,49,17,2025-07-26
ST16,SKU04106,198,54,13,2025-06-19
ST23,SKU02833,0,70,23,2025-09-28
ST28,SKU03177,272,64,13,2025-07-29
ST21,SKU00020,0,95,31,2025-09-23
ST29,SKU02584,238,44,13,2025-06-30
ST12,SKU00954,86,20,8,2025-08-16
ST17,SKU03284,341,68,32,2025-07-15
ST03,SKU03349,413,77,37,2025-08-25
ST06,SKU00385,250,59,21,2025-06-01
ST26,SKU02057,219,44,18,2025-07-09
ST17,SKU00251,262,84,25,2025-08-15
ST29,SKU03523,428,92,32,2025-06-12
ST18,SKU03105,320,93,37,2025-05-22
ST13,SKU04747,354,92,20,2025-07-04
ST30,SKU02176,0,52,12,2025-08-09
ST13,SKU00546,90,20,6,2025-08-01
ST23,SKU02954,0,27,10,2025-08-12
ST09,SKU01070,561,98,23,2025-08-28
ST05,SKU04334,188,46,13,2025-09-01
ST12,SKU01075,70,20,8,2025-06-06
ST22,SKU03520,205,42,13,2025-06-09
ST15,SKU02541,322,57,28,2025-06-19
ST30,SKU03115,348,75,18,2025-07-13
ST08,SKU04753,162,33,10,2025-08-07
ST03,SKU04409,270,68,21,2025-08-22
ST08,SKU02538,0,66,20,2025-09-21
ST01,SKU03582,115,27,12,2025-05-24
ST27,SKU02780,217,57,14,2025-09-01
ST18,SKU02997,409,83,29,2025-06-10
ST30,SKU02068,0,50,15,2025-09-15
ST09,SKU01191,358,69,18,2025-06-15
ST09,SKU03177,321,93,22,2025-05-17
ST23,SKU00860,192,37,13,2025-08-10
ST21,SKU00262,231,58,25,2025-07-30
ST24,SKU02482,0,93,22,2025-08-25
ST22,SKU03870,0,33,7,2025-09-30
ST10,SKU02584,159,30,12,2025-06-21
ST10,SKU00369,0,73,15,2025-09-11
ST10,SKU02355,0,24,7,2025-09-03
ST24,SKU02253,219,59,12,2025-08-28
ST15,SKU02662,190,55,25,2025-08-24
ST25,SKU00906,204,37,9,2025-06-15
ST12,SKU04350,0,41,13,2025-09-19
ST10,SKU03523,130,37,13,2025-06-21
ST17,SKU00264,0,67,31,2025-10-01
ST01,SKU03932,349,83,19,2025-06-17
ST05,SKU03179,290,81,32,2025-07-24
ST27,SKU04887,437,95,40,2025-05-10
ST01,SKU01717,300,55,27,2025-08-13
ST02,SKU04305,0,62,16,2025-10-05
ST28,SKU03311,141,24,10,2025-06-17
ST12,SKU01317,0,75,36,2025-09-24
ST19,SKU04245,0,61,25,2025-08-21
ST07,SKU02205,98,30,7,2025-05-30
ST29,SKU02718,358,75,20,2025-07-08
ST22,SKU01547,0,56,20,2025-09-11
ST27,SKU01854,273,64,16,2025-07-03
ST16,SKU00978,194,57,24,2025-06-11
ST17,SKU00385,205,64,21,2025-07-01
ST22,SKU00500,0,32,16,2025-08-14
ST08,SKU02780,231,70,28,2025-08-01
ST15,SKU01507,0,22,9,2025-08-13
ST20,SKU03837,271,75,34,2025-08-24
ST16,SKU02375,284,74,25,2025-08-13
ST02,SKU02211,383,65,22,2025-09-01
ST05,SKU02482,0,49,17,2025-08-20
ST24,SKU04710,0,82,37,2025-09-29
ST10,SKU02826,0,50,14,2025-08-30
ST05,SKU04468,143,30,14,2025-05-07
ST05,SKU02253,510,97,27,2025-06-09
ST11,SKU03199,0,76,28,2025-09-09
ST26,SKU04756,0,33,10,2025-10-12
ST14,SKU00501,245,75,33,2025-06-12
ST26,SKU02541,497,84,42,2025-08-29
ST02,SKU03150,216,46,16,2025-05-11
ST29,SKU01792,358,92,33,2025-06-22
ST19,SKU01104,190,38,14,2025-05-12
ST08,SKU04887,423,79,26,2025-07-03
ST13,SKU01030,0,33,14,2025-10-07
ST03,SKU00342,282,47,20,2025-07-17
ST27,SKU00699,269,86,33,2025-06-05
ST16,SKU02267,207,49,11,2025-06-24
ST16,SKU00052,427,99,28,2025-06-28
ST19,SKU02501,99,31,11,2025-07-01
ST24,SKU04831,268,61,14,2025-08-10
ST10,SKU00732,120,23,9,2025-08-11
ST17,SKU01674,286,66,16,2025-07-26
ST10,SKU02718,197,42,20,2025-06-25
ST08,SKU01854,425,86,42,2025-07-31
ST01,SKU02898,0,46,13,2025-10-08
ST11,SKU03320,382,80,29,2025-06-17
ST26,SKU02662,203,34,14,2025-05-17
ST17,SKU02842,332,61,20,2025-06-05
ST06,SKU04144,308,83,26,2025-07-19
ST07,SKU04783,0,56,25,2025-08-18
ST24,SKU02737,0,64,24,2025-09-26
ST20,SKU01046,284,56,13,2025-05-27
ST11,SKU03441,99,32,15,2025-05-18
ST02,SKU03621,92,20,8,2025-07-28
ST10,SKU01792,77,24,12,2025-06-19
ST29,SKU01805,324,56,15,2025-06-26
ST18,SKU03602,414,99,32,2025-08-15
ST30,SKU04888,373,70,23,2025-05-27
ST03,SKU02570,365,70,16,2025-06-21
ST21,SKU00638,149,31,8,2025-08-28
ST19,SKU04729,84,20,9,2025-08-12
ST05,SKU04831,239,64,17,2025-07-22
ST24,SKU02858,0,41,9,2025-08-24
ST29,SKU00987,110,30,13,2025-05-08
ST29,SKU00758,428,73,35,2025-06-23
ST20,SKU01167,361,76,35,2025-05-28
ST13,SKU02211,408,90,36,2025-06-04
ST12,SKU04955,165,41,14,2025-08-20
ST12,SKU04726,401,93,27,2025-05-16
ST22,SKU03199,0,37,11,2025-09-22
ST20,SKU04321,0,71,18,2025-09-12
ST25,SKU04665,149,40,19,2025-05-15
ST30,SKU02794,104,23,9,2025-07-14
ST06,SKU04157,0,52,18,2025-09-03
ST14,SKU01803,127,27,7,2025-08-20
ST02,SKU00251,279,92,24,2025-06-06
ST05,SKU02737,0,33,12,2025-09-07
ST08,SKU02217,293,59,21,2025-07-07
ST08,SKU00002,0,46,21,2025-09-14
ST01,SKU01046,178,54,26,2025-08-02
ST11,SKU03454,386,89,34,2025-05-17
ST23,SKU00539,0,83,36,2025-10-03
ST28,SKU00654,372,91,34,2025-05-08
ST07,SKU03749,187,46,12,2025-06-17
ST19,SKU03803,229,49,14,2025-07-02
ST24,SKU04147,106,31,13,2025-05-11
ST22,SKU03320,166,45,9,2025-07-09
ST15,SKU02112,314,66,27,2025-05-23
ST20,SKU04442,180,58,23,2025-05-16
ST30,SKU02915,215,53,12,2025-05-16
ST30,SKU04901,245,43,19,2025-07-26
ST11,SKU00421,297,96,21,2025-08-14
ST28,SKU01822,543,95,24,2025-08-06
ST09,SKU01580,321,63,16,2025-05-20
ST05,SKU02858,0,53,13,2025-09-01
ST17,SKU04144,255,49,18,2025-07-04
ST10,SKU00987,393,91,40,2025-07-26
ST24,SKU02871,257,69,25,2025-05-15
ST27,SKU02351,120,21,7,2025-07-25
ST18,SKU04783,0,65,31,2025-09-15
ST28,SKU00775,212,40,12,2025-08-02
ST07,SKU03870,0,94,35,2025-09-29
ST22,SKU03441,327,70,33,2025-05-16
ST12,SKU00538,0,52,23,2025-08-24
ST08,SKU03277,328,84,25,2025-05-19
ST13,SKU03621,114,29,10,2025-07-20
ST25,SKU02692,0,48,16,2025-08-06
ST30,SKU03036,345,67,27,2025-07-21
ST30,SKU00821,190,50,11,2025-05-31
ST27,SKU01075,238,55,25,2025-07-01
ST07,SKU00837,459,79,31,2025-07-22
ST10,SKU03323,0,27,11,2025-08-25
ST19,SKU02648,0,35,7,2025-08-19
ST01,SKU03274,0,28,7,2025-08-27
ST30,SKU03975,123,23,8,2025-07-05
ST09,SKU00654,421,74,16,2025-05-11
ST26,SKU00823,0,31,13,2025-08-19
ST10,SKU04491,88,28,9,2025-05-25
ST19,SKU01830,282,79,34,2025-06-23
ST22,SKU03562,257,48,13,2025-08-10
ST05,SKU04147,385,78,38,2025-05-31
ST03,SKU01068,367,89,31,2025-07-02
ST01,SKU04442,97,31,6,2025-06-16
ST30,SKU00942,0,30,10,2025-09-23
ST20,SKU00254,0,33,13,2025-10-07
ST25,SKU02584,153,36,8,2025-06-14
ST04,SKU03693,0,92,20,2025-09-23
ST28,SKU02064,395,73,26,2025-06-28
ST21,SKU03108,420,81,29,2025-05-31
ST09,SKU01822,364,71,23,2025-08-12
ST14,SKU04152,197,55,19,2025-06-18
ST07,SKU00958,67,20,9,2025-06-17
ST10,SKU01229,254,64,15,2025-05-15
ST29,SKU03457,127,36,17,2025-06-13
ST12,SKU01827,553,93,24,2025-08-08
ST08,SKU02351,313,61,23,2025-06-14
ST16,SKU03932,159,39,13,2025-09-02
ST21,SKU00075,280,63,27,2025-07-21
ST16,SKU01717,126,41,12,2025-06-07
ST09,SKU00775,118,21,10,2025-06-22
ST24,SKU04281,305,72,17,2025-06-06
ST22,SKU03454,438,78,30,2025-05-08
ST03,SKU01189,0,52,19,2025-09-26
ST13,SKU03863,410,79,16,2025-06-10
ST20,SKU02590,245,46,11,2025-07-26
ST13,SKU03634,195,40,19,2025-06-05
ST30,SKU01063,399,81,28,2025-06-20
ST06,SKU04641,244,68,20,2025-05-25
ST26,SKU02112,78,20,7,2025-06-24
ST29,SKU03578,0,45,10,2025-09-13
ST15,SKU01428,286,55,26,2025-06-04
ST25,SKU04102,293,54,17,2025-07-07
ST15,SKU03414,192,43,18,2025-06-08
ST03,SKU02128,80,24,5,2025-08-22
ST30,SKU04217,544,96,42,2025-07-09
ST08,SKU02472,252,54,17,2025-06-23
ST16,SKU04053,320,60,22,2025-07-31
ST28,SKU01138,0,52,24,2025-08-19
ST11,SKU03709,308,84,31,2025-06-23
ST10,SKU04504,208,41,17,2025-05-17
ST27,SKU01438,0,81,17,2025-08-31
ST01,SKU00254,0,75,27,2025-09-19
ST25,SKU02826,0,88,30,2025-08-18
ST16,SKU03235,443,100,30,2025-07-31
ST28,SKU04292,137,29,7,2025-08-07
ST09,SKU02064,271,76,16,2025-06-29
ST11,SKU02662,359,95,32,2025-06-11
ST07,SKU01200,207,41,12,2025-05-12
ST01,SKU01651,299,54,11,2025-07-11
ST18,SKU00837,103,30,13,2025-06-28
ST21,SKU00317,196,35,17,2025-07-10
ST07,SKU02368,0,35,8,2025-08-17
ST28,SKU01030,0,56,25,2025-10-09
ST05,SKU04281,278,64,16,2025-06-21
ST01,SKU02590,283,84,23,2025-07-08
ST08,SKU01317,0,58,14,2025-09-10
ST25,SKU00732,305,66,25,2025-08-26
ST06,SKU04654,130,27,9,2025-08-02
ST02,SKU03192,352,70,32,2025-06-15
ST24,SKU03476,0,58,22,2025-08-30
ST29,SKU01605,141,43,11,2025-05-30
ST03,SKU00155,218,37,16,2025-05-10
ST25,SKU02129,398,89,41,2025-06-11
ST18,SKU00958,112,35,10,2025-07-14
ST04,SKU01023,287,67,21,2025-08-03
ST23,SKU03251,497,94,39,2025-07-09
ST07,SKU04475,307,61,25,2025-06-23
ST17,SKU03702,0,21,10,2025-09-20
ST10,SKU02531,0,85,34,2025-09-29
ST15,SKU04824,0,64,17,2025-09-12
ST08,SKU01438,0,61,19,2025-08-13
ST06,SKU00574,283,79,25,2025-07-02
ST21,SKU03592,168,48,15,2025-07-24
ST09,SKU04292,93,22,6,2025-08-24
ST26,SKU04690,558,98,34,2025-05-14
ST14,SKU02421,130,28,10,2025-05-30
ST12,SKU04526,183,40,15,2025-07-06
ST29,SKU03941,210,43,21,2025-06-25
ST19,SKU01038,119,38,8,2025-06-15
ST20,SKU01906,183,51,23,2025-07-05
ST20,SKU03892,269,75,24,2025-08-13
ST25,SKU04236,285,50,11,2025-07-12
ST30,SKU04580,311,52,23,2025-05-12
ST21,SKU00330,460,82,30,2025-05-22
ST07,SKU04596,0,31,9,2025-08-04
ST26,SKU01428,193,61,17,2025-05-12
ST07,SKU02381,0,34,10,2025-10-03
ST26,SKU03414,199,38,18,2025-06-19
ST27,SKU04016,0,64,16,2025-08-19
ST18,SKU02247,0,74,15,2025-10-11
ST25,SKU00974,0,89,43,2025-09-15
ST30,SKU01318,342,61,29,2025-06-19
ST21,SKU03484,501,100,37,2025-08-16
ST29,SKU04062,332,86,37,2025-07-29
ST10,SKU01605,288,83,27,2025-07-08
ST27,SKU04955,183,44,9,2025-08-25
ST25,SKU02142,175,36,10,2025-06-12
ST23,SKU03493,139,26,12,2025-07-15
ST04,SKU03251,324,74,29,2025-07-08
ST21,SKU04652,129,24,8,2025-06-05
ST02,SKU02387,128,36,18,2025-07-25
ST14,SKU01495,219,52,18,2025-05-07
ST07,SKU04717,153,32,9,2025-08-31
ST18,SKU02368,0,39,10,2025-10-08
ST06,SKU03031,116,33,10,2025-07-29
ST23,SKU02217,190,37,14,2025-06-23
ST23,SKU00002,0,32,14,2025-08-12
ST12,SKU04768,260,63,30,2025-07-29
ST24,SKU03839,119,25,9,2025-05-23
ST10,SKU03941,133,26,7,2025-05-30
ST17,SKU00682,305,51,24,2025-08-17
ST15,SKU04019,245,51,24,2025-06-06
ST27,SKU03090,165,44,18,2025-05-12
ST01,SKU01906,220,40,19,2025-07-22
ST20,SKU01919,410,94,29,2025-09-01
ST02,SKU02279,436,83,32,2025-05-08
ST19,SKU04663,0,89,30,2025-08-31
ST12,SKU03492,431,77,33,2025-08-20
ST29,SKU02907,191,38,9,2025-08-25
ST10,SKU00679,259,53,25,2025-06-01
ST18,SKU04475,338,61,28,2025-05-27
ST06,SKU03152,170,42,16,2025-07-28
ST16,SKU01396,204,62,16,2025-07-14
ST07,SKU03562,364,88,36,2025-05-29
ST10,SKU04062,181,52,20,2025-08-05
ST10,SKU03833,226,58,12,2025-05-23
ST27,SKU00996,0,54,15,2025-08-27
ST30,SKU02728,136,29,6,2025-06-03
ST18,SKU03428,133,26,9,2025-08-20
ST25,SKU00169,0,54,13,2025-08-25
ST04,SKU03493,367,69,21,2025-05-30
ST15,SKU01696,281,82,21,2025-06-10
ST21,SKU04894,290,61,30,2025-06-27
ST29,SKU01042,186,43,11,2025-07-11
ST19,SKU00354,299,59,18,2025-06-03
ST27,SKU02164,357,70,16,2025-07-22
ST25,SKU01337,321,95,47,2025-07-22
ST15,SKU00649,439,85,31,2025-07-24
ST04,SKU02217,310,89,25,2025-07-15
ST19,SKU03737,81,24,10,2025-08-26
ST05,SKU03839,301,51,11,2025-07-06
ST22,SKU03254,188,54,22,2025-05-29
ST29,SKU01981,317,61,20,2025-05-22
ST15,SKU02046,0,53,12,2025-10-05
ST15,SKU04032,0,51,16,2025-08-28
ST08,SKU03090,289,67,15,2025-07-09
ST03,SKU00531,0,65,32,2025-10-05
ST25,SKU04491,143,35,15,2025-05-24
ST06,SKU04212,318,92,33,2025-08-07
ST23,SKU03627,198,34,10,2025-06-24
ST14,SKU04073,216,65,18,2025-07-01
ST19,SKU04905,229,63,22,2025-05-18
ST17,SKU01863,518,96,47,2025-07-19
ST10,SKU02907,152,33,12,2025-08-25
ST13,SKU02387,264,88,40,2025-07-09
ST18,SKU04717,166,44,9,2025-08-26
ST18,SKU00516,160,44,14,2025-08-03
ST04,SKU02567,270,63,18,2025-06-12
ST16,SKU03624,290,59,12,2025-06-09
ST21,SKU03968,183,44,12,2025-07-29
ST07,SKU01818,228,55,15,2025-09-02
ST12,SKU04902,218,47,13,2025-08-06
ST17,SKU03031,146,28,6,2025-07-06
ST22,SKU03375,521,97,23,2025-06-14
ST15,SKU04153,151,43,10,2025-05-15
ST08,SKU00996,0,87,33,2025-09-18
ST27,SKU01009,0,56,17,2025-10-02
ST11,SKU02462,0,23,8,2025-09-09
ST14,SKU04194,270,87,27,2025-07-06
ST21,SKU00935,162,53,20,2025-06-30
ST28,SKU03863,509,94,34,2025-06-23
ST26,SKU04019,267,58,25,2025-07-21
ST10,SKU03257,284,52,23,2025-06-04
ST19,SKU04797,372,88,29,2025-07-06
ST10,SKU01042,92,25,11,2025-07-03
ST03,SKU04035,0,25,6,2025-10-03
ST08,SKU02164,367,91,31,2025-08-12
ST27,SKU04392,107,33,9,2025-05-15
ST13,SKU02279,349,68,34,2025-08-01
ST06,SKU03286,163,32,10,2025-06-17
ST28,SKU00830,0,90,34,2025-09-07
ST21,SKU01874,395,92,41,2025-08-21
ST07,SKU01939,156,27,9,2025-07-28
ST10,SKU01981,239,70,23,2025-08-19
ST25,SKU02747,0,86,30,2025-10-10
ST25,SKU00532,275,60,28,2025-08-21
ST14,SKU04315,0,21,7,2025-08-21
ST06,SKU00024,216,68,17,2025-06-01
ST04,SKU03627,397,91,23,2025-08-07
ST24,SKU00832,0,22,8,2025-09-29
ST20,SKU01356,385,98,41,2025-05-24
ST18,SKU00758,140,25,8,2025-05-30
ST04,SKU04795,363,72,26,2025-07-10
ST23,SKU02822,205,60,21,2025-05-21
ST04,SKU02580,295,62,28,2025-07-12
ST16,SKU01880,411,90,21,2025-06-27
ST16,SKU01651,221,69,30,2025-07-17
ST24,SKU04215,338,60,14,2025-05-22
ST03,SKU00894,440,81,26,2025-06-23
ST25,SKU04854,83,24,10,2025-05-21
ST11,SKU04919,365,84,29,2025-08-09
ST25,SKU02639,444,74,16,2025-07-17
ST06,SKU04346,0,41,10,2025-10-11
ST11,SKU04690,275,52,25,2025-08-03
ST14,SKU02221,183,40,12,2025-06-05
ST26,SKU04261,103,33,13,2025-05-09
ST26,SKU04032,0,52,11,2025-10-05
ST07,SKU02999,220,46,22,2025-05-15
ST17,SKU04212,240,57,24,2025-06-04
ST22,SKU00355,214,52,19,2025-07-15
ST13,SKU00535,129,43,17,2025-07-01
ST25,SKU03807,185,56,13,2025-08-24
ST15,SKU01133,287,49,23,2025-05-11
ST11,SKU01428,197,39,19,2025-05-16
ST02,SKU04052,310,100,27,2025-05-22
ST14,SKU01174,321,67,26,2025-07-08
ST28,SKU03058,348,68,28,2025-08-21
ST24,SKU04107,217,46,14,2025-05-22
ST08,SKU03574,346,60,29,2025-07-26
ST14,SKU00127,355,92,24,2025-07-11
ST02,SKU03005,311,59,17,2025-07-16
ST26,SKU04153,177,44,16,2025-06-23
ST02,SKU02776,0,56,14,2025-08-21
ST29,SKU03633,0,58,14,2025-08-05
ST22,SKU02462,0,20,7,2025-08-29
ST01,SKU01356,118,35,12,2025-08-21
ST27,SKU04526,167,30,10,2025-07-15
ST30,SKU02057,326,69,33,2025-08-11
ST04,SKU02822,344,77,31,2025-08-22
ST05,SKU04215,117,35,17,2025-05-19
ST24,SKU04228,458,88,20,2025-06-24
ST20,SKU00551,94,20,6,2025-06-24
ST18,SKU01939,177,59,13,2025-08-24
ST09,SKU04334,187,43,18,2025-06-07
ST16,SKU01075,394,95,45,2025-08-10
ST02,SKU00682,260,48,19,2025-07-02
ST17,SKU00024,127,31,9,2025-05-23
ST09,SKU03058,220,57,17,2025-08-22
ST07,SKU04409,93,20,5,2025-07-30
ST12,SKU03292,0,21,8,2025-09-19
ST12,SKU03063,0,64,23,2025-08-07
ST29,SKU04693,491,100,28,2025-08-24
ST29,SKU00263,0,35,15,2025-09-24
ST14,SKU02584,361,65,32,2025-07-18
ST28,SKU02253,150,41,13,2025-06-06
ST02,SKU01032,447,80,19,2025-06-23
ST05,SKU01303,222,57,22,2025-08-13
ST22,SKU04919,367,67,27,2025-08-31
ST22,SKU04690,206,35,13,2025-05-29
ST27,SKU04768,367,84,27,2025-08-22
ST16,SKU04350,0,29,12,2025-09-20
ST30,SKU02070,244,48,14,2025-05-24
ST14,SKU03523,86,23,7,2025-07-16
ST09,SKU03179,441,82,40,2025-07-25
ST26,SKU01133,341,58,24,2025-07-17
ST17,SKU01542,545,99,20,2025-07-17
ST27,SKU03950,431,94,29,2025-08-25
ST15,SKU00449,254,59,26,2025-05-25
ST01,SKU00551,411,78,37,2025-07-26
ST13,SKU03823,364,78,20,2025-06-01
ST02,SKU03139,307,68,30,2025-06-24
ST07,SKU03254,306,91,27,2025-05-31
ST03,SKU04532,88,27,9,2025-07-24
ST03,SKU00331,136,41,13,2025-06-27
ST15,SKU03603,342,69,23,2025-08-27
ST25,SKU04062,162,32,8,2025-08-27
ST06,SKU01568,331,70,14,2025-07-28
ST21,SKU00385,374,84,22,2025-08-25
ST19,SKU04476,0,26,10,2025-09-23
ST24,SKU04591,244,52,17,2025-06-08
ST10,SKU04693,250,77,19,2025-07-12
ST24,SKU02376,477,92,41,2025-08-24
ST15,SKU04771,205,61,18,2025-05-11
ST09,SKU02482,0,50,18,2025-10-05
ST09,SKU04468,404,100,24,2025-08-25
ST06,SKU00521,272,81,23,2025-05-24
ST09,SKU02253,172,31,9,2025-08-30
ST07,SKU03375,166,46,17,2025-08-19
ST24,SKU03773,116,29,8,2025-08-13
ST03,SKU04653,229,59,20,2025-06-21
ST08,SKU04768,284,74,23,2025-06-06
ST30,SKU02541,316,97,43,2025-06-21
ST23,SKU01104,389,69,33,2025-06-29
ST19,SKU00167,348,87,43,2025-07-03
ST08,SKU03950,142,41,15,2025-07-16
ST15,SKU00691,206,66,26,2025-05-17
ST13,SKU02079,0,65,14,2025-08-16
ST18,SKU04409,112,32,7,2025-05-28
ST28,SKU04831,396,99,35,2025-08-17
ST23,SKU00286,0,67,32,2025-09-25
ST11,SKU00986,121,33,9,2025-06-01
ST21,SKU01674,342,93,28,2025-08-15
ST28,SKU00401,215,69,27,2025-05-30
ST28,SKU02387,210,53,22,2025-05-21
ST26,SKU02543,0,28,9,2025-08-17
ST14,SKU02718,298,95,27,2025-05-13
ST26,SKU00328,0,84,17,2025-08-06
ST30,SKU02662,456,84,17,2025-05-22
ST19,SKU02503,0,61,19,2025-09-13
ST10,SKU00734,342,60,16,2025-08-05
ST13,SKU01971,149,32,12,2025-06-20
ST25,SKU03257,336,85,21,2025-08-30
ST28,SKU02737,0,44,12,2025-08-31
ST05,SKU03773,219,52,18,2025-09-02
ST12,SKU02500,366,85,39,2025-05-27
ST15,SKU03966,199,66,32,2025-08-12
ST25,SKU04654,171,54,25,2025-08-19
ST15,SKU01751,0,56,12,2025-08-08
ST13,SKU03139,469,97,29,2025-05-07
ST28,SKU03905,449,87,26,2025-06-02
ST11,SKU04261,184,60,12,2025-06-23
ST14,SKU01792,265,57,18,2025-07-26
ST04,SKU01104,242,62,19,2025-05-15
ST26,SKU03603,179,36,10,2025-06-15
ST07,SKU02570,165,34,15,2025-05-13
ST17,SKU04012,0,22,7,2025-09-14
ST02,SKU00240,414,91,40,2025-06-19
ST05,SKU04941,243,62,13,2025-07-12
ST07,SKU00584,279,80,30,2025-06-10
ST24,SKU00524,228,70,27,2025-06-26
ST03,SKU03848,169,29,14,2025-08-22
ST20,SKU01048,0,59,26,2025-09-19
ST30,SKU01507,0,33,16,2025-09-11
ST23,SKU04729,159,34,14,2025-08-22
ST04,SKU00286,0,62,29,2025-08-13
ST09,SKU04831,273,78,34,2025-07-24
ST26,SKU05000,286,83,17,2025-05-10
ST09,SKU00401,75,23,5,2025-06-19
ST04,SKU02501,399,80,30,2025-08-22
ST26,SKU04771,289,62,30,2025-06-27
ST12,SKU04607,115,26,6,2025-06-05
ST13,SKU01274,0,47,19,2025-08-09
ST16,SKU02740,0,75,26,2025-08-28
ST16,SKU04726,179,52,18,2025-07-31
ST02,SKU04791,477,98,47,2025-08-19
ST10,SKU00976,0,65,16,2025-10-09
ST24,SKU00645,224,68,31,2025-05-31
ST03,SKU01754,304,62,18,2025-06-05
ST02,SKU03744,199,64,16,2025-07-21
ST28,SKU00535,343,72,26,2025-08-07
ST26,SKU00691,223,70,22,2025-05-19
ST22,SKU00986,120,29,8,2025-07-16
ST08,SKU03266,232,64,31,2025-06-15
ST15,SKU01993,0,73,18,2025-10-05
ST25,SKU02681,203,38,10,2025-05-25
ST25,SKU00466,145,36,17,2025-05-13
ST06,SKU04388,217,65,16,2025-07-25
ST23,SKU03803,260,71,25,2025-07-18
ST25,SKU00237,436,79,29,2025-06-17
ST14,SKU01805,147,27,7,2025-05-06
ST05,SKU00524,365,67,27,2025-07-29
ST01,SKU01048,0,45,22,2025-09-08
ST04,SKU04729,323,58,18,2025-07-30
ST21,SKU04144,338,78,29,2025-06-05
ST04,SKU02514,246,75,33,2025-06-14
ST14,SKU00987,277,49,13,2025-08-24
ST28,SKU02871,417,89,27,2025-06-15
ST19,SKU03805,265,79,25,2025-07-12
ST12,SKU04849,88,20,5,2025-08-28
ST15,SKU04329,0,25,10,2025-08-17
ST03,SKU03043,529,91,38,2025-07-01
ST15,SKU02114,268,55,19,2025-07-28
ST14,SKU02155,0,62,21,2025-09-14
ST26,SKU01751,0,74,22,2025-09-08
ST05,SKU00645,188,52,16,2025-05-25
ST15,SKU03053,0,57,23,2025-08-28
ST13,SKU00240,332,77,31,2025-06-20
ST18,SKU00584,132,39,16,2025-05-28
ST23,SKU02648,0,100,38,2025-08-11
ST02,SKU01542,248,59,22,2025-08-16
ST24,SKU02055,181,43,21,2025-07-24
ST15,SKU00020,0,35,11,2025-08-05
ST30,SKU00823,0,84,23,2025-09-12
ST04,SKU03803,394,92,23,2025-05-19
ST23,SKU01830,498,93,30,2025-07-07
ST06,SKU04401,399,91,30,2025-07-13
ST09,SKU04147,134,36,8,2025-08-28
ST02,SKU02710,136,28,12,2025-07-20
ST12,SKU04152,401,90,23,2025-08-14
ST17,SKU00066,557,95,21,2025-07-01
ST13,SKU04791,516,95,31,2025-08-11
ST13,SKU04562,0,90,38,2025-09-07
ST06,SKU03583,234,68,17,2025-06-16
ST20,SKU01303,281,72,20,2025-05-25
ST14,SKU01229,131,35,14,2025-08-29
ST09,SKU02871,408,94,31,2025-05-30
ST12,SKU03105,81,27,13,2025-08-25
ST24,SKU02176,0,86,42,2025-09-19
ST29,SKU02520,224,68,15,2025-07-18
ST12,SKU00890,208,50,12,2025-09-02
ST15,SKU04571,0,36,10,2025-09-04
ST29,SKU00305,333,98,33,2025-08-06
ST03,SKU01070,125,35,10,2025-07-17
ST20,SKU02471,173,30,9,2025-05-29
ST28,SKU04281,196,60,25,2025-05-06
ST02,SKU00845,0,78,21,2025-10-09
ST17,SKU04388,230,51,20,2025-05-28
ST24,SKU03115,355,76,35,2025-08-25
ST30,SKU02112,176,41,8,2025-07-01
ST02,SKU01784,0,42,19,2025-09-06
ST07,SKU02128,441,77,19,2025-07-20
ST12,SKU02997,102,31,14,2025-05-21
ST05,SKU02055,297,55,19,2025-05-19
ST24,SKU02068,0,25,11,2025-09-11
ST03,SKU03177,191,62,18,2025-07-21
ST15,SKU00262,202,60,20,2025-05-18
ST06,SKU02657,0,31,13,2025-09-05
ST25,SKU00721,147,36,11,2025-07-16
ST11,SKU04987,520,91,27,2025-06-19
ST04,SKU01830,217,51,13,2025-06-15
ST14,SKU04504,110,23,7,2025-07-12
ST06,SKU04643,152,49,21,2025-06-13
ST26,SKU04329,0,85,42,2025-08-31
ST26,SKU02114,191,50,10,2025-08-23
ST19,SKU00906,136,31,8,2025-07-31
ST29,SKU03580,244,80,31,2025-07-15
ST17,SKU00079,0,74,27,2025-09-17
ST24,SKU01021,0,81,39,2025-09-25
ST15,SKU03416,121,23,6,2025-07-25
ST27,SKU00501,388,86,20,2025-08-26
ST01,SKU01303,125,21,4,2025-05-23
ST14,SKU03457,78,24,8,2025-07-31
ST10,SKU02520,110,35,10,2025-06-14
ST10,SKU00305,168,35,10,2025-05-17
ST29,SKU02533,263,68,27,2025-06-25
ST25,SKU03057,0,93,35,2025-10-03
ST01,SKU02471,79,22,7,2025-07-12
ST20,SKU00498,336,62,21,2025-07-13
ST04,SKU04166,0,43,13,2025-09-04
ST13,SKU01542,146,35,12,2025-06-30
ST09,SKU04281,312,95,20,2025-06-30
ST02,SKU00858,596,100,35,2025-08-29
ST18,SKU01068,341,66,18,2025-07-23
ST13,SKU02710,209,47,14,2025-08-24
ST07,SKU00155,296,50,20,2025-05-18
ST07,SKU02141,0,42,16,2025-09-22
ST17,SKU03583,137,24,10,2025-05-19
ST03,SKU01433,120,25,12,2025-06-16
ST13,SKU04107,102,23,11,2025-06-02
ST18,SKU04222,331,62,20,2025-06-01
ST11,SKU03014,379,65,31,2025-06-30
ST11,SKU05000,272,55,23,2025-08-30
ST26,SKU04571,0,100,35,2025-09-18
ST29,SKU03822,249,56,17,2025-07-22
ST25,SKU04346,0,31,6,2025-09-17
ST13,SKU00845,0,36,13,2025-08-25
ST18,SKU01189,0,38,17,2025-09-01
ST20,SKU03773,144,42,14,2025-08-23
ST08,SKU00501,521,98,43,2025-05-27
ST23,SKU01038,86,23,8,2025-08-11
ST02,SKU04362,0,97,46,2025-10-01
ST26,SKU03295,318,58,12,2025-07-09
ST10,SKU02533,285,62,26,2025-08-12
ST20,SKU04941,489,84,23,2025-06-24
ST30,SKU01428,353,65,30,2025-06-01
ST30,SKU03414,216,71,21,2025-05-18
ST01,SKU00498,404,70,20,2025-05-24
ST25,SKU00855,147,37,11,2025-08-18
ST16,SKU01264,146,29,10,2025-06-06
ST19,SKU03484,220,59,15,2025-07-09
ST26,SKU00262,168,47,21,2025-08-30
ST22,SKU04987,82,22,4,2025-06-09
ST17,SKU04643,86,20,4,2025-06-04
ST09,SKU03476,0,73,19,2025-10-09
ST14,SKU01605,242,43,18,2025-06-06
ST26,SKU03416,234,71,19,2025-07-31
ST27,SKU01803,186,57,15,2025-05-30
ST30,SKU03535,0,20,4,2025-10-01
ST02,SKU03436,117,23,5,2025-07-14
ST19,SKU03376,293,62,21,2025-07-31
ST03,SKU02614,0,46,16,2025-09-24
ST20,SKU04244,363,65,16,2025-06-26
ST15,SKU01685,0,41,10,2025-08-26
ST13,SKU03073,418,82,37,2025-08-11
ST13,SKU00858,519,91,19,2025-05-20
ST11,SKU02209,513,89,21,2025-05-15
ST14,SKU03941,156,26,6,2025-07-23
ST23,SKU03266,169,32,8,2025-05-13
ST21,SKU04654,145,44,17,2025-07-20
ST04,SKU01038,113,27,11,2025-05-24
ST05,SKU02660,0,90,30,2025-08-20
ST24,SKU04888,158,35,17,2025-07-02
ST05,SKU00445,0,62,29,2025-09-17
ST08,SKU04126,0,29,12,2025-08-29
ST08,SKU01911,224,41,9,2025-06-16
ST15,SKU00638,211,42,13,2025-08-22
ST23,SKU04663,0,76,20,2025-09-10
ST18,SKU00155,96,31,11,2025-09-01
ST16,SKU03492,200,57,16,2025-05-13
ST29,SKU01970,331,74,21,2025-05-14
ST22,SKU03014,66,21,6,2025-06-20
ST14,SKU03833,186,50,18,2025-07-02
ST21,SKU00574,194,64,23,2025-07-10
ST19,SKU04665,203,46,17,2025-06-18
ST24,SKU02794,109,25,6,2025-05-20
ST13,SKU04362,0,81,38,2025-08-25
ST18,SKU04706,97,29,13,2025-07-28
ST08,SKU01803,351,73,21,2025-08-01
ST20,SKU03089,458,78,31,2025-08-19
ST20,SKU00874,149,31,15,2025-05-21
ST23,SKU00354,324,77,25,2025-07-28
ST23,SKU02340,0,34,12,2025-09-28
ST01,SKU04244,295,51,10,2025-06-01
ST30,SKU04945,118,26,12,2025-07-11
ST25,SKU02386,125,38,14,2025-06-30
ST23,SKU03737,335,73,33,2025-05-07
ST21,SKU02681,82,22,6,2025-07-03
ST02,SKU00416,0,71,16,2025-09-16
ST07,SKU00531,0,79,34,2025-10-01
ST05,SKU04888,318,66,17,2025-06-26
ST20,SKU03210,402,76,37,2025-07-29
ST27,SKU04152,164,46,16,2025-08-08
ST25,SKU01339,416,81,20,2025-08-12
ST21,SKU01863,325,62,31,2025-06-13
ST12,SKU04783,0,28,6,2025-08-17
ST10,SKU01970,316,65,19,2025-05-30
ST13,SKU03436,87,24,11,2025-08-18
ST16,SKU04902,327,79,28,2025-05-30
ST23,SKU01643,186,36,17,2025-09-02
ST21,SKU03031,208,58,27,2025-07-04
ST26,SKU01685,0,84,42,2025-09-23
ST24,SKU03036,190,45,16,2025-08-20
ST19,SKU02692,0,32,10,2025-09-04
ST24,SKU00821,65,21,6,2025-05-27
ST22,SKU02209,292,68,16,2025-05-30
ST05,SKU02794,460,95,41,2025-07-21
ST30,SKU04019,300,71,35,2025-07-16
ST01,SKU03089,151,32,12,2025-07-14
ST23,SKU04797,258,83,31,2025-08-30
ST04,SKU00354,312,94,32,2025-08-29
ST26,SKU00638,64,20,8,2025-07-29
ST19,SKU01645,405,79,18,2025-08-19
ST24,SKU03975,279,71,15,2025-05-14
ST29,SKU04319,279,89,21,2025-06-26
ST03,SKU00654,437,94,20,2025-06-18
ST04,SKU03737,185,60,16,2025-07-31
ST11,SKU04679,172,56,23,2025-05-18
ST21,SKU03152,217,42,19,2025-08-26
ST14,SKU01981,243,80,21,2025-08-08
ST10,SKU03259,0,42,9,2025-08-17
ST24,SKU00942,0,51,25,2025-08-26
ST05,SKU02915,296,98,24,2025-06-29
ST10,SKU03030,0,30,13,2025-09-12
ST05,SKU04901,115,20,10,2025-08-16
ST08,SKU04381,0,48,20,2025-08-24
ST27,SKU02408,502,87,20,2025-08-14
ST30,SKU04140,0,76,35,2025-09-17
ST03,SKU01822,268,76,30,2025-08-10
ST04,SKU04905,116,27,8,2025-05-28
ST30,SKU01696,428,79,29,2025-08-27
ST19,SKU01766,200,55,25,2025-06-15
ST01,SKU04607,121,21,8,2025-06-23
ST15,SKU00075,90,24,10,2025-06-23
ST27,SKU03347,279,84,39,2025-08-17
ST03,SKU00775,394,90,24,2025-09-02
ST20,SKU00190,0,54,23,2025-09-25
ST18,SKU01578,0,92,38,2025-09-27
ST25,SKU02520,176,40,18,2025-09-02
ST04,SKU01643,199,54,16,2025-06-30
ST11,SKU04571,0,25,11,2025-08-29
ST28,SKU04215,273,50,12,2025-07-31
ST04,SKU01414,0,26,11,2025-09-04
ST26,SKU04142,395,85,21,2025-05-11
ST16,SKU02700,365,88,20,2025-08-18
ST30,SKU00649,425,90,40,2025-08-31
ST02,SKU00550,537,91,29,2025-07-30
ST05,SKU00821,214,71,28,2025-08-23
ST13,SKU00416,0,63,24,2025-09-30
ST30,SKU04032,0,91,35,2025-09-26
ST18,SKU00531,0,74,25,2025-09-03
ST11,SKU01538,194,61,26,2025-07-05
ST28,SKU00953,0,20,6,2025-10-03
ST24,SKU04217,134,31,13,2025-05-08
ST05,SKU03975,297,74,22,2025-06-14
ST20,SKU04741,479,100,24,2025-05-28
ST25,SKU04856,229,51,13,2025-08-12
ST28,SKU04107,322,92,29,2025-06-08
ST17,SKU04443,160,37,12,2025-05-11
ST01,SKU01466,0,85,37,2025-08-19
ST08,SKU02408,519,89,27,2025-06-13
ST27,SKU02421,436,92,40,2025-06-19
ST30,SKU04153,192,55,12,2025-06-07
ST03,SKU02064,115,20,6,2025-08-14
ST02,SKU04054,312,78,39,2025-06-01
ST22,SKU03740,432,100,30,2025-07-12
ST15,SKU00317,324,81,26,2025-08-05
ST18,SKU04035,0,55,18,2025-10-12
ST20,SKU04633,0,23,10,2025-10-12
ST08,SKU03347,101,22,9,2025-07-30
ST16,SKU03171,0,38,9,2025-08-21
ST09,SKU04215,386,72,33,2025-06-29
ST28,SKU04228,222,48,14,2025-07-08
ST05,SKU01063,152,28,13,2025-06-19
ST10,SKU01407,451,85,39,2025-08-09
ST24,SKU03291,168,43,10,2025-08-24
ST22,SKU04679,225,40,14,2025-06-24
ST21,SKU00024,205,46,21,2025-07-11
ST26,SKU03108,116,25,11,2025-08-29
ST19,SKU02129,306,92,35,2025-06-07
ST12,SKU03173,443,77,38,2025-05-16
ST05,SKU04217,374,75,17,2025-07-08
ST12,SKU00958,544,96,44,2025-07-22
ST29,SKU04574,0,97,45,2025-09-13
ST03,SKU03353,0,42,12,2025-09-09
ST20,SKU02768,64,21,4,2025-06-23
ST20,SKU00553,213,42,20,2025-07-16
ST27,SKU01495,323,88,34,2025-06-26
ST16,SKU03063,0,65,17,2025-08-28
ST09,SKU04107,169,34,17,2025-06-20
ST15,SKU03592,158,52,16,2025-05-16
ST03,SKU04292,258,45,14,2025-06-10
ST08,SKU02421,375,92,39,2025-05-07
ST18,SKU00894,333,89,32,2025-06-11
ST13,SKU00550,118,24,11,2025-05-15
ST14,SKU03633,0,24,10,2025-09-07
ST21,SKU04346,0,72,20,2025-09-22
ST19,SKU04236,334,100,20,2025-08-03
ST24,SKU04580,376,88,34,2025-07-26
ST17,SKU01423,335,72,33,2025-09-02
ST15,SKU00330,297,80,29,2025-08-19
ST20,SKU02660,0,58,25,2025-09-09
ST30,SKU01133,209,42,11,2025-07-17
ST09,SKU04228,432,99,36,2025-08-13
ST23,SKU01911,328,67,30,2025-07-23
ST02,SKU01034,340,69,29,2025-06-22
ST05,SKU03520,474,81,22,2025-08-31
ST05,SKU03291,231,39,10,2025-08-19
ST17,SKU00376,0,24,9,2025-09-05
ST10,SKU01420,0,72,15,2025-09-17
ST29,SKU01662,0,59,13,2025-09-12
ST24,SKU01318,119,26,9,2025-08-22
ST29,SKU01433,281,90,19,2025-06-02
ST20,SKU03828,436,93,20,2025-06-29
ST15,SKU03484,133,36,8,2025-08-01
ST14,SKU01310,354,72,18,2025-08-21
ST07,SKU00331,442,100,32,2025-06-22
ST13,SKU04054,362,72,29,2025-07-01
ST15,SKU04652,203,61,13,2025-07-28
ST01,SKU00553,296,56,15,2025-05-11
ST01,SKU02768,119,33,13,2025-08-10
ST23,SKU04476,0,85,29,2025-09-21
ST20,SKU04996,336,73,15,2025-07-08
ST28,SKU04591,424,82,24,2025-08-04
ST14,SKU04693,419,94,44,2025-06-03
ST28,SKU02376,247,66,14,2025-06-21
ST14,SKU00263,0,93,32,2025-09-17
ST12,SKU02368,0,59,12,2025-10-04
ST07,SKU04653,234,53,18,2025-07-19
ST05,SKU04580,188,54,16,2025-08-13
ST05,SKU00150,320,57,16,2025-06-05
ST29,SKU02722,294,89,34,2025-06-01
ST29,SKU00507,302,96,25,2025-06-10
ST27,SKU04073,506,95,45,2025-07-23
ST15,SKU02558,282,50,20,2025-05-06
ST09,SKU02484,0,75,21,2025-08-26
ST04,SKU04126,0,86,31,2025-08-13
ST23,SKU00167,361,99,33,2025-07-04
ST05,SKU01547,0,68,14,2025-09-18
ST12,SKU04475,492,97,24,2025-05-29
ST24,SKU03546,0,62,25,2025-10-07
ST05,SKU01318,212,68,20,2025-07-13
ST17,SKU00389,347,72,24,2025-05-07
ST01,SKU03828,348,59,17,2025-07-14
ST30,SKU02543,0,69,19,2025-09-17
ST26,SKU03592,311,62,13,2025-05-15
ST24,SKU02728,341,72,29,2025-05-14
ST19,SKU00169,0,54,26,2025-10-04
ST03,SKU03837,201,36,10,2025-07-11
ST29,SKU00628,0,87,22,2025-09-09
ST15,SKU04894,90,23,11,2025-05-06
ST27,SKU04194,343,77,33,2025-06-18
ST01,SKU04996,340,80,22,2025-06-08
ST23,SKU04489,0,68,30,2025-09-02
ST09,SKU04591,402,77,19,2025-07-01
ST09,SKU02376,358,85,23,2025-07-13
ST07,SKU03727,0,38,17,2025-09-25
ST26,SKU00330,271,68,18,2025-06-06
ST19,SKU01337,192,45,9,2025-08-24
ST20,SKU04191,0,93,19,2025-09-18
ST30,SKU04879,263,84,24,2025-06-20
ST13,SKU01034,104,21,8,2025-07-04
ST30,SKU00449,355,88,43,2025-08-04
ST09,SKU03773,256,63,28,2025-05-12
ST11,SKU00170,101,30,13,2025-06-12
ST16,SKU02500,290,81,30,2025-07-04
ST16,SKU00285,0,56,14,2025-10-08
ST02,SKU00350,377,87,32,2025-06-18
ST19,SKU04491,167,42,11,2025-08-04
ST29,SKU00978,230,57,23,2025-08-15
ST29,SKU02964,266,66,25,2025-07-28
ST10,SKU02722,247,42,14,2025-06-29
ST29,SKU00749,350,89,35,2025-05-17
ST08,SKU04073,140,38,16,2025-07-29
ST18,SKU04532,121,29,6,2025-06-09
ST18,SKU00331,254,50,24,2025-07-03
ST25,SKU03259,0,54,14,2025-09-09
ST30,SKU03603,453,93,26,2025-08-05
ST04,SKU00167,510,86,37,2025-07-15
ST28,SKU00524,369,64,21,2025-05-07
ST02,SKU03504,497,85,34,2025-08-06
ST07,SKU03848,251,78,31,2025-05-25
ST21,SKU01568,96,21,8,2025-07-24
ST12,SKU04717,296,54,21,2025-08-03
ST12,SKU00516,431,81,16,2025-07-01
ST15,SKU03968,276,76,37,2025-06-09
ST30,SKU04771,260,85,21,2025-05-27
ST11,SKU00291,0,98,34,2025-08-31
ST28,SKU03907,0,89,36,2025-08-14
ST16,SKU04607,295,66,16,2025-08-18
ST11,SKU00062,0,75,26,2025-09-12
ST11,SKU02277,350,97,20,2025-06-30
ST21,SKU00521,219,42,9,2025-07-18
ST02,SKU04443,314,86,28,2025-05-22
ST05,SKU02728,223,52,24,2025-07-31
ST08,SKU04194,175,39,17,2025-07-26
ST15,SKU00935,183,48,12,2025-09-02
ST25,SKU03609,128,38,16,2025-05-22
ST18,SKU04653,173,34,7,2025-06-13
ST04,SKU04489,0,91,21,2025-10-09
ST28,SKU00645,151,43,18,2025-08-20
ST07,SKU01754,128,40,19,2025-08-17
ST22,SKU03311,78,24,8,2025-08-15
ST01,SKU02205,170,38,10,2025-06-04
ST13,SKU03491,326,56,14,2025-06-25
ST30,SKU00691,302,51,15,2025-08-08
ST25,SKU02333,0,25,7,2025-08-25
ST19,SKU02747,0,74,37,2025-08-07
ST19,SKU00532,311,64,23,2025-05-16
ST10,SKU00978,242,43,13,2025-08-29
ST10,SKU02964,135,44,19,2025-07-28
ST29,SKU00991,375,78,34,2025-06-16
ST10,SKU00749,69,23,6,2025-06-21
ST27,SKU00127,153,34,11,2025-08-11
ST09,SKU00524,146,36,11,2025-06-11
ST26,SKU04894,299,93,22,2025-07-12
ST17,SKU03088,0,31,7,2025-08-23
ST29,SKU04145,173,40,20,2025-08-13
ST11,SKU02519,324,76,19,2025-06-06
ST23,SKU03805,222,39,15,2025-07-11
ST11,SKU04505,210,45,18,2025-08-20
ST07,SKU03043,134,43,15,2025-08-16
ST19,SKU04854,352,87,25,2025-07-12
ST22,SKU00170,440,88,41,2025-06-08
ST29,SKU01112,165,43,13,2025-06-02
ST08,SKU02221,95,28,7,2025-06-26
ST25,SKU01407,316,72,31,2025-06-18
ST09,SKU00645,194,54,21,2025-05-09
ST10,SKU02267,271,50,13,2025-05-20
ST10,SKU00052,258,83,35,2025-08-19
ST19,SKU01592,391,66,17,2025-08-12
ST10,SKU02038,116,22,7,2025-08-09
ST08,SKU01174,284,71,35,2025-07-02
ST13,SKU03504,339,62,14,2025-06-10
ST11,SKU02640,0,29,13,2025-09-14
ST26,SKU03968,117,21,6,2025-08-04
ST19,SKU00774,0,28,14,2025-08-22
ST12,SKU01818,218,62,25,2025-05-29
ST27,SKU00369,0,100,28,2025-08-27
ST08,SKU00127,297,82,33,2025-06-20
ST25,SKU03743,0,85,37,2025-09-19
ST21,SKU00066,319,75,24,2025-07-16
ST26,SKU03150,490,95,21,2025-05-08
ST26,SKU00935,117,23,9,2025-06-30
ST29,SKU02401,0,20,6,2025-10-12
ST29,SKU00186,196,35,16,2025-08-21
ST01,SKU04554,347,84,40,2025-08-27
ST27,SKU03523,91,29,8,2025-06-17
ST18,SKU01754,107,24,7,2025-06-07
ST11,SKU04747,224,53,15,2025-07-14
ST16,SKU00890,235,50,18,2025-08-12
ST11,SKU02532,0,63,25,2025-10-11
ST26,SKU04318,0,58,18,2025-08-09
ST21,SKU03220,159,44,10,2025-06-22
ST07,SKU01070,388,68,24,2025-08-27
ST05,SKU02983,0,73,22,2025-08-26
ST03,SKU04334,181,37,15,2025-05-27
ST20,SKU03749,94,22,9,2025-07-21
ST20,SKU03520,71,20,8,2025-05-06
ST25,SKU03864,98,29,14,2025-05-13
ST30,SKU01993,0,56,11,2025-09-11
ST25,SKU01649,155,27,7,2025-08-28
ST28,SKU03115,126,25,5,2025-07-18
ST29,SKU04508,0,68,34,2025-10-02
ST03,SKU03058,383,86,19,2025-06-18
ST06,SKU04753,115,23,6,2025-06-04
ST16,SKU02997,94,22,5,2025-06-09
ST09,SKU04041,0,40,12,2025-08-24
ST28,SKU02068,0,82,35,2025-08-21
ST26,SKU02224,592,99,22,2025-05-11
ST07,SKU03177,283,56,27,2025-05-20
ST12,SKU04046,0,44,15,2025-09-30
ST22,SKU02519,134,23,8,2025-06-02
ST20,SKU03870,0,40,11,2025-08-15
ST08,SKU02584,264,47,11,2025-06-24
ST18,SKU03043,343,64,20,2025-08-30
ST13,SKU00484,0,22,4,2025-08-15
ST25,SKU01770,105,20,5,2025-06-24
ST23,SKU00906,144,26,12,2025-08-18
ST21,SKU04280,0,31,12,2025-10-01
ST21,SKU00079,0,60,28,2025-09-29
ST28,SKU01021,0,85,29,2025-09-24
ST05,SKU02057,231,49,12,2025-08-19
ST03,SKU03179,183,38,18,2025-06-06
ST25,SKU02938,462,94,46,2025-06-14
ST11,SKU00788,124,32,12,2025-06-30
ST14,SKU02520,219,64,25,2025-06-08
ST22,SKU02640,0,26,13,2025-08-15
ST22,SKU04626,0,71,32,2025-08-05
ST29,SKU03582,217,56,18,2025-07-26
ST01,SKU03749,365,77,29,2025-06-06
ST21,SKU04401,374,92,19,2025-08-25
ST09,SKU03115,456,94,26,2025-05-23
ST26,SKU03284,143,41,10,2025-06-18
ST12,SKU03349,84,20,6,2025-06-08
ST19,SKU04062,314,63,24,2025-06-01
ST15,SKU00385,157,36,11,2025-06-28
ST20,SKU00500,0,81,28,2025-08-18
ST06,SKU02780,396,86,37,2025-08-27
ST21,SKU03583,85,28,11,2025-05-23
ST14,SKU04627,0,20,6,2025-10-06
ST26,SKU00251,359,71,24,2025-05-27
ST02,SKU00860,94,25,5,2025-07-04
ST12,SKU02302,108,25,11,2025-07-19
ST29,SKU01717,375,88,37,2025-06-14
ST22,SKU04747,224,40,14,2025-07-11
ST22,SKU00546,261,82,27,2025-08-25
ST01,SKU03870,0,82,36,2025-09-30
ST03,SKU02253,209,60,29,2025-05-29
ST18,SKU01070,191,34,8,2025-05-12
ST04,SKU02892,0,22,8,2025-10-02
ST14,SKU03580,510,100,33,2025-06-17
ST24,SKU02541,311,63,13,2025-06-10
ST15,SKU00506,0,55,17,2025-10-12
ST27,SKU01792,324,75,34,2025-06-01
ST01,SKU00608,247,46,23,2025-06-18
ST25,SKU00965,108,22,5,2025-05-11
ST06,SKU04887,322,54,13,2025-07-07
ST30,SKU03295,186,53,20,2025-07-18
ST14,SKU02533,94,26,7,2025-05-16
ST07,SKU03311,198,51,24,2025-06-04
ST17,SKU04753,163,29,7,2025-08-07
ST12,SKU04409,310,78,37,2025-08-11
ST17,SKU02538,0,50,11,2025-08-09
ST24,SKU03709,167,36,9,2025-08-07
ST10,SKU03582,377,81,33,2025-05-25
ST25,SKU04348,0,44,18,2025-10-09
ST08,SKU02718,65,20,10,2025-08-09
ST18,SKU01191,178,44,20,2025-08-12
ST06,SKU01854,105,32,15,2025-05-16
ST06,SKU03840,0,76,19,2025-08-18
ST30,SKU00262,106,29,11,2025-07-12
ST09,SKU01371,0,34,8,2025-09-16
ST21,SKU04643,210,57,16,2025-06-18
ST24,SKU02662,227,70,32,2025-07-23
ST15,SKU02842,202,53,12,2025-08-03
ST30,SKU03416,271,90,25,2025-05-12
ST10,SKU03932,329,70,35,2025-07-26
ST19,SKU03257,574,98,48,2025-05-15
ST03,SKU04710,0,46,18,2025-08-07
ST13,SKU02954,0,62,15,2025-09-23
ST11,SKU04305,0,34,7,2025-08-21
ST23,SKU03376,406,100,31,2025-06-22
ST14,SKU03822,326,72,35,2025-08-08
ST16,SKU02205,355,69,14,2025-08-08
ST28,SKU03491,397,75,29,2025-08-19
ST07,SKU02614,0,95,35,2025-10-11
ST19,SKU04654,213,67,19,2025-06-05
ST05,SKU04756,0,83,30,2025-08-10
ST05,SKU02541,257,70,27,2025-08-24
ST29,SKU02898,0,54,25,2025-08-10
ST08,SKU01792,250,51,14,2025-07-10
ST27,SKU01805,461,79,33,2025-07-31
ST16,SKU03602,160,31,12,2025-09-01
ST23,SKU04315,0,36,9,2025-08-15
ST05,SKU03709,421,95,37,2025-05-24
ST17,SKU02780,122,29,7,2025-08-27
ST24,SKU01507,0,27,10,2025-09-16
ST03,SKU04831,315,92,29,2025-07-19
ST27,SKU00987,494,84,27,2025-08-21
ST25,SKU02375,355,92,29,2025-06-26
ST03,SKU00401,242,57,12,2025-07-15
ST27,SKU00758,375,78,36,2025-05-09
ST13,SKU00860,226,62,27,2025-06-06
ST04,SKU03484,438,91,37,2025-08-12
ST11,SKU02211,171,40,13,2025-08-26
ST18,SKU01433,428,89,36,2025-05-07
ST05,SKU02662,304,87,34,2025-06-26
ST23,SKU04665,496,93,34,2025-07-15
ST28,SKU02794,434,86,27,2025-07-04
ST11,SKU03150,137,32,8,2025-07-14
ST12,SKU00342,261,75,31,2025-05-28
ST03,SKU02737,0,81,32,2025-09-02
ST25,SKU02267,233,44,22,2025-06-22
ST06,SKU00002,0,60,25,2025-08-07
ST25,SKU00052,180,45,20,2025-07-19
ST04,SKU03376,193,34,15,2025-07-06
ST26,SKU01674,322,76,23,2025-07-04
ST19,SKU02681,426,81,38,2025-07-06
ST19,SKU00466,87,21,4,2025-06-06
ST17,SKU01854,198,48,10,2025-08-21
ST17,SKU03840,0,100,40,2025-10-01
ST10,SKU02898,0,24,9,2025-09-05
ST03,SKU03905,71,23,11,2025-07-04
ST19,SKU00237,253,55,11,2025-08-27
ST20,SKU03320,239,58,13,2025-07-10
ST28,SKU02915,271,47,21,2025-06-19
ST28,SKU04901,393,87,43,2025-08-06
ST26,SKU02842,231,47,19,2025-08-28
ST15,SKU04144,345,67,19,2025-08-14
ST08,SKU00987,87,27,9,2025-05-13
ST08,SKU00758,197,56,24,2025-07-10
ST11,SKU02224,171,29,6,2025-06-17
ST14,SKU01970,151,49,22,2025-08-27
ST29,SKU01046,204,46,12,2025-07-31
ST20,SKU03441,220,37,15,2025-08-25
ST01,SKU03199,0,70,35,2025-10-01
ST06,SKU03277,283,82,23,2025-07-31
ST04,SKU04665,361,71,17,2025-06-26
ST28,SKU00821,355,76,18,2025-08-07
ST28,SKU00592,308,78,20,2025-08-22
ST08,SKU03323,0,87,21,2025-09-14
ST17,SKU00699,129,31,14,2025-06-07
ST30,SKU00638,460,82,26,2025-06-15
ST07,SKU00654,183,31,8,2025-06-12
ST29,SKU01167,154,30,8,2025-08-30
ST22,SKU02211,235,73,31,2025-05-30
ST03,SKU04147,91,21,5,2025-06-03
ST20,SKU03562,113,37,10,2025-05-22
ST01,SKU03320,133,35,15,2025-07-23
ST28,SKU00942,0,98,34,2025-08-11
ST23,SKU02584,124,21,10,2025-05-08
ST09,SKU04901,285,64,22,2025-06-23
ST23,SKU00369,0,91,32,2025-10-03
ST02,SKU03693,0,95,24,2025-08-09
ST07,SKU01822,248,48,24,2025-06-19
ST22,SKU01164,0,29,10,2025-10-01
ST08,SKU01229,324,96,25,2025-08-23
ST15,SKU04157,0,41,16,2025-09-04
ST03,SKU02871,109,30,12,2025-05-26
ST06,SKU02351,130,39,12,2025-06-08
ST23,SKU01766,251,73,18,2025-07-12
ST11,SKU00251,235,45,12,2025-07-09
ST17,SKU02217,95,26,7,2025-05-14
ST10,SKU01046,325,82,17,2025-07-07
ST20,SKU03454,371,76,32,2025-08-24
ST09,SKU03036,241,52,11,2025-07-31
ST11,SKU03634,85,21,8,2025-07-03
ST24,SKU02112,319,71,16,2025-06-11
ST29,SKU04442,78,26,6,2025-07-11
ST27,SKU03578,0,30,6,2025-09-21
ST20,SKU00421,237,41,8,2025-07-17
ST27,SKU03349,125,27,13,2025-08-16
ST06,SKU02472,257,65,15,2025-08-13
ST18,SKU01580,425,96,37,2025-07-16
ST28,SKU04217,215,61,18,2025-05-22
ST04,SKU01645,288,49,21,2025-07-06
ST14,SKU04319,402,71,16,2025-07-13
ST26,SKU04144,178,49,10,2025-08-29
ST05,SKU00823,0,85,39,2025-08-22
ST10,SKU01167,119,22,9,2025-05-10
ST01,SKU03562,81,26,10,2025-05-20
ST27,SKU02531,0,51,25,2025-09-29
ST08,SKU04504,275,63,28,2025-06-25
ST21,SKU04443,192,59,16,2025-08-21
ST07,SKU02064,129,41,19,2025-06-19
ST17,SKU03277,448,82,33,2025-07-12
ST08,SKU03457,289,60,28,2025-05-20
ST04,SKU01766,535,99,45,2025-06-30
ST16,SKU00837,146,26,7,2025-05-12
ST19,SKU03057,0,77,34,2025-09-25
ST03,SKU04281,226,54,19,2025-06-19
ST01,SKU03454,184,40,10,2025-05-18
ST13,SKU00539,0,48,21,2025-09-04
ST11,SKU03876,0,75,26,2025-08-24
ST18,SKU00654,359,94,33,2025-08-14
ST06,SKU01317,0,84,34,2025-08-07
ST09,SKU01063,116,27,5,2025-07-21
ST23,SKU00732,290,53,26,2025-08-09
ST12,SKU01068,161,28,8,2025-06-22
ST05,SKU02112,168,45,18,2025-08-22
ST10,SKU04442,255,56,13,2025-08-24
ST08,SKU03578,0,53,24,2025-09-23
ST27,SKU01605,564,97,23,2025-09-01
ST01,SKU00421,324,98,22,2025-07-30
ST15,SKU00090,467,83,35,2025-07-14
ST18,SKU01822,112,22,5,2025-06-30
ST16,SKU03173,179,46,14,2025-05-13
ST10,SKU03624,112,26,6,2025-07-20
ST12,SKU04222,371,77,20,2025-07-14
ST17,SKU02351,193,41,12,2025-07-18
ST25,SKU03932,85,26,7,2025-05-06
ST30,SKU00075,284,55,27,2025-08-31
ST19,SKU04346,0,99,35,2025-08-31
ST07,SKU04292,204,39,12,2025-05-11
ST12,SKU01189,0,34,15,2025-08-09
ST22,SKU03863,335,75,19,2025-06-25
ST22,SKU03634,99,33,13,2025-06-24
ST15,SKU04641,155,47,20,2025-05-19
ST20,SKU04756,0,20,8,2025-09-18
ST23,SKU04236,333,74,32,2025-06-24
ST28,SKU04580,239,43,19,2025-07-02
ST21,SKU01423,250,78,31,2025-07-29
ST24,SKU01428,116,25,6,2025-08-13
ST24,SKU03414,258,62,26,2025-05-30
ST17,SKU02472,492,95,46,2025-05-11
ST25,SKU04053,288,80,35,2025-08-04
ST20,SKU03709,199,48,17,2025-07-24
ST16,SKU02247,0,72,21,2025-08-28
ST21,SKU00376,0,62,13,2025-10-10
ST28,SKU01318,88,20,7,2025-06-12
ST25,SKU03235,167,40,17,2025-05-31
ST27,SKU03833,133,34,12,2025-07-13
ST08,SKU01605,163,32,9,2025-05-26
ST18,SKU02064,185,40,18,2025-06-24
ST04,SKU02129,83,25,11,2025-05-23
ST23,SKU02142,343,65,28,2025-07-12
ST11,SKU02842,244,57,28,2025-06-25
ST12,SKU00263,0,88,39,2025-08-22
ST24,SKU03535,0,47,20,2025-09-24
ST19,SKU00976,0,27,6,2025-08-22
ST27,SKU00571,228,64,31,2025-08-08
ST30,SKU00317,390,93,33,2025-08-14
ST05,SKU04690,370,93,43,2025-07-17
ST08,SKU03941,358,90,41,2025-05-12
ST15,SKU04654,362,98,25,2025-05-07
ST11,SKU03192,307,83,20,2025-06-26
ST04,SKU04236,318,94,38,2025-06-07
ST09,SKU04580,258,43,13,2025-09-01
ST09,SKU00150,243,44,20,2025-06-01
ST05,SKU01428,333,77,24,2025-07-10
ST05,SKU03414,102,24,8,2025-07-29
ST12,SKU00155,146,45,19,2025-06-17
ST27,SKU02907,339,62,26,2025-07-24
ST13,SKU01023,139,43,13,2025-08-24
ST08,SKU00679,355,71,27,2025-06-02
ST16,SKU04475,165,51,20,2025-08-27
ST04,SKU00974,0,29,8,2025-09-15
ST14,SKU01662,0,76,17,2025-09-07
ST21,SKU00389,260,77,26,2025-06-01
ST09,SKU01318,102,32,9,2025-07-07
ST14,SKU01433,130,24,6,2025-08-06
ST10,SKU04926,0,73,19,2025-08-25
ST08,SKU04062,174,38,11,2025-06-01
ST08,SKU03833,197,53,16,2025-07-04
ST15,SKU00574,462,96,30,2025-05-14
ST30,SKU03592,282,47,21,2025-08-03
ST18,SKU04292,246,81,32,2025-08-30
ST06,SKU04955,516,100,40,2025-07-12
ST28,SKU02728,459,83,35,2025-05-22
ST16,SKU03428,342,91,35,2025-07-21
ST23,SKU00169,0,92,25,2025-08-07
ST23,SKU02155,0,89,33,2025-09-06
ST04,SKU02142,162,46,20,2025-08-18
ST26,SKU04641,139,33,15,2025-07-17
ST05,SKU03535,0,69,29,2025-09-20
ST29,SKU03892,83,24,9,2025-08-27
ST08,SKU00571,421,74,22,2025-08-22
ST30,SKU00330,259,53,25,2025-05-16
ST16,SKU04596,0,72,35,2025-09-29
ST23,SKU01337,200,46,23,2025-05-08
ST23,SKU03323,0,36,7,2025-08-19
ST16,SKU02381,0,37,15,2025-09-04
ST26,SKU03823,132,24,7,2025-06-08
ST02,SKU02217,317,74,25,2025-08-17
ST19,SKU02386,279,49,10,2025-06-23
ST03,SKU03839,408,93,37,2025-06-18
ST20,SKU03254,377,94,45,2025-08-28
ST27,SKU01981,205,43,9,2025-06-10
ST06,SKU03090,221,71,23,2025-05-29
ST30,SKU03484,92,22,5,2025-06-10
ST26,SKU02776,0,50,23,2025-09-24
ST19,SKU01339,165,47,20,2025-06-16
ST15,SKU01863,261,50,15,2025-07-10
ST08,SKU02907,137,32,12,2025-08-04
ST13,SKU03251,293,68,22,2025-06-22
ST30,SKU04652,122,22,11,2025-07-19
ST11,SKU02387,357,97,24,2025-07-31
ST23,SKU01229,345,91,31,2025-06-05
ST02,SKU02567,195,43,16,2025-07-21
ST19,SKU00521,118,23,5,2025-06-26
ST15,SKU03031,287,54,24,2025-08-05
ST09,SKU02728,143,47,10,2025-08-11
ST26,SKU00682,563,100,22,2025-05-27
ST24,SKU04019,566,98,35,2025-07-04
ST22,SKU03192,374,64,18,2025-07-15
ST10,SKU03892,380,77,17,2025-08-12
ST08,SKU01042,206,60,15,2025-08-09
ST06,SKU02164,178,36,16,2025-08-22
ST04,SKU01337,261,73,33,2025-07-05
ST04,SKU03323,0,61,24,2025-09-18
ST05,SKU04945,444,81,31,2025-08-25
ST17,SKU04016,0,36,7,2025-08-19
ST15,SKU03152,171,50,17,2025-06-03
ST01,SKU03254,126,24,12,2025-07-03
ST15,SKU02923,0,88,40,2025-10-06
ST08,SKU01981,306,53,23,2025-06-02
ST23,SKU00532,218,39,13,2025-07-10
ST14,SKU00978,483,97,36,2025-08-01
ST16,SKU03562,135,26,10,2025-08-26
ST14,SKU00749,331,58,27,2025-08-11
ST02,SKU03627,333,63,26,2025-08-07
ST26,SKU00574,182,60,23,2025-05-29
ST24,SKU01696,362,68,33,2025-07-05
ST18,SKU03837,386,71,22,2025-07-17
ST02,SKU04795,149,45,14,2025-06-20
ST02,SKU02580,383,83,38,2025-06-14
ST12,SKU01578,0,43,19,2025-09-02
ST24,SKU00649,301,62,17,2025-06-20
ST01,SKU03375,282,57,22,2025-07-01
ST23,SKU04854,163,39,18,2025-08-28
ST04,SKU04612,340,59,23,2025-05-22
ST23,SKU02639,405,96,33,2025-08-17
ST05,SKU04019,442,83,26,2025-05-17
ST12,SKU00531,0,30,12,2025-10-05
ST10,SKU01919,275,71,32,2025-05-31
ST15,SKU04212,222,41,14,2025-07-06
ST20,SKU00355,333,87,26,2025-08-28
ST27,SKU01068,342,76,19,2025-06-14
ST06,SKU04392,273,75,19,2025-07-29
ST11,SKU00535,400,91,28,2025-07-28
ST23,SKU03807,118,38,16,2025-08-15
ST21,SKU00994,0,82,35,2025-09-18
ST14,SKU02038,346,87,26,2025-06-16
ST22,SKU02387,461,100,27,2025-07-21
ST13,SKU02567,138,38,16,2025-06-10
ST25,SKU03624,232,66,32,2025-08-03
ST30,SKU03968,266,66,23,2025-06-12
ST04,SKU02747,0,51,15,2025-08-23
ST04,SKU00532,185,39,13,2025-06-01
ST16,SKU01818,280,59,27,2025-06-10
ST14,SKU00991,187,61,13,2025-08-03
ST26,SKU03031,194,41,10,2025-07-07
ST05,SKU04140,0,51,13,2025-08-10
ST24,SKU04153,227,72,35,2025-06-20
ST17,SKU00996,0,61,22,2025-09-26
ST01,SKU02449,0,95,25,2025-09-12
ST03,SKU00832,0,60,22,2025-10-08
ST30,SKU03150,233,76,27,2025-05-28
ST30,SKU00935,215,54,18,2025-05-18
ST14,SKU04145,258,51,18,2025-09-01
ST02,SKU02822,264,83,40,2025-06-01
ST12,SKU04035,0,32,7,2025-09-26
ST17,SKU02164,422,83,27,2025-06-16
ST22,SKU02279,493,83,26,2025-09-02
ST03,SKU04215,314,54,18,2025-09-01
ST30,SKU01874,273,65,24,2025-08-05
ST04,SKU04854,276,88,31,2025-05-22
ST07,SKU04334,475,94,39,2025-06-12
ST26,SKU03152,239,49,21,2025-05-28
ST07,SKU04105,0,99,43,2025-09-24
ST05,SKU04261,380,66,23,2025-06-29
ST05,SKU04032,0,31,7,2025-08-31
ST01,SKU02570,132,29,14,2025-05-16
ST01,SKU00355,173,31,15,2025-06-09
ST25,SKU04913,0,88,28,2025-08-15
ST27,SKU01310,285,74,29,2025-05-14
ST15,SKU00024,105,33,14,2025-07-02
ST13,SKU03627,127,40,10,2025-07-12
ST04,SKU03807,389,70,24,2025-08-29
ST04,SKU01592,176,51,24,2025-05-20
ST07,SKU03058,543,96,23,2025-07-31
ST27,SKU04693,212,50,18,2025-06-05
ST25,SKU01880,177,47,13,2025-06-30
ST13,SKU02580,162,28,11,2025-08-22
ST11,SKU03931,176,37,11,2025-08-12
ST04,SKU00774,0,58,15,2025-09-29
ST05,SKU04153,279,63,20,2025-08-17
ST08,SKU03633,0,72,27,2025-10-01
ST20,SKU04919,357,88,23,2025-07-21
ST01,SKU02462,0,43,11,2025-08-17
ST20,SKU04690,364,92,25,2025-08-12
ST06,SKU04526,363,66,26,2025-07-09
ST23,SKU03941,160,38,11,2025-05-15
ST16,SKU02999,299,88,34,2025-09-01
ST28,SKU02070,368,98,31,2025-07-19
ST09,SKU02057,298,70,24,2025-08-12
ST26,SKU04212,207,67,28,2025-06-03
ST14,SKU00186,242,56,19,2025-07-06
ST22,SKU00535,222,72,16,2025-07-14
ST03,SKU04228,495,94,43,2025-06-29
ST08,SKU00371,208,40,10,2025-06-28
ST18,SKU00830,0,77,28,2025-08-18
ST11,SKU03823,183,48,21,2025-05-28
ST28,SKU01023,455,98,28,2025-08-22
ST17,SKU03574,159,28,14,2025-06-15
ST08,SKU01310,125,24,7,2025-05-22
ST11,SKU03005,455,80,32,2025-08-20
ST23,SKU04062,205,39,18,2025-05-16
ST26,SKU04562,0,48,11,2025-09-11
ST10,SKU01356,179,39,15,2025-07-18
ST13,SKU02822,267,69,25,2025-07-05
ST07,SKU04468,315,56,26,2025-05-09
ST26,SKU03286,415,82,19,2025-06-15
ST07,SKU02253,474,81,28,2025-07-25
ST29,SKU00551,369,68,15,2025-06-04
ST01,SKU04919,180,49,22,2025-05-06
ST01,SKU04690,134,33,16,2025-06-03
ST25,SKU01075,493,93,19,2025-08-10
ST18,SKU04105,0,30,8,2025-10-01
ST23,SKU04412,359,100,40,2025-05-28
ST06,SKU04768,315,55,19,2025-06-25
ST11,SKU00682,143,31,10,2025-06-16
ST17,SKU02648,0,55,16,2025-08-31
ST19,SKU01031,119,29,8,2025-08-07
ST05,SKU01133,199,46,15,2025-06-13
ST03,SKU02484,0,99,21,2025-09-05
ST06,SKU03950,96,24,6,2025-05-08
ST18,SKU03058,274,82,20,2025-06-16
ST21,SKU04753,141,34,15,2025-05-11
ST24,SKU02543,0,92,41,2025-09-15
ST24,SKU00328,0,63,17,2025-08-19
ST03,SKU04591,137,28,8,2025-05-21
ST08,SKU00734,517,96,20,2025-07-11
ST25,SKU04350,0,48,13,2025-09-22
ST18,SKU03179,145,38,14,2025-08-28
ST30,SKU00264,0,72,26,2025-08-05
ST11,SKU01971,74,23,11,2025-08-07
ST14,SKU01717,446,95,42,2025-06-26
ST23,SKU01042,184,33,11,2025-06-21
ST07,SKU04710,0,29,11,2025-09-05
ST23,SKU03257,363,68,15,2025-05-20
ST26,SKU01542,501,96,47,2025-06-03
ST22,SKU04052,167,34,16,2025-08-02
ST03,SKU03773,257,60,19,2025-06-08
ST10,SKU00551,133,31,13,2025-07-11
ST01,SKU02946,413,69,31,2025-08-31
ST04,SKU04412,292,88,39,2025-06-27
ST09,SKU02541,360,62,15,2025-07-24
ST02,SKU01104,216,67,25,2025-08-21
ST12,SKU04532,239,58,26,2025-07-18
ST12,SKU00331,514,96,32,2025-09-02
ST22,SKU03005,194,46,17,2025-05-30
ST24,SKU03603,348,81,33,2025-05-31
ST08,SKU00855,295,84,24,2025-07-17
ST15,SKU01568,180,45,21,2025-06-12
ST30,SKU00385,257,44,15,2025-06-16
ST09,SKU03709,298,66,27,2025-08-06
ST21,SKU02780,236,72,28,2025-06-02
ST28,SKU01507,0,46,22,2025-10-03
ST07,SKU04831,111,27,7,2025-07-21
ST07,SKU00401,90,21,7,2025-07-07
ST05,SKU02543,0,47,18,2025-08-19
ST24,SKU04771,199,55,20,2025-05-29
ST18,SKU04468,184,39,11,2025-08-18
ST18,SKU02253,455,98,44,2025-06-29
ST09,SKU02662,168,48,12,2025-06-11
ST16,SKU03375,378,84,33,2025-07-28
ST19,SKU03609,301,82,17,2025-07-23
ST12,SKU04653,102,20,9,2025-06-13
ST21,SKU04887,93,20,7,2025-07-24
ST04,SKU03257,240,48,11,2025-05-16
ST07,SKU02737,0,45,18,2025-08-08
ST05,SKU04879,350,75,27,2025-07-31
ST05,SKU00449,132,38,8,2025-07-09
ST20,SKU00986,252,74,33,2025-08-06
ST30,SKU01674,158,34,16,2025-07-03
ST04,SKU04654,143,39,12,2025-08-26
ST21,SKU01854,332,76,36,2025-08-12
ST23,SKU00237,258,52,19,2025-05-17
ST07,SKU03905,540,95,36,2025-09-01
ST05,SKU03603,353,79,28,2025-08-23
ST22,SKU01032,119,37,14,2025-07-31
ST01,SKU02141,0,97,29,2025-09-18
ST09,SKU01507,0,97,26,2025-09-12
ST16,SKU02449,0,46,20,2025-09-10
ST02,SKU04729,433,91,40,2025-07-28
ST02,SKU02514,117,27,9,2025-05-22
ST05,SKU05000,407,93,27,2025-06-21
ST19,SKU02683,0,70,29,2025-10-12
ST05,SKU04771,248,67,18,2025-06-13
ST22,SKU01971,308,53,16,2025-05-27
ST18,SKU04710,0,94,39,2025-08-06
ST11,SKU01287,387,66,24,2025-07-04
ST19,SKU03622,0,55,27,2025-09-15
ST24,SKU03966,207,43,17,2025-05-14
ST24,SKU01751,0,36,17,2025-09-24
ST22,SKU01153,0,68,24,2025-09-18
ST22,SKU03139,140,34,13,2025-05-31
ST19,SKU01407,165,32,11,2025-08-10
ST03,SKU00645,394,77,25,2025-06-12
ST20,SKU04261,97,24,10,2025-08-02
ST13,SKU01104,172,56,20,2025-07-13
ST11,SKU00240,337,89,38,2025-08-15
ST16,SKU02570,232,72,34,2025-07-23
ST16,SKU00584,83,22,8,2025-08-19
ST12,SKU03848,68,22,8,2025-06-18
ST19,SKU00589,225,51,22,2025-05-16
ST07,SKU00535,269,67,25,2025-07-16
ST13,SKU02501,238,53,21,2025-08-27
ST18,SKU04831,337,60,22,2025-07-11
ST01,SKU00986,254,58,18,2025-06-13
ST04,SKU02681,342,72,26,2025-07-23
ST18,SKU00401,305,96,44,2025-06-03
ST28,SKU00823,0,78,22,2025-09-28
ST02,SKU03803,266,51,22,2025-08-23
ST02,SKU03574,510,100,33,2025-05-26
ST22,SKU01274,0,71,33,2025-09-18
ST22,SKU01045,0,89,23,2025-09-21
ST15,SKU00066,287,58,26,2025-06-28
ST25,SKU04726,250,50,16,2025-05-31
ST11,SKU04791,229,72,27,2025-06-19
ST11,SKU02576,175,52,12,2025-07-05
ST07,SKU02871,455,98,25,2025-09-02
ST12,SKU01754,108,26,12,2025-07-21
ST15,SKU03220,309,93,31,2025-07-01
ST21,SKU01988,0,71,23,2025-08-08
ST14,SKU01046,411,94,27,2025-08-23
ST17,SKU03266,533,89,30,2025-06-25
ST05,SKU03966,329,84,33,2025-05-12
ST18,SKU03905,208,46,15,2025-05-25
ST28,SKU02112,280,71,18,2025-08-21
ST02,SKU02648,0,93,41,2025-10-08
ST10,SKU01048,0,70,22,2025-09-24
ST27,SKU04627,0,34,16,2025-09-29
ST03,SKU04041,0,67,23,2025-09-11
ST13,SKU04729,338,79,37,2025-06-12
ST25,SKU03800,0,36,8,2025-09-27
ST30,SKU04144,261,63,23,2025-05-16
ST13,SKU02514,294,84,19,2025-05-21
ST03,SKU02055,330,60,17,2025-08-18
ST06,SKU03292,0,76,29,2025-10-07
ST14,SKU01167,111,28,11,2025-05-26
ST02,SKU01830,344,74,22,2025-07-12
ST24,SKU04329,0,45,20,2025-09-27
ST19,SKU01770,266,76,36,2025-05-17
ST24,SKU02114,169,45,15,2025-08-17
ST22,SKU01287,324,77,24,2025-06-01
ST15,SKU04280,0,80,27,2025-08-31
ST21,SKU03277,147,33,14,2025-06-20
ST17,SKU02340,0,90,33,2025-08-29
ST19,SKU02938,536,92,29,2025-07-17
ST03,SKU02176,0,40,16,2025-09-05
ST22,SKU00240,197,36,15,2025-05-11
ST08,SKU00305,456,84,20,2025-07-21
ST27,SKU02533,268,71,30,2025-08-13
ST13,SKU00649,212,56,17,2025-05-31
ST14,SKU03274,0,60,20,2025-10-11
ST07,SKU04281,234,56,23,2025-07-04
ST19,SKU04106,194,37,10,2025-06-30
ST13,SKU03803,325,65,27,2025-06-06
ST03,SKU03115,455,93,34,2025-07-02
ST18,SKU04147,196,50,12,2025-08-16
ST09,SKU02112,189,51,23,2025-08-07
ST14,SKU04442,124,33,13,2025-07-07
ST11,SKU02710,445,86,19,2025-07-25
ST22,SKU02576,139,32,14,2025-05-10
ST22,SKU04562,0,52,13,2025-09-05
ST29,SKU01303,368,68,23,2025-07-13
ST08,SKU04627,0,95,35,2025-09-05
ST25,SKU01827,401,67,19,2025-06-10
ST18,SKU02871,68,22,9,2025-06-27
ST04,SKU00721,212,40,9,2025-07-20
ST21,SKU02351,439,92,20,2025-06-28
ST23,SKU00734,177,33,14,2025-09-02
ST24,SKU04571,0,95,33,2025-09-20
ST05,SKU04329,0,28,14,2025-09-09
ST17,SKU01414,0,88,25,2025-09-02
ST22,SKU03744,124,25,12,2025-06-21
ST12,SKU01070,318,66,15,2025-05-16
ST29,SKU02471,305,58,16,2025-07-01
ST05,SKU02114,314,99,35,2025-05-23
ST08,SKU03580,216,56,22,2025-05-14
ST06,SKU00501,167,46,11,2025-06-02
ST26,SKU04388,224,50,17,2025-08-11
ST19,SKU00965,321,75,21,2025-06-11
ST08,SKU02533,109,35,9,2025-07-07
ST04,SKU03057,0,66,21,2025-09-23
ST28,SKU03414,163,45,10,2025-06-13
ST16,SKU02128,134,33,13,2025-07-12
ST23,SKU00855,135,36,9,2025-08-23
ST21,SKU02472,237,67,18,2025-07-16
ST12,SKU01191,258,75,36,2025-08-16
ST12,SKU03177,255,52,23,2025-08-22
ST24,SKU00262,235,77,18,2025-06-06
ST15,SKU02657,0,31,12,2025-08-14
ST20,SKU04987,313,75,34,2025-08-01
ST15,SKU04643,221,44,12,2025-05-29
ST13,SKU01830,375,72,34,2025-07-15
ST14,SKU00254,0,20,8,2025-08-31
ST07,SKU03476,0,80,22,2025-09-27
ST24,SKU03416,302,99,38,2025-06-28
ST23,SKU00976,0,63,27,2025-08-07
ST10,SKU02700,112,21,7,2025-07-31
ST10,SKU02471,446,80,26,2025-06-24
ST29,SKU00498,324,57,22,2025-08-10
ST13,SKU04166,0,49,19,2025-09-09
ST08,SKU03822,84,22,6,2025-06-01
ST18,SKU04281,409,88,23,2025-06-25
ST04,SKU04346,0,55,26,2025-09-11
ST11,SKU03073,122,37,15,2025-08-22
ST11,SKU00858,445,75,18,2025-09-01
ST21,SKU01317,0,96,31,2025-09-23
ST15,SKU03864,322,67,15,2025-06-05
ST02,SKU01038,132,26,12,2025-07-29
ST22,SKU02710,319,62,18,2025-07-30
ST06,SKU01911,318,73,22,2025-09-01
ST09,SKU01428,119,30,7,2025-06-28
ST26,SKU03583,468,84,41,2025-08-16
ST12,SKU01433,281,59,17,2025-06-04
ST22,SKU04107,234,56,12,2025-08-31
ST27,SKU01970,116,34,7,2025-08-30
ST01,SKU04987,206,52,19,2025-07-11
ST20,SKU03014,221,62,13,2025-09-01
ST28,SKU04824,0,90,42,2025-09-18
ST21,SKU01438,0,45,14,2025-08-12
ST05,SKU03416,360,67,18,2025-06-05
ST25,SKU04526,238,58,29,2025-06-18
ST30,SKU04641,374,82,25,2025-06-23
ST11,SKU04362,0,34,12,2025-09-22
ST06,SKU01803,409,95,26,2025-07-07
ST22,SKU04228,238,42,16,2025-07-28
ST19,SKU02267,209,60,16,2025-05-10
ST22,SKU01784,0,68,24,2025-10-05
ST10,SKU00498,260,47,18,2025-07-01
ST28,SKU04945,198,38,9,2025-05-07
ST28,SKU02501,551,98,23,2025-07-04
ST26,SKU02657,0,61,27,2025-08-21
ST26,SKU04643,174,35,11,2025-05-06
ST02,SKU03266,418,93,36,2025-05-28
ST12,SKU00507,325,81,26,2025-07-06
ST27,SKU03030,0,20,6,2025-09-04
ST20,SKU02088,0,99,48,2025-08-24
ST11,SKU02268,0,77,35,2025-08-09
ST08,SKU01970,519,87,39,2025-07-18
ST01,SKU03014,296,69,26,2025-06-19
ST11,SKU03436,426,87,29,2025-06-19
ST12,SKU02614,0,97,32,2025-09-11
ST22,SKU03073,211,61,25,2025-07-17
ST20,SKU02209,314,99,29,2025-07-12
ST30,SKU00682,72,21,7,2025-07-28
ST13,SKU01038,494,86,20,2025-07-05
ST14,SKU03892,240,43,15,2025-08-05
ST14,SKU01677,0,89,37,2025-09-22
ST02,SKU00354,352,66,18,2025-06-22
ST25,SKU03492,240,67,29,2025-08-17
ST09,SKU04945,371,92,41,2025-09-02
ST02,SKU03737,277,53,19,2025-08-06
ST03,SKU04901,321,84,34,2025-08-14
ST08,SKU03030,0,77,32,2025-09-16
ST30,SKU00574,264,48,19,2025-08-13
ST21,SKU04955,147,33,14,2025-08-25
ST28,SKU01696,106,30,13,2025-08-18
ST22,SKU04362,0,76,35,2025-09-28
ST17,SKU01803,122,34,9,2025-06-19
ST29,SKU03089,271,67,20,2025-06-19
ST29,SKU00874,159,38,12,2025-06-29
ST04,SKU00521,139,34,9,2025-08-09
ST06,SKU03105,126,30,11,2025-08-23
ST16,SKU01578,0,46,11,2025-09-28
ST23,SKU02520,317,76,25,2025-05-19
ST02,SKU01643,207,35,13,2025-07-02
ST28,SKU00649,274,48,11,2025-07-15
ST24,SKU04142,183,32,8,2025-05-13
ST05,SKU01685,0,69,27,2025-09-10
ST03,SKU00821,188,51,25,2025-05-26
ST01,SKU02209,496,84,39,2025-08-23
ST18,SKU03839,465,94,26,2025-06-27
ST09,SKU04019,110,21,9,2025-08-16
ST11,SKU00416,0,35,8,2025-10-12
ST21,SKU03090,303,57,17,2025-07-13
ST16,SKU00531,0,28,8,2025-08-20
ST14,SKU01919,301,100,29,2025-05-20
ST02,SKU04797,555,98,30,2025-06-11
ST22,SKU02268,0,30,13,2025-09-09
ST12,SKU01580,260,56,21,2025-08-16
ST08,SKU02333,0,47,17,2025-08-07
ST03,SKU03975,198,44,14,2025-06-08
ST05,SKU00638,182,48,11,2025-08-16
ST22,SKU03436,320,70,20,2025-07-23
ST15,SKU04443,314,61,13,2025-07-21
ST03,SKU00942,0,92,30,2025-09-22
ST25,SKU04902,247,59,13,2025-07-13
ST30,SKU03031,448,85,29,2025-06-22
ST06,SKU02408,105,30,11,2025-05-25
ST09,SKU04140,0,37,16,2025-10-02
ST28,SKU04153,244,50,14,2025-09-02
ST09,SKU01696,249,68,23,2025-07-26
ST12,SKU04145,245,59,22,2025-05-08
ST07,SKU00832,0,54,15,2025-08-15
ST10,SKU03089,376,63,23,2025-09-01
ST27,SKU04453,0,71,26,2025-10-07
ST13,SKU00354,136,29,10,2025-07-15
ST06,SKU03347,136,29,14,2025-07-19
ST21,SKU02164,342,87,43,2025-05-29
ST07,SKU04215,427,87,22,2025-08-03
ST09,SKU00649,322,70,23,2025-07-26
ST12,SKU00654,468,85,40,2025-08-14
ST03,SKU01063,235,52,25,2025-07-21
ST13,SKU03737,388,69,19,2025-07-13
ST20,SKU04679,389,71,26,2025-05-18
ST30,SKU03152,114,27,8,2025-05-10
ST27,SKU01191,274,63,20,2025-08-05
ST30,SKU02923,0,93,19,2025-08-16
ST07,SKU00953,0,67,28,2025-09-12
ST17,SKU04381,0,76,19,2025-09-18
ST29,SKU01466,0,61,25,2025-09-17
ST12,SKU01822,259,44,10,2025-05-26
ST10,SKU03210,198,48,15,2025-08-20
ST24,SKU00893,0,71,33,2025-10-01
ST13,SKU04905,421,80,36,2025-08-24
ST03,SKU04217,232,57,14,2025-06-10
ST04,SKU04856,227,60,26,2025-06-17
ST10,SKU04607,349,72,32,2025-07-06
ST19,SKU03932,412,88,21,2025-08-29
ST24,SKU00075,339,66,15,2025-05-24
ST29,SKU00190,0,58,19,2025-08-07
ST25,SKU02700,218,37,13,2025-05-25
ST06,SKU02421,258,77,17,2025-06-20
ST09,SKU04153,319,57,24,2025-07-19
ST16,SKU00894,370,94,24,2025-07-23
ST11,SKU00550,225,63,16,2025-05-28
ST21,SKU01009,0,32,16,2025-08-25
ST15,SKU01423,329,58,13,2025-05-08
ST13,SKU04797,239,41,20,2025-06-22
ST20,SKU01538,295,63,28,2025-06-07
ST21,SKU04392,328,89,29,2025-07-19
ST28,SKU01133,87,23,10,2025-06-21
ST07,SKU04228,392,80,28,2025-06-12
ST19,SKU04053,493,92,26,2025-08-27
ST15,SKU00376,0,95,36,2025-08-10
ST08,SKU01420,0,51,25,2025-10-06
ST27,SKU01662,0,97,33,2025-09-17
ST01,SKU04679,256,73,31,2025-06-08
ST27,SKU01433,361,77,19,2025-08-02
ST19,SKU03235,222,67,19,2025-07-25
ST10,SKU01466,0,46,17,2025-10-06
ST05,SKU03108,454,93,19,2025-07-21
ST12,SKU02064,111,21,9,2025-08-23
ST11,SKU04054,445,88,19,2025-08-04
ST14,SKU01356,330,70,34,2025-07-09
ST05,SKU04505,490,82,33,2025-07-05
ST29,SKU04633,0,69,19,2025-09-19
ST17,SKU03347,266,65,32,2025-06-17
ST10,SKU00190,0,64,31,2025-10-04
ST25,SKU03171,0,61,23,2025-08-24
ST18,SKU04215,142,29,14,2025-06-19
ST30,SKU03286,272,48,12,2025-07-06
ST24,SKU01485,0,45,19,2025-09-21
ST03,SKU04580,143,47,22,2025-06-11
ST13,SKU03053,0,34,9,2025-09-01
ST03,SKU00150,118,33,13,2025-07-05
ST01,SKU01538,383,82,30,2025-08-19
ST27,SKU00507,211,48,21,2025-05-19
ST27,SKU02722,67,20,4,2025-06-26
ST30,SKU00024,400,83,35,2025-06-11
ST23,SKU01031,268,49,22,2025-06-30
ST09,SKU01133,308,65,21,2025-05-19
ST02,SKU04126,0,93,22,2025-08-29
ST02,SKU01911,193,58,16,2025-08-06
ST12,SKU01138,0,97,39,2025-08-06
ST10,SKU02526,0,87,20,2025-09-18
ST22,SKU03812,0,67,24,2025-08-14
ST29,SKU00553,411,73,23,2025-07-14
ST29,SKU02768,325,67,26,2025-05-27
ST03,SKU01318,305,54,21,2025-05-06
ST15,SKU00389,502,96,26,2025-08-23
ST27,SKU01675,106,33,16,2025-06-24
ST28,SKU02543,0,99,32,2025-08-07
ST24,SKU03592,393,97,42,2025-07-08
ST12,SKU04292,192,41,20,2025-07-21
ST17,SKU02421,140,38,18,2025-06-06
ST22,SKU00550,172,45,17,2025-07-06
ST27,SKU00628,0,80,32,2025-09-06
ST21,SKU04526,321,84,27,2025-07-06
ST26,SKU01423,99,21,7,2025-08-16
ST07,SKU04591,327,99,43,2025-07-21
ST07,SKU02376,335,83,38,2025-07-07
ST05,SKU00317,118,27,13,2025-08-27
ST24,SKU00330,290,77,29,2025-06-11
ST20,SKU02840,0,38,16,2025-09-02
ST18,SKU04228,310,71,28,2025-06-26
ST11,SKU01034,120,22,9,2025-05-15
ST28,SKU00449,224,38,17,2025-08-23
ST14,SKU00551,258,44,13,2025-08-24
ST26,SKU00376,0,92,27,2025-08-21
ST05,SKU01485,0,100,20,2025-09-01
ST29,SKU03828,241,48,16,2025-06-23
ST27,SKU02964,227,48,18,2025-07-24
ST25,SKU04352,246,41,17,2025-05-12
ST27,SKU00749,310,88,23,2025-05-17
ST06,SKU04073,153,31,8,2025-08-15
ST08,SKU02722,481,99,41,2025-07-03
ST16,SKU00331,335,64,14,2025-05-20
ST23,SKU03259,0,53,26,2025-10-04
ST02,SKU00167,286,83,38,2025-07-01
ST22,SKU04054,344,60,16,2025-08-19
ST24,SKU04652,143,35,12,2025-05-16
ST10,SKU00553,477,86,21,2025-08-06
ST17,SKU01495,214,59,12,2025-06-05
ST10,SKU02768,264,83,26,2025-08-26
ST03,SKU03546,0,92,20,2025-09-29
ST15,SKU00631,93,27,13,2025-07-23
ST29,SKU04996,461,78,38,2025-08-25
ST04,SKU04414,328,82,33,2025-05-21
ST28,SKU04771,173,40,15,2025-05-13
ST05,SKU03592,135,26,9,2025-06-20
ST03,SKU02728,197,52,21,2025-06-28
ST06,SKU04194,153,46,11,2025-08-08
ST23,SKU03609,125,28,14,2025-06-03
ST16,SKU04653,136,28,8,2025-06-22
ST04,SKU01152,0,25,8,2025-08-27
ST21,SKU04768,406,93,20,2025-07-03
ST02,SKU04489,0,77,27,2025-09-02
ST05,SKU00330,91,21,9,2025-08-12
ST20,SKU03311,111,28,11,2025-08-12
ST27,SKU02038,234,74,16,2025-08-22
ST21,SKU03950,320,73,30,2025-07-10
ST28,SKU00691,156,48,12,2025-06-28
ST09,SKU00449,349,91,40,2025-08-31
ST26,SKU02833,0,47,23,2025-08-25
ST28,SKU00462,83,27,8,2025-07-25
ST26,SKU00389,192,55,23,2025-06-10
ST19,SKU01396,217,37,17,2025-07-12
ST10,SKU03828,102,33,11,2025-07-12
ST08,SKU00978,134,23,10,2025-09-02
ST20,SKU04250,357,88,30,2025-06-23
ST27,SKU00991,244,70,34,2025-06-28
ST06,SKU04315,0,48,12,2025-09-06
ST08,SKU00749,152,41,8,2025-06-11
ST09,SKU03603,131,30,13,2025-05-29
ST07,SKU00524,239,67,20,2025-05-08
ST10,SKU04996,350,79,39,2025-08-17
ST15,SKU03088,0,81,36,2025-08-15
ST13,SKU04476,0,72,31,2025-10-12
ST18,SKU04591,285,49,16,2025-08-09
ST23,SKU02683,0,63,24,2025-08-11
ST16,SKU03727,0,32,10,2025-09-14
ST07,SKU03907,0,26,12,2025-08-15
ST29,SKU02205,85,26,6,2025-05-07
ST29,SKU04191,0,22,8,2025-09-19
ST18,SKU03773,234,67,16,2025-05-27
ST20,SKU00170,166,32,12,2025-05-30
ST25,SKU02500,135,25,5,2025-08-30
ST06,SKU02221,329,84,20,2025-05-16
ST11,SKU04551,0,75,31,2025-10-09
ST04,SKU03609,345,65,20,2025-07-10
ST28,SKU03966,98,24,8,2025-08-07
ST28,SKU01751,0,92,32,2025-08-06
ST23,SKU01407,155,42,20,2025-08-28
ST07,SKU00645,297,53,17,2025-07-20
ST17,SKU04073,442,84,20,2025-05-28
ST29,SKU00929,0,20,8,2025-10-10
ST01,SKU03311,373,84,26,2025-08-24
ST30,SKU04012,0,36,10,2025-10-08
ST08,SKU02038,230,43,15,2025-08-08
ST13,SKU00167,351,94,30,2025-07-20
ST06,SKU01174,279,59,24,2025-07-17
ST11,SKU03504,310,66,20,2025-06-30
ST23,SKU00589,392,69,33,2025-06-06
ST09,SKU00691,438,77,17,2025-05-28
ST28,SKU04905,238,66,21,2025-08-29
ST30,SKU01568,518,91,28,2025-06-16
ST26,SKU00631,470,91,25,2025-06-01
ST19,SKU03624,400,80,19,2025-08-25
ST24,SKU03968,365,63,22,2025-05-19
ST01,SKU04250,265,53,20,2025-08-29
ST08,SKU00991,244,69,27,2025-06-04
ST23,SKU03743,0,76,20,2025-08-12
ST30,SKU00521,303,74,20,2025-05-27
ST24,SKU03150,465,81,31,2025-05-27
ST17,SKU04194,235,51,21,2025-07-06
ST05,SKU04894,350,100,31,2025-06-24
ST24,SKU00935,310,88,38,2025-08-19
ST16,SKU03740,406,92,34,2025-08-03
ST02,SKU03805,105,33,13,2025-07-07
ST10,SKU02205,485,93,31,2025-05-29
ST01,SKU00170,238,77,28,2025-06-15
ST04,SKU03851,0,83,24,2025-10-10
ST04,SKU03622,0,32,14,2025-08-22
ST23,SKU01649,308,84,36,2025-07-08
ST04,SKU01407,160,38,17,2025-06-04
ST19,SKU04913,0,76,33,2025-09-02
ST10,SKU00929,0,84,22,2025-10-01
ST27,SKU04508,0,21,6,2025-09-29
ST18,SKU00524,348,71,16,2025-07-17
ST04,SKU00589,465,87,34,2025-06-06
ST19,SKU01880,335,70,28,2025-06-04
ST29,SKU04554,575,99,35,2025-08-24
ST05,SKU03968,270,49,16,2025-05-20
ST20,SKU02519,314,75,36,2025-08-05
ST25,SKU04849,537,96,46,2025-07-13
ST01,SKU02277,205,46,16,2025-08-20
ST20,SKU04505,274,46,14,2025-06-29
ST28,SKU04329,0,73,23,2025-09-07
ST16,SKU03043,109,32,16,2025-06-12
ST23,SKU01770,436,97,21,2025-06-13
ST28,SKU02114,151,47,17,2025-07-21
ST05,SKU03150,109,23,10,2025-06-29
ST05,SKU00935,142,31,7,2025-05-31
ST22,SKU04551,0,85,20,2025-08-13
ST17,SKU02221,518,99,41,2025-07-16
ST22,SKU00350,284,49,22,2025-07-19
ST08,SKU02401,0,94,40,2025-10-09
ST18,SKU00874,300,65,29,2025-07-31
ST08,SKU00186,426,82,24,2025-07-16
ST06,SKU03523,225,61,13,2025-08-11
ST18,SKU00645,279,79,27,2025-07-14
ST23,SKU02938,342,88,23,2025-05-21
ST28,SKU03053,0,26,11,2025-08-24
ST17,SKU01174,173,34,8,2025-06-10
ST22,SKU03504,193,51,22,2025-05-18
ST20,SKU02640,0,23,10,2025-09-28
ST27,SKU03582,217,43,20,2025-05-13
ST23,SKU04106,414,86,43,2025-07-17
ST04,SKU03864,94,26,5,2025-08-21
ST04,SKU01649,450,80,25,2025-06-11
ST28,SKU00020,0,88,33,2025-09-05
ST07,SKU03115,540,93,32,2025-08-26
ST19,SKU00954,287,95,24,2025-08-16
ST24,SKU03284,298,67,31,2025-07-09
ST17,SKU00127,401,75,33,2025-07-05
ST01,SKU01580,322,62,30,2025-07-14
ST08,SKU04508,0,34,13,2025-10-06
ST30,SKU00066,477,92,20,2025-08-06
ST10,SKU04554,467,90,30,2025-08-20
ST24,SKU00251,318,70,14,2025-07-29
ST25,SKU03105,418,79,34,2025-09-01
ST01,SKU02519,367,72,26,2025-06-27
ST25,SKU00890,98,26,10,2025-08-31
ST30,SKU03220,178,38,14,2025-05-10
ST20,SKU04747,260,76,36,2025-06-30
ST13,SKU03805,163,36,17,2025-07-19
ST20,SKU00546,94,26,9,2025-08-25
ST16,SKU01070,321,58,17,2025-07-21
ST09,SKU02114,273,48,13,2025-07-14
ST12,SKU04334,223,59,20,2025-07-21
ST29,SKU03749,129,23,7,2025-06-25
ST22,SKU00592,351,71,27,2025-06-20
ST22,SKU00363,0,81,22,2025-08-04
ST15,SKU01370,0,39,9,2025-09-11
ST30,SKU04388,245,66,29,2025-07-20
ST04,SKU02938,146,31,14,2025-07-29
ST28,SKU03295,309,56,26,2025-07-15
ST12,SKU03058,359,98,34,2025-07-04
ST01,SKU00654,499,84,19,2025-09-01
ST08,SKU03582,148,28,13,2025-06-01
ST25,SKU02997,441,84,25,2025-07-05
ST18,SKU02055,272,73,26,2025-08-02
ST06,SKU02718,387,68,19,2025-06-21
ST04,SKU04106,404,99,38,2025-05-06
ST16,SKU01191,88,20,10,2025-06-05
ST11,SKU02833,0,33,12,2025-09-03
ST16,SKU03177,471,100,45,2025-08-25
ST17,SKU02584,278,58,19,2025-05-23
ST05,SKU03284,382,93,42,2025-05-17
ST17,SKU00369,0,23,6,2025-09-06
ST17,SKU02355,0,58,16,2025-09-10
ST28,SKU03416,298,95,31,2025-06-04
ST14,SKU01303,355,90,35,2025-08-20
ST19,SKU04350,0,95,32,2025-09-08
ST12,SKU03179,167,48,14,2025-05-16
ST24,SKU00264,0,66,23,2025-10-08
ST29,SKU00608,144,35,12,2025-08-14
ST20,SKU00788,76,24,8,2025-06-07
ST18,SKU02176,0,48,21,2025-09-26
ST01,SKU04747,356,79,37,2025-06-22
ST01,SKU00546,348,84,18,2025-08-13
ST14,SKU02700,106,34,16,2025-07-22
ST14,SKU02471,78,23,9,2025-05-23
ST10,SKU03749,344,94,27,2025-06-26
ST03,SKU02541,415,93,44,2025-06-19
ST27,SKU02898,0,29,8,2025-08-30
ST30,SKU04401,499,92,32,2025-08-13
ST06,SKU01792,350,89,42,2025-08-25
ST18,SKU03115,96,28,6,2025-07-12
ST04,SKU00965,348,69,28,2025-06-16
ST23,SKU00978,248,51,15,2025-08-24
ST24,SKU00385,158,50,16,2025-08-06
ST03,SKU03709,281,84,29,2025-08-10
ST29,SKU00500,0,51,19,2025-08-13
ST15,SKU02780,503,98,26,2025-06-14
ST27,SKU03837,158,28,11,2025-05-07
ST04,SKU04348,0,86,25,2025-08-24
ST23,SKU02375,183,61,17,2025-07-28
ST11,SKU00860,150,32,12,2025-05-15
ST09,SKU00262,95,20,6,2025-06-09
ST12,SKU02482,0,44,13,2025-08-05
ST10,SKU03870,0,83,29,2025-09-04
ST12,SKU04468,161,49,24,2025-05-19
ST12,SKU02253,321,56,24,2025-05-17
ST03,SKU02662,213,41,10,2025-05-16
ST13,SKU00906,119,38,13,2025-06-12
ST09,SKU03416,187,59,24,2025-06-11
ST21,SKU00501,283,82,31,2025-06-03
ST26,SKU01370,0,66,22,2025-08-20
ST24,SKU00506,0,28,14,2025-09-26
ST05,SKU00264,0,71,34,2025-09-29
ST15,SKU04887,297,69,20,2025-07-02
ST20,SKU01030,0,30,11,2025-09-26
ST01,SKU00788,254,71,24,2025-08-27
ST23,SKU02267,110,29,11,2025-08-03
ST16,SKU03311,244,77,16,2025-07-24
ST26,SKU04753,446,80,21,2025-06-29
ST23,SKU00052,146,30,10,2025-08-17
ST14,SKU00498,335,98,40,2025-07-24
ST02,SKU03376,149,39,9,2025-05-24
ST07,SKU03491,244,58,20,2025-05-09
ST17,SKU00732,176,51,21,2025-06-16
ST24,SKU01674,413,85,28,2025-05-06
ST17,SKU02718,147,40,19,2025-05-27
ST15,SKU01854,128,28,13,2025-06-30
ST15,SKU03840,0,81,36,2025-10-05
ST30,SKU04643,136,37,10,2025-07-22
ST06,SKU01805,371,66,31,2025-08-06
ST24,SKU02842,567,95,27,2025-06-30
ST05,SKU00385,150,29,6,2025-07-29
ST03,SKU01507,0,89,37,2025-08-07
ST06,SKU00987,168,39,17,2025-07-07
ST04,SKU02375,213,56,13,2025-06-20
ST22,SKU02954,0,59,28,2025-09-18
ST01,SKU04292,379,99,34,2025-06-15
ST27,SKU01046,266,56,19,2025-05-20
ST25,SKU02205,387,85,20,2025-08-21
ST02,SKU04665,98,20,5,2025-07-17
ST07,SKU02794,209,58,27,2025-06-25
ST05,SKU00506,0,57,14,2025-09-16
ST17,SKU01792,217,37,13,2025-08-04
ST01,SKU01030,0,91,45,2025-08-21
ST18,SKU04646,0,52,23,2025-09-07
ST18,SKU00445,0,71,28,2025-08-04
ST25,SKU03602,233,65,26,2025-05-21
ST15,SKU00699,221,57,18,2025-06-02
ST21,SKU01911,178,34,15,2025-05-14
ST04,SKU02267,249,63,23,2025-05-19
ST28,SKU00638,201,37,8,2025-06-27
ST14,SKU04941,428,85,20,2025-08-06
ST26,SKU02780,176,53,23,2025-05-16
ST12,SKU04831,205,38,13,2025-08-27
ST05,SKU01674,169,41,20,2025-08-23
ST12,SKU00401,201,48,22,2025-06-15
ST22,SKU00860,172,49,19,2025-07-06
ST27,SKU01167,278,64,32,2025-08-03
ST20,SKU02211,316,93,19,2025-07-26
ST13,SKU03484,170,39,13,2025-07-22
ST07,SKU02915,273,73,17,2025-06-22
ST07,SKU04901,329,100,27,2025-07-01
ST19,SKU04726,346,72,25,2025-07-20
ST05,SKU02842,209,46,20,2025-05-11
ST29,SKU03199,0,85,32,2025-08-14
ST20,SKU03150,212,57,16,2025-06-04
ST21,SKU01803,292,64,32,2025-08-26
ST12,SKU02737,0,74,26,2025-08-26
ST15,SKU01988,0,60,18,2025-09-17
ST20,SKU04318,0,98,38,2025-08-08
ST08,SKU01046,176,38,8,2025-07-04
ST13,SKU03376,203,65,23,2025-06-13
ST09,SKU01685,0,100,28,2025-09-29
ST07,SKU03036,183,34,15,2025-08-08
ST26,SKU01854,288,78,31,2025-06-05
ST07,SKU00821,165,30,14,2025-06-07
ST19,SKU04847,0,75,18,2025-10-05
ST07,SKU00592,291,81,19,2025-07-12
ST29,SKU03320,241,47,13,2025-05-22
ST13,SKU02558,182,36,17,2025-06-28
ST18,SKU04888,150,36,17,2025-07-03
ST16,SKU01580,299,89,38,2025-05-17
ST09,SKU00638,343,76,25,2025-05-19
ST07,SKU03975,600,100,35,2025-05-10
ST24,SKU04144,261,54,15,2025-08-19
ST17,SKU00987,262,47,18,2025-06-27
ST25,SKU04783,0,69,34,2025-09-28
ST01,SKU02211,321,95,24,2025-08-01
ST06,SKU04504,118,29,8,2025-07-02
ST07,SKU00942,0,58,19,2025-09-14
ST29,SKU03441,274,88,39,2025-08-18
ST19,SKU00538,0,33,13,2025-10-05
ST20,SKU03621,267,82,34,2025-06-24
ST13,SKU04665,220,61,24,2025-07-14
ST01,SKU01164,0,83,19,2025-08-08
ST14,SKU03089,280,70,28,2025-09-01
ST14,SKU00874,304,81,39,2025-07-14
ST17,SKU03323,0,63,14,2025-08-06
ST08,SKU03274,0,38,13,2025-08-07
ST11,SKU00539,0,81,36,2025-09-14
ST16,SKU00654,95,21,6,2025-07-08
ST12,SKU04147,307,75,17,2025-07-09
ST29,SKU03562,343,68,24,2025-05-20
ST10,SKU03320,443,84,19,2025-06-05
ST03,SKU02112,232,63,24,2025-08-14
ST08,SKU04442,111,22,10,2025-05-20
ST18,SKU02915,272,60,20,2025-07-11
ST27,SKU00254,0,76,26,2025-09-26
ST18,SKU04901,195,53,19,2025-05-18
ST06,SKU03349,290,89,33,2025-07-20
ST28,SKU03108,413,69,29,2025-06-29
ST14,SKU03210,125,31,12,2025-07-28
ST16,SKU01822,291,63,27,2025-05-27
ST21,SKU04152,401,71,26,2025-08-12
ST05,SKU04144,376,81,22,2025-06-13
ST19,SKU01827,242,43,12,2025-06-05
ST24,SKU04157,0,90,39,2025-10-10
ST12,SKU02871,284,85,38,2025-07-19
ST15,SKU02351,118,34,9,2025-07-22
ST06,SKU02531,0,99,23,2025-09-30
ST20,SKU00251,370,66,22,2025-05-31
ST23,SKU03932,501,97,44,2025-05-26
ST28,SKU00075,200,62,27,2025-06-05
ST23,SKU01717,152,40,9,2025-08-18
ST26,SKU02217,333,68,17,2025-08-26
ST21,SKU03105,185,58,14,2025-05-23
ST16,SKU00775,103,34,14,2025-08-10
ST10,SKU03441,453,100,35,2025-06-22
ST29,SKU03454,186,35,17,2025-06-06
ST01,SKU03621,166,46,15,2025-08-21
ST27,SKU02590,246,45,20,2025-05-31
ST18,SKU03036,110,33,15,2025-05-24
ST20,SKU03634,245,58,28,2025-07-05
ST18,SKU00821,130,23,8,2025-07-18
ST26,SKU01170,0,45,10,2025-08-31
ST29,SKU00421,229,61,29,2025-06-23
ST18,SKU03975,283,51,16,2025-06-15
ST23,SKU04053,266,48,23,2025-08-15
ST02,SKU00732,137,27,10,2025-06-21
ST10,SKU03562,145,40,13,2025-08-05
ST27,SKU04926,0,63,14,2025-09-20
ST30,SKU04443,434,93,40,2025-08-22
ST27,SKU02482,0,35,14,2025-09-24
ST06,SKU01605,471,79,39,2025-08-08
ST21,SKU02408,436,86,29,2025-06-17
ST16,SKU02064,308,56,25,2025-06-07
ST09,SKU00893,0,62,27,2025-09-18
ST17,SKU03457,400,67,25,2025-05-16
ST13,SKU01766,234,45,19,2025-05-14
ST25,SKU00837,332,87,28,2025-07-27
ST04,SKU03932,182,45,21,2025-08-22
ST09,SKU00075,277,61,30,2025-08-18
ST21,SKU03347,164,37,8,2025-08-23
ST14,SKU00190,0,42,14,2025-08-26
ST01,SKU03863,189,53,13,2025-05-28
ST20,SKU03876,0,92,25,2025-08-23
ST08,SKU02590,471,89,35,2025-07-13
ST15,SKU01317,0,26,8,2025-09-02
ST01,SKU03634,184,57,14,2025-07-07
ST02,SKU04236,289,86,36,2025-06-22
ST07,SKU04580,334,71,34,2025-08-24
ST07,SKU00150,357,75,15,2025-08-11
ST17,SKU03578,0,89,27,2025-09-16
ST10,SKU00421,133,37,9,2025-05-11
ST22,SKU03693,0,73,22,2025-09-07
ST03,SKU01428,329,76,31,2025-05-28
ST03,SKU03414,91,25,6,2025-06-06
ST24,SKU00090,272,82,17,2025-06-15
ST18,SKU04217,185,53,24,2025-07-09
ST25,SKU00958,207,52,23,2025-06-23
ST06,SKU00679,175,34,10,2025-06-05
ST16,SKU03353,0,79,37,2025-09-24
ST04,SKU04053,193,48,10,2025-05-10
ST14,SKU02526,0,72,24,2025-08-06
ST07,SKU01318,332,70,23,2025-08-15
ST15,SKU01438,0,92,28,2025-10-09
ST13,SKU02826,0,33,9,2025-10-02
ST04,SKU03235,104,31,9,2025-08-12
ST06,SKU03833,309,53,15,2025-08-04
ST28,SKU03592,211,43,18,2025-07-22
ST16,SKU04292,388,73,34,2025-05-16
ST02,SKU02142,140,30,15,2025-08-20
ST19,SKU04526,244,57,20,2025-08-03
ST24,SKU04641,267,56,18,2025-07-05
ST29,SKU04756,0,73,35,2025-09-28
ST27,SKU03892,194,37,16,2025-08-18
ST27,SKU01677,0,100,33,2025-08-09
ST30,SKU01423,182,41,13,2025-06-06
ST09,SKU00317,160,43,10,2025-07-15
ST28,SKU00330,224,49,13,2025-07-01
ST07,SKU03425,0,89,44,2025-09-17
ST19,SKU01264,229,58,25,2025-06-13
ST18,SKU03291,220,51,17,2025-07-23
ST30,SKU00376,0,67,27,2025-08-20
ST13,SKU00732,459,96,22,2025-06-25
ST09,SKU01485,0,38,18,2025-10-12
ST28,SKU03484,358,89,33,2025-08-12
ST12,SKU03476,0,68,29,2025-10-03
ST17,SKU01605,348,78,31,2025-08-09
ST01,SKU03058,174,45,17,2025-06-25
ST13,SKU02129,248,67,24,2025-07-14
ST11,SKU03251,393,80,20,2025-07-16
ST28,SKU04652,158,50,18,2025-08-11
ST14,SKU02768,267,56,28,2025-05-18
ST14,SKU00553,230,50,11,2025-06-20
ST21,SKU01495,235,72,22,2025-06-08
ST03,SKU04824,0,82,37,2025-09-10
ST25,SKU02368,0,68,27,2025-08-30
ST09,SKU03592,190,48,12,2025-06-20
ST07,SKU02728,298,99,24,2025-06-07
ST02,SKU02155,0,95,33,2025-09-17
ST05,SKU04641,254,53,15,2025-08-26
ST22,SKU02070,84,20,5,2025-06-29
ST24,SKU00682,171,34,15,2025-07-27
ST20,SKU03192,367,86,36,2025-06-26
ST08,SKU01906,366,79,26,2025-06-15
ST27,SKU01919,281,81,20,2025-05-06
ST13,SKU04236,570,96,19,2025-06-12
ST18,SKU04580,280,61,15,2025-05-29
ST28,SKU02558,163,42,12,2025-05-25
ST02,SKU01337,426,91,25,2025-07-18
ST02,SKU03323,0,74,21,2025-09-15
ST05,SKU03823,134,23,6,2025-05-24
ST19,SKU03492,160,29,6,2025-07-29
ST25,SKU04475,178,58,13,2025-07-27
ST13,SKU00974,0,21,10,2025-09-20
ST18,SKU01318,82,20,5,2025-07-04
ST30,SKU00389,170,31,7,2025-06-04
ST06,SKU01981,229,39,9,2025-06-15
ST23,SKU01396,64,21,6,2025-07-31
ST05,SKU02776,0,82,40,2025-08-15
ST17,SKU04062,169,32,12,2025-09-02
ST17,SKU03833,195,51,25,2025-07-09
ST24,SKU00574,369,71,18,2025-06-29
ST15,SKU04955,274,50,21,2025-07-10
ST25,SKU03428,162,28,6,2025-05-31
ST13,SKU02142,324,54,20,2025-08-13
ST11,SKU03493,362,69,30,2025-06-27
ST28,SKU04894,430,75,18,2025-06-18
ST09,SKU04652,304,89,29,2025-07-10
ST02,SKU01229,404,70,18,2025-08-07
ST11,SKU02217,105,26,8,2025-07-11
ST02,SKU04612,527,88,21,2025-06-08
ST12,SKU03839,107,29,13,2025-08-02
ST05,SKU00682,327,71,15,2025-05-11
ST29,SKU03254,266,71,18,2025-07-23
ST03,SKU04019,324,95,19,2025-06-04
ST15,SKU03090,287,81,36,2025-08-14
ST01,SKU03192,387,87,22,2025-08-23
ST08,SKU01919,284,77,33,2025-07-02
ST27,SKU04147,179,34,12,2025-07-11
ST11,SKU01170,0,94,21,2025-09-28
ST09,SKU02558,196,36,15,2025-06-05
ST17,SKU02907,325,70,34,2025-05-10
ST22,SKU03251,113,23,10,2025-05-16
ST20,SKU02387,370,62,13,2025-06-24
ST25,SKU00516,423,83,23,2025-07-21
ST18,SKU03546,0,92,43,2025-08-06
ST11,SKU02567,151,50,14,2025-06-24
ST23,SKU03624,274,88,31,2025-06-23
ST28,SKU03968,322,84,42,2025-06-01
ST04,SKU01396,279,86,27,2025-06-15
ST02,SKU00532,352,77,37,2025-06-03
ST19,SKU04902,347,67,19,2025-07-31
ST24,SKU03031,363,88,20,2025-06-24
ST29,SKU03375,114,35,7,2025-06-18
ST03,SKU04140,0,59,21,2025-10-07
ST18,SKU02728,418,90,20,2025-07-21
ST03,SKU01696,270,86,36,2025-05-06
ST09,SKU04894,78,25,11,2025-08-09
ST14,SKU01037,0,95,38,2025-09-30
ST28,SKU00935,137,23,7,2025-08-03
ST05,SKU01971,432,83,26,2025-08-03
ST17,SKU01042,225,43,20,2025-06-17
ST15,SKU02164,151,33,11,2025-07-20
ST20,SKU02279,320,92,24,2025-07-07
ST13,SKU01337,140,38,10,2025-07-15
ST14,SKU02205,538,92,24,2025-06-11
ST14,SKU04191,0,62,18,2025-10-03
ST28,SKU01874,151,39,13,2025-05-12
ST02,SKU04854,252,59,25,2025-08-16
ST26,SKU04016,0,34,12,2025-08-16
ST07,SKU02983,0,75,18,2025-08-28
ST24,SKU03152,231,40,11,2025-07-16
ST10,SKU03254,219,43,20,2025-06-29
ST17,SKU01981,287,53,20,2025-08-29
ST03,SKU04032,0,78,28,2025-08-12
ST13,SKU04491,255,84,38,2025-07-27
ST11,SKU03627,294,82,35,2025-05-30
ST06,SKU01068,70,21,9,2025-07-20
ST14,SKU00929,0,80,22,2025-08-27
ST02,SKU03807,324,62,17,2025-07-01
ST29,SKU02449,0,69,16,2025-09-13
ST22,SKU03493,289,54,17,2025-06-24
ST01,SKU02387,403,83,33,2025-08-17
ST27,SKU01356,418,92,23,2025-08-05
ST30,SKU03088,0,87,29,2025-10-06
ST23,SKU01880,483,93,19,2025-08-10
ST04,SKU03624,131,26,12,2025-05-06
ST09,SKU03968,86,24,8,2025-05-24
ST05,SKU03031,337,58,22,2025-06-01
ST10,SKU03375,452,85,38,2025-06-05
ST03,SKU04153,151,33,10,2025-06-08
ST13,SKU04612,176,33,9,2025-06-27
ST15,SKU01009,0,98,21,2025-09-19
ST06,SKU03633,0,26,11,2025-10-04
ST09,SKU03150,223,42,14,2025-07-20
ST09,SKU00935,218,38,9,2025-06-29
ST21,SKU02221,98,26,6,2025-05-19
ST16,SKU03863,196,64,15,2025-08-08
ST26,SKU01104,281,75,30,2025-07-13
ST26,SKU03090,420,90,40,2025-06-15
ST07,SKU02057,230,46,18,2025-05-23
ST24,SKU04212,387,92,19,2025-08-26
ST29,SKU00355,143,30,10,2025-09-01
ST20,SKU00535,74,20,5,2025-09-02
ST01,SKU02279,293,66,33,2025-06-24
ST16,SKU00830,0,56,13,2025-09-25
ST21,SKU01174,98,32,11,2025-06-08
ST05,SKU03152,221,43,12,2025-08-03
ST17,SKU00237,104,32,8,2025-06-11
ST22,SKU02567,319,98,43,2025-08-08
ST13,SKU02747,0,42,12,2025-09-10
ST13,SKU00532,172,57,20,2025-05-20
ST04,SKU04913,0,50,10,2025-09-02
ST06,SKU01310,349,76,21,2025-07-20
ST23,SKU00954,475,100,24,2025-06-16
ST21,SKU00127,229,71,22,2025-07-27
ST28,SKU03284,165,28,9,2025-07-14
ST26,SKU00996,0,78,19,2025-08-06
ST06,SKU04693,96,22,6,2025-07-30
ST11,SKU02822,432,98,42,2025-07-06
ST14,SKU04554,299,78,22,2025-06-03
ST06,SKU00263,0,60,14,2025-08-08
ST26,SKU02164,377,76,20,2025-05-26
ST25,SKU04154,0,83,31,2025-09-20
ST27,SKU00551,93,22,7,2025-08-16
ST25,SKU01939,144,26,6,2025-08-03
ST18,SKU02983,0,70,16,2025-09-03
ST13,SKU02639,292,58,17,2025-08-16
ST16,SKU04334,459,89,41,2025-06-22
ST11,SKU01775,0,85,26,2025-08-10
ST10,SKU02570,128,24,9,2025-08-14
ST05,SKU04212,183,47,20,2025-07-11
ST12,SKU00953,0,78,27,2025-09-18
ST22,SKU03627,275,49,24,2025-05-08
ST24,SKU00024,398,96,28,2025-08-29
ST10,SKU00355,214,49,10,2025-06-30
ST01,SKU00535,374,90,25,2025-06-04
ST13,SKU01592,118,38,15,2025-06-02
ST16,SKU03058,208,42,15,2025-06-15
ST28,SKU02129,131,28,12,2025-07-14
ST19,SKU03292,0,73,31,2025-08-08
ST07,SKU01023,94,30,13,2025-08-25
ST22,SKU02580,162,39,10,2025-07-14
ST20,SKU03931,424,98,25,2025-06-14
ST13,SKU00774,0,86,38,2025-10-03
ST04,SKU00954,147,41,15,2025-08-13
ST09,SKU03284,213,62,27,2025-06-20
ST02,SKU04062,152,28,12,2025-06-30
ST17,SKU03633,0,70,14,2025-08-24
ST29,SKU04919,213,43,12,2025-06-10
ST22,SKU01762,154,45,22,2025-08-27
ST29,SKU04690,283,67,32,2025-09-01
ST25,SKU02999,453,83,33,2025-05-17
ST18,SKU02057,296,92,31,2025-08-11
ST06,SKU04706,116,32,12,2025-08-14
ST09,SKU00251,463,100,44,2025-06-09
ST21,SKU03523,338,78,21,2025-06-21
ST28,SKU00264,0,42,20,2025-08-17
ST16,SKU03179,269,77,18,2025-05-25
ST26,SKU04392,208,41,20,2025-05-19
ST12,SKU04228,186,32,12,2025-09-01
ST17,SKU00371,155,29,9,2025-06-03
ST05,SKU03286,305,52,11,2025-06-01
ST08,SKU00551,445,96,37,2025-05-22
ST20,SKU03823,487,85,41,2025-06-13
ST04,SKU01075,164,37,16,2025-05-26
ST14,SKU03749,408,84,23,2025-08-06
ST26,SKU03574,230,48,21,2025-08-21
ST07,SKU02541,481,94,39,2025-07-11
ST19,SKU04352,382,82,16,2025-07-22
ST17,SKU01310,320,96,24,2025-06-15
ST20,SKU03005,283,48,20,2025-06-01
ST28,SKU00385,519,94,43,2025-08-03
ST22,SKU02822,298,59,20,2025-07-18
ST03,SKU02543,0,76,33,2025-08-20
ST01,SKU03931,175,57,22,2025-06-26
ST03,SKU00328,0,36,10,2025-08-08
ST25,SKU02302,158,48,13,2025-05-06
ST16,SKU04468,72,20,6,2025-08-13
ST16,SKU02253,356,97,44,2025-07-10
ST10,SKU04919,327,79,23,2025-07-24
ST29,SKU02946,518,100,45,2025-06-05
ST15,SKU04768,108,22,8,2025-05-21
ST30,SKU01370,0,87,31,2025-09-10
ST04,SKU04350,0,32,11,2025-08-24
ST20,SKU00682,250,64,15,2025-08-28
ST28,SKU00506,0,72,15,2025-08-31
ST09,SKU00264,0,65,28,2025-08-29
ST26,SKU02648,0,66,28,2025-10-11
ST02,SKU03257,437,77,38,2025-07-06
ST12,SKU02484,0,72,25,2025-09-01
ST05,SKU01542,397,74,19,2025-06-25
ST15,SKU03950,348,76,25,2025-06-15
ST01,SKU04052,296,57,12,2025-08-08
ST30,SKU04753,375,91,26,2025-06-09
ST25,SKU04409,434,73,18,2025-07-16
ST30,SKU02538,0,59,12,2025-08-25
ST28,SKU01674,201,52,20,2025-05-06
ST21,SKU02718,258,48,22,2025-09-02
ST01,SKU03005,467,87,33,2025-05-06
ST13,SKU00090,233,76,29,2025-06-15
ST03,SKU03603,193,41,17,2025-05-30
ST09,SKU00385,214,56,26,2025-05-24
ST14,SKU00500,0,100,42,2025-09-25
ST12,SKU04591,83,20,6,2025-06-26
ST17,SKU00734,421,84,37,2025-05-24
ST12,SKU02376,144,37,14,2025-05-16
ST03,SKU05000,275,72,33,2025-07-30
ST03,SKU04771,319,67,27,2025-06-27
ST20,SKU01971,198,46,16,2025-06-04
ST12,SKU03773,289,78,31,2025-08-24
ST19,SKU02500,233,39,16,2025-05-25
ST10,SKU02946,249,62,15,2025-07-24
ST19,SKU00285,0,30,13,2025-10-09
ST18,SKU04756,0,28,9,2025-08-21
ST20,SKU01153,0,71,31,2025-09-11
ST13,SKU04412,366,73,31,2025-06-10
ST20,SKU03139,326,86,18,2025-06-18
ST18,SKU02541,270,52,19,2025-05-22
ST23,SKU04605,288,83,26,2025-08-20
ST21,SKU01792,133,38,8,2025-07-23
ST11,SKU01104,114,29,8,2025-08-01
ST29,SKU02141,0,50,25,2025-08-09
ST17,SKU00855,448,89,32,2025-05-19
ST24,SKU01568,280,75,30,2025-06-08
ST03,SKU00691,324,74,16,2025-07-22
ST03,SKU00462,371,65,30,2025-06-28
ST30,SKU02780,555,98,24,2025-08-08
ST16,SKU04831,220,44,12,2025-06-17
ST16,SKU00401,366,72,21,2025-05-27
ST02,SKU00237,501,89,38,2025-07-22
ST01,SKU01032,180,30,11,2025-07-30
ST23,SKU04726,510,86,22,2025-05-13
ST09,SKU02842,239,68,30,2025-06-26
ST17,SKU00976,0,23,9,2025-09-27
ST01,SKU01971,191,44,9,2025-06-05
ST25,SKU00342,311,83,21,2025-07-18
ST30,SKU04887,192,46,21,2025-08-08
ST13,SKU03257,395,66,31,2025-08-30
ST26,SKU03950,557,100,38,2025-06-11
ST29,SKU00986,97,25,12,2025-08-02
ST15,SKU03266,236,51,14,2025-07-14
ST13,SKU04654,206,57,23,2025-06-28
ST03,SKU01751,0,91,43,2025-09-18
ST01,SKU01153,0,20,9,2025-09-02
ST30,SKU01854,181,50,21,2025-07-15
ST01,SKU03139,406,98,34,2025-08-03
ST16,SKU03905,165,38,15,2025-05-25
ST04,SKU04605,303,78,18,2025-06-05
ST21,SKU01805,359,96,29,2025-05-16
ST05,SKU04012,0,91,31,2025-08-30
ST10,SKU02141,0,63,17,2025-09-26
ST12,SKU00524,324,61,17,2025-06-03
ST18,SKU01507,0,53,19,2025-08-24
ST11,SKU04729,530,93,38,2025-08-02
ST28,SKU04144,209,57,24,2025-06-12
ST11,SKU02514,192,37,16,2025-06-19
ST21,SKU00987,359,84,30,2025-06-21
ST21,SKU00758,280,70,22,2025-06-12
ST12,SKU03907,0,35,14,2025-08-26
ST19,SKU04849,168,29,13,2025-08-22
ST20,SKU01287,258,48,18,2025-05-29
ST01,SKU01045,0,92,31,2025-09-12
ST04,SKU02740,0,47,13,2025-09-01
ST21,SKU02155,0,27,10,2025-09-21
ST14,SKU03199,0,93,27,2025-08-21
ST23,SKU00538,0,66,18,2025-10-02
ST12,SKU00645,233,71,32,2025-06-16
ST29,SKU04261,217,65,32,2025-05-14
ST22,SKU01104,305,59,18,2025-06-19
ST20,SKU00240,144,33,14,2025-06-20
ST25,SKU00584,354,92,22,2025-05-09
ST30,SKU00699,199,64,16,2025-08-28
ST07,SKU02930,0,76,32,2025-09-08
ST03,SKU01993,0,53,13,2025-09-19
ST13,SKU02681,498,83,41,2025-05-18
ST13,SKU00466,123,23,7,2025-07-24
ST11,SKU03803,384,65,31,2025-05-24
ST04,SKU04847,0,79,32,2025-09-06
ST13,SKU00237,465,89,28,2025-07-21
ST11,SKU03574,190,46,20,2025-05-24
ST14,SKU03320,436,87,24,2025-06-02
ST16,SKU04147,114,33,14,2025-06-25
ST07,SKU02112,179,39,11,2025-07-09
ST24,SKU00066,149,27,6,2025-06-18
ST20,SKU02576,346,97,34,2025-06-25
ST27,SKU01303,442,75,33,2025-06-07
ST06,SKU04627,0,56,12,2025-09-26
ST09,SKU04144,251,53,24,2025-06-24
ST21,SKU01229,340,60,15,2025-07-11
ST16,SKU02871,459,97,45,2025-07-19
ST02,SKU00721,360,81,35,2025-08-04
ST19,SKU03105,365,97,31,2025-05-31
ST19,SKU00890,562,95,32,2025-05-19
ST24,SKU03220,109,35,13,2025-05-30
ST03,SKU02114,81,25,8,2025-06-06
ST27,SKU02471,100,28,12,2025-06-24
ST01,SKU01287,260,72,34,2025-06-30
ST30,SKU00002,0,60,28,2025-09-18
ST06,SKU03580,222,50,15,2025-07-21
ST14,SKU03441,204,34,14,2025-06-11
ST04,SKU00538,0,79,29,2025-08-05
ST26,SKU03266,312,56,27,2025-08-15
ST01,SKU00240,154,29,14,2025-06-03
ST06,SKU02533,149,29,10,2025-06-26
ST11,SKU02648,0,47,10,2025-08-09
ST02,SKU03057,0,56,18,2025-08-19
ST19,SKU02997,189,43,9,2025-08-01
ST12,SKU04041,0,29,13,2025-08-20
ST22,SKU04729,97,31,10,2025-07-14
ST22,SKU02514,481,100,34,2025-08-03
ST12,SKU02055,148,36,9,2025-08-14
ST03,SKU00020,0,31,13,2025-09-13
ST14,SKU03562,87,22,8,2025-05-22
ST05,SKU00066,173,32,11,2025-05-14
ST22,SKU01696,397,88,41,2025-08-25
ST24,SKU00079,0,32,7,2025-09-04
ST01,SKU04791,142,26,8,2025-07-09
ST01,SKU02576,245,49,24,2025-07-16
ST30,SKU03277,63,20,10,2025-06-09
ST08,SKU01303,165,33,14,2025-06-07
ST02,SKU00734,259,63,13,2025-05-27
ST17,SKU00305,307,56,12,2025-07-23
ST22,SKU00649,393,72,27,2025-06-25
ST08,SKU02700,209,53,13,2025-06-04
ST01,SKU03744,254,58,28,2025-05-09
ST08,SKU02471,404,81,28,2025-08-31
ST27,SKU00498,291,59,24,2025-07-30
ST20,SKU01542,310,77,36,2025-07-29
ST06,SKU03822,151,35,14,2025-08-19
ST16,SKU04281,423,93,37,2025-05-29
ST14,SKU03454,267,74,20,2025-06-06
ST05,SKU04388,493,95,26,2025-05-08
ST22,SKU03803,500,94,27,2025-05-25
ST24,SKU04401,178,42,12,2025-07-01
ST12,SKU03115,246,67,13,2025-06-17
ST25,SKU01068,153,38,15,2025-05-12
ST18,SKU02112,90,21,9,2025-08-23
ST20,SKU02710,451,86,29,2025-07-28
ST14,SKU00421,330,71,18,2025-07-21
ST21,SKU03349,235,48,15,2025-08-16
ST28,SKU00090,178,46,13,2025-08-08
ST07,SKU03414,425,87,29,2025-08-28
ST03,SKU00262,109,34,12,2025-06-27
ST25,SKU04222,548,98,45,2025-07-08
ST30,SKU02351,103,29,12,2025-08-14
ST26,SKU01414,0,55,12,2025-09-27
ST15,SKU00501,359,70,20,2025-07-17
ST27,SKU03773,413,90,24,2025-08-23
ST28,SKU04641,341,59,19,2025-05-20
ST07,SKU03535,0,52,18,2025-10-01
ST17,SKU02533,184,34,12,2025-08-07
ST20,SKU01784,0,60,15,2025-08-05
ST08,SKU00498,263,77,23,2025-06-08
ST30,SKU02472,486,83,18,2025-08-26
ST24,SKU02657,0,26,7,2025-09-28
ST29,SKU04987,310,88,42,2025-07-14
ST24,SKU04643,128,24,6,2025-05-18
ST22,SKU01830,62,20,7,2025-07-14
ST01,SKU02710,474,99,48,2025-08-28
ST16,SKU03476,0,25,9,2025-08-23
ST21,SKU01605,119,32,6,2025-07-08
ST01,SKU04107,359,77,33,2025-07-21
ST22,SKU04166,0,87,29,2025-09-29
ST17,SKU03822,255,52,19,2025-06-03
ST13,SKU04346,0,67,18,2025-10-06
ST20,SKU03073,267,71,21,2025-08-07
ST04,SKU04526,236,47,10,2025-08-26
ST30,SKU01317,0,49,17,2025-09-20
ST09,SKU04641,295,79,39,2025-05-09
ST11,SKU01038,406,94,29,2025-08-07
ST28,SKU04654,569,97,42,2025-08-04
ST19,SKU03602,330,65,27,2025-05-13
ST12,SKU04646,0,37,9,2025-10-01
ST12,SKU00445,0,56,25,2025-08-30
ST01,SKU04228,267,77,36,2025-07-30
ST15,SKU01911,426,92,45,2025-08-07
ST08,SKU04941,180,44,12,2025-05-06
ST18,SKU01428,145,26,6,2025-08-22
ST18,SKU03414,383,68,16,2025-08-30
ST25,SKU00155,279,75,33,2025-08-31
ST23,SKU03492,352,59,20,2025-08-03
ST21,SKU00679,223,39,14,2025-05-08
ST02,SKU02386,209,41,9,2025-06-29
ST05,SKU02657,0,36,13,2025-09-03
ST10,SKU04987,381,70,18,2025-08-15
ST29,SKU03014,231,57,19,2025-06-07
ST29,SKU05000,553,93,36,2025-08-10
ST05,SKU04643,425,88,42,2025-08-02
ST06,SKU03030,0,29,13,2025-09-26
ST21,SKU03833,304,54,21,2025-06-26
ST16,SKU01274,0,28,7,2025-08-20
ST20,SKU04362,0,23,5,2025-09-28
ST25,SKU04706,79,23,7,2025-07-10
ST15,SKU01803,269,59,21,2025-08-16
ST27,SKU03089,273,75,26,2025-08-07
ST13,SKU00976,0,50,20,2025-09-17
ST08,SKU04244,151,35,15,2025-06-28
ST01,SKU00858,268,68,27,2025-08-29
ST16,SKU03839,329,62,29,2025-05-25
ST09,SKU00682,270,57,13,2025-08-28
ST11,SKU03266,121,25,12,2025-05-27
ST28,SKU02681,247,48,15,2025-05-25
ST12,SKU04888,262,46,18,2025-08-03
ST20,SKU02268,0,94,30,2025-10-08
ST27,SKU03210,117,31,14,2025-08-16
ST03,SKU00638,373,71,18,2025-08-11
ST11,SKU04663,0,92,32,2025-08-28
ST06,SKU04319,386,76,28,2025-05-11
ST04,SKU03492,435,97,24,2025-08-15
ST28,SKU01863,165,39,17,2025-05-24
ST21,SKU02907,380,80,24,2025-06-04
ST21,SKU00692,0,60,29,2025-10-05
ST17,SKU01970,335,63,15,2025-07-13
ST10,SKU03014,172,40,15,2025-07-05
ST20,SKU03436,116,23,5,2025-05-10
ST18,SKU04824,0,64,26,2025-08-16
ST13,SKU00050,0,35,7,2025-08-12
ST23,SKU04902,114,28,13,2025-08-28
ST28,SKU03031,193,50,12,2025-05-15
ST09,SKU00574,434,96,36,2025-08-12
ST07,SKU01696,309,70,18,2025-05-06
ST12,SKU02794,108,30,11,2025-07-07
ST29,SKU02209,231,68,15,2025-08-20
ST22,SKU01038,206,45,19,2025-07-15
ST01,SKU04362,0,100,40,2025-08-07
ST08,SKU03089,112,31,11,2025-07-04
ST11,SKU00354,295,65,26,2025-05-12
ST26,SKU01911,238,44,13,2025-06-06
ST02,SKU02520,78,21,9,2025-08-05
ST07,SKU00649,157,27,9,2025-05-31
ST10,SKU00920,0,40,19,2025-08-28
ST03,SKU04142,388,93,40,2025-07-07
ST18,SKU04945,315,68,23,2025-06-29
ST30,SKU04016,0,47,17,2025-10-09
ST11,SKU03737,361,65,15,2025-07-14
ST28,SKU03152,201,64,25,2025-06-13
ST14,SKU03254,293,87,32,2025-05-25
ST21,SKU01981,202,67,25,2025-05-15
ST12,SKU02915,216,38,9,2025-05-22
ST12,SKU04901,197,35,11,2025-08-06
ST17,SKU03030,0,49,14,2025-10-04
ST10,SKU02088,0,99,29,2025-09-16
ST15,SKU04381,0,41,14,2025-09-18
ST13,SKU01568,349,92,21,2025-05-10
ST13,SKU01339,467,94,25,2025-06-16
ST30,SKU04955,207,36,11,2025-06-12
ST09,SKU01863,269,53,21,2025-05-14
ST26,SKU01803,361,96,35,2025-05-21
ST01,SKU03436,184,32,13,2025-06-01
ST08,SKU00177,0,97,42,2025-09-17
ST13,SKU00521,384,86,37,2025-08-06
ST15,SKU03105,345,68,16,2025-08-06
ST04,SKU04902,536,96,21,2025-08-23
ST11,SKU01643,138,26,8,2025-05-22
ST09,SKU03031,218,52,20,2025-08-19
ST14,SKU03375,72,22,5,2025-08-27
ST12,SKU03036,156,44,10,2025-08-31
ST12,SKU00821,266,64,30,2025-05-23
ST10,SKU02209,353,64,30,2025-05-13
ST15,SKU04273,0,66,29,2025-09-26
ST20,SKU00416,0,22,7,2025-09-27
ST28,SKU04212,474,92,33,2025-06-04
ST22,SKU04663,0,97,29,2025-09-28
ST12,SKU03975,438,78,19,2025-08-23
ST22,SKU00462,246,76,26,2025-06-10
ST17,SKU04319,273,52,23,2025-06-18
ST27,SKU04741,346,96,31,2025-08-12
ST06,SKU01420,0,79,27,2025-10-09
ST09,SKU03152,213,70,23,2025-08-14
ST08,SKU01466,0,79,28,2025-08-12
ST18,SKU04140,0,97,37,2025-10-05
ST03,SKU03108,216,50,14,2025-05-28
ST18,SKU01696,93,28,10,2025-08-10
ST16,SKU00832,0,62,16,2025-09-17
ST22,SKU00354,160,36,9,2025-08-29
ST25,SKU04035,0,70,21,2025-09-16
ST27,SKU04633,0,92,40,2025-09-11
ST08,SKU00190,0,39,9,2025-10-10
ST30,SKU02164,211,51,14,2025-07-17
ST16,SKU04215,211,40,18,2025-07-29
ST12,SKU01063,469,99,24,2025-08-28
ST22,SKU03737,228,60,30,2025-06-21
ST17,SKU01407,112,23,11,2025-05-28
ST29,SKU04679,485,89,44,2025-05-11
ST18,SKU04261,282,48,19,2025-05-23
ST18,SKU02046,0,77,18,2025-10-06
ST01,SKU00416,0,76,31,2025-09-05
ST16,SKU00953,0,36,9,2025-08-19
ST14,SKU00355,455,80,27,2025-08-13
ST26,SKU04381,0,23,5,2025-08-15
ST28,SKU00024,169,35,10,2025-06-04
ST07,SKU01133,363,95,47,2025-07-01
ST19,SKU03173,177,41,16,2025-08-13
ST22,SKU04905,150,46,14,2025-07-25
ST27,SKU02768,231,59,27,2025-08-30
ST27,SKU00553,235,61,26,2025-08-12
ST13,SKU04856,263,49,12,2025-08-19
ST06,SKU01662,0,23,8,2025-08-09
ST06,SKU01433,238,43,14,2025-06-27
ST16,SKU04107,176,52,20,2025-05-22
ST05,SKU04443,297,94,26,2025-08-31
ST22,SKU01643,159,41,13,2025-07-14
ST15,SKU02421,215,51,24,2025-08-03
ST18,SKU04153,311,98,35,2025-06-22
ST20,SKU00550,197,51,19,2025-07-09
ST14,SKU02462,0,47,12,2025-09-18
ST10,SKU03740,144,28,6,2025-08-11
ST24,SKU01423,185,33,16,2025-05-16
ST29,SKU01538,233,63,22,2025-07-24
ST03,SKU00317,233,77,17,2025-08-24
ST27,SKU02660,0,28,8,2025-09-19
ST30,SKU04392,157,51,18,2025-05-18
ST04,SKU03171,0,22,9,2025-08-17
ST16,SKU04228,364,83,20,2025-07-18
ST21,SKU00371,462,94,27,2025-06-14
ST10,SKU04679,128,22,10,2025-08-27
ST03,SKU01485,0,34,11,2025-09-11
ST06,SKU00507,211,50,23,2025-06-27
ST21,SKU01310,407,76,20,2025-06-26
ST09,SKU00024,72,21,5,2025-07-27
ST02,SKU01031,210,54,23,2025-05-14
ST19,SKU01200,134,23,8,2025-05-18
ST20,SKU04054,454,82,30,2025-08-31
ST08,SKU02768,155,46,14,2025-08-14
ST08,SKU00553,320,63,30,2025-06-16
ST15,SKU01495,149,30,7,2025-08-19
ST27,SKU04996,228,40,9,2025-06-03
ST04,SKU03292,0,63,31,2025-09-20
ST04,SKU03063,0,34,16,2025-08-11
ST21,SKU04693,355,99,31,2025-08-21
ST21,SKU00263,0,33,7,2025-08-08
ST07,SKU02543,0,93,29,2025-08-26
ST13,SKU04280,0,73,15,2025-10-07
ST03,SKU03592,321,60,21,2025-06-25
ST01,SKU00550,458,85,38,2025-08-25
ST14,SKU04919,328,55,16,2025-07-21
ST23,SKU04244,123,30,12,2025-07-26
ST14,SKU04690,542,92,29,2025-06-14
ST12,SKU04580,159,46,18,2025-08-04
ST05,SKU01423,392,70,24,2025-08-05
ST10,SKU01538,260,52,21,2025-07-05
ST03,SKU00330,324,81,31,2025-07-16
ST18,SKU01133,461,92,21,2025-06-25
ST19,SKU04475,190,63,23,2025-06-19
ST17,SKU01662,0,55,11,2025-09-24
ST12,SKU01318,140,38,19,2025-05-11
ST24,SKU00389,298,71,20,2025-07-30
ST08,SKU03828,242,47,18,2025-06-06
ST06,SKU02964,532,91,28,2025-05-16
ST04,SKU04352,470,96,40,2025-08-03
ST06,SKU00749,438,84,17,2025-07-21
ST02,SKU03259,0,63,28,2025-08-07
ST26,SKU02421,156,39,13,2025-06-05
ST07,SKU03603,223,48,23,2025-05-12
ST01,SKU02068,0,21,8,2025-10-11
ST27,SKU01037,0,20,6,2025-08-30
ST01,SKU04054,191,36,15,2025-05-23
ST03,SKU04652,189,51,21,2025-05-10
ST11,SKU04476,0,77,24,2025-08-21
ST16,SKU04591,148,44,17,2025-06-24
ST16,SKU02376,265,62,14,2025-08-22
ST19,SKU02381,0,53,25,2025-09-27
ST01,SKU01021,0,81,19,2025-09-12
ST20,SKU01034,340,59,24,2025-08-21
ST23,SKU02500,273,70,33,2025-05-15
ST14,SKU02946,255,71,27,2025-08-14
ST23,SKU00285,0,42,16,2025-08-12
ST02,SKU03609,385,94,29,2025-07-20
ST15,SKU04073,142,46,18,2025-06-15
ST25,SKU04532,328,65,23,2025-08-08
ST25,SKU00331,214,71,16,2025-08-12
ST06,SKU02038,304,91,30,2025-05-18
ST11,SKU00167,175,35,10,2025-08-31
ST28,SKU01568,409,99,21,2025-06-26
ST07,SKU00691,128,27,11,2025-08-05
ST05,SKU02833,0,23,6,2025-09-05
ST19,SKU00516,135,32,10,2025-06-30
ST26,SKU01495,127,24,5,2025-05-14
ST05,SKU00389,306,80,34,2025-08-31
ST17,SKU01675,470,95,23,2025-07-15
ST06,SKU00991,220,60,23,2025-07-08
ST23,SKU04607,91,25,9,2025-07-23
ST26,SKU02892,0,34,17,2025-08-30
ST12,SKU02728,131,35,10,2025-08-10
ST08,SKU01037,0,63,20,2025-10-04
ST13,SKU01152,0,31,7,2025-10-12
ST30,SKU04768,344,81,26,2025-08-12
ST11,SKU02503,0,65,26,2025-08-08
ST06,SKU04145,375,80,29,2025-08-04
ST08,SKU02205,348,61,20,2025-06-13
ST08,SKU04191,0,63,28,2025-08-28
ST01,SKU01034,167,29,6,2025-07-10
ST30,SKU03950,230,60,29,2025-06-30
ST18,SKU00449,391,69,34,2025-06-09
ST04,SKU02500,243,50,18,2025-05-08
ST04,SKU00285,0,21,5,2025-08-16
ST02,SKU03622,0,70,30,2025-09-10
ST07,SKU01751,0,88,27,2025-09-02
ST02,SKU01407,133,24,9,2025-06-08
ST17,SKU00978,116,37,16,2025-08-14
ST29,SKU04250,285,68,23,2025-08-02
ST15,SKU04315,0,38,10,2025-08-21
ST17,SKU00749,548,95,45,2025-05-21
ST18,SKU03603,314,75,17,2025-08-22
ST23,SKU01466,0,26,9,2025-08-18
ST09,SKU01568,341,63,21,2025-06-09
ST16,SKU00524,293,91,32,2025-08-07
ST07,SKU04905,307,73,25,2025-06-19
ST05,SKU00860,393,66,17,2025-06-20
ST05,SKU00631,125,32,9,2025-08-02
ST27,SKU04554,206,49,18,2025-06-08
ST03,SKU03968,149,48,10,2025-07-05
ST18,SKU05000,116,34,10,2025-09-01
ST18,SKU04771,236,46,9,2025-06-23
ST16,SKU03907,0,82,24,2025-10-12
ST23,SKU04849,307,98,29,2025-07-29
ST29,SKU00170,444,86,29,2025-06-29
ST03,SKU00935,390,81,33,2025-08-15
ST13,SKU03609,531,90,34,2025-07-16
ST15,SKU02221,448,97,46,2025-07-23
ST20,SKU00350,184,56,11,2025-07-24
ST16,SKU00645,269,67,23,2025-07-31
ST26,SKU04073,154,43,13,2025-08-31
ST10,SKU03311,348,75,36,2025-07-25
ST24,SKU00994,0,54,17,2025-09-04
ST17,SKU00052,153,40,18,2025-05-17
ST17,SKU02038,272,56,22,2025-05-15
ST22,SKU00167,128,29,13,2025-06-19
ST01,SKU03491,460,91,25,2025-06-26
ST15,SKU01174,319,64,18,2025-07-29
ST03,SKU01874,104,31,10,2025-05-23
ST18,SKU00691,247,78,26,2025-07-08
ST18,SKU00462,91,21,8,2025-06-16
ST02,SKU03864,411,72,21,2025-05-09
ST07,SKU01993,0,85,34,2025-09-22
ST02,SKU01649,530,94,26,2025-08-17
ST19,SKU01818,156,26,10,2025-08-14
ST29,SKU00291,0,49,15,2025-08-08
ST17,SKU00991,350,65,27,2025-05-12
ST29,SKU02277,139,34,10,2025-06-14
ST10,SKU04250,66,22,5,2025-08-17
ST15,SKU00127,131,31,11,2025-05-17
ST22,SKU04489,0,35,9,2025-10-02
ST03,SKU02224,89,23,7,2025-07-18
ST08,SKU04554,213,43,9,2025-08-19
ST25,SKU01754,304,64,28,2025-05-19
ST11,SKU03805,122,38,15,2025-05-16
ST04,SKU04849,241,46,12,2025-06-20
ST28,SKU03220,197,34,11,2025-06-16
ST23,SKU00890,220,55,26,2025-05-19
ST07,SKU04329,0,33,9,2025-10-07
ST02,SKU01770,188,52,14,2025-06-03
ST17,SKU01112,132,39,13,2025-06-01
ST10,SKU00170,192,63,27,2025-06-11
ST27,SKU03749,248,49,17,2025-08-27
ST13,SKU03851,0,54,18,2025-08-07
ST27,SKU03520,197,50,17,2025-08-29
ST13,SKU03622,0,82,28,2025-08-04
ST30,SKU03266,167,50,15,2025-08-06
ST18,SKU01751,0,52,13,2025-09-29
ST18,SKU03966,493,83,27,2025-05-07
ST13,SKU01407,488,99,33,2025-05-06
ST28,SKU04388,125,29,11,2025-05-08
ST14,SKU04261,272,58,26,2025-05-30
ST02,SKU02938,315,67,33,2025-05-07
ST07,SKU03053,0,41,11,2025-09-10
ST05,SKU00994,0,51,25,2025-10-10
ST01,SKU03504,503,84,20,2025-08-30
ST13,SKU00589,175,34,16,2025-07-08
ST23,SKU02997,255,47,13,2025-07-02
ST02,SKU04106,113,25,11,2025-07-28
ST07,SKU00020,0,57,23,2025-09-18
ST19,SKU04046,0,36,9,2025-09-27
ST29,SKU04505,178,42,9,2025-06-11
ST10,SKU00062,0,36,15,2025-09-29
ST15,SKU02355,0,84,27,2025-08-04
ST13,SKU03743,0,45,16,2025-09-14
ST28,SKU04280,0,65,15,2025-09-18
ST17,SKU02401,0,64,28,2025-08-06
ST19,SKU02999,221,45,16,2025-05-16
ST12,SKU02057,435,76,30,2025-05-30
ST03,SKU00251,328,78,18,2025-06-29
ST15,SKU03523,275,47,11,2025-05-22
ST27,SKU00608,161,35,10,2025-07-02
ST04,SKU03105,257,43,10,2025-07-30
ST16,SKU02176,0,51,14,2025-08-05
ST09,SKU03220,138,46,15,2025-08-22
ST21,SKU00305,264,45,11,2025-05-08
ST26,SKU01174,155,29,12,2025-08-02
ST29,SKU04626,0,83,33,2025-09-19
ST08,SKU03749,438,80,28,2025-06-01
ST01,SKU00592,268,79,34,2025-08-18
ST08,SKU03520,127,23,8,2025-06-02
ST27,SKU01547,0,80,27,2025-08-20
ST09,SKU04388,205,56,14,2025-08-31
ST28,SKU04401,86,24,8,2025-06-05
ST16,SKU03115,153,33,7,2025-06-24
ST26,SKU00127,343,72,29,2025-06-09
ST07,SKU03295,371,91,45,2025-07-29
ST10,SKU01580,119,38,17,2025-05-21
ST17,SKU04508,0,55,22,2025-09-19
ST28,SKU03583,386,98,43,2025-08-21
ST02,SKU04348,0,41,18,2025-10-04
ST07,SKU00262,202,63,24,2025-08-29
ST10,SKU02519,448,83,40,2025-07-25
ST29,SKU04747,321,92,44,2025-07-28
ST29,SKU02532,0,92,32,2025-09-30
ST22,SKU03805,231,67,28,2025-08-22
ST29,SKU00546,261,44,19,2025-08-13
ST25,SKU01070,141,45,11,2025-07-20
ST01,SKU00484,0,71,32,2025-10-01
ST13,SKU01770,306,92,33,2025-09-02
ST18,SKU02114,311,97,29,2025-07-15
ST11,SKU00906,217,58,20,2025-07-30
ST11,SKU02892,0,76,36,2025-08-18
ST21,SKU03580,98,20,7,2025-07-05
ST09,SKU00079,0,72,32,2025-09-22
ST24,SKU01370,0,50,16,2025-08-24
ST03,SKU00264,0,86,24,2025-08-05
ST13,SKU02938,457,96,19,2025-06-15
ST21,SKU02533,305,79,17,2025-05-30
ST19,SKU04409,126,22,6,2025-08-25
ST24,SKU02538,0,85,24,2025-08-18
ST10,SKU02640,0,33,9,2025-08-31
ST10,SKU00654,208,49,14,2025-08-11
ST17,SKU03582,107,30,10,2025-08-21
ST15,SKU02718,275,73,27,2025-05-31
ST25,SKU01191,361,69,28,2025-07-27
ST20,SKU02833,0,21,5,2025-09-10
ST08,SKU01547,0,85,36,2025-09-17
ST06,SKU02898,0,83,18,2025-09-07
ST25,SKU03177,103,20,6,2025-06-22
ST28,SKU02657,0,61,20,2025-10-09
ST28,SKU04643,468,86,20,2025-05-30
ST09,SKU04401,512,100,22,2025-08-22
ST26,SKU02584,166,31,10,2025-05-21
ST02,SKU00978,282,49,15,2025-06-23
ST22,SKU00893,0,49,21,2025-10-09
ST03,SKU00385,331,57,23,2025-05-23
ST09,SKU03583,411,79,22,2025-05-14
ST02,SKU02375,509,89,30,2025-08-20
ST17,SKU01717,357,95,43,2025-08-31
ST10,SKU04747,142,30,11,2025-05-27
ST10,SKU00546,402,98,40,2025-09-01
ST21,SKU03822,400,84,23,2025-06-28
ST23,SKU02205,132,39,13,2025-07-23
ST12,SKU02541,136,25,5,2025-08-02
ST15,SKU01792,535,100,36,2025-07-11
ST23,SKU03602,172,53,20,2025-07-19
ST02,SKU02267,458,85,33,2025-06-10
ST12,SKU03709,404,78,29,2025-08-14
ST02,SKU00052,315,59,24,2025-06-26
ST05,SKU04753,159,40,13,2025-07-23
ST05,SKU02538,0,71,33,2025-09-03
ST24,SKU02780,406,70,34,2025-05-19
ST03,SKU01674,331,70,23,2025-08-09
ST14,SKU04987,276,72,26,2025-08-17
ST09,SKU04643,352,92,41,2025-06-24
ST12,SKU02662,176,43,17,2025-08-17
ST03,SKU02842,190,52,12,2025-07-10
ST22,SKU00906,184,40,14,2025-07-12
ST27,SKU03199,0,88,21,2025-10-12
ST15,SKU01684,328,85,27,2025-06-07
ST18,SKU03416,421,83,40,2025-07-10
ST30,SKU00501,259,76,20,2025-07-19
ST24,SKU04887,101,31,8,2025-07-07
ST06,SKU01046,383,96,23,2025-08-22
ST26,SKU00732,308,58,14,2025-08-05
ST26,SKU02718,309,88,20,2025-07-07
ST24,SKU01854,292,87,42,2025-05-06
ST24,SKU03840,0,55,15,2025-09-06
ST15,SKU01805,454,98,46,2025-07-25
ST04,SKU03602,368,83,27,2025-08-13
ST07,SKU00638,106,26,6,2025-08-21
ST05,SKU02780,294,74,18,2025-05-29
ST15,SKU00987,351,99,36,2025-05-11
ST13,SKU02375,305,71,29,2025-08-11
ST15,SKU00758,377,90,29,2025-08-07
ST23,SKU04783,0,94,47,2025-09-30
ST21,SKU01970,356,75,17,2025-08-03
ST14,SKU03014,180,45,20,2025-05-21
ST10,SKU04292,193,50,22,2025-08-19
ST27,SKU03441,469,86,19,2025-06-05
ST11,SKU04665,420,92,29,2025-05-14
ST16,SKU02794,314,61,16,2025-08-05
ST26,SKU01792,190,41,15,2025-08-21
ST05,SKU04887,167,29,10,2025-08-17
ST10,SKU01030,0,28,13,2025-10-11
ST01,SKU03425,0,45,22,2025-08-08
ST30,SKU01911,118,20,7,2025-08-20
ST13,SKU02267,330,89,37,2025-07-09
ST06,SKU03274,0,52,21,2025-10-06
ST07,SKU04142,188,53,26,2025-06-21
ST05,SKU01854,270,68,14,2025-06-04
ST22,SKU03484,429,77,19,2025-07-07
ST08,SKU03320,167,37,12,2025-07-13
ST06,SKU04442,126,26,13,2025-08-20
ST16,SKU02915,97,24,5,2025-07-29
ST16,SKU04901,152,48,18,2025-07-05
ST21,SKU03030,0,22,7,2025-08-19
ST15,SKU01229,369,80,16,2025-08-07
ST04,SKU04783,0,78,24,2025-09-06
ST10,SKU04305,0,79,38,2025-09-25
ST17,SKU01046,190,51,11,2025-07-28
ST22,SKU03376,312,53,19,2025-08-04
ST08,SKU03441,378,71,28,2025-05-24
ST27,SKU03454,320,60,28,2025-06-07
ST11,SKU02692,0,45,13,2025-08-19
ST16,SKU03036,159,41,16,2025-09-02
ST16,SKU00821,107,32,12,2025-08-31
ST23,SKU03749,106,30,14,2025-09-02
ST14,SKU02209,116,26,11,2025-06-18
ST24,SKU01170,0,22,8,2025-08-29
ST25,SKU01580,108,20,8,2025-07-08
ST18,SKU00638,396,85,39,2025-06-08
ST11,SKU01645,323,56,12,2025-06-25
ST16,SKU03975,133,25,7,2025-07-01
ST21,SKU04319,125,28,7,2025-05-24
ST26,SKU00987,267,73,29,2025-07-18
ST12,SKU00823,0,97,31,2025-09-27
ST10,SKU02211,204,35,11,2025-08-25
ST17,SKU01167,287,50,20,2025-06-07
ST08,SKU03562,355,72,30,2025-05-06
ST15,SKU04504,421,91,36,2025-06-23
ST16,SKU00942,0,99,48,2025-09-24
ST23,SKU03870,0,26,11,2025-09-11
ST11,SKU02584,355,87,38,2025-05-18
ST07,SKU03108,173,29,9,2025-07-28
ST29,SKU03621,216,52,25,2025-05-23
ST22,SKU04665,304,60,17,2025-05-25
ST15,SKU03457,94,26,12,2025-05-08
ST03,SKU04157,0,85,31,2025-09-11
ST11,SKU01766,126,26,8,2025-06-12
ST23,SKU00837,267,80,21,2025-08-22
ST02,SKU03932,352,70,22,2025-07-31
ST05,SKU02217,122,38,12,2025-07-08
ST18,SKU04142,407,75,33,2025-07-30
ST20,SKU00539,0,51,21,2025-08-04
ST08,SKU03454,335,59,14,2025-06-05
ST06,SKU02590,380,68,32,2025-05-22
ST25,SKU00654,236,56,26,2025-05-19
ST16,SKU01063,171,44,11,2025-05-20
ST26,SKU04491,104,21,10,2025-06-13
ST19,SKU01068,102,33,10,2025-08-31
ST05,SKU01170,0,62,21,2025-09-14
ST12,SKU02112,197,56,24,2025-07-22
ST17,SKU04442,148,39,18,2025-06-12
ST15,SKU03578,0,57,18,2025-08-04
ST15,SKU01363,0,93,28,2025-08-21
ST20,SKU03693,0,37,13,2025-08-06
ST15,SKU03349,236,48,12,2025-08-03
ST08,SKU00421,267,49,20,2025-08-03
ST25,SKU01822,410,71,35,2025-07-30
ST23,SKU03173,159,33,7,2025-07-07
ST16,SKU04217,479,85,28,2025-08-23
ST30,SKU04152,326,61,18,2025-07-11
ST02,SKU04053,115,21,10,2025-07-20
ST26,SKU01229,298,86,35,2025-05-27
ST17,SKU03624,203,38,14,2025-07-25
ST24,SKU02351,181,38,17,2025-06-08
ST15,SKU02531,0,21,6,2025-09-21
ST06,SKU04926,0,94,22,2025-10-01
ST25,SKU00775,327,94,28,2025-07-21
ST09,SKU04443,123,29,12,2025-08-09
ST06,SKU02482,0,85,28,2025-08-23
ST29,SKU03863,541,97,38,2025-06-10
ST05,SKU03277,436,100,28,2025-08-26
ST22,SKU02692,0,97,21,2025-10-08
ST29,SKU03634,228,66,17,2025-07-10
ST28,SKU01423,281,65,32,2025-05-26
ST04,SKU00837,181,33,12,2025-07-25
ST21,SKU04453,0,74,30,2025-09-01
ST24,SKU02472,172,49,19,2025-07-08
ST22,SKU01645,338,83,18,2025-08-20
ST01,SKU00539,0,58,14,2025-09-23
ST16,SKU03291,178,35,17,2025-06-28
ST14,SKU04679,234,58,23,2025-08-24
ST21,SKU01420,0,46,22,2025-09-12
ST11,SKU00732,88,22,9,2025-05-29
ST26,SKU04504,146,46,23,2025-08-03
ST15,SKU01605,335,84,25,2025-05-07
ST25,SKU02064,150,44,12,2025-08-02
ST18,SKU03108,395,72,23,2025-06-02
ST11,SKU02129,225,44,15,2025-08-19
ST04,SKU03173,129,39,12,2025-08-14
ST23,SKU01200,368,74,24,2025-06-30
ST04,SKU00958,253,48,18,2025-06-18
ST27,SKU02662,164,50,14,2025-06-08
ST17,SKU01651,212,60,23,2025-07-21
ST03,SKU03702,0,43,14,2025-08-26
ST22,SKU01766,271,74,25,2025-05-25
ST18,SKU04505,278,79,32,2025-08-23
ST13,SKU03932,132,28,13,2025-06-15
ST30,SKU03347,448,85,38,2025-08-09
ST10,SKU03863,380,78,34,2025-05-10
ST29,SKU03876,0,31,13,2025-08-28
ST17,SKU02590,141,29,12,2025-05-26
ST24,SKU01317,0,58,16,2025-08-19
ST15,SKU03941,396,89,39,2025-06-30
ST10,SKU03634,236,44,11,2025-06-14
ST06,SKU03892,209,58,18,2025-05-10
ST11,SKU04236,396,67,32,2025-05-28
ST06,SKU01677,0,43,9,2025-09-07
ST09,SKU01423,310,55,20,2025-06-06
ST16,SKU04580,130,33,9,2025-08-13
ST14,SKU01538,283,67,18,2025-07-10
ST26,SKU01363,0,45,13,2025-08-30
ST07,SKU00330,493,83,36,2025-07-08
ST22,SKU04102,185,47,10,2025-06-09
ST12,SKU03414,223,53,23,2025-08-19
ST19,SKU00155,269,59,20,2025-05-07
ST05,SKU02472,220,60,16,2025-08-08
ST15,SKU00679,268,52,19,2025-06-09
ST25,SKU03353,0,44,11,2025-09-22
ST13,SKU04053,156,49,22,2025-06-11
ST25,SKU01138,0,27,12,2025-09-29
ST23,SKU04475,365,87,25,2025-07-25
ST11,SKU00974,0,39,9,2025-08-13
ST21,SKU01662,0,25,12,2025-08-04
ST28,SKU00389,204,38,18,2025-08-26
ST16,SKU01318,285,81,27,2025-05-09
ST21,SKU01433,278,59,24,2025-05-10
ST07,SKU03484,391,72,30,2025-07-08
ST17,SKU04926,0,73,21,2025-09-13
ST24,SKU01438,0,24,8,2025-09-06
ST13,SKU03235,169,53,13,2025-08-26
ST30,SKU02421,106,21,9,2025-08-31
ST23,SKU03428,205,56,16,2025-07-18
ST04,SKU01200,89,27,11,2025-08-02
ST07,SKU04652,216,63,22,2025-06-30
ST19,SKU04706,304,68,22,2025-08-31
ST12,SKU03535,0,44,10,2025-10-03
ST29,SKU02950,0,90,22,2025-10-02
ST18,SKU02532,0,85,37,2025-08-17
ST18,SKU00317,150,45,21,2025-05-30
ST10,SKU04105,0,58,29,2025-09-29
ST03,SKU00682,96,30,9,2025-08-19
ST01,SKU02070,266,57,12,2025-07-23
ST06,SKU01919,211,61,18,2025-05-22
ST21,SKU02722,283,64,23,2025-05-17
ST21,SKU00507,142,26,13,2025-08-12
ST26,SKU01605,184,49,14,2025-05-13
ST07,SKU02558,114,37,13,2025-07-28
ST10,SKU03058,147,28,13,2025-08-23
ST22,SKU02129,276,75,15,2025-05-21
ST30,SKU01495,260,55,11,2025-07-22
ST04,SKU04475,161,42,12,2025-08-17
ST02,SKU01396,336,85,34,2025-05-21
ST18,SKU03592,332,66,18,2025-09-02
ST16,SKU02728,569,100,41,2025-07-01
ST04,SKU03428,314,92,39,2025-07-01
ST11,SKU00169,0,86,20,2025-09-13
ST23,SKU03441,233,64,27,2025-05-20
ST07,SKU04894,146,41,11,2025-05-11
ST17,SKU01906,345,79,38,2025-06-03
ST17,SKU03892,183,37,15,2025-08-15
ST22,SKU04236,403,91,40,2025-08-31
ST11,SKU01337,271,89,19,2025-06-12
ST11,SKU03323,0,99,23,2025-08-11
ST04,SKU02381,0,74,29,2025-08-24
ST14,SKU02840,0,30,8,2025-09-20
ST08,SKU03254,413,77,34,2025-07-21
ST15,SKU01981,175,35,7,2025-05-22
ST11,SKU04491,128,38,13,2025-06-12
ST06,SKU04147,138,30,13,2025-07-27
ST23,SKU03562,149,40,16,2025-06-26
ST26,SKU04062,236,65,26,2025-05-12
ST21,SKU00749,336,60,23,2025-08-31
ST26,SKU03833,252,51,13,2025-08-01
ST24,SKU04955,252,46,23,2025-05-11
ST03,SKU01863,259,71,26,2025-05-14
ST18,SKU04652,247,50,11,2025-07-22
ST11,SKU01229,74,20,5,2025-05-12
ST02,SKU03624,550,100,30,2025-05-08
ST07,SKU03968,178,37,15,2025-05-26
ST19,SKU01578,0,50,10,2025-09-11
ST03,SKU03031,165,34,9,2025-07-06
ST20,SKU02217,446,89,24,2025-08-15
ST24,SKU03090,429,82,22,2025-07-02
ST10,SKU03192,389,85,40,2025-08-14
ST17,SKU01919,354,64,30,2025-05-10
ST30,SKU04073,272,60,18,2025-05-11
ST20,SKU01170,0,46,20,2025-08-17
ST26,SKU02907,533,96,26,2025-06-07
ST07,SKU01874,495,83,19,2025-07-14
ST29,SKU02387,211,51,14,2025-06-09
ST20,SKU02567,105,34,10,2025-08-28
ST03,SKU02923,0,54,15,2025-10-01
ST11,SKU02747,0,21,5,2025-10-07
ST11,SKU00532,134,34,10,2025-06-23
ST23,SKU01818,278,49,24,2025-08-27
ST14,SKU04250,260,70,20,2025-06-30
ST12,SKU04140,0,24,9,2025-08-13
ST24,SKU00996,0,43,19,2025-08-05
ST22,SKU00169,0,43,12,2025-09-24
ST08,SKU02449,0,56,25,2025-08-30
ST18,SKU04894,136,32,14,2025-05-21
ST06,SKU01356,284,89,27,2025-06-28
ST21,SKU04145,288,73,34,2025-05-29
ST02,SKU01880,374,83,29,2025-05-20
ST26,SKU01042,436,96,35,2025-07-17
ST26,SKU03257,166,28,13,2025-06-24
ST02,SKU01651,191,38,8,2025-06-11
ST24,SKU02164,248,80,36,2025-08-20
ST29,SKU02279,342,65,15,2025-06-01
ST22,SKU01337,282,71,15,2025-07-02
ST23,SKU01939,479,98,39,2025-06-23
ST16,SKU02983,0,80,18,2025-10-10
ST11,SKU02639,74,23,9,2025-06-03
ST14,SKU00170,108,22,5,2025-08-31
ST21,SKU01112,101,22,5,2025-07-29
ST12,SKU04261,220,67,24,2025-05-11
ST12,SKU02046,0,56,26,2025-09-25
ST05,SKU03090,157,28,6,2025-07-12
ST22,SKU04491,113,29,7,2025-06-16
ST03,SKU04212,352,76,25,2025-09-02
ST08,SKU00355,110,27,8,2025-05-08
ST30,SKU04315,0,25,9,2025-09-27
ST20,SKU03627,143,38,8,2025-07-12
ST11,SKU03807,89,29,14,2025-07-15
ST09,SKU00994,0,97,25,2025-10-08
ST07,SKU04102,152,32,14,2025-05-12
ST10,SKU02387,343,91,44,2025-07-25
ST20,SKU04795,365,68,18,2025-06-11
ST20,SKU02580,326,94,36,2025-08-30
ST13,SKU03624,298,59,27,2025-08-22
ST18,SKU03968,285,51,25,2025-07-04
ST11,SKU00774,0,69,26,2025-08-14
ST23,SKU04046,0,29,10,2025-10-04
ST04,SKU01818,299,50,19,2025-07-01
ST14,SKU02277,179,49,19,2025-07-23
ST02,SKU00954,266,73,36,2025-05-10
ST14,SKU00062,0,20,5,2025-08-05
ST07,SKU03284,248,52,26,2025-05-16
ST12,SKU04153,455,96,32,2025-07-27
ST19,SKU00894,294,59,19,2025-08-10
ST05,SKU00996,0,97,43,2025-09-30
ST27,SKU04919,308,92,30,2025-08-30
ST20,SKU01762,195,63,24,2025-06-02
ST27,SKU04690,153,43,9,2025-05-22
ST18,SKU03150,485,100,34,2025-07-06
ST18,SKU00935,323,74,21,2025-08-12
ST30,SKU02221,300,66,28,2025-06-16
ST25,SKU03863,133,33,7,2025-06-22
ST23,SKU02999,161,51,18,2025-08-02
ST16,SKU02057,334,82,33,2025-05-25
ST05,SKU02164,244,49,16,2025-07-31
ST10,SKU02279,113,32,12,2025-06-22
ST15,SKU00371,112,22,9,2025-08-01
ST27,SKU01428,470,87,23,2025-06-27
ST04,SKU04154,0,47,11,2025-09-14
ST18,SKU01874,109,23,9,2025-09-01
ST30,SKU01174,111,23,7,2025-05-14
ST26,SKU00237,238,43,17,2025-08-25
ST24,SKU03574,432,79,36,2025-07-16
ST22,SKU00532,442,74,28,2025-05-14
ST01,SKU03627,195,43,18,2025-06-12
ST15,SKU01310,124,27,9,2025-08-18
ST03,SKU00024,210,69,33,2025-06-11
ST28,SKU03235,303,94,26,2025-08-04
ST07,SKU02129,415,70,32,2025-08-17
ST17,SKU01356,274,60,27,2025-08-25
ST15,SKU04693,330,64,22,2025-08-16
ST01,SKU04795,197,54,11,2025-07-15
ST18,SKU02224,175,40,11,2025-05-14
ST20,SKU02822,290,65,30,2025-06-03
ST01,SKU02580,376,98,34,2025-08-20
ST04,SKU04046,0,91,30,2025-09-11
ST14,SKU02519,185,51,22,2025-06-01
ST14,SKU04505,131,40,11,2025-07-22
ST08,SKU04919,295,60,26,2025-08-07
ST22,SKU02639,300,56,22,2025-08-28
ST01,SKU01762,119,25,5,2025-08-03
ST08,SKU04690,117,33,13,2025-07-25
ST20,SKU01775,0,90,31,2025-10-10
ST25,SKU04334,498,94,33,2025-06-26
ST11,SKU03941,379,88,22,2025-06-10
ST04,SKU02999,507,100,44,2025-08-12
ST02,SKU04350,0,51,20,2025-08-29
ST16,SKU02070,266,48,20,2025-08-22
ST07,SKU00264,0,59,27,2025-08-15
ST10,SKU00535,435,73,33,2025-05-15
ST01,SKU02930,0,24,11,2025-08-25
ST22,SKU01592,231,77,19,2025-05-14
ST25,SKU03058,378,81,17,2025-07-17
ST28,SKU04753,274,48,10,2025-07-05
ST23,SKU04409,147,33,9,2025-07-19
ST28,SKU02538,0,93,27,2025-09-04
ST14,SKU02640,0,91,38,2025-09-02
ST21,SKU03582,294,60,16,2025-07-08
ST16,SKU01023,184,45,21,2025-06-23
ST05,SKU03574,410,88,42,2025-06-28
ST29,SKU03931,66,22,6,2025-05-16
ST29,SKU03702,0,63,16,2025-08-16
ST13,SKU00954,387,99,33,2025-09-02
ST04,SKU03349,259,77,17,2025-05-22
ST11,SKU04062,95,23,11,2025-06-20
ST07,SKU00385,169,49,10,2025-08-13
ST10,SKU02871,239,44,22,2025-05-26
ST15,SKU00734,330,69,17,2025-05-12
ST01,SKU02822,456,91,28,2025-05-29
ST18,SKU00251,368,96,23,2025-08-22
ST30,SKU03523,202,35,8,2025-05-06
ST04,SKU02302,307,68,26,2025-06-28
ST14,SKU04747,182,50,13,2025-08-01
ST14,SKU00546,216,44,19,2025-07-13
ST26,SKU00371,529,98,39,2025-06-02
ST29,SKU04052,432,76,28,2025-08-28
ST08,SKU02946,120,20,9,2025-07-02
ST13,SKU01075,446,81,22,2025-05-31
ST01,SKU01775,0,71,35,2025-09-16
ST11,SKU04412,527,91,39,2025-05-20
ST16,SKU02541,484,93,31,2025-07-17
ST23,SKU03254,316,69,28,2025-08-17
ST07,SKU00506,0,34,13,2025-10-01
ST05,SKU02648,0,45,14,2025-09-11
ST19,SKU00331,188,52,16,2025-05-19
ST19,SKU04532,366,68,19,2025-06-05
ST01,SKU00728,0,82,23,2025-08-14
ST04,SKU04409,230,47,18,2025-08-30
ST28,SKU02780,91,24,8,2025-05-26
ST26,SKU04693,325,60,29,2025-08-03
ST07,SKU01674,165,48,11,2025-06-22
ST12,SKU00328,0,39,13,2025-09-25
ST25,SKU04468,377,63,18,2025-05-09
ST23,SKU03375,149,47,16,2025-08-27
ST24,SKU04768,441,93,37,2025-05-15
ST18,SKU00264,0,84,27,2025-09-25
ST28,SKU04887,509,96,33,2025-08-04
ST11,SKU03257,249,64,26,2025-07-21
ST24,SKU03950,552,95,32,2025-06-03
ST10,SKU04052,295,71,19,2025-07-01
ST29,SKU02079,0,36,18,2025-09-15
ST12,SKU00449,279,77,38,2025-08-13
ST20,SKU04245,0,93,41,2025-09-05
ST27,SKU00986,238,46,13,2025-05-20
ST30,SKU02718,159,35,8,2025-08-05
ST28,SKU01854,176,39,17,2025-07-16
ST28,SKU03840,0,97,44,2025-09-22
ST02,SKU04605,171,32,12,2025-07-01
ST10,SKU03005,212,39,8,2025-07-26
ST22,SKU00090,162,33,7,2025-07-20
ST03,SKU04012,0,67,15,2025-09-30
ST12,SKU03603,150,37,17,2025-08-23
ST08,SKU02141,0,37,13,2025-10-11
ST29,SKU01032,202,40,18,2025-05-14
ST18,SKU00385,149,31,13,2025-07-06
ST09,SKU02780,461,80,31,2025-06-16
ST26,SKU00734,191,50,11,2025-06-14
ST12,SKU05000,191,42,17,2025-05-25
ST29,SKU01971,201,56,12,2025-07-26
ST22,SKU04412,497,93,24,2025-05-25
ST29,SKU01153,0,29,6,2025-09-02
ST29,SKU03139,265,50,21,2025-05-31
ST27,SKU04261,466,80,33,2025-06-13
ST20,SKU01104,204,65,31,2025-06-25
ST04,SKU00342,232,69,31,2025-06-11
ST23,SKU02570,240,41,10,2025-06-02
ST28,SKU00699,194,46,19,2025-07-16
ST26,SKU00855,262,60,29,2025-05-22
ST23,SKU00355,197,38,8,2025-09-01
ST05,SKU03950,116,23,6,2025-05-17
ST12,SKU00691,361,87,36,2025-08-11
ST10,SKU02079,0,29,13,2025-09-02
ST20,SKU02501,219,59,22,2025-08-25
ST25,SKU04831,307,52,21,2025-05-29
ST20,SKU00286,0,75,22,2025-08-17
ST08,SKU00986,308,71,19,2025-06-09
ST18,SKU01674,472,85,19,2025-08-07
ST25,SKU00401,461,92,32,2025-06-25
ST09,SKU01854,109,22,7,2025-09-01
ST09,SKU03840,0,82,23,2025-09-17
ST02,SKU04847,0,99,44,2025-08-21
ST10,SKU01032,275,81,23,2025-06-15
ST29,SKU01045,0,100,30,2025-08-09
ST18,SKU02842,338,67,27,2025-08-09
ST30,SKU01684,92,30,6,2025-08-10
ST02,SKU03800,0,54,17,2025-09-30
ST26,SKU00976,0,42,13,2025-09-03
ST07,SKU04144,396,94,34,2025-07-10
ST19,SKU01754,570,100,40,2025-08-29
ST22,SKU03257,70,23,7,2025-06-22
ST21,SKU01046,255,44,22,2025-07-30
ST24,SKU03266,124,22,8,2025-05-08
ST22,SKU04654,396,91,23,2025-08-08
ST25,SKU03905,305,89,20,2025-07-26
ST13,SKU04605,121,25,9,2025-07-14
ST04,SKU00584,373,91,35,2025-06-24
ST04,SKU02570,149,25,5,2025-05-24
ST09,SKU00699,174,39,15,2025-07-14
ST20,SKU04729,208,38,10,2025-08-26
ST01,SKU02501,249,58,19,2025-08-29
ST01,SKU00286,0,75,32,2025-09-03
ST20,SKU02514,257,43,14,2025-06-05
ST30,SKU00987,427,97,22,2025-06-03
ST30,SKU00758,183,54,16,2025-06-28
ST21,SKU01167,184,43,11,2025-05-06
ST14,SKU02211,334,63,13,2025-07-30
ST19,SKU03043,153,28,8,2025-05-23
ST10,SKU01274,0,86,41,2025-09-27
ST29,SKU01287,348,65,18,2025-06-29
ST10,SKU01045,0,23,7,2025-09-29
ST03,SKU00066,275,68,33,2025-07-01
ST13,SKU02740,0,76,30,2025-08-05
ST13,SKU04955,302,79,33,2025-08-13
ST06,SKU01303,151,26,12,2025-08-09
ST21,SKU04321,0,30,11,2025-09-09
ST24,SKU02340,0,100,31,2025-09-19
ST29,SKU00240,260,57,16,2025-06-08
ST03,SKU03220,318,60,14,2025-08-31
ST15,SKU00305,95,23,11,2025-05-26
ST06,SKU02471,257,65,16,2025-05-31
ST09,SKU00002,0,72,35,2025-10-02
ST21,SKU03274,0,70,23,2025-09-22
ST14,SKU04318,0,99,37,2025-08-18
ST05,SKU03266,381,94,28,2025-08-13
ST22,SKU00466,531,98,20,2025-05-25
ST03,SKU04388,111,33,13,2025-07-11
ST20,SKU03803,262,47,23,2025-07-23
ST25,SKU04147,273,60,15,2025-06-10
ST20,SKU03574,297,60,22,2025-07-17
ST16,SKU02112,199,54,18,2025-06-28
ST21,SKU04442,368,63,28,2025-06-18
ST29,SKU04791,336,89,39,2025-06-13
ST29,SKU02576,132,28,10,2025-08-04
ST15,SKU04627,0,56,23,2025-09-27
ST01,SKU04729,295,79,23,2025-06-16
ST13,SKU03800,0,64,13,2025-08-18
ST18,SKU04144,167,47,19,2025-07-20
ST25,SKU02871,370,67,13,2025-05-29
ST23,SKU04222,357,63,30,2025-05-15
ST11,SKU00721,156,34,8,2025-06-30
ST28,SKU02351,161,50,17,2025-05-11
ST12,SKU04329,0,93,40,2025-10-11
ST19,SKU01070,322,54,20,2025-07-07
ST29,SKU03744,264,56,21,2025-08-10
ST01,SKU01696,240,80,26,2025-06-02
ST13,SKU00538,0,58,18,2025-08-23
ST09,SKU03277,217,60,13,2025-08-15
ST23,SKU02946,427,94,31,2025-06-17
ST28,SKU01075,281,68,18,2025-09-02
ST10,SKU00240,158,34,11,2025-06-29
ST15,SKU02533,128,23,9,2025-08-02
ST01,SKU00649,300,56,24,2025-07-24
ST28,SKU02472,282,62,29,2025-07-31
ST19,SKU03177,170,43,19,2025-06-30
ST27,SKU04987,312,99,20,2025-05-10
ST03,SKU04401,550,92,38,2025-07-07
ST20,SKU01830,214,49,17,2025-06-10
ST30,SKU04504,274,49,12,2025-05-26
ST21,SKU00254,0,62,24,2025-08-21
ST10,SKU02576,321,77,21,2025-06-02
ST03,SKU03583,143,34,8,2025-06-07
ST17,SKU01303,224,50,23,2025-06-08
ST30,SKU03457,168,34,7,2025-06-26
ST18,SKU04157,0,89,37,2025-10-04
ST13,SKU01827,296,90,44,2025-07-17
ST04,SKU04222,407,69,31,2025-05-27
ST09,SKU02351,272,57,19,2025-05-10
ST11,SKU00734,107,22,10,2025-06-28
ST26,SKU00305,171,36,14,2025-06-11
ST12,SKU04571,0,62,19,2025-08-08
ST10,SKU03744,271,62,23,2025-08-11
ST29,SKU01542,122,29,10,2025-08-08
ST15,SKU03822,301,81,30,2025-08-05
ST25,SKU04281,271,55,19,2025-06-27
ST27,SKU04879,369,70,23,2025-07-01
ST06,SKU03773,141,42,19,2025-05-19
ST14,SKU03863,344,62,31,2025-06-24
ST21,SKU02590,513,98,45,2025-07-08
ST14,SKU03634,433,73,36,2025-07-10
ST07,SKU04641,366,91,28,2025-09-02
ST12,SKU03295,377,77,32,2025-06-17
ST29,SKU02710,125,35,10,2025-05-14
ST30,SKU03578,0,66,16,2025-10-01
ST30,SKU01363,0,81,34,2025-09-02
ST30,SKU03349,234,45,12,2025-09-02
ST16,SKU03414,170,31,6,2025-07-21
ST04,SKU02128,370,83,17,2025-06-24
ST23,SKU00155,290,72,36,2025-08-24
ST11,SKU00855,433,73,25,2025-07-07
ST26,SKU04627,0,53,14,2025-10-05
ST02,SKU01264,117,26,13,2025-05-28
ST09,SKU02472,282,60,16,2025-07-08
ST29,SKU04107,234,60,29,2025-08-02
ST08,SKU04987,482,91,35,2025-07-09
ST27,SKU03014,106,29,8,2025-07-14
ST01,SKU01830,185,56,18,2025-07-04
ST30,SKU02531,0,61,23,2025-08-05
ST26,SKU03580,132,36,8,2025-05-12
ST29,SKU00845,0,80,25,2025-08-23
ST24,SKU00501,183,61,18,2025-05-14
ST11,SKU00976,0,37,9,2025-08-28
ST22,SKU03057,0,68,31,2025-08-13
ST17,SKU00498,454,93,22,2025-06-05
ST14,SKU03876,0,37,13,2025-09-21
ST09,SKU01317,0,70,21,2025-08-22
ST07,SKU04654,99,31,14,2025-07-14
ST25,SKU03476,0,70,33,2025-09-29
ST04,SKU00155,325,79,21,2025-07-30
ST02,SKU03492,371,79,17,2025-06-03
ST15,SKU01970,247,44,18,2025-07-31
ST09,SKU01438,0,87,38,2025-08-05
ST26,SKU03822,338,72,21,2025-09-02
ST07,SKU00574,375,88,33,2025-08-10
ST10,SKU00845,0,44,19,2025-09-02
ST29,SKU03073,283,65,15,2025-05-23
ST29,SKU00858,136,37,14,2025-05-13
ST13,SKU04526,375,84,20,2025-06-02
ST27,SKU02209,136,28,13,2025-08-22
ST30,SKU03941,215,66,16,2025-05-09
ST18,SKU04641,488,96,21,2025-08-30
ST05,SKU00501,179,41,17,2025-08-24
ST20,SKU01038,455,77,23,2025-06-21
ST06,SKU03089,117,28,14,2025-05-17
ST06,SKU00874,91,27,13,2025-07-19
ST21,SKU03892,250,52,16,2025-07-10
ST12,SKU02840,0,27,8,2025-08-09
ST10,SKU04228,111,30,12,2025-07-30
ST24,SKU01911,126,32,8,2025-08-26
ST10,SKU01784,0,37,15,2025-09-13
ST08,SKU00920,0,59,25,2025-09-27
ST13,SKU01264,164,29,10,2025-07-02
ST16,SKU04945,307,56,27,2025-07-29
ST28,SKU04016,0,61,26,2025-09-02
ST11,SKU02386,296,75,33,2025-06-08
ST16,SKU02501,388,67,27,2025-07-10
ST15,SKU03030,0,71,23,2025-09-10
ST30,SKU03833,190,34,13,2025-08-20
ST11,SKU01339,402,86,19,2025-05-08
ST07,SKU01863,169,34,10,2025-08-06
ST24,SKU01803,139,46,11,2025-05-06
ST30,SKU00571,168,34,7,2025-05-08
ST23,SKU01578,0,90,36,2025-10-07
ST02,SKU04902,336,73,35,2025-07-15
ST07,SKU03031,299,71,26,2025-06-20
ST10,SKU03073,122,40,20,2025-07-31
ST10,SKU00858,213,38,18,2025-05-17
ST08,SKU02209,222,41,15,2025-08-21
ST25,SKU03839,422,95,32,2025-08-14
ST18,SKU00682,308,61,24,2025-05-20
ST01,SKU01038,511,87,33,2025-08-28
ST16,SKU04019,381,83,20,2025-06-16
ST28,SKU03090,138,25,12,2025-06-28
ST14,SKU03192,293,74,30,2025-06-18
ST21,SKU01919,419,72,23,2025-06-17
ST05,SKU04126,0,34,9,2025-08-17
ST05,SKU01911,195,61,25,2025-07-30
ST29,SKU02268,0,51,17,2025-09-15
ST19,SKU01580,505,93,37,2025-06-23
ST12,SKU00638,523,91,33,2025-06-15
ST20,SKU04663,0,50,16,2025-08-08
ST15,SKU04319,105,30,12,2025-05-18
ST13,SKU03492,145,46,13,2025-06-18
ST30,SKU02907,310,85,28,2025-08-15
ST30,SKU00692,0,20,6,2025-10-08
ST07,SKU03152,221,41,18,2025-05-28
ST26,SKU01970,146,40,9,2025-08-29
ST18,SKU00574,252,72,18,2025-06-05
ST28,SKU00996,0,77,30,2025-08-18
ST16,SKU01696,117,33,10,2025-07-03
ST09,SKU04955,161,48,17,2025-05-06
ST10,SKU02376,250,69,16,2025-05-22
ST05,SKU01803,494,100,48,2025-07-21
ST17,SKU03089,283,76,22,2025-06-04
ST30,SKU01042,364,97,45,2025-06-02
ST20,SKU02340,0,96,32,2025-08-24
ST20,SKU00354,370,78,33,2025-08-14
ST06,SKU00190,0,28,10,2025-09-14
ST28,SKU02164,355,61,24,2025-07-01
ST11,SKU02520,438,90,22,2025-07-22
ST16,SKU00649,208,55,14,2025-07-30
ST02,SKU02700,247,68,17,2025-07-29
ST12,SKU04142,223,55,18,2025-08-16
ST19,SKU00654,149,25,10,2025-07-20
ST20,SKU03737,392,80,36,2025-05-10
ST27,SKU04679,336,89,33,2025-05-17
ST30,SKU01981,166,49,15,2025-07-19
ST09,SKU03090,345,100,44,2025-07-07
ST26,SKU03259,0,100,26,2025-09-14
ST26,SKU03030,0,50,21,2025-08-22
ST19,SKU01822,294,70,29,2025-06-18
ST17,SKU03210,523,93,38,2025-06-28
ST24,SKU04152,403,77,21,2025-06-18
ST20,SKU04905,254,45,16,2025-07-26
ST01,SKU04663,0,92,21,2025-08-04
ST11,SKU04856,239,53,15,2025-08-26
ST14,SKU02387,346,89,27,2025-08-28
ST10,SKU03436,364,75,18,2025-05-20
ST22,SKU00521,357,71,32,2025-06-09
ST03,SKU04443,308,64,17,2025-07-07
ST19,SKU00775,217,45,11,2025-07-22
ST13,SKU04902,286,78,17,2025-08-25
ST20,SKU01643,345,79,36,2025-07-04
ST18,SKU03031,163,36,12,2025-05-12
ST16,SKU04153,336,59,29,2025-07-11
ST23,SKU00894,306,93,44,2025-08-27
ST09,SKU00996,0,24,10,2025-09-10
ST20,SKU04797,352,60,14,2025-06-12
ST27,SKU01538,197,62,23,2025-06-08
ST01,SKU00354,381,67,23,2025-05-10
ST04,SKU04035,0,44,21,2025-09-10
ST06,SKU04633,0,25,7,2025-09-30
ST09,SKU02164,161,30,10,2025-07-01
ST28,SKU04392,354,68,32,2025-07-18
ST02,SKU03171,0,79,20,2025-08-30
ST14,SKU02279,351,68,29,2025-06-03
ST26,SKU04319,65,21,6,2025-05-19
ST01,SKU03737,153,45,18,2025-05-28
ST15,SKU01420,0,53,25,2025-09-04
ST08,SKU04679,380,81,26,2025-08-18
ST05,SKU04381,0,27,12,2025-09-25
ST24,SKU02408,272,79,19,2025-06-30
ST07,SKU00024,210,38,9,2025-06-06
ST12,SKU03108,174,31,9,2025-05-27
ST19,SKU02064,92,23,10,2025-07-08
ST01,SKU04905,340,82,27,2025-06-07
ST15,SKU04574,0,68,18,2025-10-07
ST25,SKU00832,0,66,29,2025-09-29
ST21,SKU01356,319,83,36,2025-06-19
ST12,SKU04505,219,42,18,2025-08-27
ST12,SKU00075,242,42,20,2025-08-08
ST17,SKU00190,0,64,29,2025-10-01
ST01,SKU01643,234,61,17,2025-05-24
ST25,SKU04215,307,72,24,2025-08-07
ST04,SKU00894,220,40,12,2025-08-27
ST09,SKU01009,0,34,16,2025-08-08
ST10,SKU00416,0,74,36,2025-09-01
ST03,SKU01423,265,82,38,2025-08-03
ST01,SKU04797,388,72,25,2025-08-07
ST08,SKU01538,335,56,18,2025-08-12
ST18,SKU04212,243,64,30,2025-06-07
ST25,SKU00953,0,38,10,2025-10-06
ST06,SKU02660,0,31,12,2025-10-05
ST06,SKU00445,0,62,28,2025-10-06
ST14,SKU00535,96,32,11,2025-08-21
ST16,SKU01133,527,93,43,2025-05-08
ST19,SKU01138,0,49,12,2025-10-01
ST22,SKU04856,263,50,10,2025-07-25
ST15,SKU01433,318,81,38,2025-08-09
ST25,SKU04107,250,45,20,2025-06-11
ST09,SKU03574,164,43,20,2025-05-08
ST06,SKU03828,192,34,7,2025-07-12
ST02,SKU04352,333,71,31,2025-06-30
ST19,SKU04292,280,52,23,2025-06-24
ST05,SKU02408,500,98,28,2025-08-06
ST24,SKU02421,274,62,28,2025-07-08
ST29,SKU00550,422,95,40,2025-05-20
ST30,SKU03633,0,37,8,2025-08-26
ST30,SKU01189,0,46,23,2025-09-15
ST28,SKU04526,210,56,26,2025-06-10
ST12,SKU00317,147,48,16,2025-05-09
ST27,SKU02840,0,45,18,2025-08-12
ST25,SKU04228,304,98,37,2025-08-09
ST30,SKU00371,308,69,34,2025-06-16
ST18,SKU03286,216,66,15,2025-05-14
ST02,SKU04244,313,81,26,2025-05-11
ST15,SKU02722,324,67,23,2025-06-17
ST30,SKU01310,214,66,16,2025-06-18
ST23,SKU00331,266,56,17,2025-08-02
ST23,SKU04532,125,27,13,2025-08-25
ST26,SKU04574,0,28,10,2025-08-05
ST29,SKU04054,96,23,11,2025-05-16
ST17,SKU02768,74,22,5,2025-07-06
ST17,SKU00553,296,90,29,2025-05-19
ST24,SKU01495,372,65,31,2025-08-13
ST03,SKU00389,338,86,20,2025-08-17
ST13,SKU03063,0,48,14,2025-10-08
ST15,SKU01675,322,74,17,2025-07-19
ST11,SKU04414,287,63,14,2025-06-23
ST16,SKU00328,0,38,14,2025-10-01
ST14,SKU03702,0,94,43,2025-09-11
ST10,SKU00550,225,62,31,2025-05-07
ST06,SKU01037,0,95,40,2025-08-18
ST23,SKU04653,188,54,11,2025-06-26
ST11,SKU01152,0,39,16,2025-10-01
ST28,SKU04768,348,99,28,2025-06-06
ST25,SKU02484,0,94,38,2025-09-02
ST28,SKU03950,466,95,36,2025-08-05
ST14,SKU04052,67,22,6,2025-07-14
ST14,SKU03823,178,43,16,2025-08-29
ST02,SKU02500,338,76,27,2025-07-03
ST10,SKU03115,284,54,15,2025-05-18
ST17,SKU03828,223,39,13,2025-05-27
ST15,SKU00978,135,41,15,2025-06-14
ST27,SKU04250,189,37,10,2025-07-11
ST13,SKU04352,218,62,24,2025-08-24
ST15,SKU00749,306,55,26,2025-08-24
ST04,SKU04532,242,60,13,2025-07-29
ST06,SKU00929,0,34,10,2025-09-05
ST11,SKU03259,0,98,28,2025-08-13
ST04,SKU00331,354,85,19,2025-08-01
ST14,SKU03005,141,24,9,2025-09-01
ST14,SKU02776,0,37,9,2025-09-10
ST16,SKU03603,361,96,21,2025-05-16
ST07,SKU01568,360,100,31,2025-07-01
ST10,SKU02068,0,64,26,2025-08-15
ST10,SKU04054,356,78,18,2025-05-29
ST05,SKU01495,189,46,13,2025-07-13
ST30,SKU00734,348,65,28,2025-05-29
ST25,SKU02376,324,89,43,2025-06-22
ST02,SKU04607,199,34,15,2025-06-06
ST05,SKU02892,0,42,17,2025-08-12
ST07,SKU00521,320,83,33,2025-08-23
ST10,SKU01021,0,60,14,2025-09-21
ST29,SKU01034,386,67,23,2025-08-25
ST27,SKU00170,419,88,23,2025-08-03
ST11,SKU03609,224,38,17,2025-08-19
ST04,SKU04653,590,100,45,2025-06-06
ST09,SKU04768,155,29,13,2025-07-01
ST24,SKU04073,362,92,33,2025-05-13
ST22,SKU01031,508,100,32,2025-06-09
ST08,SKU03311,386,72,19,2025-06-10
ST15,SKU02038,380,66,16,2025-05-10
ST20,SKU00167,80,22,5,2025-07-27
ST09,SKU03950,312,68,17,2025-08-27
ST16,SKU00691,155,33,9,2025-08-09
ST14,SKU02079,0,45,10,2025-10-09
ST26,SKU01675,245,56,23,2025-08-31
ST22,SKU04414,137,41,12,2025-06-06
ST08,SKU04250,132,43,21,2025-05-08
ST27,SKU02277,269,47,19,2025-06-22
ST14,SKU01032,88,25,6,2025-05-17
ST02,SKU01466,0,33,7,2025-08-29
ST26,SKU00628,0,25,12,2025-09-14
ST24,SKU04194,303,76,20,2025-08-16
ST29,SKU02094,348,88,38,2025-06-05
ST03,SKU03088,0,84,34,2025-09-28
ST22,SKU01152,0,41,14,2025-10-11
ST01,SKU04476,0,61,22,2025-09-06
ST15,SKU04145,289,49,21,2025-08-14
ST04,SKU03727,0,99,34,2025-09-04
ST23,SKU01754,387,81,31,2025-07-27
ST23,SKU03740,228,65,20,2025-05-31
ST02,SKU04849,150,42,14,2025-09-02
ST14,SKU01971,243,43,11,2025-08-02
ST17,SKU02205,415,92,39,2025-05-14
ST10,SKU01034,267,47,14,2025-07-26
ST08,SKU00170,217,67,18,2025-07-16
ST15,SKU01112,340,60,21,2025-05-16
ST13,SKU02500,280,56,11,2025-05-29
ST13,SKU00285,0,86,34,2025-09-02
ST16,SKU01751,0,95,26,2025-10-07
ST14,SKU01153,0,100,37,2025-09-12
ST14,SKU03139,235,45,9,2025-06-30
ST26,SKU00978,82,23,11,2025-06-03
ST11,SKU01407,197,64,17,2025-06-17
ST26,SKU02964,188,60,27,2025-08-01
ST24,SKU04315,0,49,11,2025-08-06
ST26,SKU00749,85,27,5,2025-07-19
ST05,SKU04073,67,20,6,2025-05-22
ST17,SKU00929,0,36,13,2025-08-08
ST03,SKU00994,0,55,17,2025-09-18
ST18,SKU04012,0,69,28,2025-08-11
ST01,SKU00167,266,58,12,2025-05-14
ST25,SKU00524,107,25,10,2025-07-10
ST04,SKU03848,359,82,40,2025-06-26
ST11,SKU00589,372,69,23,2025-07-16
ST16,SKU04905,444,88,37,2025-05-09
ST12,SKU03968,478,86,37,2025-08-17
ST08,SKU00291,0,38,16,2025-09-10
ST25,SKU03907,0,23,8,2025-09-04
ST27,SKU02519,145,44,11,2025-08-14
ST08,SKU00062,0,45,15,2025-08-10
ST08,SKU02277,288,66,14,2025-08-12
ST27,SKU04505,148,48,18,2025-06-25
ST14,SKU01045,0,45,22,2025-09-11
ST12,SKU03150,124,37,11,2025-06-02
ST05,SKU04194,208,59,17,2025-06-06
ST12,SKU00935,272,75,20,2025-08-25
ST29,SKU04551,0,70,18,2025-10-09
ST22,SKU03609,220,68,16,2025-07-11
ST24,SKU02221,233,52,23,2025-06-26
ST29,SKU00350,220,53,19,2025-08-06
ST01,SKU02503,0,31,14,2025-08-09
ST15,SKU00186,179,41,14,2025-08-11
ST25,SKU00645,287,77,30,2025-05-22
ST26,SKU02267,285,50,13,2025-06-28
ST02,SKU00890,181,50,16,2025-08-26
ST26,SKU00052,358,80,34,2025-06-20
ST26,SKU02038,105,21,5,2025-06-02
ST10,SKU03491,513,88,41,2025-07-02
ST19,SKU00830,0,20,8,2025-10-09
ST29,SKU03504,178,42,14,2025-07-01
ST24,SKU01174,372,77,38,2025-05-17
ST27,SKU04626,0,95,37,2025-10-03
ST06,SKU03520,346,75,23,2025-06-23
ST09,SKU03266,135,31,14,2025-06-08
ST16,SKU01993,0,41,14,2025-10-09
ST11,SKU03864,95,30,13,2025-07-29
ST26,SKU00991,214,52,13,2025-05-08
ST05,SKU04315,0,75,24,2025-09-06
ST24,SKU00127,413,88,27,2025-07-14
ST15,SKU04508,0,49,12,2025-08-25
ST12,SKU02224,369,92,34,2025-08-20
ST17,SKU04554,193,42,17,2025-08-06
ST22,SKU02683,0,75,19,2025-08-22
ST08,SKU02519,340,60,27,2025-05-11
ST13,SKU04849,209,60,23,2025-07-03
ST27,SKU02532,0,89,41,2025-08-08
ST20,SKU03805,391,100,41,2025-06-04
ST08,SKU04505,431,83,24,2025-06-22
ST16,SKU04329,0,55,24,2025-08-05
ST23,SKU01070,346,82,21,2025-07-04
ST16,SKU02114,112,26,7,2025-08-19
ST28,SKU03171,0,70,29,2025-08-08
ST14,SKU01287,389,99,34,2025-05-11
ST26,SKU01112,176,55,22,2025-06-28
ST19,SKU04334,353,65,30,2025-07-22
ST22,SKU03851,0,45,9,2025-09-01
ST10,SKU04551,0,46,20,2025-09-16
ST05,SKU02221,367,66,22,2025-05-09
ST22,SKU03622,0,34,8,2025-10-02
ST10,SKU00350,433,84,27,2025-07-14
ST06,SKU00608,144,26,8,2025-07-25
ST09,SKU02340,0,67,14,2025-09-18
ST11,SKU02938,329,56,21,2025-07-12
ST16,SKU03053,0,23,9,2025-08-21
ST14,SKU00240,183,34,12,2025-05-30
ST05,SKU01174,439,74,27,2025-06-18
ST10,SKU03504,114,35,11,2025-07-17
ST22,SKU00589,263,56,25,2025-05-10
ST19,SKU03058,251,49,20,2025-06-06
ST08,SKU02640,0,72,24,2025-09-09
ST08,SKU04626,0,66,22,2025-08-25
ST25,SKU02055,559,95,19,2025-06-23
ST25,SKU04041,0,89,28,2025-09-22
ST11,SKU04106,454,84,24,2025-06-02
ST23,SKU03177,191,50,18,2025-06-21
ST28,SKU03292,0,35,13,2025-09-03
ST07,SKU04401,106,31,9,2025-06-09
ST24,SKU02584,236,47,13,2025-07-13
ST12,SKU03284,278,47,18,2025-08-13
ST22,SKU03743,0,100,24,2025-10-06
ST29,SKU00484,0,86,39,2025-08-17
ST14,SKU04791,97,24,8,2025-08-18
ST06,SKU00500,0,98,33,2025-09-16
ST21,SKU01303,114,22,8,2025-05-28
ST26,SKU02401,0,26,10,2025-08-11
ST26,SKU00186,122,24,6,2025-06-03
ST12,SKU00251,155,38,13,2025-06-07
ST24,SKU03523,358,82,26,2025-08-10
ST19,SKU03179,275,58,25,2025-06-19
ST15,SKU01717,370,67,18,2025-05-26
ST27,SKU00788,174,49,10,2025-08-21
ST25,SKU02176,0,36,9,2025-10-04
ST18,SKU03220,75,20,5,2025-07-21
ST13,SKU00890,375,77,34,2025-05-24
ST30,SKU00305,306,67,21,2025-07-08
ST08,SKU04747,289,82,31,2025-05-26
ST01,SKU03805,115,32,11,2025-08-20
ST14,SKU03744,418,78,27,2025-08-18
ST08,SKU00546,260,75,24,2025-06-28
ST21,SKU02471,228,44,20,2025-07-16
ST10,SKU00592,165,53,25,2025-09-01
ST17,SKU03520,176,41,17,2025-08-14
ST22,SKU03864,301,56,18,2025-06-11
ST22,SKU01649,171,38,17,2025-07-01
ST03,SKU01370,0,27,11,2025-08-19
ST18,SKU04388,172,51,13,2025-07-24
ST25,SKU03115,362,91,44,2025-07-03
ST26,SKU04508,0,26,7,2025-08-08
ST03,SKU04753,323,73,15,2025-06-01
ST30,SKU04627,0,66,24,2025-09-09
ST13,SKU02997,217,40,13,2025-08-13
ST25,SKU02068,0,39,10,2025-08-09
ST04,SKU01191,259,68,15,2025-07-29
ST16,SKU00262,314,63,19,2025-05-06
ST07,SKU04643,267,64,16,2025-07-06
ST17,SKU03870,0,21,9,2025-09-12
ST19,SKU04468,393,73,16,2025-07-06
ST05,SKU02584,146,41,16,2025-08-22
ST19,SKU02253,237,67,22,2025-05-16
ST10,SKU00484,0,21,5,2025-09-25
ST20,SKU00906,85,23,10,2025-08-05
ST20,SKU02892,0,44,21,2025-09-09
ST25,SKU01021,0,75,21,2025-08-05
ST16,SKU03416,163,47,17,2025-08-14
ST05,SKU03523,532,91,35,2025-07-17
ST17,SKU00608,206,56,23,2025-06-03
ST22,SKU02938,332,80,33,2025-06-07
ST30,SKU02533,177,34,7,2025-07-09
ST23,SKU03311,248,68,25,2025-06-19
ST21,SKU00498,460,89,30,2025-08-10
ST14,SKU01542,175,41,12,2025-07-21
ST26,SKU03582,405,83,25,2025-06-18
ST02,SKU02205,77,23,8,2025-05-14
ST24,SKU02718,509,87,23,2025-08-14
ST22,SKU04106,101,28,7,2025-06-24
ST29,SKU02833,0,64,16,2025-10-03
ST18,SKU04401,116,33,15,2025-07-20
ST02,SKU03602,261,70,23,2025-06-07
ST11,SKU00978,217,62,17,2025-08-22
ST14,SKU02710,231,43,9,2025-06-04
ST17,SKU00500,0,51,24,2025-10-07
ST03,SKU02780,207,47,23,2025-06-19
ST11,SKU02375,132,27,11,2025-06-19
ST19,SKU04710,0,84,38,2025-08-14
ST29,SKU02954,0,45,11,2025-09-03
ST27,SKU04305,0,65,19,2025-09-03
ST01,SKU00906,78,20,5,2025-06-16
ST30,SKU03822,251,81,27,2025-06-09
ST09,SKU00501,309,56,17,2025-08-29
ST21,SKU03773,239,54,22,2025-06-18
ST12,SKU00506,0,55,21,2025-08-20
ST24,SKU01792,492,99,44,2025-06-17
ST22,SKU00965,285,60,26,2025-06-28
ST03,SKU04887,256,52,14,2025-08-22
ST08,SKU01030,0,47,17,2025-10-11
ST25,SKU04646,0,87,23,2025-09-22
ST11,SKU02267,413,80,34,2025-06-21
ST14,SKU01784,0,33,7,2025-10-11
ST19,SKU04831,205,44,20,2025-08-18
ST05,SKU00732,95,29,8,2025-07-22
ST12,SKU01674,117,32,11,2025-05-24
ST19,SKU00401,443,84,35,2025-08-14
ST05,SKU02718,420,100,40,2025-08-19
ST03,SKU01854,319,60,21,2025-05-27
ST03,SKU03840,0,61,30,2025-09-11
ST27,SKU02211,89,26,11,2025-08-14
ST18,SKU02657,0,39,8,2025-09-17
ST29,SKU00860,96,27,8,2025-08-24
ST06,SKU03320,348,87,34,2025-08-27
ST24,SKU01684,254,59,25,2025-08-12
ST27,SKU03150,151,33,9,2025-05-28
ST08,SKU04305,0,81,18,2025-08-21
ST20,SKU03376,353,82,26,2025-07-05
ST06,SKU03441,90,20,6,2025-05-07
ST04,SKU02614,0,30,10,2025-08-06
ST14,SKU03073,186,51,15,2025-08-29
ST07,SKU03851,0,98,34,2025-08-30
ST19,SKU03905,194,41,16,2025-05-14
ST05,SKU01792,123,28,6,2025-08-20
ST24,SKU01805,304,60,18,2025-07-19
ST13,SKU03602,100,20,9,2025-07-07
ST09,SKU01911,593,99,38,2025-08-09
ST23,SKU01580,185,39,9,2025-07-13
ST16,SKU00638,283,49,16,2025-07-19
ST19,SKU02858,0,59,27,2025-10-02
ST24,SKU00987,220,65,21,2025-08-30
ST01,SKU03484,264,48,10,2025-06-25
ST30,SKU01970,327,91,32,2025-07-09
ST01,SKU04652,434,100,25,2025-05-27
ST27,SKU03621,370,78,34,2025-07-21
ST15,SKU04321,0,71,31,2025-09-17
ST20,SKU04665,458,82,29,2025-06-16
ST25,SKU02794,238,46,20,2025-06-03
ST14,SKU04362,0,36,10,2025-08-09
ST09,SKU01803,330,72,30,2025-07-29
ST21,SKU03089,266,61,27,2025-07-05
ST21,SKU00874,185,33,16,2025-07-16
ST24,SKU03323,0,96,25,2025-09-01
ST22,SKU02267,130,28,9,2025-06-07
ST03,SKU00002,0,44,17,2025-09-30
ST03,SKU01988,0,75,31,2025-08-24
ST01,SKU03376,183,44,10,2025-06-22
ST16,SKU04142,194,60,29,2025-05-08
ST06,SKU03454,125,26,5,2025-08-27
ST23,SKU00654,326,59,27,2025-08-04
ST02,SKU03749,401,67,22,2025-05-24
ST19,SKU04147,397,81,28,2025-08-17
ST03,SKU01170,0,61,25,2025-08-09
ST01,SKU02558,151,48,13,2025-06-15
ST15,SKU04442,440,90,32,2025-06-23
ST25,SKU02915,354,100,28,2025-06-20
ST30,SKU03030,0,58,15,2025-09-05
ST28,SKU04381,0,72,25,2025-09-13
ST23,SKU01822,322,68,16,2025-07-17
ST14,SKU02268,0,94,32,2025-08-20
ST21,SKU03210,317,75,31,2025-09-01
ST28,SKU04152,544,91,21,2025-05-22
ST12,SKU04144,354,76,34,2025-06-12
ST24,SKU01229,94,22,8,2025-07-12
ST05,SKU00987,330,100,21,2025-06-24
ST19,SKU02871,78,20,9,2025-07-12
ST13,SKU04783,0,35,8,2025-08-16
ST14,SKU03436,363,88,42,2025-05-26
ST21,SKU00177,0,44,12,2025-08-06
ST28,SKU03105,196,47,11,2025-08-15
ST26,SKU01046,250,78,22,2025-06-26
ST17,SKU03441,394,85,30,2025-05-12
ST03,SKU03277,232,64,27,2025-06-28
ST01,SKU04665,381,65,30,2025-08-21
ST25,SKU03036,176,50,17,2025-07-15
ST27,SKU03634,385,65,27,2025-06-14
ST25,SKU00821,152,35,16,2025-08-22
ST28,SKU04273,0,20,6,2025-09-15
ST20,SKU01645,248,46,17,2025-08-09
ST25,SKU03975,489,97,28,2025-08-04
ST30,SKU04319,293,96,46,2025-06-28
ST04,SKU00654,144,28,7,2025-06-20
ST05,SKU04491,381,65,21,2025-05-29
ST17,SKU03562,508,99,38,2025-05-16
ST25,SKU00942,0,81,25,2025-08-16
ST15,SKU00254,0,21,4,2025-08-19
ST20,SKU02584,199,42,15,2025-06-02
ST23,SKU02064,260,75,30,2025-06-21
ST04,SKU01822,286,61,21,2025-07-14
ST05,SKU01229,398,76,17,2025-08-12
ST24,SKU03457,167,34,7,2025-05-17
ST03,SKU02351,292,75,31,2025-05-16
ST20,SKU01766,249,65,18,2025-05-06
ST11,SKU03932,418,94,23,2025-08-27
ST16,SKU00075,112,31,14,2025-06-28
ST28,SKU03347,276,67,23,2025-07-08
ST04,SKU00775,500,87,31,2025-07-13
ST21,SKU00190,0,76,18,2025-08-11
ST26,SKU03274,0,30,14,2025-10-05
ST19,SKU04281,325,64,25,2025-07-01
ST17,SKU03454,274,85,33,2025-05-20
ST08,SKU03863,277,87,23,2025-08-05
ST08,SKU03634,83,25,7,2025-07-19
ST25,SKU01063,356,75,34,2025-07-02
ST06,SKU04756,0,94,21,2025-09-03
ST14,SKU00416,0,67,24,2025-08-19
ST07,SKU01423,290,88,33,2025-05-22
ST26,SKU04442,322,65,31,2025-05-27
ST24,SKU03578,0,76,20,2025-09-09
ST24,SKU01363,0,73,15,2025-08-14
ST20,SKU04102,415,74,24,2025-06-25
ST03,SKU02472,581,97,28,2025-07-26
ST25,SKU04217,220,51,16,2025-07-01
ST23,SKU03353,0,70,28,2025-09-10
ST11,SKU04053,378,100,48,2025-06-06
ST23,SKU01138,0,99,46,2025-09-03
ST21,SKU02526,0,20,9,2025-10-12
ST21,SKU04741,200,43,20,2025-05-23
ST06,SKU03709,86,23,7,2025-08-03
ST07,SKU00376,0,74,16,2025-09-03
ST15,SKU04926,0,78,29,2025-08-13
ST18,SKU04443,380,71,21,2025-07-30
ST20,SKU02826,0,68,17,2025-10-07
ST11,SKU03235,97,28,12,2025-08-26
ST09,SKU02408,223,41,19,2025-06-30
ST04,SKU02064,115,35,17,2025-05-16
ST28,SKU02421,285,51,16,2025-07-20
ST06,SKU02662,273,68,14,2025-08-22
ST05,SKU03457,387,68,25,2025-07-08
ST01,SKU01766,258,69,30,2025-06-01
ST13,SKU00837,226,53,18,2025-05-23
ST30,SKU04453,0,21,5,2025-09-05
ST21,SKU04633,0,25,10,2025-08-06
ST10,SKU00539,0,24,8,2025-10-06
ST08,SKU03876,0,22,9,2025-09-01
ST30,SKU01420,0,42,17,2025-08-12
ST20,SKU00732,172,55,16,2025-07-06
ST19,SKU03476,0,42,13,2025-09-21
ST24,SKU01605,319,58,22,2025-07-23
ST01,SKU04102,385,98,34,2025-07-19
ST20,SKU02129,384,74,31,2025-06-28
ST13,SKU00958,391,73,18,2025-06-02
ST27,SKU02842,404,99,46,2025-06-15
ST04,SKU03353,0,60,13,2025-10-10
ST21,SKU02768,126,26,9,2025-05-06
ST21,SKU00553,336,85,39,2025-08-26
ST26,SKU01651,158,42,17,2025-07-03
ST07,SKU00389,305,84,21,2025-08-15
ST05,SKU02531,0,67,20,2025-08-13
ST22,SKU03932,358,74,27,2025-06-14
ST04,SKU04292,257,48,15,2025-09-02
ST09,SKU02421,118,32,8,2025-08-28
ST14,SKU00550,246,43,18,2025-05-12
ST26,SKU02590,311,87,38,2025-05-08
ST24,SKU03941,145,44,16,2025-05-18
ST12,SKU04641,107,30,12,2025-06-15
ST29,SKU02070,111,37,16,2025-08-04
ST15,SKU01906,366,85,18,2025-08-28
ST08,SKU02950,0,69,19,2025-09-12
ST25,SKU04580,526,97,40,2025-05-11
ST15,SKU01677,0,71,18,2025-09-17
ST25,SKU00150,265,48,16,2025-07-23
ST21,SKU02660,0,77,30,2025-10-11
ST24,SKU00679,171,29,8,2025-06-27
ST22,SKU04053,126,30,14,2025-08-25
ST13,SKU02247,0,81,25,2025-09-27
ST18,SKU00376,0,34,11,2025-09-29
ST20,SKU00974,0,54,19,2025-09-22
ST25,SKU01318,317,100,34,2025-08-14
ST30,SKU01433,324,91,30,2025-08-18
ST06,SKU03254,144,39,9,2025-06-04
ST21,SKU03828,268,60,24,2025-08-08
ST16,SKU03484,365,69,28,2025-06-21
ST22,SKU03235,397,77,28,2025-07-21
ST24,SKU03833,109,27,6,2025-05-28
ST05,SKU01605,220,44,20,2025-05-15
ST01,SKU02129,252,79,38,2025-06-14
ST20,SKU02142,90,29,7,2025-05-17
ST14,SKU04054,149,31,8,2025-07-27
ST16,SKU04652,494,87,32,2025-07-14
ST09,SKU01495,235,52,19,2025-05-10
ST02,SKU04717,445,99,23,2025-06-22
ST07,SKU00631,204,37,12,2025-06-28
ST13,SKU02368,0,54,15,2025-09-11
ST19,SKU03839,309,54,24,2025-08-24
ST05,SKU03941,185,58,16,2025-05-31
ST12,SKU00682,356,95,27,2025-06-20
ST10,SKU02070,145,40,18,2025-08-26
ST08,SKU03192,169,40,12,2025-05-12
ST01,SKU04236,315,53,14,2025-06-03
ST15,SKU01919,151,34,11,2025-05-09
ST30,SKU02722,413,69,23,2025-08-11
ST28,SKU04073,109,26,7,2025-05-21
ST16,SKU02558,127,24,11,2025-07-23
ST24,SKU02907,155,35,11,2025-07-25
ST10,SKU01023,218,46,10,2025-07-06
ST29,SKU03251,427,83,38,2025-05-09
ST03,SKU04016,0,42,15,2025-08-21
ST27,SKU02387,126,36,8,2025-05-15
ST13,SKU04475,362,63,28,2025-05-14
ST25,SKU03546,0,97,22,2025-09-21
ST18,SKU00389,179,35,16,2025-08-08
ST30,SKU01675,239,43,20,2025-08-24
ST11,SKU01396,374,72,32,2025-06-26
ST02,SKU03562,187,40,16,2025-08-04
ST05,SKU04062,225,49,19,2025-05-08
ST12,SKU00574,361,86,27,2025-08-18
ST25,SKU02728,132,43,19,2025-06-19
ST13,SKU03428,275,68,15,2025-05-25
ST01,SKU02142,260,56,20,2025-05-18
ST30,SKU00628,0,57,16,2025-09-08
ST21,SKU01037,0,92,20,2025-08-25
ST26,SKU01906,174,34,14,2025-08-13
ST13,SKU04596,0,54,26,2025-09-12
ST27,SKU02279,247,77,17,2025-05-27
ST13,SKU02381,0,52,20,2025-08-18
ST20,SKU01337,244,70,34,2025-05-17
ST21,SKU04191,0,54,13,2025-10-07
ST14,SKU01034,516,96,40,2025-06-12
ST24,SKU01981,167,44,18,2025-05-09
ST03,SKU03090,366,98,48,2025-08-26
ST20,SKU04491,321,65,19,2025-06-15
ST30,SKU00978,239,68,29,2025-05-29
ST30,SKU02964,214,41,10,2025-05-09
ST30,SKU00749,248,42,13,2025-06-03
ST09,SKU04073,274,78,26,2025-05-09
ST21,SKU00929,0,92,40,2025-10-02
ST10,SKU03251,250,65,18,2025-06-16
ST08,SKU02387,151,34,7,2025-05-26
ST13,SKU00516,284,82,20,2025-05-23
ST18,SKU00631,383,68,28,2025-06-26
ST11,SKU03624,284,92,35,2025-08-10
ST12,SKU03031,156,34,12,2025-05-12
ST29,SKU02217,155,29,13,2025-07-30
ST13,SKU01684,337,57,21,2025-08-08
ST20,SKU04612,234,52,24,2025-06-17
ST09,SKU04194,97,32,6,2025-05-13
ST16,SKU00935,261,70,28,2025-06-16
ST23,SKU03863,345,100,42,2025-05-25
ST14,SKU02094,240,75,35,2025-08-25
ST26,SKU01919,160,33,14,2025-07-13
ST05,SKU03257,302,63,26,2025-06-24
ST05,SKU01042,209,68,30,2025-06-01
ST03,SKU02164,451,84,18,2025-08-26
ST01,SKU01337,166,43,21,2025-06-25
ST14,SKU03491,241,65,30,2025-07-15
ST28,SKU01174,326,94,33,2025-07-17
ST02,SKU01939,241,46,20,2025-06-17
ST12,SKU03152,371,93,38,2025-07-13
ST29,SKU02567,111,28,13,2025-06-24
ST12,SKU02923,0,89,26,2025-08-06
ST05,SKU01981,245,54,24,2025-07-20
ST22,SKU01396,409,69,20,2025-07-21
ST20,SKU00532,241,58,16,2025-08-27
ST30,SKU00991,195,50,15,2025-05-21
ST09,SKU04315,0,61,14,2025-09-13
ST10,SKU03493,394,72,22,2025-07-24
ST15,SKU01356,157,30,11,2025-06-12
ST18,SKU03088,0,26,8,2025-09-29
ST13,SKU00758,230,46,16,2025-05-31
ST11,SKU01880,91,20,8,2025-07-04
ST21,SKU04554,450,99,43,2025-06-23
ST11,SKU01651,306,59,23,2025-06-18
ST02,SKU04046,0,35,14,2025-08-18
ST19,SKU04215,155,51,11,2025-06-01
ST20,SKU04854,277,88,18,2025-05-19
ST06,SKU04919,419,90,28,2025-05-07
ST30,SKU01112,228,58,18,2025-07-06
ST06,SKU04690,449,78,35,2025-08-17
ST09,SKU02221,285,72,18,2025-07-06
ST14,SKU04551,0,94,42,2025-10-01
ST14,SKU00350,290,93,24,2025-08-26
ST02,SKU02999,84,26,9,2025-07-30
ST17,SKU02570,285,89,30,2025-05-12
ST12,SKU04212,363,77,37,2025-09-01
ST17,SKU00355,106,26,6,2025-09-01
ST29,SKU03627,297,63,29,2025-08-30
ST03,SKU04392,404,99,30,2025-07-08
ST08,SKU00535,110,20,5,2025-05-31
ST20,SKU03807,241,44,21,2025-08-02
ST04,SKU00830,0,24,9,2025-08-09
ST06,SKU01428,353,66,28,2025-07-16
ST14,SKU03504,519,99,42,2025-05-16
ST09,SKU01174,532,89,20,2025-08-06
ST23,SKU03058,177,39,17,2025-06-17
ST05,SKU00237,391,70,25,2025-08-20
ST29,SKU04795,151,29,14,2025-06-29
ST03,SKU03574,316,77,17,2025-06-14
ST27,SKU03931,225,66,15,2025-08-15
ST27,SKU03702,0,96,23,2025-09-14
ST01,SKU00532,100,30,11,2025-05-13
ST13,SKU01818,252,50,13,2025-08-25
ST11,SKU00954,396,72,23,2025-06-07
ST16,SKU03284,256,65,27,2025-06-09
ST28,SKU02355,0,50,11,2025-09-24
ST09,SKU00127,241,56,13,2025-07-02
ST29,SKU01762,253,80,18,2025-08-05
ST17,SKU02462,0,54,19,2025-08-11
ST25,SKU02057,197,56,15,2025-08-23
ST30,SKU00186,208,40,17,2025-08-11
ST28,SKU03523,247,82,19,2025-08-19
ST19,SKU04228,247,71,28,2025-07-01
ST12,SKU03286,215,69,31,2025-08-07
ST27,SKU04052,150,33,15,2025-08-31
ST13,SKU04154,0,80,18,2025-10-03
ST01,SKU04854,125,36,11,2025-06-09
ST13,SKU01939,362,92,36,2025-05-10
ST27,SKU03823,116,30,7,2025-07-03
ST01,SKU02639,388,67,32,2025-05-23
ST04,SKU04334,103,32,14,2025-06-30
ST11,SKU01075,258,45,19,2025-05-14
ST21,SKU03749,406,76,19,2025-05-14
ST21,SKU03520,286,72,31,2025-06-12
ST14,SKU00363,0,52,23,2025-09-02
ST07,SKU01370,0,43,21,2025-09-08
ST22,SKU04913,0,85,19,2025-08-22
ST24,SKU01310,297,53,25,2025-06-23
ST12,SKU00024,369,70,27,2025-06-01
ST27,SKU03005,177,40,16,2025-05-17
ST10,SKU03627,350,90,19,2025-05-12
ST01,SKU03807,287,67,31,2025-08-12
ST30,SKU04508,0,75,21,2025-10-05
ST01,SKU01592,222,47,16,2025-08-18
ST04,SKU03058,191,38,11,2025-07-14
ST02,SKU04409,179,31,8,2025-08-12
ST26,SKU01356,234,41,9,2025-06-09
ST24,SKU04693,335,70,32,2025-08-16
ST10,SKU04795,173,38,14,2025-05-26
ST29,SKU02822,400,95,22,2025-06-14
ST10,SKU02580,436,79,38,2025-07-28
ST24,SKU00263,0,27,13,2025-09-22
ST22,SKU01880,361,90,42,2025-08-11
ST01,SKU00774,0,100,38,2025-10-07
ST23,SKU04468,411,92,30,2025-05-08
ST09,SKU02584,367,82,21,2025-08-12
ST23,SKU02253,120,37,18,2025-06-21
ST14,SKU00484,0,52,13,2025-10-06
ST05,SKU03633,0,89,27,2025-09-30
ST17,SKU04919,294,80,29,2025-07-15
ST10,SKU01762,93,25,10,2025-05-17
ST17,SKU04690,300,100,38,2025-08-27
ST29,SKU01775,0,50,14,2025-08-07
ST01,SKU04157,0,57,28,2025-09-22
ST27,SKU00682,135,38,9,2025-06-24
ST25,SKU02070,150,35,10,2025-07-05
ST09,SKU03523,377,69,22,2025-05-28
ST16,SKU00264,0,29,10,2025-08-29
ST04,SKU03179,261,50,23,2025-05-29
ST19,SKU02484,0,93,46,2025-10-10
ST10,SKU02930,0,37,14,2025-08-09
ST12,SKU01542,539,93,34,2025-07-12
ST05,SKU00371,417,74,15,2025-06-17
ST29,SKU00728,0,74,21,2025-08-20
ST08,SKU04052,182,37,15,2025-08-21
ST08,SKU03823,333,92,24,2025-05-13
ST28,SKU02718,348,71,28,2025-08-07
ST21,SKU01547,0,96,35,2025-10-02
ST02,SKU03254,414,83,29,2025-07-14
ST22,SKU00954,284,74,27,2025-06-06
ST08,SKU03005,168,54,14,2025-08-28
ST13,SKU03349,98,20,7,2025-05-13
ST27,SKU01032,190,50,20,2025-06-28
ST20,SKU04062,267,45,14,2025-07-17
ST21,SKU00500,0,22,6,2025-08-23
ST07,SKU02780,162,36,13,2025-05-15
ST19,SKU04591,374,80,30,2025-08-04
ST24,SKU00734,328,65,30,2025-08-14
ST05,SKU04693,344,71,33,2025-05-30
ST19,SKU02376,375,69,33,2025-05-07
ST13,SKU02302,211,42,20,2025-06-18
ST27,SKU01971,429,97,36,2025-08-10
ST30,SKU01717,95,28,14,2025-06-04
ST04,SKU02253,354,95,20,2025-06-02
ST02,SKU03375,267,78,37,2025-08-28
ST19,SKU03773,76,25,9,2025-07-13
ST26,SKU00551,328,60,16,2025-08-04
ST17,SKU02946,468,80,34,2025-05-18
ST22,SKU01075,279,50,11,2025-06-29
ST20,SKU04412,325,57,22,2025-06-29
ST03,SKU04768,165,54,15,2025-07-03
ST27,SKU03139,514,90,34,2025-06-21
ST18,SKU01370,0,77,21,2025-08-09
ST16,SKU00506,0,20,5,2025-10-03
ST28,SKU01792,387,66,14,2025-07-23
ST07,SKU04887,271,59,19,2025-08-22
ST24,SKU00855,322,62,20,2025-06-13
ST03,SKU03950,221,48,13,2025-08-27
ST08,SKU02079,0,39,15,2025-09-25
ST13,SKU04409,272,60,12,2025-08-31
ST23,SKU04831,478,83,29,2025-06-13
ST06,SKU00986,384,80,20,2025-05-07
ST09,SKU02718,237,55,17,2025-06-13
ST23,SKU00401,369,77,20,2025-05-07
ST23,SKU02387,369,74,30,2025-08-19
ST14,SKU02833,0,38,18,2025-10-03
ST07,SKU01854,298,89,26,2025-07-09
ST07,SKU03840,0,32,11,2025-09-29
ST01,SKU00090,407,87,18,2025-07-21
ST08,SKU01032,204,63,19,2025-06-17
ST06,SKU04140,0,75,33,2025-08-06
ST05,SKU00734,378,82,30,2025-05-26
ST22,SKU04350,0,49,15,2025-09-11
ST08,SKU01971,439,100,23,2025-08-08
ST20,SKU03257,136,28,8,2025-08-15
ST23,SKU02737,0,20,4,2025-09-19
ST22,SKU01317,0,81,35,2025-09-02
ST20,SKU04654,160,43,20,2025-08-09
ST01,SKU04412,153,27,12,2025-06-11
ST08,SKU03139,359,87,33,2025-05-09
ST23,SKU03905,157,28,9,2025-05-31
ST06,SKU04261,244,62,28,2025-07-13
ST11,SKU04605,146,31,7,2025-07-25
ST09,SKU01792,158,28,11,2025-05-14
ST28,SKU01805,284,65,26,2025-08-18
ST02,SKU00584,160,37,10,2025-05-15
ST02,SKU02570,219,39,8,2025-08-09
ST07,SKU00699,259,49,18,2025-07-25
ST05,SKU00855,148,41,15,2025-07-07
ST02,SKU00355,325,100,25,2025-07-12
ST15,SKU01048,0,52,12,2025-09-21
ST18,SKU02780,253,65,17,2025-07-04
ST30,SKU03837,443,91,28,2025-08-23
ST23,SKU02858,0,53,18,2025-08-09
ST04,SKU04831,298,97,33,2025-07-22
ST28,SKU00987,294,76,34,2025-08-26
ST04,SKU00401,350,68,24,2025-07-20
ST28,SKU00758,266,46,12,2025-07-31
ST14,SKU00860,156,31,13,2025-05-13
ST08,SKU01274,0,46,15,2025-10-11
ST27,SKU01287,196,62,26,2025-08-23
ST08,SKU01045,0,30,10,2025-10-06
ST11,SKU04726,393,80,39,2025-05-14
ST21,SKU03199,0,64,16,2025-09-13
ST19,SKU00645,474,80,23,2025-05-14
ST29,SKU01104,268,86,33,2025-05-24
ST18,SKU04887,567,97,38,2025-07-11
ST13,SKU00342,232,61,22,2025-07-27
ST27,SKU00240,327,67,22,2025-06-12
ST23,SKU00535,346,100,46,2025-06-18
ST07,SKU01988,0,40,19,2025-08-24
ST29,SKU02501,275,71,34,2025-07-24
ST10,SKU04245,0,27,11,2025-09-06
ST03,SKU03266,223,63,30,2025-07-09
ST18,SKU01854,419,99,24,2025-05-09
ST18,SKU03840,0,61,25,2025-08-27
ST11,SKU04847,0,95,46,2025-09-15
ST04,SKU03905,138,26,8,2025-07-30
ST21,SKU03320,110,27,9,2025-08-12
ST09,SKU01805,554,99,41,2025-06-13
ST27,SKU04791,89,22,7,2025-06-12
ST27,SKU02576,427,89,24,2025-06-26
ST04,SKU02858,0,53,15,2025-08-16
ST16,SKU04144,130,32,15,2025-07-24
ST09,SKU00987,360,66,29,2025-09-01
ST09,SKU00758,389,99,39,2025-05-15
ST08,SKU01287,397,86,42,2025-08-28
ST30,SKU01046,177,33,9,2025-08-17
ST21,SKU03441,169,44,19,2025-07-11
ST11,SKU00538,0,25,8,2025-09-21
ST22,SKU04605,139,27,12,2025-07-12
ST08,SKU00240,253,58,15,2025-06-13
ST18,SKU00699,265,64,26,2025-06-22
ST19,SKU02055,152,38,14,2025-07-01
ST29,SKU04729,233,42,13,2025-06-11
ST10,SKU02501,83,26,11,2025-08-20
ST01,SKU00466,351,84,37,2025-05-27
ST25,SKU00823,0,41,18,2025-10-05
ST30,SKU01167,283,59,28,2025-06-03
ST04,SKU04147,280,49,23,2025-06-30
ST21,SKU03562,180,35,14,2025-06-30
ST22,SKU02740,0,63,22,2025-09-18
ST22,SKU04726,433,79,17,2025-07-06
ST08,SKU04791,493,94,45,2025-06-20
ST08,SKU02576,146,30,15,2025-07-31
ST15,SKU01303,345,61,15,2025-07-19
ST09,SKU01229,246,61,17,2025-08-14
ST04,SKU02871,459,100,36,2025-06-25
ST28,SKU03457,253,55,24,2025-08-29
ST02,SKU04222,349,68,15,2025-06-02
ST07,SKU02351,499,89,23,2025-08-05
ST19,SKU02176,0,88,36,2025-09-02
ST12,SKU03220,313,88,25,2025-07-23
ST24,SKU02520,239,62,28,2025-05-24
ST24,SKU00305,224,51,20,2025-08-23
ST08,SKU03744,250,44,12,2025-05-14
ST18,SKU02217,483,90,43,2025-07-01
ST15,SKU02471,367,100,42,2025-06-29
ST27,SKU01542,133,26,7,2025-06-30
ST30,SKU03274,0,74,28,2025-09-06
ST18,SKU01988,0,61,23,2025-08-10
ST23,SKU04281,398,97,43,2025-08-25
ST21,SKU03454,235,53,18,2025-07-03
ST12,SKU04388,236,71,16,2025-08-17
ST07,SKU01075,171,42,15,2025-05-29
ST29,SKU03803,118,21,5,2025-06-08
ST22,SKU04847,0,45,12,2025-09-22
ST19,SKU03115,381,78,16,2025-08-05
ST18,SKU01170,0,41,16,2025-08-27
ST25,SKU02112,345,100,36,2025-08-11
ST30,SKU04442,215,48,17,2025-08-21
ST21,SKU00421,284,69,26,2025-05-19
ST28,SKU03349,101,31,14,2025-07-31
ST02,SKU02128,381,72,22,2025-06-30
ST07,SKU02472,67,21,4,2025-08-23
ST19,SKU02068,0,37,14,2025-10-06
ST10,SKU02514,189,47,10,2025-08-24
ST01,SKU02923,0,87,23,2025-09-04
ST06,SKU04987,423,76,25,2025-07-29
ST09,SKU04504,98,20,10,2025-06-21
ST28,SKU02302,336,94,28,2025-07-13
ST24,SKU03580,386,81,34,2025-08-23
ST10,SKU01696,186,38,10,2025-06-15
ST12,SKU00079,0,41,19,2025-09-16
ST19,SKU01021,0,94,26,2025-08-20
ST22,SKU00538,0,38,9,2025-10-02
ST27,SKU00845,0,72,35,2025-09-10
ST05,SKU02520,274,85,29,2025-08-04
ST05,SKU00305,434,99,46,2025-08-07
ST10,SKU00649,147,47,13,2025-07-20
ST20,SKU03057,0,51,17,2025-09-01
ST15,SKU00498,302,52,12,2025-06-04
ST08,SKU01542,491,95,20,2025-05-29
ST04,SKU04281,224,51,20,2025-08-08
ST06,SKU04879,370,66,31,2025-05-19
ST10,SKU03803,236,70,33,2025-07-17
ST13,SKU01068,172,48,23,2025-08-08
ST30,SKU00254,0,92,23,2025-09-13
ST28,SKU01605,300,74,35,2025-08-28
ST14,SKU03693,0,86,30,2025-09-18
ST16,SKU00090,280,64,19,2025-08-21
ST02,SKU00155,259,75,20,2025-08-08
ST12,SKU03583,135,33,8,2025-05-13
ST05,SKU04627,0,82,23,2025-09-04
ST13,SKU04222,294,80,17,2025-06-09
ST18,SKU02351,118,27,9,2025-05-06
ST06,SKU03014,378,93,26,2025-06-07
ST09,SKU02531,0,98,47,2025-09-27
ST26,SKU02471,169,29,9,2025-08-28
ST07,SKU01438,0,44,20,2025-09-24
ST24,SKU03822,111,31,10,2025-09-01
ST05,SKU03580,156,29,11,2025-09-01
ST22,SKU01009,0,36,16,2025-10-12
ST15,SKU03773,497,94,33,2025-08-01
ST27,SKU00858,305,86,29,2025-05-07
ST16,SKU04641,184,41,10,2025-05-31
ST21,SKU04756,0,29,11,2025-10-12
ST01,SKU03057,0,31,14,2025-09-27
ST25,SKU01428,147,29,13,2025-08-31
ST27,SKU04012,0,100,23,2025-09-28
ST25,SKU03414,378,75,25,2025-08-25
ST13,SKU02128,81,21,6,2025-05-22
ST15,SKU04941,89,25,12,2025-07-22
ST11,SKU01264,429,76,36,2025-07-10
ST17,SKU04987,394,97,25,2025-07-20
ST12,SKU04643,157,51,23,2025-07-25
ST10,SKU01830,145,28,9,2025-07-05
ST04,SKU03476,0,86,40,2025-08-08
ST28,SKU03833,501,95,21,2025-06-09
ST09,SKU01605,91,25,9,2025-06-01
ST23,SKU01274,0,85,19,2025-08-08
ST21,SKU02662,144,45,10,2025-08-03
ST10,SKU04166,0,47,17,2025-08-12
ST05,SKU03822,231,39,18,2025-05-30
ST15,SKU04244,157,52,12,2025-06-29
ST01,SKU04346,0,30,15,2025-08-20
ST06,SKU02209,89,29,9,2025-05-28
ST09,SKU03941,221,67,21,2025-08-12
ST16,SKU04654,529,92,21,2025-07-12
ST19,SKU04888,161,45,19,2025-06-01
ST03,SKU01911,288,90,35,2025-05-19
ST13,SKU00155,271,51,19,2025-05-20
ST11,SKU03492,166,55,16,2025-08-25
ST28,SKU02907,302,73,24,2025-08-20
ST14,SKU01023,447,85,35,2025-08-03
ST09,SKU00679,97,26,9,2025-06-12
ST07,SKU04016,0,29,9,2025-09-22
ST24,SKU01970,255,84,22,2025-06-05
ST17,SKU03014,184,53,24,2025-07-04
ST27,SKU03436,309,52,20,2025-05-25
ST25,SKU04824,0,83,27,2025-09-02
ST20,SKU00050,0,41,9,2025-08-04
ST09,SKU03833,262,83,40,2025-07-12
ST16,SKU00574,499,85,38,2025-08-27
ST07,SKU02740,0,95,38,2025-09-04
ST22,SKU04526,143,39,13,2025-05-31
ST29,SKU01038,211,68,21,2025-08-14
ST08,SKU04362,0,71,27,2025-09-08
ST03,SKU01803,298,55,24,2025-07-22
ST15,SKU03089,142,35,8,2025-07-08
ST22,SKU01264,179,49,19,2025-07-29
ST20,SKU02386,235,65,21,2025-07-01
ST04,SKU03839,352,61,28,2025-05-26
ST21,SKU03254,242,52,13,2025-08-01
ST28,SKU01981,282,66,27,2025-06-05
ST16,SKU02681,414,89,32,2025-07-26
ST07,SKU03090,317,76,16,2025-05-28
ST24,SKU03259,0,52,23,2025-09-12
ST19,SKU02915,239,78,35,2025-08-22
ST19,SKU04901,447,75,22,2025-06-08
ST17,SKU02088,0,45,18,2025-10-04
ST15,SKU03210,364,99,42,2025-05-12
ST27,SKU00066,96,30,15,2025-06-23
ST09,SKU02907,82,20,4,2025-06-30
ST14,SKU03251,315,62,27,2025-08-12
ST05,SKU01970,114,27,11,2025-06-27
ST08,SKU03436,324,73,23,2025-05-15
ST11,SKU04902,225,66,30,2025-08-02
ST16,SKU03031,255,45,12,2025-08-13
ST07,SKU00996,0,40,15,2025-09-15
ST19,SKU03036,484,93,28,2025-07-23
ST22,SKU04768,100,20,5,2025-08-19
ST19,SKU00821,299,55,16,2025-05-11
ST17,SKU02209,559,96,27,2025-07-11
ST10,SKU01038,314,81,32,2025-06-22
ST25,SKU04019,146,43,9,2025-06-17
ST30,SKU01919,279,63,13,2025-08-10
ST09,SKU01042,357,100,40,2025-06-07
ST07,SKU02164,128,36,14,2025-05-28
ST29,SKU04663,0,36,13,2025-08-21
ST19,SKU03975,123,29,14,2025-08-30
ST22,SKU03492,425,94,46,2025-05-25
ST06,SKU04679,479,90,22,2025-05-22
ST16,SKU03152,103,20,5,2025-07-24
ST09,SKU01981,452,99,41,2025-06-14
ST19,SKU00942,0,68,29,2025-08-12
ST01,SKU01568,244,70,17,2025-08-13
ST25,SKU01696,403,80,24,2025-05-24
ST14,SKU03493,164,50,24,2025-08-10
ST23,SKU00832,0,76,36,2025-08-28
ST26,SKU03089,338,78,36,2025-08-10
ST29,SKU00354,468,83,27,2025-05-12
ST15,SKU00190,0,29,9,2025-09-16
ST13,SKU01578,0,90,33,2025-08-11
ST20,SKU02520,174,57,16,2025-05-24
ST25,SKU00649,216,47,9,2025-08-25
ST06,SKU04571,0,42,18,2025-09-30
ST14,SKU02217,336,68,24,2025-05-26
ST02,SKU00894,344,84,37,2025-07-20
ST19,SKU01063,428,77,18,2025-05-24
ST25,SKU02046,0,57,13,2025-09-03
ST08,SKU00416,0,89,39,2025-09-28
ST21,SKU00355,428,96,35,2025-08-16
ST28,SKU01068,96,21,10,2025-07-16
ST07,SKU04392,328,69,29,2025-08-24
ST26,SKU03210,68,22,7,2025-07-06
ST29,SKU04905,413,69,31,2025-08-05
ST10,SKU04663,0,100,21,2025-08-17
ST19,SKU04217,413,98,23,2025-05-29
ST10,SKU00462,169,30,7,2025-05-24
ST27,SKU03812,0,46,16,2025-10-01
ST20,SKU04856,184,40,19,2025-07-09
ST14,SKU02567,167,36,17,2025-08-10
ST26,SKU04607,204,42,20,2025-06-25
ST26,SKU00177,0,43,18,2025-09-18
ST22,SKU04902,213,53,25,2025-07-29
ST29,SKU01414,0,78,19,2025-09-03
ST25,SKU04153,307,80,36,2025-07-18
ST27,SKU00550,215,56,16,2025-07-09
ST21,SKU02462,0,95,20,2025-09-16
ST28,SKU01189,0,32,10,2025-08-14
ST10,SKU00354,194,64,13,2025-05-20
ST03,SKU03347,372,93,23,2025-06-10
ST18,SKU02164,208,66,24,2025-07-28
ST11,SKU03171,0,68,22,2025-09-22
ST16,SKU03286,238,52,24,2025-05-09
ST28,SKU00371,381,78,22,2025-08-09
ST10,SKU03737,400,68,31,2025-06-25
ST24,SKU01420,0,98,27,2025-08-19
ST17,SKU04679,129,23,7,2025-08-17
ST04,SKU00953,0,25,7,2025-09-10
ST14,SKU03627,362,63,17,2025-05-30
ST28,SKU01310,239,76,27,2025-08-21
ST26,SKU01466,0,95,33,2025-08-15
ST10,SKU04905,527,89,26,2025-05-22
ST24,SKU04574,0,83,26,2025-08-08
ST27,SKU04054,193,39,10,2025-08-30
ST08,SKU03812,0,51,22,2025-09-01
ST15,SKU00553,101,20,10,2025-06-09
ST01,SKU04856,265,83,27,2025-07-30
ST30,SKU01356,105,33,12,2025-08-12
ST28,SKU04693,160,39,11,2025-07-31
ST04,SKU04107,226,65,14,2025-06-10
ST14,SKU04795,330,77,38,2025-06-13
ST10,SKU01643,313,81,25,2025-06-15
ST03,SKU02421,233,40,15,2025-07-02
ST13,SKU00894,393,70,28,2025-05-09
ST08,SKU00550,465,79,24,2025-06-05
ST21,SKU04919,309,73,18,2025-08-12
ST21,SKU04690,186,39,19,2025-06-25
ST07,SKU04526,394,91,29,2025-07-18
ST19,SKU04580,198,47,10,2025-07-31
ST10,SKU04797,187,50,24,2025-05-27
ST17,SKU01538,237,43,15,2025-05-07
ST18,SKU04392,541,100,42,2025-07-18
ST04,SKU04228,521,90,27,2025-06-13
ST09,SKU00371,236,75,18,2025-07-30
ST26,SKU04741,305,86,30,2025-05-30
ST21,SKU01428,526,94,32,2025-07-17
ST24,SKU01662,0,77,32,2025-08-14
ST19,SKU01318,152,27,7,2025-05-16
ST24,SKU01433,151,38,15,2025-07-15
ST15,SKU03828,323,63,28,2025-06-25
ST09,SKU01310,340,62,16,2025-06-30
ST02,SKU00331,157,39,19,2025-05-08
ST02,SKU04532,452,85,18,2025-06-09
ST08,SKU04054,389,76,18,2025-06-23
ST03,SKU01495,243,67,27,2025-08-13
ST09,SKU04693,348,67,17,2025-08-11
ST14,SKU02822,156,39,15,2025-07-15
ST28,SKU04706,142,25,7,2025-06-13
ST09,SKU00263,0,38,13,2025-08-09
ST19,SKU03425,0,33,12,2025-10-04
ST22,SKU03171,0,76,20,2025-09-25
ST30,SKU00551,258,43,15,2025-08-18
ST21,SKU02946,417,74,35,2025-05-16
ST14,SKU01775,0,87,22,2025-08-08
ST02,SKU04653,122,24,12,2025-08-01
ST07,SKU04768,420,88,27,2025-06-03
ST24,SKU00507,116,31,6,2025-05-09
ST20,SKU01031,264,77,25,2025-07-09
ST04,SKU02484,0,42,21,2025-08-29
ST14,SKU00728,0,59,16,2025-08-04
ST07,SKU03950,263,56,11,2025-06-12
ST22,SKU03292,0,59,18,2025-10-12
ST19,SKU03546,0,24,7,2025-09-16
ST12,SKU00389,190,33,11,2025-07-14
ST01,SKU04401,169,54,23,2025-08-23
ST20,SKU04414,158,44,17,2025-05-11
ST19,SKU02728,382,87,20,2025-07-17
ST20,SKU01152,0,92,35,2025-08-09
ST27,SKU02094,428,91,45,2025-08-21
ST04,SKU04591,498,94,34,2025-07-08
ST09,SKU00734,248,43,15,2025-05-21
ST02,SKU03727,0,37,16,2025-10-07
ST25,SKU04879,435,82,24,2025-07-29
ST25,SKU00449,496,99,45,2025-06-05
ST04,SKU03773,431,79,23,2025-07-21
ST06,SKU00170,158,28,11,2025-06-16
ST11,SKU02500,250,76,17,2025-07-12
ST26,SKU03828,335,58,21,2025-06-23
ST24,SKU00978,416,86,28,2025-08-31
ST24,SKU02964,149,39,19,2025-05-13
ST22,SKU04352,454,89,29,2025-05-16
ST24,SKU00749,309,57,18,2025-08-10
ST03,SKU04073,304,68,20,2025-08-04
ST05,SKU02722,266,51,25,2025-06-20
ST13,SKU04532,433,78,31,2025-06-27
ST15,SKU00929,0,87,34,2025-09-17
ST20,SKU03259,0,21,5,2025-09-25
ST01,SKU01031,132,29,14,2025-08-29
ST13,SKU00331,180,31,8,2025-06-01
ST25,SKU03603,237,66,29,2025-08-30
ST23,SKU00524,127,25,12,2025-07-16
ST02,SKU03848,79,20,5,2025-06-17
ST26,SKU04996,189,43,19,2025-05-06
ST05,SKU01675,337,78,25,2025-08-04
ST01,SKU04414,147,38,12,2025-06-04
ST25,SKU04771,296,80,21,2025-06-10
ST06,SKU00291,0,93,35,2025-08-24
ST06,SKU00062,0,60,13,2025-08-04
ST03,SKU04194,239,42,15,2025-07-21
ST20,SKU03609,224,70,34,2025-06-16
ST13,SKU04653,145,28,11,2025-05-30
ST01,SKU01152,0,61,20,2025-09-02
ST08,SKU02094,274,51,13,2025-09-01
ST18,SKU04768,83,21,8,2025-06-10
ST23,SKU00645,236,57,22,2025-05-07
ST02,SKU01754,365,67,14,2025-08-20
ST17,SKU03311,264,88,34,2025-07-08
ST24,SKU02038,156,32,13,2025-09-01
ST29,SKU00167,265,61,28,2025-08-16
ST08,SKU03491,184,37,13,2025-06-26
ST18,SKU03950,85,28,10,2025-05-09
ST14,SKU04245,0,91,29,2025-09-05
ST21,SKU00986,270,48,15,2025-07-27
ST05,SKU00978,471,81,25,2025-05-17
ST17,SKU04250,359,95,36,2025-06-23
ST24,SKU00991,455,95,25,2025-05-06
ST03,SKU04315,0,99,37,2025-09-16
ST05,SKU00749,195,51,24,2025-06-26
ST05,SKU02964,252,64,28,2025-08-30
ST27,SKU04443,426,73,25,2025-06-30
ST11,SKU01466,0,61,25,2025-08-22
ST04,SKU00524,391,86,43,2025-08-01
ST26,SKU01037,0,34,15,2025-09-13
ST24,SKU04145,124,34,7,2025-05-25
ST15,SKU04554,149,46,22,2025-08-03
ST06,SKU02519,111,22,8,2025-07-01
ST04,SKU03907,0,51,16,2025-08-26
ST11,SKU04849,260,52,21,2025-08-19
ST06,SKU04505,285,49,23,2025-07-31
ST02,SKU03043,285,86,25,2025-08-21
ST26,SKU02205,309,56,13,2025-08-22
ST19,SKU02983,0,99,24,2025-08-10
ST24,SKU01112,124,35,13,2025-06-05
ST17,SKU00170,63,20,10,2025-07-11
ST22,SKU02500,276,83,35,2025-08-10
ST22,SKU00285,0,76,25,2025-09-11
ST08,SKU04551,0,71,24,2025-09-21
ST01,SKU03609,473,89,18,2025-06-07
ST25,SKU03966,373,65,19,2025-06-05
ST27,SKU00363,0,78,24,2025-09-03
ST08,SKU00350,162,34,10,2025-08-14
ST04,SKU00645,256,48,16,2025-07-26
ST14,SKU01104,74,23,10,2025-08-23
ST26,SKU00929,0,83,27,2025-09-07
ST05,SKU02267,338,58,20,2025-07-28
ST12,SKU00994,0,98,20,2025-08-22
ST05,SKU00052,341,60,19,2025-08-01
ST05,SKU02038,277,55,24,2025-06-20
ST10,SKU00167,354,65,25,2025-07-08
ST03,SKU01174,169,54,16,2025-08-19
ST06,SKU04626,0,28,11,2025-08-12
ST23,SKU02055,278,91,30,2025-06-03
ST23,SKU04041,0,20,8,2025-08-15
ST14,SKU02501,329,74,35,2025-07-05
ST14,SKU00286,0,69,26,2025-09-24
ST17,SKU00291,0,78,35,2025-09-25
ST05,SKU00991,375,93,32,2025-05-25
ST17,SKU02277,448,88,43,2025-09-01
ST03,SKU00127,145,40,14,2025-07-20
ST20,SKU03743,0,81,21,2025-08-14
ST16,SKU00066,393,68,27,2025-06-27
ST19,SKU02057,217,67,33,2025-08-18
ST10,SKU02503,0,31,9,2025-08-09
ST24,SKU00186,291,53,16,2025-06-01
ST13,SKU01754,223,46,20,2025-08-08
ST11,SKU00890,231,50,24,2025-07-29
ST06,SKU00546,143,29,9,2025-06-17
ST28,SKU00305,371,90,34,2025-08-28
ST02,SKU01070,147,41,10,2025-08-26
ST05,SKU01112,211,61,20,2025-08-21
ST15,SKU03749,306,73,27,2025-05-25
ST08,SKU00592,277,54,11,2025-05-18
ST18,SKU03266,177,34,15,2025-06-19
ST01,SKU03622,0,34,13,2025-09-04
ST20,SKU01649,317,77,24,2025-08-07
ST16,SKU04388,280,82,40,2025-06-18
ST06,SKU01485,0,46,12,2025-09-19
ST23,SKU03115,330,75,24,2025-05-16
ST24,SKU04508,0,87,27,2025-10-02
ST01,SKU00589,132,22,7,2025-05-26
ST11,SKU02997,217,52,16,2025-08-22
ST04,SKU04041,0,30,14,2025-09-18
ST14,SKU04729,355,75,28,2025-06-08
ST14,SKU02514,535,92,24,2025-07-15
ST26,SKU04554,333,60,22,2025-05-14
ST04,SKU02055,105,27,13,2025-05-16
ST02,SKU03177,256,52,15,2025-07-20
ST29,SKU03805,352,69,18,2025-08-16
ST15,SKU03870,0,26,6,2025-08-06
ST03,SKU02584,331,61,19,2025-09-02
ST25,SKU04329,0,40,18,2025-09-04
ST03,SKU02355,0,53,24,2025-08-12
ST01,SKU03743,0,74,21,2025-09-18
ST13,SKU03043,377,72,18,2025-06-26
ST25,SKU02114,219,59,27,2025-06-01
ST16,SKU04280,0,21,8,2025-08-13
ST23,SKU01021,0,92,25,2025-08-08
ST05,SKU00186,233,54,15,2025-05-09
ST03,SKU03523,262,80,26,2025-09-02
ST15,SKU00608,82,20,7,2025-05-15
ST18,SKU02340,0,21,7,2025-09-04
ST20,SKU02938,189,54,17,2025-08-21
ST09,SKU02520,311,69,17,2025-05-29
ST09,SKU00305,385,77,17,2025-05-08
ST28,SKU02533,72,21,7,2025-08-04
ST01,SKU03864,367,65,23,2025-08-02
ST27,SKU02833,0,97,45,2025-08-06
ST01,SKU01649,554,93,34,2025-07-26
ST25,SKU00020,0,60,18,2025-08-12
ST14,SKU03803,214,58,16,2025-05-27
ST04,SKU03115,324,64,15,2025-08-09
ST30,SKU01303,72,20,10,2025-08-27
ST09,SKU04627,0,46,12,2025-09-23
ST04,SKU02068,0,69,29,2025-09-23
ST24,SKU01717,207,46,12,2025-08-02
ST22,SKU03105,296,61,13,2025-07-10
ST17,SKU04747,323,78,26,2025-08-21
ST22,SKU00890,193,41,19,2025-07-03
ST17,SKU00546,315,55,17,2025-05-17
ST25,SKU04571,0,85,33,2025-08-19
ST27,SKU02954,0,26,9,2025-08-05
ST18,SKU01414,0,29,12,2025-08-21
ST13,SKU01070,201,64,21,2025-07-24
ST30,SKU02471,101,33,8,2025-08-09
ST09,SKU03580,112,25,6,2025-07-08
ST04,SKU01021,0,82,19,2025-08-26
ST26,SKU03749,346,74,21,2025-07-12
ST26,SKU03520,162,43,18,2025-07-20
ST19,SKU02541,173,50,23,2025-05-06
ST12,SKU01370,0,89,24,2025-08-20
ST01,SKU02938,81,20,8,2025-06-21
ST25,SKU03295,236,71,30,2025-06-10
ST09,SKU02533,229,48,12,2025-05-27
ST14,SKU02648,0,66,22,2025-10-05
ST02,SKU03311,437,95,38,2025-08-17
ST12,SKU04753,289,57,27,2025-08-08
ST12,SKU02538,0,69,33,2025-08-04
ST03,SKU02718,130,24,10,2025-07-05
ST13,SKU01191,215,68,17,2025-05-11
ST27,SKU00860,123,29,10,2025-07-01
ST04,SKU01371,0,86,34,2025-09-12
ST16,SKU02657,0,30,14,2025-08-06
ST21,SKU04987,268,69,33,2025-06-07
ST14,SKU01830,245,71,29,2025-07-15
ST26,SKU03870,0,62,13,2025-08-16
ST16,SKU04643,386,74,26,2025-08-29
ST19,SKU02662,356,92,44,2025-05-27
ST29,SKU00906,483,89,40,2025-06-24
ST29,SKU02892,0,22,6,2025-08-28
ST25,SKU03416,305,55,20,2025-06-27
ST05,SKU03932,464,82,32,2025-05-28
ST05,SKU01717,286,50,16,2025-05-12
ST17,SKU00788,492,92,22,2025-07-02
ST30,SKU00498,189,59,13,2025-08-26
ST14,SKU04166,0,22,10,2025-09-02
ST09,SKU03822,149,32,12,2025-06-06
ST11,SKU02205,446,92,38,2025-07-13
ST21,SKU04879,176,39,17,2025-06-30
ST23,SKU03491,101,22,7,2025-05-29
ST24,SKU02898,0,69,28,2025-08-22
ST03,SKU01792,167,37,16,2025-06-24
ST01,SKU00965,166,45,21,2025-06-02
ST11,SKU03602,386,93,46,2025-09-02
ST04,SKU04646,0,45,17,2025-09-19
ST04,SKU00445,0,27,11,2025-08-14
ST12,SKU02780,269,74,34,2025-06-21
ST24,SKU03837,162,28,7,2025-07-04
ST01,SKU04348,0,69,20,2025-10-04
ST13,SKU01433,471,83,24,2025-06-12
ST06,SKU02211,536,100,42,2025-05-24
ST28,SKU01970,371,99,27,2025-06-16
ST21,SKU03014,522,98,34,2025-07-22
ST10,SKU00906,472,98,24,2025-05-27
ST15,SKU03199,0,79,33,2025-08-30
ST18,SKU00501,89,22,8,2025-08-16
ST30,SKU03773,230,74,35,2025-07-24
ST23,SKU02794,278,77,24,2025-07-17
ST06,SKU03150,310,79,37,2025-08-28
ST12,SKU04887,82,20,9,2025-05-13
ST20,SKU02267,526,99,39,2025-05-09
ST20,SKU00052,383,77,31,2025-08-30
ST06,SKU04318,0,34,10,2025-09-14
ST12,SKU01854,392,93,44,2025-07-12
ST12,SKU03840,0,68,27,2025-09-24
ST29,SKU03484,132,39,14,2025-05-06
ST15,SKU03320,265,51,19,2025-05-26
ST03,SKU01805,298,52,12,2025-06-28
ST04,SKU04888,86,23,9,2025-08-15
ST23,SKU02915,206,36,12,2025-05-18
ST23,SKU04901,449,89,31,2025-05-21
ST28,SKU03030,0,35,11,2025-09-26
ST03,SKU00987,162,31,12,2025-08-26
ST01,SKU02375,514,94,44,2025-07-25
ST03,SKU00758,128,22,7,2025-06-20
ST09,SKU01970,168,32,11,2025-05-16
ST24,SKU01046,395,71,26,2025-07-03
ST29,SKU03376,321,67,22,2025-08-19
ST03,SKU02155,0,50,24,2025-08-24
ST15,SKU03441,81,25,6,2025-05-24
ST13,SKU02614,0,71,26,2025-08-08
ST06,SKU03621,321,57,17,2025-07-11
ST04,SKU02794,449,84,36,2025-08-08
ST23,SKU00821,340,84,21,2025-08-07
ST16,SKU03851,0,98,21,2025-09-03
ST23,SKU00592,104,26,6,2025-08-29
ST22,SKU03602,211,49,22,2025-05-22
ST18,SKU04126,0,46,22,2025-08-20
ST01,SKU02267,350,74,22,2025-08-11
ST28,SKU04319,172,29,14,2025-08-20
ST10,SKU03484,370,97,22,2025-08-09
ST17,SKU02211,344,65,28,2025-06-29
ST04,SKU02915,134,36,8,2025-09-01
ST23,SKU00942,0,99,22,2025-09-20
ST04,SKU04901,298,82,39,2025-07-28
ST09,SKU03030,0,41,16,2025-09-03
ST02,SKU01822,297,59,25,2025-08-18
ST07,SKU04152,149,29,9,2025-09-02
ST10,SKU04652,353,59,26,2025-05-27
ST29,SKU04665,153,35,14,2025-05-08
ST03,SKU01229,142,35,7,2025-05-06
ST18,SKU01803,78,24,12,2025-06-19
ST30,SKU03089,157,52,11,2025-06-21
ST30,SKU00874,147,37,16,2025-07-29
ST02,SKU00775,142,26,12,2025-05-08
ST12,SKU02217,180,54,23,2025-05-14
ST07,SKU03105,409,80,24,2025-07-14
ST05,SKU01046,172,32,12,2025-08-13
ST25,SKU04142,80,21,5,2025-08-31
ST27,SKU00539,0,20,7,2025-08-08
ST15,SKU03454,231,55,16,2025-07-01
ST04,SKU03036,228,63,18,2025-07-03
ST06,SKU03634,142,24,10,2025-05-14
ST04,SKU00821,203,43,15,2025-05-29
ST07,SKU04273,0,29,13,2025-08-15
ST12,SKU01170,0,87,40,2025-08-21
ST10,SKU02558,329,75,23,2025-06-04
ST19,SKU02112,309,62,15,2025-07-10
ST24,SKU04442,215,55,17,2025-07-30
ST30,SKU03210,254,57,15,2025-06-06
ST13,SKU01580,462,93,44,2025-08-05
ST23,SKU04217,488,91,26,2025-07-30
ST04,SKU03975,288,66,32,2025-08-31
ST05,SKU01167,245,43,10,2025-07-06
ST03,SKU04504,219,49,14,2025-05-10
ST16,SKU04443,369,63,19,2025-06-16
ST26,SKU03441,256,74,18,2025-08-16
ST07,SKU02408,300,59,26,2025-06-19
ST02,SKU02064,396,79,17,2025-05-21
ST12,SKU03277,120,25,12,2025-06-04
ST10,SKU04665,166,49,12,2025-08-13
ST29,SKU02692,0,48,12,2025-09-08
ST03,SKU03457,343,60,25,2025-07-09
ST11,SKU00837,371,75,17,2025-07-30
ST28,SKU04453,0,64,25,2025-09-14
ST07,SKU03347,332,98,35,2025-07-04
ST05,SKU03274,0,49,14,2025-09-08
ST06,SKU03876,0,68,29,2025-10-10
ST13,SKU00654,323,74,32,2025-08-05
ST04,SKU01063,105,23,5,2025-08-08
ST14,SKU03737,138,25,8,2025-09-01
ST28,SKU01420,0,57,27,2025-10-09
ST23,SKU03291,463,88,29,2025-08-24
ST21,SKU04679,194,35,14,2025-05-25
ST05,SKU04442,227,67,23,2025-06-08
ST24,SKU00254,0,55,14,2025-08-21
ST03,SKU03578,0,54,21,2025-09-13
ST08,SKU03693,0,95,22,2025-08-31
ST25,SKU03108,414,83,41,2025-08-23
ST11,SKU03173,504,93,29,2025-05-23
ST14,SKU04905,108,32,8,2025-07-17
ST11,SKU00958,280,48,19,2025-06-23
ST02,SKU03353,0,96,39,2025-09-18
ST02,SKU01138,0,93,45,2025-10-06
ST05,SKU03624,199,51,18,2025-05-11
ST29,SKU01766,102,24,5,2025-08-24
ST13,SKU00775,88,24,6,2025-08-15
ST21,SKU04571,0,92,25,2025-09-28
ST14,SKU01414,0,79,22,2025-08-31
ST02,SKU04292,250,76,17,2025-08-08
ST07,SKU02421,386,100,23,2025-06-13
ST17,SKU03863,322,94,24,2025-07-24
ST26,SKU03454,449,80,18,2025-07-19
ST24,SKU02590,289,50,23,2025-05-08
ST10,SKU02692,0,77,32,2025-10-08
ST17,SKU03634,263,66,26,2025-05-13
ST06,SKU02950,0,56,21,2025-10-10
ST23,SKU04580,285,88,26,2025-08-29
ST16,SKU01423,385,74,20,2025-06-27
ST09,SKU04453,0,67,21,2025-09-23
ST23,SKU00150,110,31,9,2025-05-09
ST26,SKU00421,153,38,9,2025-07-06
ST19,SKU01428,272,78,32,2025-06-29
ST19,SKU03414,336,75,20,2025-05-27
ST10,SKU01645,587,98,31,2025-06-20
ST20,SKU04053,156,35,11,2025-07-19
ST11,SKU02247,0,20,9,2025-09-09
ST04,SKU03291,150,37,13,2025-08-17
ST16,SKU00376,0,80,37,2025-10-11
ST23,SKU01318,112,31,10,2025-06-26
ST28,SKU01433,354,79,33,2025-07-22
ST29,SKU02826,0,29,9,2025-09-08
ST20,SKU03235,542,99,33,2025-07-13
ST03,SKU01605,282,47,20,2025-08-22
ST13,SKU02064,295,59,15,2025-06-27
ST11,SKU01200,407,79,20,2025-07-25
ST09,SKU04574,0,30,8,2025-08-25
ST07,SKU01495,358,78,22,2025-08-13
ST19,SKU03535,0,68,15,2025-10-06
ST05,SKU01651,343,63,14,2025-06-14
ST10,SKU01766,282,66,31,2025-07-17
ST22,SKU00837,337,93,37,2025-08-14
ST25,SKU00317,307,56,22,2025-06-03
ST18,SKU03347,185,42,20,2025-05-19
ST11,SKU02368,0,76,32,2025-08-05
ST23,SKU03425,0,41,13,2025-10-08
ST17,SKU03876,0,27,7,2025-10-03
ST05,SKU02590,344,81,31,2025-07-05
ST03,SKU03941,535,100,35,2025-07-23
ST29,SKU00732,259,77,31,2025-08-05
ST08,SKU02070,412,85,18,2025-08-27
ST06,SKU03192,261,46,21,2025-08-26
ST04,SKU04580,70,22,6,2025-07-31
ST04,SKU00150,551,94,22,2025-05-07
ST28,SKU02722,200,40,13,2025-06-08
ST28,SKU00507,317,86,21,2025-08-13
ST29,SKU02129,316,69,18,2025-07-19
ST22,SKU00958,157,41,13,2025-08-10
ST08,SKU01023,123,33,16,2025-05-27
ST13,SKU03353,0,56,16,2025-09-25
ST01,SKU04053,228,66,14,2025-06-10
ST13,SKU01138,0,41,10,2025-10-07
ST27,SKU03251,211,56,13,2025-08-24
ST30,SKU00553,194,39,19,2025-06-02
ST04,SKU01318,517,88,42,2025-06-29
ST16,SKU00389,475,93,44,2025-05-07
ST28,SKU01675,250,59,27,2025-08-30
ST09,SKU01433,356,70,29,2025-05-26
ST05,SKU04926,0,40,18,2025-08-08
ST12,SKU01438,0,31,9,2025-09-13
ST03,SKU04062,331,61,25,2025-07-02
ST01,SKU03235,132,28,10,2025-08-26
ST03,SKU03833,523,96,24,2025-05-19
ST13,SKU04292,166,51,21,2025-08-17
ST18,SKU02421,243,78,31,2025-05-07
ST23,SKU02728,154,48,12,2025-08-29
ST11,SKU03428,562,96,46,2025-06-12
ST24,SKU01906,407,96,22,2025-08-13
ST17,SKU02950,0,26,11,2025-09-26
ST29,SKU04236,449,85,32,2025-08-25
ST03,SKU00571,175,40,12,2025-05-15
ST25,SKU00330,554,99,26,2025-05-15
ST11,SKU04596,0,40,18,2025-10-05
ST30,SKU02660,0,95,46,2025-08-19
ST22,SKU02247,0,47,12,2025-08-06
ST15,SKU03254,282,82,27,2025-06-06
ST25,SKU03484,341,62,27,2025-09-02
ST28,SKU02964,349,68,23,2025-06-04
ST09,SKU02722,137,44,10,2025-06-28
ST28,SKU00749,244,51,24,2025-07-06
ST09,SKU00507,395,97,23,2025-06-05
ST07,SKU04073,331,86,39,2025-08-13
ST10,SKU02129,431,73,20,2025-05-29
ST27,SKU03493,145,36,9,2025-07-04
ST25,SKU04652,291,75,24,2025-06-02
ST06,SKU02387,390,84,37,2025-08-02
ST18,SKU01495,507,86,40,2025-08-13
ST11,SKU00516,214,51,12,2025-08-18
ST30,SKU04996,243,49,11,2025-05-10
ST04,SKU03546,0,81,22,2025-09-29
ST16,SKU00631,257,70,28,2025-06-22
ST09,SKU01675,324,58,19,2025-05-17
ST22,SKU02368,0,75,34,2025-08-16
ST18,SKU02892,0,56,20,2025-09-17
ST27,SKU02217,305,52,12,2025-06-15
ST04,SKU02728,513,93,23,2025-07-01
ST07,SKU04194,474,99,43,2025-06-25
ST19,SKU04019,135,34,14,2025-06-23
ST05,SKU01906,187,54,13,2025-07-08
ST05,SKU03892,146,26,7,2025-07-13
ST24,SKU01919,310,63,30,2025-05-30
ST10,SKU04236,289,59,14,2025-07-19
ST03,SKU01042,196,53,23,2025-08-25
ST25,SKU02558,171,29,8,2025-05-26
ST06,SKU02279,285,90,27,2025-06-29
ST28,SKU02038,216,54,13,2025-07-17
ST14,SKU04126,0,59,15,2025-08-23
ST12,SKU04016,0,21,10,2025-09-25
ST22,SKU04475,436,85,21,2025-06-06
ST27,SKU02567,346,66,29,2025-08-03
ST03,SKU01981,222,47,10,2025-08-24
ST20,SKU01396,245,64,17,2025-06-19
ST09,SKU00978,71,21,10,2025-05-28
ST11,SKU03562,108,25,11,2025-05-29
ST28,SKU00991,381,92,45,2025-08-11
ST09,SKU00749,213,58,15,2025-08-24
ST21,SKU04250,104,29,11,2025-05-12
ST09,SKU02964,259,46,16,2025-07-27
ST19,SKU04140,0,77,27,2025-09-28
ST19,SKU01696,492,87,35,2025-08-20
ST22,SKU03428,107,29,12,2025-08-20
ST10,SKU02142,284,53,18,2025-07-17
ST25,SKU04894,371,63,22,2025-07-12
ST30,SKU01037,0,39,17,2025-08-14
ST14,SKU04476,0,99,35,2025-10-08
ST28,SKU04145,101,33,11,2025-07-06
ST22,SKU04596,0,61,27,2025-08-15
ST29,SKU01337,330,87,25,2025-06-22
ST22,SKU02381,0,62,27,2025-09-16
ST19,SKU00649,139,34,16,2025-07-13
ST30,SKU04191,0,52,17,2025-08-29
ST21,SKU00170,460,92,23,2025-07-18
ST26,SKU03254,82,23,8,2025-08-21
ST02,SKU03863,160,49,13,2025-07-17
ST12,SKU03090,151,41,13,2025-06-04
ST05,SKU01919,210,50,19,2025-07-10
ST29,SKU04491,412,86,40,2025-05-07
ST15,SKU00355,407,75,22,2025-06-18
ST27,SKU03627,354,64,28,2025-05-13
ST09,SKU00052,84,21,10,2025-05-22
ST14,SKU00167,191,38,17,2025-08-22
ST02,SKU00830,0,44,10,2025-08-19
ST07,SKU01174,459,97,36,2025-08-20
ST17,SKU02387,466,78,22,2025-07-08
ST22,SKU00516,284,94,23,2025-08-13
ST08,SKU02567,369,91,45,2025-08-24
ST20,SKU03624,213,69,23,2025-07-21
ST25,SKU03968,270,68,18,2025-07-28
ST11,SKU01818,471,83,22,2025-06-21
ST09,SKU00991,141,26,11,2025-05-07
ST26,SKU03375,293,88,40,2025-06-26
ST21,SKU02277,430,91,25,2025-08-19
ST19,SKU04153,321,59,12,2025-05-07
ST22,SKU01684,386,91,39,2025-08-04
ST29,SKU04612,162,49,12,2025-07-05
ST25,SKU00935,454,84,31,2025-08-28
ST28,SKU02401,0,96,37,2025-09-19
ST14,SKU02503,0,53,14,2025-08-28
ST23,SKU02057,188,36,13,2025-07-29
ST28,SKU00186,221,60,15,2025-08-14
ST12,SKU02164,557,98,47,2025-07-30
ST10,SKU01337,162,46,20,2025-05-06
ST11,SKU04154,0,97,41,2025-09-09
ST11,SKU01939,213,40,19,2025-09-02
ST09,SKU01112,264,75,29,2025-08-06
ST02,SKU04105,0,69,29,2025-08-04
ST22,SKU01805,233,66,23,2025-05-12
ST29,SKU00532,266,47,12,2025-05-11
ST01,SKU00699,161,33,16,2025-05-25
ST02,SKU03058,163,28,13,2025-06-03
ST24,SKU01356,222,59,18,2025-08-09
ST22,SKU00758,67,21,6,2025-05-09
ST08,SKU04795,100,24,12,2025-06-30
ST27,SKU02822,327,68,21,2025-06-17
ST30,SKU04554,205,53,20,2025-08-19
ST08,SKU02580,275,68,22,2025-07-12
ST20,SKU01651,247,59,17,2025-06-19
ST06,SKU03702,0,29,9,2025-09-04
ST11,SKU04046,0,43,16,2025-09-02
ST21,SKU02519,288,91,29,2025-07-19
ST21,SKU04505,112,28,12,2025-05-16
ST07,SKU00369,0,35,16,2025-08-28
ST10,SKU04612,317,64,23,2025-08-27
ST15,SKU04919,166,53,11,2025-07-09
ST29,SKU02639,386,73,34,2025-06-23
ST08,SKU01762,363,99,30,2025-06-25
ST15,SKU04690,150,33,13,2025-08-31
ST27,SKU01775,0,43,18,2025-08-12
ST04,SKU02057,397,87,43,2025-07-08
ST23,SKU02070,219,37,13,2025-06-23
ST26,SKU00355,111,20,5,2025-08-09
ST02,SKU03179,386,83,39,2025-05-16
ST12,SKU04392,120,25,6,2025-09-02
ST17,SKU00535,477,84,40,2025-06-14
ST29,SKU01592,281,90,27,2025-05-09
ST03,SKU00371,218,51,21,2025-05-14
ST13,SKU00830,0,64,22,2025-09-18
ST06,SKU04052,288,85,34,2025-06-12
ST18,SKU01174,454,80,23,2025-07-11
ST06,SKU03823,407,88,42,2025-06-02
ST21,SKU02640,0,22,6,2025-10-01
ST23,SKU01023,109,23,7,2025-07-23
ST10,SKU02747,0,44,17,2025-08-20
ST29,SKU00774,0,79,30,2025-09-14
ST10,SKU00532,279,52,23,2025-09-02
ST22,SKU01818,460,80,17,2025-08-03
ST20,SKU00954,229,69,23,2025-08-01
ST03,SKU01310,380,88,30,2025-06-02
ST18,SKU00127,123,35,10,2025-07-14
ST06,SKU03005,345,85,33,2025-08-03
ST06,SKU02776,0,63,30,2025-09-19
ST09,SKU04508,0,30,10,2025-08-11
ST05,SKU01356,150,47,13,2025-07-15
ST08,SKU02822,126,31,12,2025-08-20
ST01,SKU01880,268,48,16,2025-06-10
ST21,SKU04747,223,40,16,2025-06-12
ST21,SKU00546,242,41,20,2025-06-25
ST02,SKU04468,251,73,26,2025-08-01
ST02,SKU02253,328,98,45,2025-07-30
ST22,SKU04154,0,84,26,2025-09-05
ST24,SKU00551,305,85,37,2025-08-23
ST22,SKU01939,356,65,18,2025-05-18
ST10,SKU02639,374,75,37,2025-08-26
ST20,SKU01075,196,46,14,2025-05-08
ST30,SKU03749,229,61,25,2025-08-30
ST13,SKU04105,0,98,32,2025-10-05
ST30,SKU03520,98,26,11,2025-05-28
ST16,SKU01370,0,95,36,2025-09-24
ST06,SKU00682,260,44,19,2025-06-10
ST21,SKU01485,0,32,7,2025-09-06
ST12,SKU02648,0,87,20,2025-10-07
ST10,SKU03807,244,51,11,2025-05-12
ST13,SKU03058,281,78,35,2025-06-01
ST06,SKU02079,0,57,25,2025-08-15
ST16,SKU04753,456,78,32,2025-07-23
ST11,SKU04409,154,38,9,2025-07-24
ST16,SKU02538,0,64,31,2025-10-09
ST07,SKU02718,327,71,31,2025-08-12
ST17,SKU03931,229,75,32,2025-07-05
ST10,SKU00774,0,31,12,2025-10-01
ST22,SKU04046,0,74,31,2025-09-07
ST18,SKU02584,399,96,21,2025-07-27
ST22,SKU02999,144,34,13,2025-09-01
ST03,SKU00734,307,82,27,2025-06-10
ST20,SKU04350,0,67,17,2025-08-19
ST18,SKU03523,308,61,30,2025-08-04
ST30,SKU00608,168,37,18,2025-08-06
ST06,SKU01971,297,72,32,2025-05-21
ST21,SKU00788,237,76,31,2025-06-28
ST17,SKU04052,118,31,8,2025-07-19
ST17,SKU03823,287,75,34,2025-08-04
ST27,SKU04245,0,97,29,2025-09-09
ST01,SKU01075,306,83,22,2025-06-12
ST06,SKU01153,0,86,42,2025-08-29
ST06,SKU03139,320,59,16,2025-05-12
ST04,SKU02541,219,67,31,2025-06-22
ST28,SKU02898,0,47,18,2025-09-26
ST07,SKU01792,119,24,6,2025-08-11
ST17,SKU03005,292,68,29,2025-05-30
ST22,SKU03349,532,94,37,2025-07-31
ST19,SKU03603,463,82,27,2025-06-05
ST03,SKU00855,238,79,30,2025-08-15
ST25,SKU00385,123,22,7,2025-06-05
ST04,SKU03709,91,26,12,2025-08-27
ST16,SKU02780,156,30,12,2025-05-12
ST28,SKU03837,331,67,23,2025-08-26
ST02,SKU04831,137,45,20,2025-07-15
ST19,SKU04771,110,31,9,2025-08-03
ST07,SKU00516,227,62,16,2025-07-28
ST22,SKU02302,101,29,9,2025-06-11
ST13,SKU02482,0,35,16,2025-08-11
ST13,SKU04468,297,61,27,2025-07-17
ST13,SKU02253,396,89,33,2025-05-09
ST04,SKU02662,345,86,22,2025-05-21
ST06,SKU01045,0,26,11,2025-09-07
ST14,SKU00906,259,69,19,2025-07-13
ST07,SKU01684,539,99,45,2025-08-02
ST29,SKU04412,150,37,8,2025-06-26
ST16,SKU04887,177,52,13,2025-06-19
ST21,SKU01030,0,36,9,2025-09-30
ST11,SKU00342,118,32,15,2025-06-12
ST12,SKU03950,201,49,20,2025-07-26
ST17,SKU02079,0,89,41,2025-08-16
ST22,SKU04409,328,55,13,2025-06-15
ST19,SKU00462,140,30,10,2025-06-22
ST27,SKU00286,0,89,41,2025-09-13
ST08,SKU04245,0,73,27,2025-10-04
ST25,SKU01674,411,84,29,2025-06-25
ST16,SKU01854,217,44,22,2025-06-18
ST16,SKU03840,0,51,18,2025-08-04
ST09,SKU02898,0,28,8,2025-09-16
ST02,SKU03905,384,82,19,2025-05-29
ST23,SKU02567,229,51,13,2025-06-13
ST07,SKU01805,348,89,41,2025-08-20
ST10,SKU00090,385,65,16,2025-06-12
ST17,SKU01032,271,60,27,2025-06-01
ST25,SKU02842,133,30,10,2025-06-13
ST11,SKU02449,0,81,16,2025-08-14
ST09,SKU03837,524,97,36,2025-05-17
ST07,SKU00987,134,44,12,2025-07-14
ST07,SKU00758,479,93,31,2025-06-18
ST17,SKU01971,113,30,14,2025-08-14
ST29,SKU03257,293,60,25,2025-06-10
ST06,SKU01287,246,82,39,2025-08-22
ST28,SKU01046,193,33,12,2025-08-07
ST29,SKU04654,311,90,35,2025-06-09
ST10,SKU04412,171,51,15,2025-08-19
ST19,SKU01751,0,23,7,2025-09-08
ST17,SKU01153,0,22,5,2025-09-04
ST17,SKU03139,357,72,34,2025-06-27
ST15,SKU04261,98,21,9,2025-07-27
ST18,SKU01792,338,60,22,2025-08-08
ST08,SKU01104,298,53,12,2025-07-13
ST11,SKU00584,268,75,19,2025-05-20
ST11,SKU00355,124,25,9,2025-08-11
ST02,SKU00535,140,41,20,2025-06-19
ST27,SKU04729,169,37,17,2025-06-06
ST13,SKU04831,436,93,26,2025-08-14
ST27,SKU02514,419,78,19,2025-07-20
ST13,SKU00401,267,55,17,2025-08-24
ST14,SKU03484,295,87,36,2025-05-30
ST28,SKU01167,108,24,5,2025-08-31
ST21,SKU02211,246,65,19,2025-06-22
ST17,SKU01045,0,28,9,2025-09-27
ST30,SKU03199,0,37,18,2025-08-27
ST06,SKU04791,473,100,27,2025-06-11
ST28,SKU04321,0,64,19,2025-09-18
ST21,SKU03150,420,80,20,2025-07-16
ST02,SKU02871,272,87,37,2025-08-08
ST22,SKU00342,82,20,7,2025-07-02
ST28,SKU03274,0,91,28,2025-09-19
ST21,SKU04318,0,53,17,2025-09-18
ST09,SKU01046,277,70,14,2025-05-31
ST14,SKU03376,419,95,41,2025-05-24
ST12,SKU03266,219,42,17,2025-06-12
ST10,SKU04654,171,53,11,2025-07-01
ST27,SKU03803,243,48,10,2025-06-08
ST13,SKU03905,245,57,23,2025-08-04
ST29,SKU00237,245,46,20,2025-08-26
ST30,SKU03320,67,20,5,2025-05-15
ST01,SKU04605,256,64,27,2025-07-25
ST18,SKU01805,516,87,36,2025-06-25
ST23,SKU02112,452,81,31,2025-08-14
ST28,SKU04442,233,53,12,2025-06-06
ST08,SKU04729,200,63,16,2025-08-02
ST20,SKU03800,0,93,34,2025-08-19
ST25,SKU04144,195,33,12,2025-08-17
ST08,SKU02514,100,20,6,2025-07-29
ST18,SKU00987,226,44,18,2025-05-08
ST04,SKU00823,0,21,6,2025-08-12
ST21,SKU02224,182,35,7,2025-07-30
ST19,SKU04329,0,61,26,2025-09-07
ST19,SKU02114,392,94,37,2025-08-14
ST17,SKU01287,162,30,7,2025-05-13
ST01,SKU02740,0,85,34,2025-10-04
ST01,SKU04726,433,76,24,2025-07-16
ST30,SKU03441,323,63,24,2025-06-21
ST20,SKU00538,0,28,7,2025-09-10
ST16,SKU03277,195,35,15,2025-06-03
ST14,SKU04665,72,21,7,2025-07-06
ST21,SKU03621,330,71,33,2025-05-10
ST12,SKU02340,0,73,25,2025-09-22
ST19,SKU03053,0,75,32,2025-09-06
ST03,SKU02520,127,24,9,2025-06-20
ST03,SKU00305,170,36,16,2025-07-29
ST18,SKU03323,0,40,13,2025-08-13
ST08,SKU00649,104,34,13,2025-07-01
ST10,SKU02681,341,67,33,2025-08-25
ST19,SKU00020,0,61,16,2025-08-06
ST08,SKU03803,262,49,17,2025-08-03
ST01,SKU04847,0,62,29,2025-09-13
ST30,SKU03562,136,42,16,2025-07-23
ST27,SKU01830,189,62,27,2025-06-12
ST13,SKU04147,292,85,32,2025-07-20
ST04,SKU02112,244,48,20,2025-05-22
ST09,SKU04442,344,61,14,2025-07-05
ST06,SKU02710,298,51,19,2025-06-09
ST28,SKU00254,0,69,20,2025-08-05
ST07,SKU03578,0,86,34,2025-08-25
ST07,SKU03349,185,35,11,2025-06-06
ST17,SKU04791,186,31,12,2025-07-10
ST17,SKU04562,0,62,15,2025-10-04
ST24,SKU01303,144,45,15,2025-08-11
ST01,SKU03800,0,99,33,2025-09-03
ST20,SKU01827,94,30,9,2025-08-29
ST13,SKU02871,423,100,38,2025-07-11
ST11,SKU04222,184,40,19,2025-05-21
ST16,SKU02351,209,38,12,2025-06-04
ST07,SKU02531,0,87,39,2025-10-12
ST19,SKU04571,0,33,13,2025-08-31
ST12,SKU01414,0,67,28,2025-09-14
ST17,SKU03744,304,82,23,2025-05-31
ST07,SKU02302,283,84,19,2025-06-25
ST24,SKU02700,433,74,34,2025-08-11
ST03,SKU03580,82,20,8,2025-07-15
ST30,SKU03454,119,33,15,2025-08-28
ST28,SKU02590,74,21,7,2025-07-30
ST14,SKU02692,0,94,34,2025-08-30
ST21,SKU03634,166,46,20,2025-08-16
ST19,SKU03295,462,91,21,2025-06-23
ST03,SKU02533,275,46,21,2025-05-26
ST06,SKU01784,0,62,30,2025-08-06
ST23,SKU03414,351,84,39,2025-06-05
ST11,SKU02128,254,84,38,2025-07-01
ST14,SKU01645,292,84,28,2025-05-19
ST16,SKU02472,161,39,9,2025-08-24
ST19,SKU00262,155,48,19,2025-05-21
ST29,SKU00721,210,67,28,2025-07-04
ST15,SKU04987,156,50,19,2025-05-23
ST08,SKU01830,334,57,22,2025-08-20
ST28,SKU04926,0,20,8,2025-09-22
ST28,SKU02482,0,87,20,2025-09-20
ST02,SKU03476,0,48,18,2025-09-16
ST07,SKU01605,362,92,45,2025-06-05
ST19,SKU03416,156,47,19,2025-06-30
ST01,SKU01827,487,82,20,2025-05-09
ST23,SKU03535,0,50,22,2025-08-13
ST14,SKU01766,227,42,10,2025-06-02
ST05,SKU02700,514,93,32,2025-07-16
ST05,SKU02471,103,21,10,2025-07-27
ST24,SKU00498,275,73,33,2025-08-28
ST03,SKU03822,521,97,37,2025-08-03
ST01,SKU01009,0,73,20,2025-08-22
ST13,SKU04281,195,57,17,2025-08-13
ST06,SKU00858,195,45,13,2025-05-15
ST21,SKU03876,0,33,10,2025-09-09
ST09,SKU02590,116,37,13,2025-06-13
ST16,SKU01317,0,83,17,2025-09-02
ST22,SKU01068,255,67,19,2025-08-05
ST17,SKU02710,424,86,42,2025-05-17
ST04,SKU01428,502,86,35,2025-06-07
ST04,SKU03414,331,56,13,2025-08-21
ST25,SKU00090,350,84,28,2025-06-21
ST11,SKU02141,0,88,41,2025-08-31
ST11,SKU00155,396,72,34,2025-06-01
ST07,SKU00679,377,81,22,2025-07-24
ST17,SKU04107,480,89,44,2025-07-22
ST22,SKU04222,300,53,19,2025-07-04
ST10,SKU00721,342,93,41,2025-08-05
ST15,SKU05000,112,27,7,2025-06-07
ST18,SKU02531,0,80,31,2025-08-29
ST16,SKU01438,0,50,16,2025-09-17
ST20,SKU04526,320,65,22,2025-05-20
ST25,SKU04641,503,96,48,2025-08-13
ST27,SKU01038,188,39,16,2025-09-02
ST28,SKU01906,323,65,15,2025-06-03
ST28,SKU03892,167,51,25,2025-05-06
ST17,SKU04228,274,57,16,2025-07-30
ST07,SKU00571,103,26,9,2025-08-19
ST10,SKU03057,0,36,9,2025-08-04
ST24,SKU04941,247,56,23,2025-08-03
ST17,SKU01784,0,46,22,2025-09-06
ST22,SKU02128,316,59,25,2025-08-31
ST05,SKU00498,272,54,18,2025-05-23
ST20,SKU01264,442,78,38,2025-08-20
ST30,SKU03709,461,84,37,2025-08-30
ST26,SKU04987,381,75,34,2025-05-19
ST14,SKU00732,120,22,5,2025-06-18
ST22,SKU01310,355,78,29,2025-05-10
ST10,SKU00024,369,91,26,2025-07-29
ST15,SKU02088,0,73,18,2025-10-06
ST18,SKU01605,424,82,23,2025-07-24
ST06,SKU02268,0,58,19,2025-08-15
ST14,SKU02129,183,31,12,2025-05-31
ST21,SKU02842,291,66,29,2025-07-22
ST07,SKU02907,218,68,26,2025-07-11
ST22,SKU00263,0,26,7,2025-08-20
ST06,SKU03436,558,100,32,2025-08-05
ST24,SKU04244,241,49,19,2025-08-27
ST10,SKU04346,0,98,20,2025-10-02
ST17,SKU00858,287,53,13,2025-06-07
ST01,SKU04526,368,79,29,2025-07-10
ST15,SKU02209,352,98,21,2025-05-31
ST18,SKU03941,357,99,49,2025-06-12
ST27,SKU03266,190,38,11,2025-05-08
ST08,SKU01038,299,59,18,2025-07-09
ST21,SKU03192,340,73,26,2025-08-19
ST09,SKU03892,350,71,17,2025-05-09
ST28,SKU01919,137,25,10,2025-07-14
ST09,SKU01677,0,59,21,2025-09-18
ST09,SKU01906,123,23,9,2025-05-23
ST12,SKU04126,0,88,20,2025-09-18
ST12,SKU01911,138,40,13,2025-08-10
ST19,SKU00638,141,45,17,2025-08-04
ST27,SKU04663,0,84,41,2025-09-20
ST22,SKU00155,143,31,6,2025-08-21
ST20,SKU03492,473,86,38,2025-05-11
ST01,SKU01264,206,61,23,2025-06-15
ST18,SKU00679,160,45,13,2025-05-15
ST04,SKU04945,169,49,24,2025-07-17
ST07,SKU01981,465,79,19,2025-06-16
ST18,SKU04062,358,86,39,2025-05-29
ST18,SKU03833,336,83,27,2025-06-28
ST25,SKU00574,222,61,21,2025-09-01
ST16,SKU04955,144,26,7,2025-08-31
ST23,SKU01696,145,26,10,2025-05-06
ST14,SKU02142,244,69,25,2025-06-12
ST17,SKU04362,0,77,29,2025-09-27
ST24,SKU03089,155,32,13,2025-07-09
ST27,SKU00354,131,32,7,2025-07-14
ST27,SKU02340,0,96,23,2025-09-30
ST18,SKU00571,282,53,19,2025-08-15
ST23,SKU00649,422,80,27,2025-09-02
ST19,SKU04142,236,41,14,2025-08-20
ST29,SKU02386,282,67,18,2025-06-12
ST01,SKU04768,327,55,24,2025-08-22
ST27,SKU03737,166,43,9,2025-06-04
ST13,SKU03839,443,96,35,2025-06-14
ST30,SKU03254,488,84,38,2025-05-28
ST04,SKU04019,332,60,24,2025-08-23
ST16,SKU03090,147,30,15,2025-05-09
ST09,SKU01919,169,42,13,2025-08-14
ST26,SKU02088,0,59,12,2025-10-03
ST24,SKU03210,337,70,29,2025-07-06
ST03,SKU02333,0,94,30,2025-09-21
ST08,SKU04663,0,78,30,2025-08-26
ST29,SKU01339,482,83,20,2025-08-25
ST01,SKU03492,410,99,43,2025-08-14
ST25,SKU01863,330,72,21,2025-05-21
ST18,SKU02907,97,32,8,2025-06-20
ST18,SKU00692,0,31,14,2025-08-30
ST21,SKU02387,214,49,16,2025-06-24
ST17,SKU03436,364,72,17,2025-07-30
ST24,SKU00177,0,71,15,2025-08-04
ST29,SKU00521,73,22,9,2025-07-22
ST20,SKU04902,333,82,37,2025-09-02
ST30,SKU03375,143,28,10,2025-06-21
ST27,SKU01414,0,76,33,2025-10-07
ST23,SKU04153,343,82,33,2025-06-21
ST04,SKU01696,312,67,16,2025-08-01
ST26,SKU02209,174,36,17,2025-07-18
ST05,SKU03089,281,51,19,2025-08-14
ST08,SKU00354,338,73,21,2025-05-12
ST16,SKU02164,377,95,33,2025-05-23
ST21,SKU02279,360,90,36,2025-07-25
ST14,SKU01337,358,85,40,2025-06-01
ST02,SKU04215,350,62,27,2025-08-11
ST04,SKU00649,320,67,32,2025-07-11
ST10,SKU02386,217,56,26,2025-06-04
ST08,SKU03737,120,21,7,2025-08-21
ST15,SKU04679,257,57,15,2025-07-05
ST04,SKU02046,0,93,24,2025-10-07
ST14,SKU04491,280,58,19,2025-08-09
ST07,SKU01068,118,22,8,2025-05-31
ST05,SKU03210,425,100,33,2025-06-07
ST19,SKU00893,0,90,39,2025-09-14
ST10,SKU01339,502,86,39,2025-06-29
ST08,SKU04905,299,75,23,2025-07-27
ST06,SKU03812,0,77,24,2025-10-02
ST05,SKU04607,94,25,6,2025-08-11
ST19,SKU00075,208,56,17,2025-08-11
ST05,SKU00177,0,30,7,2025-08-24
ST22,SKU01578,0,68,15,2025-09-27
ST01,SKU04902,323,100,39,2025-08-28
ST08,SKU01643,182,53,17,2025-06-23
ST20,SKU02700,243,60,18,2025-05-27
ST04,SKU04153,387,98,35,2025-08-30
ST23,SKU04166,0,55,20,2025-10-06
ST14,SKU04612,268,53,23,2025-08-22
ST16,SKU01009,0,37,10,2025-08-28
ST07,SKU01189,0,80,38,2025-10-02
ST12,SKU04273,0,34,8,2025-09-03
ST17,SKU00416,0,34,12,2025-08-20
ST22,SKU00531,0,20,10,2025-08-13
ST03,SKU04453,0,33,12,2025-09-01
ST15,SKU01538,234,43,20,2025-08-27
ST25,SKU04212,153,50,25,2025-08-31
ST30,SKU00355,229,74,25,2025-08-04
ST16,SKU04392,445,91,31,2025-07-22
ST21,SKU00535,365,73,22,2025-06-06
ST02,SKU04228,61,20,4,2025-07-10
ST07,SKU00371,355,78,34,2025-05-11
ST24,SKU04741,448,94,39,2025-06-04
ST29,SKU04856,363,76,31,2025-06-19
ST14,SKU00532,74,22,5,2025-07-23
ST07,SKU01310,186,57,26,2025-08-17
ST12,SKU02408,159,39,17,2025-08-14
ST03,SKU04574,0,96,20,2025-08-29
ST13,SKU00832,0,36,17,2025-08-27
ST06,SKU04054,79,24,6,2025-06-03
ST09,SKU01356,202,36,13,2025-06-29
ST07,SKU04693,200,64,17,2025-05-29
ST19,SKU00317,125,22,8,2025-06-24
ST22,SKU04035,0,88,22,2025-09-13
ST12,SKU03347,259,53,15,2025-05-31
ST20,SKU03171,0,48,14,2025-08-09
ST13,SKU04215,214,37,14,2025-07-16
ST25,SKU03286,314,61,18,2025-08-13
ST14,SKU02639,220,40,19,2025-08-27
ST26,SKU04679,357,76,27,2025-07-16
ST19,SKU01485,0,51,12,2025-08-21
ST14,SKU03807,449,87,17,2025-07-02
ST02,SKU02484,0,38,16,2025-09-03
ST14,SKU01592,207,38,14,2025-06-14
ST05,SKU04741,359,77,26,2025-05-17
ST24,SKU02768,137,44,19,2025-05-22
ST05,SKU02526,0,38,14,2025-08-20
ST24,SKU00553,90,20,9,2025-06-29
ST10,SKU04856,235,42,15,2025-05-20
ST03,SKU01662,0,83,23,2025-10-06
ST23,SKU02543,0,65,14,2025-08-20
ST14,SKU00774,0,39,11,2025-08-09
ST19,SKU03592,195,47,21,2025-06-02
ST12,SKU02421,225,46,21,2025-07-22
ST22,SKU00894,245,43,14,2025-07-12
ST17,SKU00550,133,23,6,2025-05-08
ST18,SKU03633,0,73,25,2025-08-09
ST30,SKU04919,279,57,25,2025-08-02
ST30,SKU04690,172,49,17,2025-07-24
ST16,SKU04526,489,92,30,2025-08-22
ST02,SKU04591,168,30,7,2025-08-27
ST02,SKU02376,153,34,8,2025-08-06
ST26,SKU01538,358,89,28,2025-06-22
ST24,SKU02660,0,86,32,2025-09-19
ST27,SKU04126,0,34,12,2025-08-22
ST13,SKU04228,144,46,13,2025-06-21
ST21,SKU04052,247,42,11,2025-05-23
ST23,SKU00449,136,28,9,2025-08-08
ST21,SKU03823,98,26,8,2025-05-20
ST24,SKU03828,396,94,42,2025-08-03
ST20,SKU04352,345,98,30,2025-08-21
ST18,SKU01310,305,88,23,2025-06-08
ST11,SKU00331,105,26,9,2025-05-28
ST21,SKU03005,327,58,22,2025-05-25
ST23,SKU03603,102,20,10,2025-05-07
ST11,SKU04532,490,82,33,2025-06-08
ST21,SKU02776,0,27,10,2025-09-27
ST17,SKU04054,115,37,14,2025-08-05
ST19,SKU04652,93,23,6,2025-07-26
ST12,SKU01495,168,42,12,2025-08-22
ST24,SKU04996,309,93,23,2025-07-20
ST27,SKU04476,0,83,41,2025-08-12
ST01,SKU03292,0,42,21,2025-10-01
ST01,SKU03063,0,21,10,2025-08-25
ST04,SKU02543,0,77,35,2025-10-02
ST04,SKU00328,0,21,10,2025-09-05
ST12,SKU02892,0,68,15,2025-08-11
ST10,SKU04280,0,66,25,2025-09-20
ST11,SKU04653,263,63,21,2025-07-26
ST16,SKU04768,360,87,36,2025-08-15
ST28,SKU03839,434,87,35,2025-07-07
ST21,SKU00682,127,37,9,2025-07-21
ST29,SKU01031,485,99,37,2025-08-02
ST15,SKU03311,146,26,11,2025-08-27
ST13,SKU02484,0,78,35,2025-08-09
ST27,SKU00167,140,29,7,2025-08-01
ST16,SKU03950,339,73,24,2025-08-01
ST23,SKU00691,301,60,24,2025-07-29
ST04,SKU00449,178,51,17,2025-05-23
ST23,SKU00462,96,20,8,2025-08-16
ST29,SKU04414,238,48,11,2025-08-16
ST03,SKU00978,342,95,34,2025-06-29
ST15,SKU04250,192,52,12,2025-08-26
ST01,SKU04352,147,38,13,2025-05-06
ST03,SKU00749,259,46,17,2025-08-04
ST03,SKU02964,409,94,27,2025-08-15
ST04,SKU03603,369,93,22,2025-08-24
ST02,SKU00524,153,49,14,2025-07-22
ST19,SKU04894,342,87,42,2025-05-17
ST24,SKU01037,0,36,17,2025-08-25
ST05,SKU04996,131,23,6,2025-05-30
ST27,SKU02503,0,32,7,2025-09-08
ST27,SKU04489,0,76,17,2025-08-24
ST18,SKU00734,439,96,30,2025-08-01
ST13,SKU02376,449,97,20,2025-08-23
ST11,SKU03727,0,76,28,2025-09-26
ST02,SKU03907,0,36,14,2025-08-26
ST21,SKU01971,453,77,27,2025-07-23
ST24,SKU02205,193,39,13,2025-08-22
ST13,SKU03773,140,36,11,2025-05-29
ST15,SKU00170,162,31,6,2025-06-07
ST20,SKU02500,215,71,30,2025-05-08
ST20,SKU00285,0,61,20,2025-09-05
ST06,SKU00350,118,26,6,2025-08-23
ST23,SKU03966,192,58,27,2025-05-19
ST14,SKU04412,105,30,8,2025-06-23
ST23,SKU01751,0,50,15,2025-10-09
ST21,SKU01153,0,22,10,2025-09-18
ST21,SKU03139,94,24,7,2025-07-15
ST02,SKU00645,351,69,34,2025-05-25
ST12,SKU04073,302,53,20,2025-06-03
ST22,SKU04532,384,92,31,2025-07-10
ST24,SKU00929,0,49,14,2025-09-06
ST10,SKU01031,240,79,29,2025-07-22
ST22,SKU00331,92,30,8,2025-08-24
ST03,SKU02038,109,28,6,2025-06-02
ST18,SKU00855,214,64,15,2025-08-22
ST08,SKU00167,89,25,10,2025-06-01
ST06,SKU03504,536,92,24,2025-06-13
ST25,SKU01568,244,42,11,2025-06-24
ST04,SKU00691,213,48,16,2025-06-12
ST23,SKU04905,314,55,17,2025-08-30
ST19,SKU03968,446,87,30,2025-07-10
ST03,SKU00991,203,36,15,2025-06-28
ST20,SKU04607,254,43,17,2025-08-24
ST15,SKU00062,0,22,5,2025-08-16
ST21,SKU01274,0,99,38,2025-09-19
ST21,SKU01045,0,82,29,2025-09-27
ST12,SKU04194,277,49,24,2025-08-16
ST19,SKU00935,382,84,19,2025-08-19
ST29,SKU03609,214,59,27,2025-07-28
ST17,SKU02094,315,53,15,2025-06-10
ST08,SKU02503,0,35,10,2025-08-19
ST08,SKU04489,0,70,22,2025-10-09
ST11,SKU01754,144,35,17,2025-08-15
ST26,SKU03311,84,25,12,2025-07-19
ST14,SKU03257,386,68,25,2025-06-11
ST05,SKU02205,255,43,15,2025-08-11
ST05,SKU04191,0,69,20,2025-08-29
ST19,SKU01874,200,40,13,2025-07-19
ST03,SKU01112,156,48,23,2025-08-21
ST01,SKU02500,100,24,7,2025-07-11
ST01,SKU00285,0,60,19,2025-10-08
ST04,SKU03966,369,81,33,2025-08-25
ST14,SKU04654,144,33,13,2025-08-19
ST04,SKU01751,0,61,13,2025-09-05
ST26,SKU04250,126,35,12,2025-07-26
ST12,SKU04315,0,55,14,2025-09-22
ST05,SKU00929,0,80,38,2025-09-17
ST13,SKU00524,118,26,12,2025-06-27
ST02,SKU02055,96,24,9,2025-05-21
ST19,SKU02224,361,68,33,2025-05-16
ST24,SKU04554,125,28,10,2025-06-07
ST29,SKU02683,0,62,29,2025-10-01
ST15,SKU02519,211,64,15,2025-05-12
ST20,SKU04849,204,66,29,2025-08-04
ST27,SKU03805,338,72,23,2025-07-15
ST15,SKU04505,234,52,16,2025-08-31
ST23,SKU04329,0,30,8,2025-09-15
ST11,SKU03043,147,48,17,2025-05-19
ST26,SKU00170,251,51,12,2025-05-19
ST12,SKU02221,113,25,5,2025-07-12
ST17,SKU04551,0,89,39,2025-08-04
ST10,SKU03609,459,82,19,2025-05-15
ST17,SKU00350,421,80,19,2025-06-11
ST29,SKU01407,302,57,20,2025-05-28
ST13,SKU00874,331,88,31,2025-08-14
ST03,SKU00186,169,38,11,2025-08-16
ST13,SKU00645,242,48,14,2025-07-21
ST30,SKU04261,120,34,10,2025-07-22
ST23,SKU03053,0,58,21,2025-09-18
ST02,SKU02176,0,45,11,2025-08-14
ST21,SKU00240,121,38,19,2025-08-14
ST07,SKU00305,388,96,26,2025-07-05
ST12,SKU01174,111,21,10,2025-08-17
ST17,SKU03504,205,57,28,2025-06-26
ST29,SKU00589,394,67,19,2025-07-22
ST22,SKU03848,205,57,14,2025-08-31
ST23,SKU00020,0,58,24,2025-08-25
ST14,SKU00466,178,32,13,2025-06-21
ST14,SKU00237,180,57,14,2025-05-15
ST02,SKU03115,502,90,40,2025-05-16
ST19,SKU03284,84,20,9,2025-06-16
ST12,SKU00127,283,52,12,2025-06-13
ST29,SKU03743,0,58,27,2025-08-19
ST21,SKU04791,127,27,9,2025-06-28
ST21,SKU02576,153,48,19,2025-05-16
ST21,SKU04562,0,28,12,2025-08-12
ST28,SKU01303,109,34,16,2025-07-31
ST02,SKU02068,0,45,20,2025-08-23
ST05,SKU04554,234,46,14,2025-08-04
ST19,SKU00251,145,35,10,2025-07-04
ST10,SKU02683,0,63,21,2025-08-23
ST22,SKU01754,248,58,26,2025-05-24
ST15,SKU04747,382,71,24,2025-07-16
ST01,SKU04849,375,64,28,2025-05-23
ST25,SKU03220,324,84,40,2025-07-30
ST20,SKU00890,472,87,37,2025-08-24
ST08,SKU03805,348,71,22,2025-05-16
ST15,SKU00546,136,45,15,2025-05-19
ST28,SKU02471,194,41,15,2025-08-06
ST10,SKU03851,0,51,11,2025-09-18
ST17,SKU00592,262,47,22,2025-08-27
ST24,SKU03520,193,44,13,2025-08-15
ST29,SKU03864,498,92,22,2025-05-23
ST29,SKU01649,530,97,34,2025-08-06
ST23,SKU03295,131,31,9,2025-05-28
ST26,SKU01580,350,93,36,2025-06-30
ST07,SKU02533,241,61,26,2025-06-06
ST03,SKU03582,125,37,17,2025-08-26
ST20,SKU02997,425,100,48,2025-05-25
ST11,SKU01191,353,73,31,2025-05-30
ST06,SKU02833,0,46,22,2025-08-12
ST23,SKU00262,148,30,7,2025-05-28
ST16,SKU03292,0,53,25,2025-08-18
ST26,SKU02519,293,80,39,2025-07-20
ST12,SKU02584,126,29,11,2025-08-14
ST12,SKU02355,0,86,43,2025-08-07
ST10,SKU03743,0,63,28,2025-09-11
ST17,SKU00484,0,39,13,2025-08-27
ST01,SKU04152,96,20,6,2025-08-29
ST27,SKU00906,475,98,47,2025-05-10
ST27,SKU02892,0,92,42,2025-08-11
ST25,SKU04280,0,87,32,2025-08-24
ST25,SKU00079,0,80,22,2025-09-05
ST23,SKU03416,286,60,14,2025-05-12
ST09,SKU01303,295,77,18,2025-07-09
ST12,SKU03523,97,27,6,2025-06-25
ST24,SKU00608,401,77,29,2025-05-27
ST29,SKU02938,204,52,17,2025-06-19
ST03,SKU01717,208,47,22,2025-08-02
ST01,SKU03105,338,58,17,2025-06-09
ST01,SKU00890,470,83,21,2025-05-27
ST09,SKU02471,357,87,35,2025-08-06
ST28,SKU00498,231,41,15,2025-08-04
ST26,SKU00654,216,55,16,2025-06-20
ST21,SKU01542,264,48,21,2025-06-03
ST07,SKU03822,65,21,7,2025-06-05
ST05,SKU03749,247,53,11,2025-07-11
ST29,SKU04106,230,49,18,2025-05-08
ST10,SKU03864,334,99,20,2025-08-13
ST24,SKU01547,0,49,18,2025-09-28
ST10,SKU01649,294,58,16,2025-07-10
ST25,SKU04401,318,74,16,2025-05-19
ST13,SKU03115,424,96,39,2025-06-05
ST21,SKU02710,203,39,14,2025-06-23
ST19,SKU00385,293,85,23,2025-08-08
ST24,SKU00500,0,32,12,2025-08-31
ST01,SKU02997,160,49,24,2025-06-22
ST06,SKU00860,185,53,18,2025-07-28
ST14,SKU00721,382,74,16,2025-05-28
ST26,SKU04747,393,69,19,2025-05-19
ST26,SKU00546,461,98,27,2025-07-21
ST22,SKU01070,160,42,18,2025-05-31
ST08,SKU00906,306,76,17,2025-05-23
ST04,SKU03416,312,55,14,2025-08-18
ST28,SKU03773,88,20,9,2025-08-10
ST22,SKU04453,0,76,26,2025-08-13
ST05,SKU00608,409,75,20,2025-08-19
ST10,SKU02938,268,70,21,2025-08-01
ST29,SKU00965,75,23,8,2025-07-04
ST14,SKU03057,0,20,9,2025-08-24
ST11,SKU03311,122,26,9,2025-08-12
ST09,SKU00498,136,25,10,2025-07-18
ST28,SKU04941,100,21,9,2025-08-06
ST02,SKU03491,267,58,22,2025-06-14
ST12,SKU00732,488,82,39,2025-06-21
ST29,SKU04348,0,26,6,2025-08-14
ST19,SKU01674,172,57,13,2025-05-30
ST12,SKU02718,360,85,21,2025-08-24
ST17,SKU02833,0,35,15,2025-09-26
ST22,SKU03177,304,69,24,2025-07-12
ST25,SKU02657,0,66,23,2025-09-24
ST30,SKU04987,95,23,7,2025-05-11
ST02,SKU04888,199,52,25,2025-08-22
ST19,SKU02842,264,63,24,2025-07-01
ST07,SKU01970,182,32,7,2025-07-24
ST15,SKU04305,0,49,14,2025-08-10
ST18,SKU03822,448,84,25,2025-06-25
ST20,SKU02205,78,23,8,2025-05-27
ST11,SKU02614,0,72,23,2025-09-30
ST21,SKU03073,490,89,29,2025-06-23
ST21,SKU00858,423,90,37,2025-06-02
ST12,SKU01792,93,28,12,2025-07-12
ST10,SKU00965,105,21,7,2025-08-18
ST20,SKU03602,318,96,46,2025-07-22
ST13,SKU00445,0,41,15,2025-08-04
ST16,SKU01911,389,75,17,2025-06-16
ST23,SKU00638,172,31,8,2025-06-22
ST09,SKU04941,407,68,32,2025-06-04
ST10,SKU04348,0,84,35,2025-08-25
ST29,SKU02375,291,70,28,2025-07-02
ST22,SKU01433,159,27,7,2025-06-26
ST17,SKU00860,364,85,26,2025-06-13
ST08,SKU03484,169,31,12,2025-07-31
ST15,SKU02211,214,52,22,2025-06-03
ST30,SKU03014,413,77,34,2025-07-31
ST30,SKU05000,113,22,11,2025-06-11
ST26,SKU04292,90,22,5,2025-07-12
ST02,SKU02915,260,82,23,2025-05-08
ST02,SKU04901,221,73,32,2025-06-11
ST24,SKU03199,0,21,9,2025-09-01
ST27,SKU04665,154,27,11,2025-08-24
ST15,SKU03150,95,28,6,2025-05-13
ST16,SKU01803,77,20,5,2025-07-06
ST28,SKU03089,253,44,12,2025-07-01
ST26,SKU01030,0,97,48,2025-10-09
ST29,SKU02267,446,92,28,2025-05-08
ST03,SKU01046,288,60,24,2025-06-30
ST15,SKU04318,0,20,6,2025-10-10
ST30,SKU00920,0,63,27,2025-10-02
ST23,SKU04142,85,27,12,2025-07-05
ST09,SKU04244,208,69,27,2025-05-26
ST04,SKU01685,0,68,32,2025-08-06
ST02,SKU03036,273,80,30,2025-07-05
ST02,SKU00821,180,38,13,2025-06-04
ST24,SKU03320,287,55,25,2025-07-25
ST12,SKU01805,236,42,9,2025-07-23
ST08,SKU02558,296,65,31,2025-07-09
ST01,SKU03602,315,68,29,2025-07-05
ST13,SKU04888,280,61,28,2025-07-09
ST21,SKU02268,0,34,10,2025-09-30
ST28,SKU03210,293,57,22,2025-07-09
ST11,SKU01580,336,75,29,2025-05-25
ST02,SKU03975,262,80,39,2025-06-17
ST07,SKU04319,310,67,14,2025-07-26
ST04,SKU00638,130,26,11,2025-07-31
ST19,SKU04144,286,59,15,2025-08-02
ST12,SKU00987,325,79,34,2025-08-17
ST10,SKU02375,323,58,19,2025-06-21
ST03,SKU01167,189,48,13,2025-06-27
ST20,SKU04783,0,87,29,2025-10-02
ST15,SKU02224,131,28,8,2025-05-27
ST18,SKU01970,154,49,21,2025-06-27
ST21,SKU03436,297,90,35,2025-05-28
ST02,SKU00942,0,56,14,2025-08-04
ST12,SKU02155,0,27,6,2025-09-04
ST24,SKU03441,136,40,17,2025-05-24
ST03,SKU04321,0,40,16,2025-09-13
ST27,SKU02692,0,45,21,2025-09-26
ST13,SKU02794,120,32,10,2025-06-12
ST30,SKU02209,399,86,36,2025-08-26
ST09,SKU03089,258,52,21,2025-08-28
ST09,SKU00874,379,73,25,2025-08-17
ST12,SKU03323,0,81,27,2025-09-22
ST27,SKU01645,306,96,23,2025-07-13
ST04,SKU04142,173,42,9,2025-06-19
ST11,SKU00654,91,22,10,2025-08-28
ST02,SKU01063,395,76,26,2025-08-15
ST26,SKU02211,314,80,23,2025-08-03
ST24,SKU03562,122,34,14,2025-08-31
ST05,SKU03320,442,94,46,2025-06-28
ST03,SKU04442,321,79,24,2025-06-21
ST18,SKU03259,0,65,25,2025-09-23
ST13,SKU02915,335,61,16,2025-08-19
ST27,SKU02584,172,45,9,2025-06-21
ST06,SKU03693,0,40,14,2025-09-09
ST23,SKU03108,353,71,18,2025-08-05
ST09,SKU03210,154,42,16,2025-08-07
ST11,SKU01822,94,28,9,2025-07-10
ST14,SKU01339,246,71,17,2025-05-18
ST16,SKU04152,159,27,11,2025-05-30
ST12,SKU01229,168,41,19,2025-05-19
ST01,SKU04783,0,98,31,2025-08-11
ST27,SKU01766,206,44,20,2025-06-29
ST23,SKU00075,355,84,37,2025-05-16
ST09,SKU00177,0,83,35,2025-08-25
ST16,SKU03105,219,60,21,2025-06-05
ST11,SKU00775,195,54,20,2025-07-03
ST05,SKU03441,316,92,44,2025-07-28
ST13,SKU03036,137,29,8,2025-06-20
ST15,SKU03634,175,46,18,2025-08-11
ST13,SKU00821,145,38,19,2025-08-07
ST08,SKU01645,544,99,28,2025-08-08
ST13,SKU03975,255,53,16,2025-05-08
ST28,SKU04741,98,25,11,2025-05-13
ST28,SKU02526,0,61,18,2025-08-22
ST02,SKU03291,390,71,34,2025-05-09
ST05,SKU03562,364,98,46,2025-06-12
ST12,SKU04504,116,21,4,2025-07-28
ST03,SKU00254,0,49,16,2025-09-13
ST27,SKU02826,0,71,21,2025-10-10
ST16,SKU02408,127,36,10,2025-08-29
ST11,SKU02064,376,88,25,2025-07-18
ST22,SKU04145,180,38,12,2025-07-26
ST12,SKU03457,451,93,26,2025-06-23
ST08,SKU01766,348,77,22,2025-07-26
ST20,SKU00837,335,90,40,2025-09-02
ST04,SKU00075,135,25,10,2025-05-16
ST28,SKU04633,0,89,18,2025-08-18
ST16,SKU03347,222,62,20,2025-08-18
ST09,SKU00190,0,84,26,2025-09-28
ST05,SKU03454,386,65,21,2025-06-27
ST17,SKU00539,0,42,11,2025-09-12
ST03,SKU02590,187,59,28,2025-06-22
ST22,SKU00654,343,70,34,2025-06-12
ST13,SKU01063,362,73,32,2025-06-26
ST30,SKU04679,569,95,35,2025-08-30
ST27,SKU00732,118,26,11,2025-05-09
ST02,SKU04580,197,48,12,2025-06-25
ST02,SKU00150,304,53,14,2025-07-10
ST12,SKU03578,0,31,10,2025-09-15
ST05,SKU00421,128,37,13,2025-08-05
ST19,SKU00090,444,81,34,2025-08-12
ST20,SKU03173,173,44,11,2025-06-12
ST11,SKU01138,0,100,41,2025-10-04
ST21,SKU03812,0,91,44,2025-10-08
ST28,SKU00553,75,20,8,2025-06-28
ST28,SKU02768,264,52,12,2025-06-08
ST14,SKU04856,332,60,28,2025-06-20
ST07,SKU01662,0,69,20,2025-10-10
ST02,SKU01318,91,20,9,2025-08-09
ST07,SKU01433,217,67,20,2025-08-29
ST12,SKU02531,0,67,30,2025-08-13
ST03,SKU04926,0,60,27,2025-09-29
ST22,SKU00775,83,25,7,2025-08-14
ST08,SKU02826,0,42,15,2025-09-27
ST11,SKU04292,409,76,15,2025-07-22
ST16,SKU02421,433,78,31,2025-06-12
ST26,SKU03863,219,38,10,2025-05-13
ST21,SKU00550,293,50,19,2025-07-26
ST26,SKU03634,405,83,35,2025-05-24
ST19,SKU04641,237,49,12,2025-06-11
ST24,SKU04756,0,84,18,2025-09-11
ST27,SKU04236,263,55,17,2025-06-19
ST25,SKU01423,474,96,34,2025-06-07
ST01,SKU00837,539,99,46,2025-08-09
ST18,SKU04453,0,77,35,2025-08-08
ST30,SKU01538,443,82,40,2025-07-16
ST04,SKU00317,144,39,19,2025-06-19
ST28,SKU02660,0,54,12,2025-08-18
ST28,SKU00445,0,46,12,2025-10-11
ST02,SKU03425,0,74,16,2025-09-14
ST29,SKU04053,345,83,39,2025-07-29
ST20,SKU02247,0,77,36,2025-10-12
ST18,SKU01420,0,59,12,2025-08-27
ST08,SKU00732,417,72,32,2025-06-23
ST28,SKU03828,354,81,23,2025-08-08
ST23,SKU03484,485,86,20,2025-06-23
ST07,SKU02722,395,93,44,2025-05-10
ST07,SKU00507,210,51,14,2025-07-25
ST29,SKU03235,442,75,26,2025-08-01
ST12,SKU01605,131,22,6,2025-07-18
ST22,SKU02064,91,26,10,2025-07-01
ST08,SKU02129,257,82,41,2025-07-06
ST01,SKU03173,365,71,17,2025-06-17
ST27,SKU02142,289,76,16,2025-08-12
ST01,SKU00958,360,69,14,2025-07-12
ST06,SKU03251,452,100,26,2025-05-19
ST21,SKU04054,133,31,12,2025-08-30
ST23,SKU04652,88,21,6,2025-06-17
ST09,SKU00553,296,57,12,2025-08-11
ST16,SKU01495,185,34,14,2025-05-24
ST09,SKU02768,204,43,12,2025-05-18
ST02,SKU03546,0,77,38,2025-08-17
ST04,SKU03592,335,80,30,2025-06-06
ST02,SKU02728,147,38,17,2025-06-15
ST26,SKU03876,0,26,13,2025-08-05
ST12,SKU03941,292,58,26,2025-07-19
ST07,SKU00628,0,28,10,2025-09-18
ST17,SKU02070,138,35,12,2025-07-07
ST19,SKU00682,347,65,31,2025-07-21
ST15,SKU03192,180,33,14,2025-07-24
ST03,SKU03892,346,80,26,2025-05-15
ST08,SKU04236,328,58,14,2025-07-19
ST13,SKU00150,288,74,37,2025-07-04
ST23,SKU02558,273,85,37,2025-07-27
ST09,SKU02660,0,84,40,2025-08-06
ST26,SKU03058,455,96,42,2025-08-04
ST17,SKU01023,135,40,9,2025-06-13
ST22,SKU03353,0,67,31,2025-08-28
ST10,SKU04053,241,63,17,2025-06-16
ST12,SKU00679,122,25,6,2025-07-05
ST01,SKU02247,0,79,17,2025-09-18
ST13,SKU01318,161,33,11,2025-06-17
ST25,SKU00389,119,35,14,2025-08-08
ST09,SKU03828,281,76,26,2025-07-16
ST07,SKU02964,237,52,17,2025-07-15
ST12,SKU04062,325,82,38,2025-08-06
ST07,SKU00749,288,63,17,2025-06-01
ST10,SKU03235,185,51,14,2025-05-25
ST12,SKU03833,414,98,24,2025-07-09
ST22,SKU04292,350,65,32,2025-07-03
ST20,SKU03428,456,94,46,2025-06-08
ST08,SKU02142,182,34,8,2025-06-05
ST27,SKU02155,0,22,8,2025-09-08
ST01,SKU01200,129,39,10,2025-05-15
ST06,SKU03493,183,49,20,2025-09-02
ST23,SKU04894,262,54,14,2025-07-30
ST04,SKU04652,342,70,22,2025-06-05
ST09,SKU04996,412,94,44,2025-06-01
ST12,SKU00571,517,87,31,2025-06-21
ST20,SKU04596,0,59,18,2025-10-05
ST01,SKU02368,0,95,28,2025-09-23
ST20,SKU02381,0,90,30,2025-08-16
ST13,SKU03425,0,23,7,2025-10-03
ST27,SKU01337,105,30,12,2025-07-24
ST06,SKU02217,354,99,43,2025-06-16
ST24,SKU03254,513,92,20,2025-05-09
ST27,SKU04491,315,67,21,2025-08-27
ST18,SKU02722,337,79,23,2025-05-06
ST16,SKU04073,175,38,8,2025-07-09
ST04,SKU02558,512,87,36,2025-06-01
ST28,SKU00929,0,85,38,2025-09-04
ST14,SKU01031,185,55,18,2025-06-28
ST07,SKU02038,109,26,9,2025-07-20
ST19,SKU01863,189,56,19,2025-06-25
ST12,SKU02907,301,77,35,2025-07-11
ST17,SKU03251,349,61,14,2025-06-27
ST12,SKU00692,0,99,32,2025-09-07
ST15,SKU02387,153,27,8,2025-07-17
ST20,SKU04717,440,97,30,2025-06-18
ST01,SKU04475,195,57,20,2025-08-23
ST13,SKU03546,0,21,10,2025-09-17
ST27,SKU01229,286,70,21,2025-06-03
ST18,SKU01675,258,56,16,2025-07-11
ST06,SKU02567,262,58,18,2025-08-13
ST23,SKU03968,189,40,10,2025-06-01
ST07,SKU00991,248,50,13,2025-06-19
ST19,SKU03031,476,86,42,2025-08-25
ST24,SKU03375,304,65,26,2025-05-16
ST13,SKU02728,502,95,40,2025-05-29
ST27,SKU04612,140,39,8,2025-07-02
ST01,SKU03428,365,65,14,2025-06-17
ST18,SKU00628,0,33,9,2025-08-04
ST04,SKU04894,107,26,6,2025-06-04
ST23,SKU00935,278,54,15,2025-06-30
ST16,SKU04194,443,84,36,2025-05-09
ST21,SKU02094,303,71,31,2025-06-02
ST28,SKU03036,178,45,10,2025-08-13
ST26,SKU03192,129,22,8,2025-06-26
ST12,SKU01042,355,83,20,2025-05-12
ST15,SKU02279,225,68,27,2025-08-28
ST08,SKU01337,114,25,8,2025-08-07
ST23,SKU01874,322,78,25,2025-07-08
ST19,SKU03152,276,46,21,2025-06-24
ST05,SKU03254,116,20,6,2025-05-08
ST12,SKU01981,523,93,30,2025-06-21
ST27,SKU02747,0,29,7,2025-08-31
ST27,SKU00532,132,31,12,2025-06-09
ST18,SKU00978,432,88,38,2025-06-27
ST08,SKU04491,302,93,24,2025-06-24
ST18,SKU02964,227,38,15,2025-07-27
ST18,SKU00749,385,91,21,2025-07-25
ST06,SKU03627,226,53,23,2025-07-08
ST09,SKU00929,0,37,10,2025-09-01
ST17,SKU03493,315,91,41,2025-05-18
ST01,SKU04717,278,48,18,2025-06-09
ST25,SKU03088,0,47,21,2025-08-18
ST01,SKU00516,150,39,14,2025-05-26
ST06,SKU04795,333,64,18,2025-08-06
ST28,SKU04554,507,93,44,2025-06-13
ST04,SKU03968,502,85,34,2025-05-19
ST05,SKU03375,563,95,36,2025-05-30
ST08,SKU04612,331,66,19,2025-06-20
ST27,SKU02639,79,21,8,2025-08-11
ST30,SKU00170,449,75,16,2025-08-22
ST04,SKU03150,374,86,39,2025-05-09
ST04,SKU00935,126,26,10,2025-08-30
ST21,SKU04551,0,86,27,2025-10-02
ST14,SKU03609,154,39,9,2025-05-23
ST16,SKU02221,190,47,21,2025-05-10
ST11,SKU03863,261,64,26,2025-08-03
ST28,SKU01063,452,94,37,2025-06-18
ST02,SKU02057,271,87,34,2025-08-26
ST07,SKU00186,257,65,17,2025-08-14
ST21,SKU00350,152,40,12,2025-06-06
ST19,SKU04212,317,55,21,2025-07-10
ST24,SKU00355,229,50,17,2025-08-12
ST15,SKU00535,197,33,15,2025-08-12
ST27,SKU03807,189,52,16,2025-08-22
ST18,SKU02038,94,28,13,2025-07-21
ST16,SKU01174,229,69,19,2025-07-18
ST23,SKU04102,452,100,49,2025-08-28
ST21,SKU03504,133,27,13,2025-05-27
ST26,SKU02387,223,44,11,2025-07-21
ST12,SKU00237,391,97,34,2025-07-05
ST17,SKU02567,258,65,22,2025-08-21
ST29,SKU03624,344,61,19,2025-07-19
ST10,SKU01396,147,37,10,2025-06-19
ST01,SKU01805,123,25,11,2025-06-21
ST27,SKU00774,0,21,9,2025-09-30
ST08,SKU00532,94,24,8,2025-07-28
ST20,SKU01818,120,39,13,2025-07-02
ST30,SKU00291,0,37,10,2025-08-10
ST18,SKU00991,287,83,37,2025-05-16
ST30,SKU02277,191,45,12,2025-07-10
ST16,SKU00127,335,63,14,2025-08-02
ST07,SKU04508,0,90,24,2025-09-22
ST24,SKU02462,0,93,28,2025-08-07
ST01,SKU00758,371,94,25,2025-08-05
ST06,SKU02822,231,69,20,2025-06-27
ST09,SKU04554,143,27,10,2025-08-31
ST26,SKU02279,399,85,21,2025-05-17
ST19,SKU03286,160,39,16,2025-08-14
ST20,SKU01939,243,79,18,2025-08-04
ST11,SKU04334,394,86,28,2025-08-09
ST14,SKU03851,0,26,13,2025-08-16
ST28,SKU03520,221,63,29,2025-06-21
ST21,SKU00363,0,53,11,2025-08-08
ST14,SKU01407,306,97,40,2025-05-23
ST02,SKU02070,206,60,21,2025-05-31
ST05,SKU02570,260,70,21,2025-05-29
ST05,SKU00355,264,70,29,2025-07-19
ST17,SKU03627,273,87,41,2025-09-02
ST19,SKU00024,375,85,39,2025-08-01
ST08,SKU01592,371,68,19,2025-06-08
ST11,SKU03058,190,59,14,2025-07-27
ST14,SKU00589,95,31,9,2025-06-12
ST23,SKU02129,261,68,28,2025-06-22
ST07,SKU03582,263,49,15,2025-08-30
ST17,SKU04795,340,89,25,2025-06-17
ST29,SKU01880,106,23,10,2025-08-24
ST17,SKU02580,88,28,14,2025-06-13
ST29,SKU01651,304,83,31,2025-05-12
ST15,SKU03931,160,37,15,2025-08-24
ST08,SKU00774,0,67,19,2025-08-05
ST20,SKU04046,0,67,15,2025-09-04
ST01,SKU01818,222,47,11,2025-08-30
ST30,SKU02519,237,55,15,2025-07-30
ST30,SKU04505,242,41,9,2025-06-22
ST16,SKU00369,0,84,27,2025-08-12
ST16,SKU02355,0,60,13,2025-09-30
ST14,SKU03743,0,57,22,2025-08-11
ST21,SKU00484,0,92,19,2025-08-31
ST12,SKU03633,0,100,50,2025-08-06
ST24,SKU04919,210,40,15,2025-08-26
ST24,SKU04690,292,56,18,2025-06-24
ST20,SKU02999,132,23,5,2025-07-23
ST13,SKU02057,153,27,9,2025-07-15
ST18,SKU00186,105,34,11,2025-08-23
ST04,SKU00251,331,58,17,2025-07-30
ST16,SKU03523,308,60,29,2025-05-20
ST23,SKU00264,0,83,17,2025-08-28
ST11,SKU03179,276,61,14,2025-07-11
ST17,SKU02930,0,24,12,2025-08-21
ST12,SKU00371,118,34,8,2025-05-10
ST22,SKU00830,0,52,16,2025-08-24
ST15,SKU04052,225,70,32,2025-07-02
ST01,SKU01939,227,55,16,2025-05-12
ST30,SKU04626,0,64,29,2025-08-19
ST09,SKU03749,547,97,35,2025-07-19
ST09,SKU03520,321,64,13,2025-08-28
ST14,SKU03864,123,27,9,2025-07-16
ST14,SKU01649,307,83,30,2025-07-15
ST10,SKU04913,0,32,11,2025-09-09
ST12,SKU01310,342,96,35,2025-06-28
ST29,SKU00954,195,59,15,2025-07-20
ST15,SKU02776,0,20,5,2025-08-20
ST27,SKU04062,402,92,32,2025-07-30
ST23,SKU00385,345,86,24,2025-07-25
ST28,SKU00500,0,55,27,2025-09-25
ST12,SKU04693,130,23,6,2025-06-07
ST17,SKU02822,377,87,18,2025-06-06
ST20,SKU02302,245,51,24,2025-05-07
ST30,SKU04747,142,40,14,2025-06-04
ST30,SKU00546,276,77,25,2025-06-11
ST30,SKU02532,0,34,10,2025-08-09
ST11,SKU02253,301,88,40,2025-08-19
ST14,SKU01770,494,89,28,2025-06-12
ST05,SKU04919,345,68,19,2025-08-30
ST24,SKU02946,200,53,12,2025-05-31
ST22,SKU04334,190,33,9,2025-07-04
ST22,SKU04105,0,84,39,2025-08-15
ST27,SKU04412,111,24,11,2025-07-25
ST25,SKU01370,0,89,19,2025-08-04
ST15,SKU00682,291,84,25,2025-05-16
ST04,SKU00264,0,49,15,2025-09-12
ST14,SKU02938,100,33,14,2025-07-18
ST09,SKU00608,113,21,6,2025-08-22
ST22,SKU03058,228,58,28,2025-06-10
ST25,SKU02538,0,84,22,2025-08-10
ST23,SKU01674,125,37,14,2025-05-29
ST16,SKU02718,188,48,20,2025-08-17
ST26,SKU03931,305,91,36,2025-07-07
ST07,SKU02898,0,80,39,2025-09-29
ST10,SKU00954,478,85,21,2025-08-22
ST01,SKU03349,330,63,24,2025-06-20
ST08,SKU00090,377,82,34,2025-08-03
ST15,SKU01032,305,76,33,2025-07-18
ST09,SKU00500,0,67,24,2025-09-05
ST02,SKU01507,0,61,22,2025-09-08
ST07,SKU03837,120,20,10,2025-06-28
ST12,SKU00734,159,53,24,2025-05-29
ST29,SKU04350,0,89,41,2025-10-10
ST22,SKU03179,345,59,28,2025-06-25
ST01,SKU02302,428,82,36,2025-06-02
ST15,SKU01971,317,80,22,2025-08-21
ST18,SKU01717,181,42,9,2025-06-17
ST27,SKU01042,190,46,22,2025-06-28
ST21,SKU02954,0,24,10,2025-09-29
ST26,SKU04052,437,90,45,2025-06-15
ST15,SKU03139,176,55,18,2025-07-12
ST16,SKU01792,176,50,21,2025-06-12
ST06,SKU01104,111,24,10,2025-05-15
ST26,SKU03005,447,85,28,2025-07-06
ST24,SKU02141,0,40,15,2025-08-28
ST12,SKU00855,151,37,12,2025-05-16
ST19,SKU01568,235,58,22,2025-08-23
ST13,SKU03709,115,24,7,2025-08-27
ST01,SKU04409,341,70,21,2025-06-18
ST25,SKU02780,125,24,8,2025-07-12
ST11,SKU04831,438,99,47,2025-08-31
ST04,SKU01674,231,54,25,2025-07-06
ST11,SKU00401,229,48,20,2025-08-27
ST21,SKU00860,423,100,23,2025-07-26
ST22,SKU04468,231,46,11,2025-05-20
ST22,SKU02253,468,95,28,2025-06-04
ST13,SKU02662,324,61,16,2025-08-19
ST15,SKU01045,0,79,24,2025-09-06
ST20,SKU03375,323,68,25,2025-07-31
ST04,SKU02842,96,23,6,2025-05-15
ST10,SKU04350,0,53,15,2025-09-06
ST25,SKU04887,527,100,40,2025-05-25
ST20,SKU00342,189,34,8,2025-07-08
ST08,SKU03257,402,68,24,2025-06-25
ST26,SKU02079,0,58,12,2025-08-23
ST07,SKU01046,195,53,14,2025-06-18
ST17,SKU04245,0,52,20,2025-09-21
ST24,SKU00986,283,69,33,2025-08-13
ST08,SKU04654,129,23,5,2025-08-26
ST27,SKU00466,203,49,18,2025-05-30
ST25,SKU01854,328,62,30,2025-06-24
ST11,SKU03905,277,68,34,2025-05-22
ST16,SKU01805,445,92,26,2025-07-18
ST26,SKU01032,90,26,11,2025-05-12
ST13,SKU01507,0,93,23,2025-10-07
ST06,SKU04729,236,55,15,2025-05-17
ST23,SKU04144,124,34,15,2025-08-01
ST06,SKU02514,355,84,38,2025-08-08
ST16,SKU00987,274,67,32,2025-07-27
ST14,SKU02375,222,39,9,2025-06-15
ST16,SKU00758,364,95,33,2025-08-03
ST07,SKU01167,219,39,12,2025-05-10
ST26,SKU01971,152,28,9,2025-08-11
ST30,SKU04305,0,37,17,2025-08-19
ST26,SKU01153,0,96,42,2025-08-11
ST26,SKU03139,283,51,25,2025-06-05
ST02,SKU01762,280,52,23,2025-07-04
ST24,SKU04261,462,78,29,2025-09-01
ST29,SKU04605,305,96,40,2025-05-13
ST17,SKU01104,233,42,20,2025-06-09
ST01,SKU00571,153,28,7,2025-07-28
ST15,SKU00240,315,55,19,2025-08-02
ST01,SKU00342,377,83,25,2025-06-27
ST20,SKU00584,196,56,22,2025-07-01
ST25,SKU00699,313,65,17,2025-08-05
ST14,SKU02267,345,58,17,2025-08-13
ST02,SKU02930,0,79,30,2025-09-08
ST07,SKU03274,0,55,26,2025-09-24
ST17,SKU02501,94,22,8,2025-07-26
ST22,SKU04831,120,24,11,2025-08-31
ST17,SKU00286,0,32,11,2025-08-28
ST05,SKU00986,251,65,15,2025-06-30
ST08,SKU02681,289,52,19,2025-08-21
ST22,SKU00401,155,45,16,2025-06-11
ST08,SKU00466,356,64,20,2025-07-23
ST30,SKU02211,313,86,26,2025-07-22
ST06,SKU03803,82,24,5,2025-06-17
ST06,SKU03574,115,22,8,2025-07-20
ST02,SKU02112,296,88,22,2025-07-05
ST26,SKU01274,0,50,21,2025-09-02
ST07,SKU04442,424,92,33,2025-06-21
ST26,SKU01045,0,36,9,2025-10-08
ST29,SKU02740,0,62,16,2025-08-22
ST29,SKU04726,327,59,24,2025-08-07
ST27,SKU03633,0,23,10,2025-08-24
ST04,SKU04144,130,42,17,2025-07-17
ST23,SKU04157,0,100,25,2025-10-01
ST11,SKU02871,184,48,19,2025-07-20
ST19,SKU03220,142,39,18,2025-06-30
ST22,SKU02737,0,26,8,2025-08-09
ST25,SKU00002,0,100,44,2025-10-11
ST18,SKU01046,104,30,6,2025-06-26
ST09,SKU03441,135,24,6,2025-06-20
ST28,SKU03454,211,41,10,2025-07-25
ST19,SKU04388,72,22,9,2025-05-07
ST22,SKU03905,444,75,30,2025-07-29
ST10,SKU04605,420,92,20,2025-06-23
ST01,SKU00584,169,48,18,2025-06-12
ST06,SKU02648,0,65,19,2025-08-11
ST28,SKU00421,253,61,16,2025-07-27
ST17,SKU04729,205,42,17,2025-07-28
ST29,SKU03800,0,23,8,2025-09-04
ST17,SKU02514,340,79,27,2025-07-27
ST27,SKU00721,235,78,31,2025-08-24
ST06,SKU01830,161,33,13,2025-08-09
ST09,SKU03562,247,67,16,2025-06-15
ST30,SKU02224,102,20,7,2025-08-02
ST26,SKU01287,456,83,25,2025-08-03
ST10,SKU04955,466,96,30,2025-08-03
ST17,SKU01696,67,21,4,2025-08-02
ST19,SKU04280,0,53,12,2025-08-28
ST19,SKU00079,0,75,17,2025-08-07
ST10,SKU04726,360,67,14,2025-06-27
ST30,SKU03621,332,77,16,2025-07-19
ST03,SKU01303,221,39,15,2025-07-17
ST16,SKU03457,171,49,21,2025-05-29
ST04,SKU04157,0,42,13,2025-09-21
ST26,SKU00240,416,78,27,2025-05-11
ST17,SKU00649,110,23,11,2025-08-25
ST03,SKU02471,491,94,33,2025-06-08
ST15,SKU01542,454,76,36,2025-06-30
ST13,SKU02930,0,41,20,2025-10-04
ST11,SKU04281,95,25,7,2025-07-23
ST09,SKU03454,231,47,23,2025-07-13
ST21,SKU00539,0,31,8,2025-08-07
ST07,SKU02590,75,25,8,2025-06-08
ST17,SKU03803,211,52,24,2025-08-01
ST20,SKU01068,429,83,26,2025-05-12
ST13,SKU02112,435,100,33,2025-06-10
ST18,SKU04442,408,78,29,2025-07-07
ST15,SKU02710,253,50,19,2025-06-06
ST16,SKU03578,0,31,10,2025-09-30
ST16,SKU01363,0,90,21,2025-08-15
ST16,SKU03349,356,85,38,2025-08-08
ST26,SKU04791,280,72,24,2025-08-24
ST02,SKU03414,383,83,41,2025-07-03
ST26,SKU02576,166,29,11,2025-07-12
ST09,SKU00421,295,65,16,2025-07-29
ST19,SKU03583,147,33,14,2025-06-15
ST10,SKU03800,0,95,31,2025-10-10
ST22,SKU02871,165,42,17,2025-08-26
ST20,SKU04222,207,54,25,2025-06-19
ST08,SKU00721,183,34,10,2025-06-03
ST16,SKU02531,0,54,25,2025-09-13
ST07,SKU04926,0,25,7,2025-10-01
ST26,SKU03744,179,58,27,2025-08-25
ST07,SKU02482,0,72,23,2025-10-02
ST12,SKU03580,291,60,15,2025-05-19
ST23,SKU04641,269,79,36,2025-06-17
ST02,SKU03535,0,39,14,2025-08-29
ST28,SKU02541,186,45,18,2025-07-22
ST12,SKU02533,395,84,27,2025-07-05
ST15,SKU01784,0,29,9,2025-08-07
ST20,SKU02128,151,43,15,2025-05-22
ST27,SKU00855,131,25,11,2025-08-20
ST03,SKU00498,95,21,5,2025-08-04
ST25,SKU02472,235,70,22,2025-05-31
ST19,SKU02657,0,72,26,2025-08-15
ST24,SKU04987,429,92,44,2025-05-28
ST19,SKU04643,377,92,42,2025-05-15
ST11,SKU03476,0,47,14,2025-09-11
ST16,SKU01605,310,91,33,2025-05-31
ST04,SKU00090,577,97,38,2025-06-19
ST28,SKU02662,91,26,5,2025-08-21
ST10,SKU01827,289,85,18,2025-08-18
ST14,SKU03932,471,84,27,2025-07-26
ST17,SKU04166,0,22,6,2025-08-12
ST12,SKU03822,149,44,11,2025-08-08
ST22,SKU04281,241,41,15,2025-06-24
ST15,SKU03073,145,33,16,2025-05-25
ST30,SKU03876,0,90,24,2025-09-16
ST18,SKU02590,343,86,36,2025-07-14
ST04,SKU04641,355,65,17,2025-06-12
ST06,SKU01038,91,29,13,2025-06-26
ST23,SKU04654,104,20,4,2025-06-25
ST07,SKU01906,207,59,25,2025-07-01
ST07,SKU03892,228,67,14,2025-08-29
ST26,SKU02710,134,24,12,2025-06-25
ST07,SKU01677,0,47,17,2025-08-20
ST03,SKU04941,271,67,18,2025-05-26
ST13,SKU01428,261,44,12,2025-05-27
ST13,SKU03414,152,27,6,2025-06-23
ST01,SKU02128,111,21,8,2025-07-28
ST20,SKU00155,108,23,6,2025-06-03
ST16,SKU00679,132,36,16,2025-05-29
ST02,SKU04945,418,83,28,2025-08-12
ST26,SKU04107,151,47,15,2025-06-20
ST14,SKU04053,323,87,33,2025-06-22
ST05,SKU04987,284,84,37,2025-05-10
ST24,SKU03014,302,70,21,2025-07-05
ST24,SKU05000,420,78,30,2025-08-21
ST01,SKU01310,162,51,23,2025-07-26
ST18,SKU04926,0,76,30,2025-09-09
ST27,SKU00050,0,97,24,2025-10-05
ST14,SKU03235,198,53,14,2025-07-13
ST23,SKU00574,355,62,15,2025-08-13
ST11,SKU01274,0,20,8,2025-10-06
ST16,SKU03833,291,52,14,2025-05-21
ST29,SKU04526,453,93,25,2025-08-18
ST15,SKU04362,0,85,18,2025-10-10
ST13,SKU03535,0,33,12,2025-10-12
ST30,SKU02950,0,73,28,2025-08-08
ST26,SKU04228,309,90,23,2025-05-13
ST16,SKU00571,524,93,33,2025-07-10
ST26,SKU01784,0,42,18,2025-10-07
ST24,SKU00920,0,87,33,2025-09-08
ST29,SKU01264,416,80,20,2025-06-26
ST27,SKU02386,271,83,38,2025-05-28
ST11,SKU03839,363,71,23,2025-06-17
ST04,SKU00682,331,74,35,2025-08-06
ST06,SKU03266,468,94,43,2025-06-07
ST23,SKU02681,289,89,35,2025-05-26
ST07,SKU01919,292,81,28,2025-05-09
ST24,SKU02088,0,87,40,2025-09-26
ST15,SKU02268,0,42,16,2025-08-22
ST01,SKU00155,207,57,21,2025-05-24
ST16,SKU02907,205,58,18,2025-07-14
ST12,SKU01970,328,57,25,2025-05-13
ST05,SKU03014,239,46,21,2025-08-04
ST13,SKU04824,0,73,28,2025-08-19
ST08,SKU00050,0,42,16,2025-08-28
ST23,SKU03031,216,42,18,2025-05-20
ST04,SKU00574,154,38,15,2025-06-05
ST26,SKU03073,545,93,37,2025-06-18
ST02,SKU01696,292,49,15,2025-06-12
ST26,SKU00858,328,72,22,2025-06-10
ST10,SKU04526,407,92,27,2025-05-22
ST24,SKU02209,158,30,12,2025-06-12
ST01,SKU04706,60,20,9,2025-08-04
ST03,SKU03089,440,91,25,2025-07-03
ST18,SKU01906,347,84,33,2025-07-23
ST06,SKU00354,232,45,16,2025-05-25
ST06,SKU02340,0,71,26,2025-08-11
ST02,SKU00649,311,85,24,2025-05-12
ST29,SKU03492,197,38,18,2025-05-22
ST13,SKU04945,185,35,8,2025-06-18
ST25,SKU04016,0,70,19,2025-09-19
ST08,SKU02386,352,92,41,2025-07-09
ST06,SKU03737,425,82,34,2025-05-12
ST23,SKU03152,113,24,6,2025-06-20
ST09,SKU03254,284,71,20,2025-05-27
ST23,SKU02923,0,37,8,2025-10-05
ST16,SKU01981,357,79,24,2025-05-23
ST02,SKU04032,0,48,20,2025-08-05
ST07,SKU04147,253,51,18,2025-06-07
ST05,SKU02088,0,94,36,2025-08-23
ST08,SKU01568,191,58,25,2025-05-27
ST21,SKU03493,399,76,36,2025-07-17
ST08,SKU00521,293,88,24,2025-09-02
ST06,SKU01643,147,34,16,2025-06-03
ST04,SKU03031,345,89,44,2025-05-28
ST06,SKU01414,0,99,47,2025-09-24
ST21,SKU02217,317,84,29,2025-06-23
ST02,SKU04153,177,42,15,2025-08-31
ST05,SKU02209,95,20,6,2025-07-09
ST15,SKU00416,0,68,33,2025-09-05
ST25,SKU03090,227,64,28,2025-05-10
ST06,SKU04797,113,24,9,2025-06-21
ST23,SKU04212,158,31,7,2025-08-11
ST21,SKU01170,0,88,43,2025-10-08
ST17,SKU04663,0,26,10,2025-08-09
ST17,SKU00462,430,88,43,2025-07-11
ST10,SKU03492,169,39,18,2025-05-28
ST27,SKU04856,352,59,17,2025-08-20
ST30,SKU02387,250,76,34,2025-06-22
ST21,SKU02567,318,56,13,2025-08-25
ST04,SKU02923,0,82,35,2025-09-01
ST26,SKU03436,418,85,32,2025-07-13
ST19,SKU04443,345,80,37,2025-07-13
ST29,SKU04902,148,32,11,2025-07-24
ST03,SKU01466,0,91,24,2025-08-07
ST13,SKU04140,0,82,25,2025-09-20
ST25,SKU00996,0,88,18,2025-09-01
ST13,SKU01696,487,90,34,2025-05-30
ST09,SKU02449,0,70,14,2025-09-28
ST28,SKU02462,0,70,29,2025-09-24
ST17,SKU00354,273,85,17,2025-07-16
ST20,SKU04035,0,40,9,2025-09-21
ST03,SKU00190,0,43,16,2025-09-28
ST25,SKU02164,239,43,15,2025-08-24
ST30,SKU02279,212,69,29,2025-08-31
ST11,SKU04215,218,58,14,2025-06-16
ST23,SKU03286,298,74,24,2025-08-18
ST12,SKU01407,412,85,37,2025-05-31
ST17,SKU03737,179,32,8,2025-06-12
ST24,SKU04679,114,34,16,2025-06-11
ST13,SKU04261,343,67,33,2025-06-04
ST13,SKU02046,0,21,5,2025-08-08
ST01,SKU00531,0,82,22,2025-10-06
ST09,SKU00355,399,98,34,2025-09-02
ST23,SKU00024,263,81,28,2025-05-13
ST02,SKU01133,228,53,19,2025-06-08
ST17,SKU04905,326,79,38,2025-07-13
ST03,SKU04741,413,78,20,2025-08-04
ST08,SKU04856,421,95,29,2025-08-21
ST11,SKU04107,311,68,18,2025-07-02
ST14,SKU03624,193,37,14,2025-07-04
ST10,SKU04902,449,81,34,2025-06-12
ST17,SKU01643,388,69,18,2025-05-31
ST13,SKU04153,136,26,11,2025-08-11
ST15,SKU00550,302,83,34,2025-06-25
ST23,SKU04346,0,82,23,2025-08-08
ST28,SKU04690,524,95,21,2025-07-23
ST26,SKU00416,0,91,37,2025-10-10
ST25,SKU04392,188,35,14,2025-08-09
ST30,SKU00535,116,25,11,2025-08-26
ST16,SKU00371,558,93,32,2025-08-13
ST28,SKU01428,339,59,20,2025-05-14
ST05,SKU04679,593,99,36,2025-06-15
ST12,SKU01420,0,88,40,2025-08-08
ST16,SKU01310,255,59,19,2025-08-10
ST22,SKU00832,0,69,16,2025-08-14
ST15,SKU04054,148,37,10,2025-05-07
ST18,SKU01356,191,37,9,2025-07-22
ST16,SKU04693,233,48,10,2025-06-13
ST21,SKU02822,114,35,9,2025-06-08
ST02,SKU02543,0,20,7,2025-09-14
ST14,SKU01651,201,42,19,2025-08-09
ST22,SKU04215,111,27,10,2025-05-15
ST01,SKU00894,222,67,23,2025-05-23
ST09,SKU04919,227,59,13,2025-06-17
ST09,SKU04690,293,79,25,2025-05-09
ST05,SKU01538,435,97,33,2025-07-06
ST03,SKU02660,0,67,26,2025-09-26
ST27,SKU01031,116,23,10,2025-06-24
ST11,SKU02484,0,61,23,2025-08-19
ST06,SKU04126,0,56,23,2025-09-26
ST12,SKU01662,0,50,10,2025-08-28
ST19,SKU00389,204,47,13,2025-06-17
ST02,SKU03603,83,26,8,2025-06-08
ST26,SKU00550,224,45,19,2025-05-16
ST03,SKU04996,441,90,26,2025-06-20
ST11,SKU04591,255,45,16,2025-08-12
ST11,SKU02376,156,33,14,2025-05-20
ST16,SKU04706,109,20,6,2025-09-02
ST02,SKU04771,329,63,21,2025-05-19
ST30,SKU04052,241,64,23,2025-08-07
ST18,SKU00551,464,93,33,2025-07-02
ST30,SKU03823,120,29,9,2025-08-18
ST14,SKU01075,87,28,14,2025-06-16
ST07,SKU03839,75,23,8,2025-06-26
ST29,SKU04352,261,52,23,2025-07-07
ST12,SKU02722,299,54,18,2025-05-13
ST20,SKU00331,173,29,7,2025-07-08
ST08,SKU01031,315,89,26,2025-06-20
ST30,SKU03005,457,78,24,2025-05-15
ST06,SKU00167,216,44,19,2025-08-25
ST23,SKU01568,256,72,34,2025-08-18
ST26,SKU04054,329,63,20,2025-07-30
ST02,SKU00691,232,51,15,2025-08-02
ST02,SKU00462,340,91,18,2025-05-07
ST19,SKU00631,327,83,39,2025-05-24
ST12,SKU01675,150,47,15,2025-05-13
ST08,SKU04414,496,98,38,2025-06-15
ST12,SKU00628,0,59,22,2025-10-02
ST03,SKU01037,0,77,21,2025-09-03
ST27,SKU03609,211,37,16,2025-08-28
ST20,SKU04653,310,98,44,2025-05-20
ST08,SKU01152,0,51,19,2025-08-31
ST15,SKU02094,304,55,22,2025-07-08
ST06,SKU02503,0,26,13,2025-08-10
ST06,SKU04489,0,47,21,2025-09-11
ST25,SKU04768,109,26,6,2025-05-28
ST24,SKU03311,181,36,12,2025-06-13
ST22,SKU02484,0,47,16,2025-08-14
ST03,SKU02205,316,78,38,2025-05-23
ST03,SKU04191,0,97,46,2025-08-26
ST13,SKU04879,513,97,46,2025-08-18
ST15,SKU03491,222,73,24,2025-05-30
ST25,SKU03950,222,49,13,2025-05-15
ST30,SKU02079,0,36,13,2025-09-05
ST13,SKU00449,253,48,10,2025-07-11
ST21,SKU04245,0,38,13,2025-10-04
ST12,SKU02964,115,26,9,2025-05-31
ST12,SKU00749,90,20,6,2025-06-01
ST01,SKU04532,451,88,30,2025-05-14
ST03,SKU00929,0,35,15,2025-09-20
ST01,SKU00331,156,42,16,2025-06-14
ST13,SKU03603,393,70,28,2025-08-01
ST30,SKU01032,85,23,6,2025-08-12
ST11,SKU00524,297,58,19,2025-05-28
ST04,SKU01568,195,54,21,2025-08-15
ST19,SKU03088,0,89,34,2025-08-18
ST17,SKU04476,0,58,23,2025-10-05
ST22,SKU04591,149,28,9,2025-07-26
ST22,SKU02376,276,84,24,2025-08-25
ST27,SKU02683,0,47,16,2025-10-05
ST20,SKU03727,0,78,20,2025-09-13
ST13,SKU05000,210,62,29,2025-07-18
ST30,SKU01971,338,87,27,2025-06-07
ST26,SKU01034,372,78,34,2025-07-15
ST22,SKU03773,404,79,20,2025-08-24
ST24,SKU00170,175,34,12,2025-08-08
ST29,SKU02500,81,24,6,2025-05-24
ST15,SKU04551,0,91,29,2025-08-24
ST08,SKU03609,453,84,24,2025-05-26
ST01,SKU04653,93,23,7,2025-05-14
ST30,SKU01153,0,74,30,2025-08-30
ST30,SKU03139,256,84,22,2025-05-31
ST11,SKU00645,409,70,35,2025-06-02
ST28,SKU04261,333,56,18,2025-08-14
ST21,SKU01104,397,70,18,2025-08-13
ST19,SKU00994,0,37,7,2025-09-29
ST12,SKU02038,341,59,21,2025-07-03
ST17,SKU00167,113,21,7,2025-08-21
ST15,SKU03504,380,82,23,2025-08-12
ST27,SKU00589,342,84,28,2025-08-12
ST13,SKU00691,243,43,20,2025-06-10
ST20,SKU03848,400,92,22,2025-06-20
ST13,SKU00462,210,44,19,2025-05-12
ST09,SKU00986,315,65,32,2025-05-11
ST05,SKU04250,137,23,11,2025-05-27
ST12,SKU00991,256,47,22,2025-08-17
ST29,SKU04607,471,92,31,2025-07-22
ST24,SKU00062,0,99,29,2025-09-10
ST27,SKU03743,0,40,14,2025-08-04
ST30,SKU01274,0,43,17,2025-09-27
ST30,SKU01045,0,100,30,2025-08-10
ST17,SKU02503,0,51,17,2025-09-04
ST17,SKU04489,0,84,39,2025-09-26
ST08,SKU02683,0,91,25,2025-09-22
ST01,SKU03727,0,86,42,2025-09-19
ST20,SKU01754,89,24,6,2025-07-31
ST20,SKU03740,103,30,8,2025-06-05
ST06,SKU03805,519,95,39,2025-07-11
ST23,SKU03220,239,69,20,2025-06-19
ST02,SKU04329,0,25,8,2025-08-12
ST05,SKU00170,162,28,7,2025-06-07
ST10,SKU02500,180,58,17,2025-07-12
ST08,SKU03851,0,36,11,2025-08-04
ST25,SKU03266,355,98,42,2025-07-17
ST13,SKU03966,447,100,25,2025-06-03
ST15,SKU00363,0,39,12,2025-08-14
ST08,SKU01407,220,41,14,2025-06-28
ST27,SKU01649,88,28,11,2025-05-27
ST27,SKU03864,311,77,27,2025-08-02
ST23,SKU04388,239,53,19,2025-06-08
ST14,SKU04605,305,64,17,2025-06-29
ST22,SKU00524,182,32,11,2025-07-05
ST01,SKU03848,255,47,19,2025-08-03
ST08,SKU00589,216,58,16,2025-05-21
ST11,SKU02055,406,91,41,2025-07-03
ST21,SKU04729,247,72,25,2025-06-23
ST21,SKU02514,401,88,18,2025-07-29
ST02,SKU00020,0,37,18,2025-09-04
ST05,SKU00291,0,86,20,2025-09-05
ST29,SKU04849,221,64,22,2025-06-02
ST24,SKU04505,452,97,45,2025-06-18
ST05,SKU00062,0,42,20,2025-09-15
ST20,SKU03043,203,53,24,2025-06-28
ST08,SKU03743,0,58,18,2025-09-07
ST15,SKU00484,0,48,13,2025-10-11
ST27,SKU01770,106,29,13,2025-07-17
ST23,SKU04280,0,86,38,2025-08-08
ST14,SKU04726,120,27,13,2025-07-12
ST26,SKU00350,332,57,18,2025-07-26
ST07,SKU01303,157,44,13,2025-06-12
ST12,SKU02401,0,96,48,2025-08-18
ST22,SKU00874,436,81,28,2025-05-13
ST12,SKU00186,104,21,10,2025-07-17
ST22,SKU00645,398,75,26,2025-09-01
ST27,SKU02938,196,62,28,2025-07-07
ST01,SKU01754,207,37,8,2025-07-30
ST04,SKU03220,79,26,6,2025-06-28
ST16,SKU00305,178,52,16,2025-08-02
ST26,SKU03504,523,96,41,2025-05-11
ST07,SKU02471,368,64,21,2025-08-14
ST03,SKU03749,169,52,14,2025-07-17
ST27,SKU04106,258,61,18,2025-06-21
ST03,SKU03520,470,90,27,2025-07-19
ST08,SKU03864,376,91,33,2025-07-01
ST13,SKU01993,0,57,26,2025-08-13
ST04,SKU04388,306,87,26,2025-06-23
ST21,SKU03803,356,83,32,2025-06-12
ST14,SKU04847,0,46,17,2025-08-16
ST23,SKU04401,257,45,22,2025-08-11
ST21,SKU03574,336,77,35,2025-07-26
ST11,SKU03115,253,45,20,2025-05-06
ST05,SKU01580,194,35,10,2025-08-03
ST29,SKU04152,379,84,28,2025-05-06
ST30,SKU04791,131,39,18,2025-05-23
ST30,SKU02576,137,23,8,2025-08-27
ST23,SKU03583,455,93,32,2025-05-16
ST16,SKU04627,0,36,11,2025-09-07
ST11,SKU02068,0,71,31,2025-10-02
ST29,SKU03105,170,31,14,2025-07-08
ST05,SKU02519,431,84,20,2025-06-06
ST10,SKU04849,323,75,17,2025-05-30
ST03,SKU03870,0,67,30,2025-08-31
ST24,SKU02532,0,55,21,2025-08-31
ST29,SKU00890,122,32,11,2025-05-30
ST24,SKU04747,411,90,34,2025-07-02
ST17,SKU03805,182,42,16,2025-06-18
ST30,SKU03744,179,52,20,2025-06-02
ST08,SKU01770,260,60,28,2025-06-23
ST20,SKU01070,299,87,28,2025-08-25
ST13,SKU02114,318,92,34,2025-06-22
ST06,SKU00906,236,42,20,2025-06-05
ST11,SKU01021,0,85,21,2025-09-02
ST14,SKU00538,0,59,14,2025-10-10
ST26,SKU00592,272,89,27,2025-06-04
ST26,SKU00363,0,58,16,2025-08-25
ST19,SKU01370,0,45,19,2025-08-29
ST08,SKU02938,431,77,33,2025-07-23
ST27,SKU00965,447,81,25,2025-06-02
ST16,SKU02533,353,78,26,2025-05-09
ST07,SKU00498,268,63,25,2025-05-19
ST19,SKU02538,0,48,12,2025-09-19
ST05,SKU02640,0,40,15,2025-09-24
ST05,SKU00654,341,73,27,2025-06-13
ST29,SKU02997,122,24,6,2025-05-31
ST08,SKU04106,251,57,17,2025-05-14
ST20,SKU01191,387,85,42,2025-05-23
ST15,SKU02833,0,82,24,2025-10-04
ST03,SKU01547,0,47,16,2025-08-18
ST11,SKU01371,0,97,26,2025-08-09
ST28,SKU04987,245,60,26,2025-05-27
ST23,SKU04643,172,37,14,2025-07-19
ST21,SKU01830,237,42,14,2025-06-29
ST26,SKU00484,0,67,22,2025-09-02
ST10,SKU04152,190,59,28,2025-07-06
ST03,SKU00500,0,93,28,2025-09-03
ST18,SKU01303,319,94,35,2025-06-24
ST10,SKU03105,333,74,17,2025-07-08
ST24,SKU00788,413,94,26,2025-05-10
ST10,SKU00890,78,23,11,2025-05-31
ST05,SKU04747,284,67,32,2025-08-05
ST05,SKU00546,241,53,20,2025-08-28
ST13,SKU04571,0,31,12,2025-08-16
ST01,SKU01070,207,45,22,2025-08-20
ST18,SKU02700,228,43,21,2025-07-11
ST18,SKU02471,281,93,22,2025-08-15
ST16,SKU03822,158,27,11,2025-07-11
ST07,SKU03773,335,63,29,2025-08-31
ST10,SKU04273,0,96,29,2025-09-13
ST22,SKU03115,172,35,12,2025-07-13
ST13,SKU03295,346,60,16,2025-06-21
ST19,SKU02780,235,59,24,2025-06-30
ST10,SKU02997,161,44,17,2025-08-12
ST22,SKU02068,0,72,21,2025-10-11
ST01,SKU03177,194,63,24,2025-07-17
ST15,SKU00860,152,50,10,2025-06-25
ST04,SKU02657,0,69,31,2025-10-05
ST09,SKU04987,161,31,9,2025-05-24
ST28,SKU03014,125,33,11,2025-07-24
ST04,SKU04643,299,53,15,2025-09-01
ST13,SKU03416,144,29,9,2025-08-18
ST30,SKU00845,0,29,12,2025-10-03
ST10,SKU03347,280,57,12,2025-08-01
ST24,SKU01030,0,91,30,2025-09-26
ST05,SKU00788,133,32,16,2025-08-08
ST27,SKU02267,341,67,21,2025-08-30
ST27,SKU00052,302,60,20,2025-05-29
ST30,SKU01784,0,25,7,2025-08-17
ST18,SKU00498,97,30,7,2025-07-20
ST06,SKU03376,336,72,16,2025-07-28
ST11,SKU03491,98,32,14,2025-06-16
ST28,SKU00920,0,55,18,2025-08-30
ST07,SKU04244,380,94,23,2025-05-13
ST19,SKU01854,123,39,16,2025-07-09
ST12,SKU02898,0,46,21,2025-09-14
ST22,SKU01371,0,36,9,2025-08-14
ST11,SKU04888,216,37,14,2025-08-27
ST01,SKU01433,100,20,5,2025-05-30
ST16,SKU01970,326,100,24,2025-06-12
ST09,SKU03014,185,47,18,2025-08-21
ST26,SKU02954,0,93,38,2025-09-01
ST05,SKU04292,322,93,37,2025-06-30
ST24,SKU04305,0,21,7,2025-08-15
ST10,SKU02421,266,49,11,2025-06-29
ST06,SKU04665,411,78,25,2025-05-10
ST11,SKU02794,368,78,23,2025-08-22
ST14,SKU04526,245,68,26,2025-06-11
ST21,SKU01038,127,22,5,2025-08-20
ST07,SKU03089,201,44,12,2025-05-21
ST07,SKU00874,199,65,31,2025-08-24
ST29,SKU03602,429,87,33,2025-05-28
ST22,SKU00445,0,80,22,2025-10-01
ST19,SKU00699,341,75,20,2025-07-18
ST25,SKU01911,288,89,37,2025-05-16
ST08,SKU02267,123,40,18,2025-06-26
ST18,SKU04941,259,48,20,2025-08-31
ST09,SKU00920,0,54,15,2025-09-21
ST17,SKU03484,218,39,18,2025-06-09
ST24,SKU02211,281,75,16,2025-06-09
ST03,SKU03320,173,50,15,2025-05-22
ST11,SKU04901,408,83,26,2025-05-13
ST16,SKU03030,0,32,14,2025-09-17
ST09,SKU02088,0,45,16,2025-08-06
ST07,SKU03210,278,63,29,2025-07-23
ST25,SKU01803,290,64,24,2025-08-06
ST24,SKU04318,0,27,11,2025-09-08
ST03,SKU03441,252,50,15,2025-06-08
ST18,SKU04244,375,63,23,2025-06-09
ST06,SKU02692,0,59,14,2025-09-18
ST11,SKU03036,187,51,16,2025-06-03
ST11,SKU00821,211,44,13,2025-07-15
ST09,SKU02209,518,93,27,2025-05-22
ST21,SKU03266,181,36,16,2025-07-26
ST17,SKU02558,440,81,31,2025-08-26
ST10,SKU03602,89,21,10,2025-07-04
ST22,SKU04888,162,30,9,2025-08-24
ST13,SKU00638,91,28,6,2025-08-21
ST21,SKU04663,0,96,21,2025-09-03
ST11,SKU03975,435,77,26,2025-09-01
ST16,SKU04319,431,85,29,2025-08-19
ST14,SKU03492,370,63,29,2025-05-20
ST29,SKU04783,0,81,29,2025-08-06
ST05,SKU02211,189,34,7,2025-08-28
ST30,SKU03436,219,44,17,2025-08-23
ST11,SKU00942,0,43,12,2025-09-27
ST06,SKU02584,406,72,22,2025-06-15
ST02,SKU03108,232,58,25,2025-09-02
ST02,SKU00893,0,65,32,2025-08-06
ST19,SKU03277,176,33,12,2025-06-15
ST12,SKU04321,0,24,6,2025-09-06
ST17,SKU04665,393,96,37,2025-06-30
ST05,SKU01164,0,82,33,2025-09-03
ST18,SKU03089,301,88,34,2025-08-28
ST21,SKU00354,499,99,49,2025-07-01
ST21,SKU02340,0,58,15,2025-09-13
ST02,SKU00075,186,43,9,2025-08-19
ST07,SKU00190,0,78,17,2025-08-14
ST12,SKU03274,0,61,16,2025-09-10
ST03,SKU03454,296,62,20,2025-07-10
ST20,SKU00654,283,83,21,2025-08-07
ST11,SKU01063,285,67,22,2025-07-13
ST28,SKU04679,301,93,22,2025-07-05
ST12,SKU04442,305,73,31,2025-05-20
ST22,SKU02915,73,20,4,2025-06-09
ST22,SKU04901,209,43,12,2025-05-08
ST03,SKU00421,277,69,29,2025-08-14
ST15,SKU03693,0,71,24,2025-08-15
ST20,SKU01822,417,76,28,2025-06-09
ST18,SKU03210,214,40,19,2025-06-19
ST25,SKU04152,304,66,33,2025-05-16
ST11,SKU04217,247,68,24,2025-07-02
ST07,SKU04741,205,49,16,2025-07-25
ST07,SKU02526,0,72,31,2025-09-18
ST12,SKU03624,238,62,13,2025-08-06
ST19,SKU02351,500,100,48,2025-08-13
ST27,SKU03932,195,48,12,2025-08-04
ST27,SKU01717,97,30,14,2025-06-06
ST04,SKU04443,437,95,46,2025-05-16
ST20,SKU00775,154,50,11,2025-08-13
ST14,SKU04902,355,84,34,2025-06-10
ST21,SKU01643,373,85,20,2025-08-02
ST28,SKU04571,0,69,17,2025-09-19
ST21,SKU01414,0,42,10,2025-10-07
ST24,SKU03863,237,50,22,2025-07-03
ST05,SKU03621,202,59,18,2025-08-13
ST22,SKU03036,150,38,15,2025-05-18
ST22,SKU00821,97,22,11,2025-09-02
ST25,SKU04273,0,42,14,2025-09-10
ST16,SKU04453,0,77,29,2025-09-09
ST22,SKU03975,169,52,25,2025-07-16
ST27,SKU04053,210,64,20,2025-07-30
ST09,SKU04679,195,54,13,2025-07-18
ST06,SKU00732,404,89,30,2025-07-04
ST07,SKU01371,0,42,14,2025-08-05
ST27,SKU03235,279,52,21,2025-08-15
ST18,SKU01466,0,42,12,2025-08-16
ST25,SKU02408,504,90,29,2025-08-28
ST13,SKU03108,277,64,26,2025-06-29
ST20,SKU02064,368,91,39,2025-07-12
ST01,SKU01822,290,82,36,2025-06-04
ST07,SKU02768,255,69,26,2025-06-09
ST07,SKU00553,250,42,14,2025-08-04
ST12,SKU01651,177,54,17,2025-07-14
ST17,SKU01766,271,87,31,2025-06-22
ST29,SKU00837,180,52,16,2025-05-23
ST08,SKU03932,377,68,24,2025-08-02
ST25,SKU03347,113,28,13,2025-05-28
ST01,SKU00775,283,54,23,2025-06-21
ST02,SKU03592,417,70,16,2025-06-04
ST05,SKU03863,248,79,24,2025-08-24
ST12,SKU02590,379,93,19,2025-05-14
ST05,SKU03634,201,37,14,2025-07-13
ST22,SKU01063,84,26,9,2025-08-28
ST06,SKU04236,393,69,33,2025-06-18
ST11,SKU04580,89,22,4,2025-05-15
ST04,SKU01423,230,76,21,2025-06-28
ST09,SKU01538,423,90,24,2025-06-04
ST26,SKU03693,0,98,26,2025-08-19
ST07,SKU02660,0,35,17,2025-08-10
ST17,SKU04102,207,60,20,2025-06-15
ST29,SKU03173,155,43,14,2025-06-01
ST22,SKU04217,396,68,28,2025-07-22
ST20,SKU03353,0,66,16,2025-08-11
ST08,SKU04053,269,73,23,2025-09-02
ST18,SKU02526,0,67,23,2025-10-01
ST30,SKU03812,0,29,10,2025-08-08
ST11,SKU01318,162,32,10,2025-08-11
ST23,SKU00389,526,94,21,2025-05-07
ST16,SKU01433,321,94,25,2025-06-03
ST07,SKU03828,344,76,38,2025-05-13
ST12,SKU04926,0,63,26,2025-09-07
ST02,SKU03484,239,54,12,2025-06-20
ST17,SKU02826,0,56,13,2025-09-21
ST08,SKU03235,114,26,6,2025-05-27
ST20,SKU04292,391,99,25,2025-05-22
ST01,SKU02064,255,58,16,2025-06-04
ST25,SKU02421,292,83,38,2025-06-09
ST06,SKU02142,281,75,33,2025-07-25
ST30,SKU00550,278,55,21,2025-05-07
ST02,SKU04652,217,46,9,2025-06-09
ST07,SKU04996,343,72,35,2025-06-27
ST10,SKU00837,377,68,27,2025-06-25
ST13,SKU00317,83,23,8,2025-05-08
ST11,SKU03425,0,38,15,2025-09-12
ST14,SKU03171,0,51,24,2025-08-08
ST28,SKU02840,0,29,6,2025-09-05
ST05,SKU04105,0,74,18,2025-09-30
ST29,SKU02247,0,92,26,2025-08-14
ST22,SKU03291,221,42,20,2025-08-17
ST13,SKU01485,0,36,16,2025-09-25
ST16,SKU00507,420,100,21,2025-06-01
ST05,SKU03058,249,71,31,2025-08-14
ST17,SKU02129,312,84,22,2025-08-13
ST15,SKU03251,283,72,15,2025-07-12
ST01,SKU01138,0,100,35,2025-08-06
ST30,SKU04054,388,88,18,2025-07-19
ST18,SKU00553,281,57,18,2025-05-30
ST25,SKU01495,190,50,17,2025-06-12
ST04,SKU00389,356,68,34,2025-07-03
ST14,SKU03063,0,42,10,2025-09-02
ST13,SKU03592,79,24,7,2025-08-12
ST11,SKU02728,138,27,8,2025-05-06
ST02,SKU04894,397,92,43,2025-07-19
ST07,SKU01037,0,84,31,2025-08-19
ST05,SKU02950,0,34,10,2025-08-27
ST12,SKU03892,462,94,47,2025-07-15
ST17,SKU04236,172,40,10,2025-08-03
ST22,SKU04580,215,52,22,2025-07-29
ST22,SKU00150,233,55,20,2025-06-17
ST13,SKU00330,132,43,9,2025-07-24
ST18,SKU02660,0,21,6,2025-09-17
ST06,SKU01337,216,41,14,2025-07-11
ST06,SKU03323,0,68,14,2025-08-22
ST26,SKU01023,316,93,35,2025-06-07
ST19,SKU04016,0,54,23,2025-09-01
ST29,SKU04475,190,51,19,2025-05-27
ST22,SKU01318,407,99,33,2025-08-11
ST03,SKU03254,470,79,38,2025-07-10
ST27,SKU01396,346,91,36,2025-07-14
ST18,SKU03828,413,70,32,2025-06-06
ST06,SKU04491,238,57,25,2025-08-18
ST28,SKU04250,274,59,29,2025-07-23
ST14,SKU04352,136,28,10,2025-07-01
ST16,SKU00749,202,42,10,2025-06-02
ST16,SKU02964,175,51,25,2025-05-28
ST07,SKU00929,0,78,29,2025-09-22
ST19,SKU04955,278,76,25,2025-05-18
ST29,SKU03428,285,55,18,2025-07-22
ST17,SKU02142,332,74,31,2025-05-14
ST10,SKU01200,162,30,6,2025-06-12
ST15,SKU03493,190,32,11,2025-08-28
ST13,SKU04652,235,56,19,2025-08-09
ST18,SKU04996,119,36,10,2025-08-11
ST23,SKU03088,0,92,44,2025-08-06
ST21,SKU04476,0,38,12,2025-10-08
ST06,SKU01229,239,59,16,2025-08-17
ST02,SKU03968,288,73,24,2025-06-19
ST10,SKU02368,0,88,27,2025-10-07
ST29,SKU02381,0,23,9,2025-08-04
ST03,SKU03375,219,54,11,2025-07-04
ST15,SKU02217,118,26,12,2025-06-07
ST28,SKU00170,78,21,10,2025-07-05
ST02,SKU00935,190,43,12,2025-07-29
ST19,SKU03090,179,58,21,2025-07-08
ST05,SKU03192,138,42,11,2025-08-23
ST12,SKU01919,86,22,7,2025-08-16
ST25,SKU04073,259,44,11,2025-07-24
ST15,SKU01170,0,37,10,2025-09-09
ST09,SKU03311,193,39,16,2025-08-02
ST16,SKU02038,117,34,7,2025-06-05
ST21,SKU00167,367,84,22,2025-08-31
ST24,SKU02387,119,39,18,2025-06-15
ST29,SKU04717,371,80,40,2025-05-17
ST22,SKU03546,0,39,9,2025-09-26
ST15,SKU02567,446,77,29,2025-07-08
ST27,SKU03624,352,89,35,2025-07-10
ST06,SKU00532,237,43,9,2025-08-15
ST09,SKU04250,270,50,15,2025-05-20
ST16,SKU00991,137,36,17,2025-05-19
ST28,SKU02277,366,84,26,2025-06-11
ST29,SKU01684,102,20,9,2025-07-01
ST19,SKU00996,0,24,8,2025-09-11
ST22,SKU02728,214,49,22,2025-06-07
ST17,SKU00169,0,28,9,2025-08-16
ST03,SKU02449,0,79,21,2025-10-09
ST01,SKU03837,131,33,11,2025-06-15
ST25,SKU04194,519,94,42,2025-06-04
ST13,SKU04894,190,44,21,2025-06-23
ST18,SKU01037,0,36,11,2025-09-07
ST30,SKU02094,101,22,7,2025-06-30
ST21,SKU02503,0,28,14,2025-09-16
ST21,SKU04489,0,21,6,2025-08-30
ST07,SKU04554,98,20,6,2025-05-09
ST19,SKU02164,262,72,17,2025-05-17
ST24,SKU02279,355,92,40,2025-07-07
ST10,SKU02381,0,100,34,2025-09-07
ST17,SKU01337,513,92,43,2025-06-09
ST18,SKU02205,389,68,28,2025-05-24
ST18,SKU04191,0,97,26,2025-08-04
ST06,SKU04854,265,66,24,2025-08-28
ST11,SKU02983,0,29,8,2025-08-16
ST06,SKU02639,134,23,8,2025-05-21
ST09,SKU00170,254,67,17,2025-08-26
ST16,SKU01112,314,77,16,2025-08-05
ST14,SKU02500,438,99,21,2025-05-22
ST14,SKU00285,0,78,39,2025-08-20
ST17,SKU04491,275,55,22,2025-08-25
ST03,SKU00355,297,53,22,2025-07-14
ST27,SKU04913,0,35,17,2025-08-05
ST25,SKU04315,0,83,39,2025-08-17
ST04,SKU00994,0,57,16,2025-09-27
ST26,SKU03493,232,62,25,2025-05-25
ST02,SKU04102,288,70,29,2025-07-25
ST05,SKU02387,122,22,6,2025-08-01
ST15,SKU02580,313,88,19,2025-07-06
ST08,SKU03624,90,20,4,2025-06-09
ST27,SKU01651,280,74,27,2025-07-16
ST13,SKU03968,129,26,11,2025-07-09
ST09,SKU00291,0,82,30,2025-09-19
ST28,SKU02519,88,29,8,2025-06-23
ST09,SKU02277,455,93,43,2025-08-20
ST09,SKU00062,0,83,37,2025-08-09
ST02,SKU03284,166,31,11,2025-05-18
ST28,SKU04505,447,96,48,2025-07-17
ST10,SKU01684,198,44,10,2025-07-26
ST17,SKU04612,121,25,9,2025-07-29
ST19,SKU01009,0,42,9,2025-08-31
ST15,SKU01762,380,75,21,2025-07-29
ST03,SKU02462,0,61,18,2025-10-11
ST13,SKU03150,348,67,23,2025-07-09
ST13,SKU00935,287,91,45,2025-05-11
ST30,SKU04551,0,28,11,2025-10-10
ST25,SKU02221,508,89,28,2025-06-14
ST20,SKU03863,255,51,16,2025-06-13
ST30,SKU00350,456,77,36,2025-07-11
ST11,SKU02057,206,67,22,2025-05-22
ST19,SKU04392,99,26,9,2025-07-06
ST24,SKU00535,89,27,11,2025-06-07
ST05,SKU02279,111,27,7,2025-07-17
ST20,SKU00830,0,35,17,2025-10-05
ST13,SKU01874,205,54,24,2025-07-09
ST25,SKU01174,190,49,12,2025-07-25
ST28,SKU04626,0,32,7,2025-08-24
ST26,SKU02567,72,21,8,2025-05-26
ST07,SKU03520,150,41,18,2025-09-02
ST17,SKU02747,0,73,35,2025-08-07
ST10,SKU01805,216,39,17,2025-06-12
ST17,SKU00532,205,43,12,2025-07-27
ST29,SKU01818,161,52,13,2025-06-09
ST08,SKU04913,0,25,8,2025-10-10
ST27,SKU00954,185,32,14,2025-08-29
ST23,SKU03235,138,28,7,2025-06-15
ST02,SKU02129,376,90,32,2025-06-13
ST10,SKU00758,172,38,11,2025-06-04
ST15,SKU02822,292,58,14,2025-07-09
ST08,SKU01880,202,50,24,2025-05-25
ST08,SKU01651,310,57,12,2025-07-04
ST09,SKU02519,398,70,31,2025-06-04
ST14,SKU04849,241,48,21,2025-07-05
ST28,SKU04747,539,91,30,2025-08-11
ST21,SKU03805,164,29,8,2025-06-26
ST28,SKU00317,527,96,46,2025-07-25
ST09,SKU04505,336,63,23,2025-06-15
ST29,SKU04154,0,75,36,2025-08-15
ST17,SKU04854,217,45,10,2025-05-20
ST29,SKU01939,355,68,22,2025-06-09
ST03,SKU04919,164,45,16,2025-07-27
ST17,SKU02639,105,22,5,2025-06-11
ST20,SKU04334,281,50,14,2025-08-25
ST03,SKU04690,106,21,6,2025-06-06
ST30,SKU00592,396,75,29,2025-05-07
ST30,SKU00363,0,31,9,2025-10-02
ST06,SKU03941,278,78,33,2025-06-14
ST11,SKU02070,155,27,6,2025-08-18
ST07,SKU00608,187,40,8,2025-08-04
ST05,SKU00535,225,57,27,2025-07-16
ST17,SKU03807,274,69,19,2025-07-25
ST15,SKU00728,0,57,21,2025-09-14
ST01,SKU00830,0,75,22,2025-08-14
ST20,SKU03058,495,100,31,2025-06-29
ST23,SKU04753,204,52,26,2025-07-17
ST23,SKU02538,0,94,20,2025-08-15
ST09,SKU02640,0,58,20,2025-08-17
ST09,SKU04626,0,31,14,2025-08-16
ST11,SKU01023,187,52,16,2025-05-13
ST26,SKU04795,425,94,47,2025-08-05
ST26,SKU02580,177,55,22,2025-07-25
ST07,SKU01547,0,88,25,2025-09-14
ST24,SKU03931,166,46,21,2025-05-29
ST17,SKU00774,0,78,25,2025-08-24
ST24,SKU03702,0,62,16,2025-09-28
ST10,SKU01818,247,59,21,2025-07-14
ST08,SKU00954,263,67,19,2025-05-29
ST25,SKU00369,0,95,26,2025-08-12
ST06,SKU04062,401,84,31,2025-05-06
ST02,SKU00385,185,35,7,2025-07-16
ST05,SKU02871,318,73,31,2025-05-10
ST07,SKU00500,0,25,9,2025-08-19
ST22,SKU02057,456,80,37,2025-08-06
ST13,SKU00251,478,82,26,2025-06-08
ST25,SKU03523,182,34,8,2025-08-07
ST20,SKU03179,331,59,29,2025-06-11
ST14,SKU03105,258,46,13,2025-07-24
ST28,SKU00788,316,57,21,2025-07-20
ST14,SKU00890,232,57,27,2025-08-10
ST09,SKU04747,203,51,19,2025-07-10
ST09,SKU00546,130,22,5,2025-07-20
ST24,SKU04052,450,100,48,2025-06-07
ST10,SKU01939,144,46,16,2025-06-11
ST24,SKU03823,252,53,22,2025-06-08
ST03,SKU02946,181,41,13,2025-07-16
ST01,SKU04334,176,38,13,2025-06-06
ST08,SKU01075,228,71,33,2025-07-27
ST18,SKU03749,289,55,14,2025-07-12
ST01,SKU04105,0,47,18,2025-09-16
ST06,SKU04412,239,68,17,2025-07-10
ST18,SKU03520,212,52,19,2025-07-19
ST11,SKU02541,117,23,8,2025-07-09
ST04,SKU01370,0,93,33,2025-09-28
ST02,SKU00506,0,50,14,2025-09-12
ST24,SKU03005,340,77,25,2025-05-25
ST29,SKU03349,156,47,18,2025-07-06
ST04,SKU04753,85,22,11,2025-06-23
ST23,SKU02780,393,66,24,2025-08-18
ST02,SKU01674,249,49,10,2025-06-13
ST26,SKU02822,353,68,15,2025-07-09
ST29,SKU02302,320,61,27,2025-06-05
ST20,SKU02482,0,52,12,2025-10-09
ST20,SKU02253,379,77,20,2025-05-30
ST21,SKU00906,283,83,30,2025-07-12
ST26,SKU01775,0,71,33,2025-09-07
ST19,SKU04768,369,76,28,2025-06-11
ST10,SKU02999,158,50,15,2025-05-10
ST08,SKU04350,0,96,37,2025-09-02
ST01,SKU03179,357,86,41,2025-07-26
ST18,SKU00608,234,76,36,2025-05-17
ST23,SKU04887,389,91,41,2025-06-13
ST06,SKU03257,299,92,43,2025-05-20
ST06,SKU01042,367,77,32,2025-07-18
ST26,SKU00728,0,45,16,2025-08-12
ST05,SKU04052,97,25,12,2025-08-25
ST24,SKU02079,0,95,31,2025-09-24
ST29,SKU04409,493,89,33,2025-08-16
ST19,SKU03950,285,79,21,2025-08-12
ST25,SKU02718,206,35,17,2025-05-23
ST30,SKU02833,0,45,11,2025-10-03
ST23,SKU01854,322,84,26,2025-05-19
ST23,SKU03840,0,67,22,2025-09-10
ST16,SKU02898,0,34,8,2025-08-08
ST05,SKU03005,359,95,39,2025-08-16
ST17,SKU00090,404,85,32,2025-06-27
ST10,SKU03349,366,80,37,2025-07-31
ST24,SKU01032,207,37,8,2025-06-18
ST13,SKU00385,252,73,17,2025-07-08
ST04,SKU02780,370,71,30,2025-05-26
ST11,SKU01507,0,87,37,2025-10-07
ST16,SKU03837,427,74,31,2025-08-01
ST10,SKU02302,138,40,17,2025-07-16
ST24,SKU01971,250,74,21,2025-08-04
ST01,SKU02482,0,100,46,2025-09-11
ST20,SKU04710,0,91,40,2025-09-27
ST01,SKU02253,117,21,8,2025-08-26
ST30,SKU02954,0,29,6,2025-09-04
ST07,SKU03199,0,95,24,2025-09-12
ST17,SKU04412,323,74,28,2025-07-04
ST24,SKU01153,0,60,16,2025-09-16
ST22,SKU02541,375,74,30,2025-08-25
ST25,SKU01792,491,97,25,2025-07-14
ST15,SKU01104,416,100,31,2025-06-10
ST04,SKU04887,173,30,10,2025-06-05
ST09,SKU01030,0,24,5,2025-09-28
ST05,SKU02079,0,92,41,2025-09-06
ST10,SKU04409,122,28,6,2025-05-20
ST22,SKU03709,243,71,24,2025-08-02
ST15,SKU02501,238,50,14,2025-05-09
ST20,SKU04831,479,96,36,2025-07-05
ST15,SKU00286,0,33,10,2025-08-26
ST13,SKU01674,79,20,8,2025-08-11
ST04,SKU01854,245,50,15,2025-07-01
ST28,SKU02211,319,68,16,2025-07-23
ST07,SKU03320,323,84,36,2025-08-31
ST24,SKU01274,0,78,20,2025-08-23
ST22,SKU02662,431,90,36,2025-05-17
ST27,SKU02740,0,77,28,2025-09-10
ST25,SKU01684,96,27,10,2025-07-10
ST02,SKU04144,289,96,45,2025-06-10
ST28,SKU03150,326,78,22,2025-08-15
ST17,SKU03257,107,34,12,2025-08-25
ST01,SKU04710,0,81,40,2025-09-04
ST20,SKU02737,0,61,29,2025-09-23
ST09,SKU04305,0,23,11,2025-08-14
ST23,SKU01988,0,75,37,2025-08-31
ST16,SKU01046,440,100,41,2025-08-24
ST21,SKU03376,167,55,14,2025-09-02
ST07,SKU03441,254,70,18,2025-08-12
ST19,SKU03266,261,44,17,2025-08-31
ST17,SKU04654,268,68,27,2025-08-09
ST05,SKU01153,0,58,15,2025-08-14
ST05,SKU03139,116,22,10,2025-07-05
ST27,SKU04847,0,67,25,2025-10-10
ST20,SKU03905,349,68,16,2025-06-03
ST25,SKU01805,268,86,35,2025-07-13
ST14,SKU03602,187,34,7,2025-07-05
ST04,SKU00699,258,46,9,2025-08-09
ST22,SKU01507,0,91,41,2025-08-26
ST15,SKU04729,286,56,15,2025-08-07
ST20,SKU02858,0,82,30,2025-10-07
ST27,SKU03800,0,36,9,2025-09-05
ST25,SKU00987,298,82,31,2025-08-27
ST01,SKU00401,391,69,25,2025-07-01
ST01,SKU04831,184,36,10,2025-06-02
ST25,SKU00758,328,66,13,2025-07-17
ST11,SKU00823,0,88,23,2025-08-17
ST09,SKU02211,385,67,15,2025-06-18
ST16,SKU01167,225,54,23,2025-07-27
ST05,SKU01274,0,31,10,2025-09-14
ST08,SKU04726,283,60,27,2025-06-10
ST27,SKU00538,0,65,18,2025-09-12
ST23,SKU03277,255,57,13,2025-07-02
ST21,SKU04665,283,82,26,2025-08-23
ST02,SKU04157,0,86,19,2025-08-12
ST10,SKU00571,148,37,18,2025-08-19
ST24,SKU00240,168,37,15,2025-08-18
ST10,SKU00342,125,36,14,2025-07-06
ST29,SKU00584,233,73,22,2025-05-14
ST26,SKU02501,306,79,27,2025-07-07
ST26,SKU00286,0,38,9,2025-08-04
ST07,SKU03454,465,89,35,2025-05-25
ST15,SKU03803,419,100,29,2025-08-04
ST01,SKU03905,275,83,23,2025-06-12
ST20,SKU04147,546,92,36,2025-09-02
ST15,SKU03574,242,48,11,2025-07-07
ST11,SKU02112,179,39,19,2025-08-20
ST16,SKU04442,215,54,11,2025-05-06
ST24,SKU04791,352,63,21,2025-07-20
ST13,SKU04144,242,62,23,2025-06-30
ST06,SKU00721,233,41,17,2025-07-13
ST23,SKU02351,267,54,17,2025-06-02
ST14,SKU04783,0,20,7,2025-09-25
ST28,SKU00251,93,21,10,2025-06-14
ST05,SKU01287,245,76,30,2025-06-23
ST18,SKU03441,246,46,22,2025-06-18
ST09,SKU03621,86,24,9,2025-07-13
ST21,SKU02692,0,85,21,2025-08-13
ST28,SKU03634,205,58,26,2025-06-17
ST23,SKU01075,125,40,20,2025-05-16
ST05,SKU00240,426,99,21,2025-07-31
ST10,SKU00584,477,83,20,2025-08-09
ST06,SKU03057,0,90,27,2025-10-10
ST23,SKU02472,435,88,20,2025-06-28
ST26,SKU04729,121,39,9,2025-08-11
ST26,SKU02514,354,76,18,2025-05-24
ST01,SKU04147,496,92,38,2025-08-27
ST15,SKU01830,383,66,30,2025-08-29
ST18,SKU03562,119,25,12,2025-05-30
ST25,SKU04504,228,65,21,2025-08-10
ST16,SKU00254,0,39,8,2025-08-10
ST21,SKU02584,293,49,19,2025-06-02
ST26,SKU01696,347,72,21,2025-08-20
ST05,SKU04791,308,62,17,2025-09-02
ST02,SKU00090,192,46,18,2025-06-20
ST12,SKU01303,133,43,20,2025-06-09
ST25,SKU03457,329,96,37,2025-08-06
ST01,SKU02871,434,74,27,2025-06-04
ST08,SKU01827,264,61,28,2025-05-15
ST04,SKU02351,274,61,24,2025-05-22
ST06,SKU00734,113,26,10,2025-07-05
ST21,SKU01766,269,76,31,2025-05-11
ST26,SKU00649,203,46,13,2025-08-27
ST12,SKU02700,313,83,40,2025-07-16
ST05,SKU03744,187,40,19,2025-08-25
ST12,SKU02471,399,70,18,2025-06-04
ST24,SKU01542,481,82,33,2025-08-09
ST20,SKU04281,166,32,7,2025-05-09
ST18,SKU03454,425,73,17,2025-05-31
ST09,SKU03863,317,63,13,2025-06-14
ST23,SKU01317,0,33,9,2025-09-03
ST02,SKU04641,451,78,30,2025-06-28
ST29,SKU01068,406,70,23,2025-06-23
ST22,SKU02112,281,64,14,2025-08-10
ST24,SKU02710,155,29,9,2025-06-05
ST25,SKU03578,0,20,6,2025-09-11
ST18,SKU00421,150,39,19,2025-08-06
ST25,SKU03349,286,50,20,2025-08-21
ST11,SKU03414,104,29,11,2025-06-18
ST06,SKU00855,460,78,29,2025-06-27
ST07,SKU03709,159,40,11,2025-07-27
ST29,SKU04222,109,28,7,2025-06-02
ST03,SKU04987,97,23,8,2025-06-10
ST25,SKU02531,0,67,19,2025-09-25
ST16,SKU04926,0,71,23,2025-09-26
ST21,SKU02826,0,31,14,2025-10-10
ST07,SKU02662,206,62,24,2025-07-07
ST24,SKU00845,0,77,18,2025-10-03
ST28,SKU02950,0,72,24,2025-08-19
ST14,SKU00837,359,65,23,2025-05-16
ST29,SKU02128,226,50,12,2025-05-09
ST12,SKU00498,462,96,32,2025-05-18
ST27,SKU01264,94,24,5,2025-06-05
ST21,SKU00732,97,20,8,2025-05-10
ST26,SKU01830,463,86,28,2025-05-14
ST02,SKU04654,180,47,22,2025-07-28
ST05,SKU02710,283,51,13,2025-07-26
ST25,SKU01605,195,50,22,2025-05-06
ST21,SKU02129,275,91,22,2025-07-16
ST14,SKU03173,395,67,18,2025-06-13
ST14,SKU00958,290,50,17,2025-06-20
ST28,SKU02842,445,96,34,2025-06-06
ST10,SKU04222,374,71,34,2025-06-12
ST13,SKU03702,0,82,37,2025-08-11
ST11,SKU04824,0,96,40,2025-10-02
ST06,SKU00050,0,84,41,2025-08-08
ST02,SKU00574,530,91,19,2025-06-30
ST24,SKU03073,174,38,15,2025-06-05
ST08,SKU04526,264,61,23,2025-05-25
ST25,SKU03941,169,35,14,2025-05-09
ST13,SKU04641,123,22,6,2025-07-20
ST15,SKU01038,240,53,17,2025-08-15
ST16,SKU01906,128,38,11,2025-06-29
ST09,SKU02950,0,44,21,2025-09-18
ST21,SKU04236,294,84,42,2025-06-28
ST16,SKU01677,0,81,18,2025-08-07
ST05,SKU04228,224,47,15,2025-08-27
ST19,SKU01911,266,57,14,2025-07-13
ST12,SKU04941,410,70,20,2025-06-12
ST22,SKU01428,406,81,24,2025-07-10
ST22,SKU03414,346,86,33,2025-07-13
ST10,SKU02128,107,29,8,2025-07-30
ST29,SKU00155,306,93,25,2025-07-17
ST03,SKU00920,0,92,37,2025-09-03
ST27,SKU03492,313,66,25,2025-05-23
ST08,SKU01264,320,61,27,2025-07-26
ST11,SKU04945,273,90,26,2025-07-24
ST25,SKU00679,557,100,26,2025-08-25
ST23,SKU04016,0,38,10,2025-10-08
ST06,SKU02386,307,59,29,2025-05-15
ST11,SKU02501,193,44,19,2025-08-28
ST21,SKU00974,0,39,17,2025-08-27
ST02,SKU02681,201,34,15,2025-06-02
ST10,SKU01310,191,33,9,2025-06-30
ST03,SKU02088,0,65,29,2025-10-05
ST01,SKU03476,0,71,32,2025-08-13
ST25,SKU03833,188,62,29,2025-05-28
ST06,SKU01339,380,84,21,2025-08-30
ST23,SKU04955,337,58,17,2025-06-10
ST21,SKU02142,436,94,29,2025-05-29
ST14,SKU01200,252,46,19,2025-08-31
ST02,SKU01863,102,33,9,2025-05-28
ST29,SKU04706,226,54,12,2025-06-20
ST25,SKU00571,152,35,9,2025-06-09
ST02,SKU03031,359,82,30,2025-08-16
ST12,SKU04244,230,56,21,2025-08-03
ST05,SKU00858,126,31,10,2025-08-25
ST03,SKU02209,122,39,16,2025-06-27
ST20,SKU03839,149,38,10,2025-08-20
ST13,SKU00682,255,85,31,2025-06-21
ST11,SKU04019,159,44,13,2025-06-28
ST23,SKU03090,174,46,15,2025-06-09
ST09,SKU03192,292,85,41,2025-07-27
ST24,SKU02268,0,53,18,2025-08-22
ST15,SKU04663,0,36,10,2025-08-09
ST10,SKU00155,109,20,5,2025-06-24
ST08,SKU03492,167,34,15,2025-06-20
ST30,SKU03251,109,23,11,2025-05-31
ST25,SKU00692,0,78,26,2025-08-04
ST04,SKU04016,0,67,26,2025-08-17
ST14,SKU04475,364,75,35,2025-08-16
ST24,SKU03436,457,89,24,2025-05-15
ST27,SKU04902,198,62,17,2025-07-25
ST13,SKU00574,268,56,15,2025-05-10
ST23,SKU00996,0,91,43,2025-08-29
ST11,SKU01696,313,92,25,2025-07-18
ST14,SKU03428,263,60,27,2025-06-09
ST04,SKU04955,78,23,9,2025-05-07
ST05,SKU02376,252,76,17,2025-07-18
ST10,SKU04706,379,92,43,2025-07-10
ST26,SKU01038,255,44,14,2025-08-23
ST12,SKU03089,278,67,22,2025-05-28
ST25,SKU01042,316,54,20,2025-06-01
ST15,SKU00354,174,47,18,2025-08-24
ST23,SKU02164,122,29,14,2025-06-22
ST06,SKU02520,114,28,11,2025-08-14
ST21,SKU01337,244,42,19,2025-05-12
ST14,SKU02381,0,39,12,2025-09-13
ST11,SKU00649,379,91,44,2025-06-01
ST17,SKU02386,448,87,41,2025-06-09
ST15,SKU03737,149,30,8,2025-08-23
ST18,SKU03254,560,99,40,2025-07-09
ST25,SKU01981,293,92,20,2025-06-30
ST11,SKU02046,0,25,8,2025-08-07
ST04,SKU03090,217,49,18,2025-08-21
ST21,SKU04491,114,32,11,2025-06-07
ST02,SKU04212,263,77,21,2025-08-15
ST17,SKU01568,225,49,14,2025-07-28
ST12,SKU03210,190,36,9,2025-08-13
ST19,SKU04152,585,99,48,2025-06-14
ST17,SKU01339,202,46,22,2025-08-04
ST15,SKU04905,161,30,14,2025-05-17
ST13,SKU01863,164,44,13,2025-05-16
ST30,SKU03493,324,95,40,2025-08-07
ST06,SKU04856,165,32,14,2025-08-21
ST14,SKU00516,224,44,9,2025-06-14
ST05,SKU03436,149,36,13,2025-06-28
ST12,SKU00177,0,57,21,2025-09-02
ST17,SKU00521,112,37,8,2025-08-19
ST08,SKU04902,179,43,12,2025-06-08
ST15,SKU01643,262,83,37,2025-06-12
ST13,SKU03031,326,77,37,2025-08-04
ST18,SKU03375,323,89,24,2025-07-10
ST27,SKU02700,135,26,12,2025-06-02
ST30,SKU02217,302,80,38,2025-08-20
ST11,SKU04153,526,88,29,2025-06-28
ST04,SKU00996,0,75,16,2025-10-07
ST23,SKU01009,0,60,21,2025-10-08
ST19,SKU04273,0,90,29,2025-09-06
ST24,SKU00416,0,29,11,2025-08-10
ST22,SKU04019,276,63,14,2025-08-02
ST15,SKU04797,136,41,12,2025-05-13
ST30,SKU01170,0,56,12,2025-08-07
ST04,SKU02164,91,28,6,2025-05-26
ST23,SKU04392,193,38,12,2025-08-10
ST26,SKU00462,281,65,23,2025-06-02
ST02,SKU03286,237,56,26,2025-08-28
ST13,SKU03152,323,95,21,2025-06-30
ST21,SKU00532,457,86,31,2025-07-16
ST02,SKU00024,160,39,19,2025-06-15
ST19,SKU02408,570,98,48,2025-08-11
ST18,SKU02449,0,95,28,2025-10-09
ST16,SKU01356,150,25,10,2025-05-08
ST29,SKU04035,0,40,8,2025-10-03
ST19,SKU03347,433,80,36,2025-06-30
ST10,SKU01578,0,33,16,2025-09-29
ST27,SKU03171,0,78,27,2025-08-08
ST20,SKU04215,267,89,21,2025-06-05
ST11,SKU04166,0,63,18,2025-08-12
ST21,SKU04854,342,64,14,2025-05-25
ST04,SKU01009,0,70,15,2025-08-15
ST26,SKU03737,163,48,16,2025-05-16
ST21,SKU02639,359,72,26,2025-06-14
ST02,SKU04346,0,76,21,2025-09-14
ST07,SKU04690,152,38,16,2025-08-01
ST22,SKU04261,249,57,19,2025-08-20
ST22,SKU02046,0,52,14,2025-10-03
ST05,SKU00416,0,25,7,2025-09-14
ST10,SKU00531,0,58,12,2025-09-18
ST13,SKU04212,383,73,35,2025-08-19
ST18,SKU00355,213,62,18,2025-07-24
ST30,SKU03627,394,74,27,2025-08-08
ST04,SKU04392,171,49,20,2025-05-24
ST09,SKU00535,351,60,15,2025-06-26
ST26,SKU04905,103,23,9,2025-06-14
ST12,SKU04741,363,65,19,2025-07-14
ST07,SKU01428,272,64,27,2025-08-06
ST12,SKU02526,0,21,5,2025-10-07
ST24,SKU03812,0,47,16,2025-10-10
ST17,SKU04856,199,42,14,2025-06-24
ST27,SKU03063,0,97,25,2025-08-27
ST30,SKU04795,170,35,7,2025-08-26
ST30,SKU02580,519,88,29,2025-06-29
ST28,SKU03931,284,85,26,2025-07-15
ST14,SKU01818,138,35,13,2025-08-29
ST19,SKU02421,202,35,16,2025-06-11
ST22,SKU04153,318,83,23,2025-06-08
ST29,SKU00894,339,81,25,2025-08-29
ST24,SKU00550,224,68,14,2025-06-07
ST25,SKU03633,0,66,27,2025-08-29
ST01,SKU00832,0,66,29,2025-10-05
ST23,SKU04526,175,51,11,2025-08-15
ST10,SKU04035,0,65,26,2025-08-31
ST01,SKU04215,317,80,33,2025-08-14
ST20,SKU04228,344,98,32,2025-05-09
ST25,SKU00371,311,56,23,2025-08-16
ST13,SKU03286,280,54,24,2025-05-29
ST28,SKU04052,318,79,29,2025-06-05
ST14,SKU04154,0,92,46,2025-09-06
ST16,SKU00551,355,86,24,2025-07-14
ST14,SKU01939,308,85,27,2025-06-12
ST28,SKU03823,136,42,8,2025-06-23
ST07,SKU02946,91,23,6,2025-05-20
ST27,SKU04352,274,86,41,2025-07-05
ST25,SKU01310,190,55,26,2025-07-30
ST13,SKU00024,326,59,21,2025-07-14
ST28,SKU03005,428,74,22,2025-05-20
ST05,SKU04041,0,78,29,2025-09-03
ST24,SKU04054,466,98,39,2025-08-27
ST12,SKU02768,463,98,31,2025-05-07
ST12,SKU00553,320,89,28,2025-08-07
ST19,SKU01495,149,36,8,2025-05-21
ST25,SKU04693,378,75,23,2025-07-26
ST30,SKU02822,232,75,17,2025-08-31
ST06,SKU04414,275,60,13,2025-08-14
ST11,SKU02543,0,98,38,2025-08-31
ST11,SKU00328,0,87,38,2025-08-12
ST14,SKU04046,0,28,8,2025-09-25
ST10,SKU00894,242,51,25,2025-05-22
ST05,SKU00550,239,52,17,2025-05-30
ST18,SKU04919,108,36,7,2025-07-01
ST18,SKU04690,208,37,15,2025-06-07
ST30,SKU01775,0,89,41,2025-09-19
ST06,SKU01152,0,75,30,2025-08-23
ST23,SKU04768,381,64,25,2025-06-02
ST21,SKU03941,117,22,8,2025-06-30
ST28,SKU00682,403,93,32,2025-07-11
ST22,SKU01133,495,97,21,2025-07-23
ST15,SKU04126,0,67,23,2025-08-12
ST23,SKU03950,134,35,16,2025-06-01
ST09,SKU04052,402,87,22,2025-06-02
ST28,SKU02079,0,81,18,2025-08-18
ST11,SKU00449,170,31,9,2025-08-09
ST09,SKU03823,588,99,41,2025-07-08
ST05,SKU03115,345,93,45,2025-06-08
ST08,SKU04352,283,52,14,2025-07-02
ST06,SKU03259,0,56,13,2025-09-24
ST09,SKU03005,245,68,33,2025-06-20
ST14,SKU03349,375,84,39,2025-07-12
ST09,SKU02776,0,89,32,2025-08-25
ST21,SKU04062,322,90,35,2025-06-07
ST28,SKU01032,174,37,13,2025-06-15
ST05,SKU02068,0,49,11,2025-09-20
ST05,SKU04054,348,75,31,2025-08-31
ST12,SKU04996,373,95,38,2025-07-12
ST20,SKU04591,549,93,44,2025-08-25
ST25,SKU00734,131,27,10,2025-05-09
ST20,SKU02376,164,32,14,2025-06-26
ST11,SKU04771,338,78,36,2025-07-15
ST28,SKU01971,317,67,14,2025-05-07
ST02,SKU00521,103,21,5,2025-07-05
ST05,SKU01021,0,93,29,2025-08-25
ST24,SKU01034,149,38,14,2025-08-16
ST27,SKU02500,304,100,35,2025-05-15
ST18,SKU02946,166,44,18,2025-08-16
ST06,SKU03609,228,65,19,2025-07-11
ST21,SKU04412,296,57,24,2025-07-19
ST28,SKU03139,341,59,27,2025-05-16
ST07,SKU04019,317,62,30,2025-07-28
ST19,SKU04073,124,38,10,2025-08-10
ST29,SKU04532,388,67,28,2025-08-08
ST29,SKU00331,220,50,20,2025-06-21
ST17,SKU01031,233,51,25,2025-06-01
ST03,SKU03311,340,80,31,2025-08-18
ST01,SKU02484,0,60,21,2025-09-29
ST15,SKU00167,355,67,22,2025-07-01
ST04,SKU03950,219,57,25,2025-06-10
ST11,SKU00691,436,87,23,2025-06-18
ST09,SKU02079,0,37,16,2025-08-24
ST06,SKU02333,0,50,21,2025-10-06
ST14,SKU04409,232,56,25,2025-06-20
ST11,SKU00462,422,72,18,2025-05-14
ST17,SKU04414,239,55,18,2025-07-22
ST22,SKU02543,0,35,15,2025-08-09
ST22,SKU00328,0,100,31,2025-08-19
ST03,SKU04250,82,26,8,2025-06-05
ST09,SKU01032,333,73,25,2025-06-19
ST29,SKU04653,141,30,13,2025-08-12
ST24,SKU02094,272,54,18,2025-08-04
ST01,SKU04591,318,83,19,2025-07-17
ST01,SKU02376,166,33,11,2025-08-06
ST09,SKU01971,380,99,35,2025-05-29
ST21,SKU03257,302,83,27,2025-08-30
ST21,SKU01042,561,100,41,2025-08-04
ST12,SKU02205,221,41,8,2025-07-20
ST12,SKU04191,0,87,28,2025-10-11
ST22,SKU04879,315,53,19,2025-05-22
ST05,SKU01034,374,92,40,2025-07-05
ST24,SKU03491,152,42,14,2025-07-21
ST22,SKU00449,265,75,37,2025-06-12
ST01,SKU03773,143,29,12,2025-06-01
ST03,SKU00170,188,56,19,2025-05-08
ST08,SKU02500,285,50,16,2025-05-09
ST11,SKU03966,273,89,31,2025-05-20
ST09,SKU01153,0,70,31,2025-09-16
ST09,SKU03139,99,29,14,2025-07-14
ST06,SKU01407,375,98,23,2025-08-14
ST07,SKU04261,161,33,10,2025-08-17
ST10,SKU04532,86,26,10,2025-08-14
ST10,SKU00331,317,54,19,2025-05-27
ST22,SKU03603,424,91,27,2025-08-09
ST01,SKU04941,443,75,21,2025-06-08
ST27,SKU01466,0,94,33,2025-09-02
ST20,SKU00524,358,79,35,2025-05-15
ST06,SKU00589,398,97,42,2025-05-28
ST16,SKU01048,0,68,22,2025-08-07
ST29,SKU03727,0,88,26,2025-09-15
ST22,SKU04771,308,66,20,2025-07-17
ST20,SKU03907,0,28,11,2025-09-04
ST27,SKU04849,171,54,15,2025-06-07
ST08,SKU04607,183,37,10,2025-05-07
ST03,SKU02277,237,56,13,2025-07-24
ST28,SKU01287,233,60,22,2025-07-07
ST09,SKU01045,0,41,16,2025-08-09
ST19,SKU02221,172,50,21,2025-07-13
ST17,SKU03609,440,79,19,2025-08-31
ST10,SKU04653,144,26,6,2025-07-16
ST24,SKU00350,84,24,10,2025-06-14
ST20,SKU00645,190,47,21,2025-06-27
ST30,SKU01104,498,100,35,2025-05-18
ST28,SKU00240,481,84,27,2025-05-18
ST02,SKU03220,242,46,11,2025-05-09
ST14,SKU00342,507,89,23,2025-06-27
ST26,SKU00167,221,58,25,2025-08-02
ST05,SKU03491,268,67,19,2025-08-13
ST19,SKU01174,338,62,27,2025-07-12
ST29,SKU03848,106,20,6,2025-07-10
ST30,SKU02501,225,42,20,2025-08-26
ST30,SKU00286,0,28,10,2025-08-20
ST18,SKU00986,268,67,18,2025-08-14
ST04,SKU03266,250,52,11,2025-07-18
ST06,SKU01649,549,96,38,2025-05-09
ST06,SKU03864,207,43,14,2025-05-26
ST21,SKU00466,228,38,15,2025-07-08
ST02,SKU04388,112,28,11,2025-06-28
ST21,SKU00237,365,100,33,2025-06-29
ST19,SKU00127,92,21,7,2025-08-17
ST01,SKU00524,259,59,13,2025-07-24
ST28,SKU04791,383,68,15,2025-08-02
ST28,SKU02576,70,20,6,2025-08-28
ST28,SKU04562,0,41,20,2025-09-30
ST26,SKU02503,0,36,14,2025-08-11
ST12,SKU04554,302,55,24,2025-06-01
ST10,SKU03727,0,63,23,2025-10-07
ST29,SKU01754,284,56,16,2025-05-26
ST29,SKU03740,236,43,15,2025-08-11
ST03,SKU02519,203,45,10,2025-07-09
ST01,SKU03907,0,71,15,2025-09-27
ST08,SKU04849,132,25,9,2025-08-20
ST27,SKU00890,362,87,24,2025-06-07
ST15,SKU03805,80,20,9,2025-06-16
ST03,SKU04505,147,35,8,2025-08-16
ST11,SKU02114,509,97,33,2025-06-24
ST23,SKU03171,0,98,45,2025-09-03
ST02,SKU04280,0,53,16,2025-08-25
ST17,SKU03851,0,44,11,2025-09-30
ST05,SKU04551,0,70,32,2025-08-27
ST24,SKU00592,309,90,19,2025-06-21
ST05,SKU00350,338,100,48,2025-06-27
ST24,SKU00363,0,59,18,2025-08-06
ST22,SKU01751,0,26,6,2025-09-29
ST01,SKU00874,137,38,13,2025-08-23
ST01,SKU00645,315,54,16,2025-08-26
ST06,SKU02938,215,38,9,2025-08-07
ST11,SKU03053,0,53,13,2025-09-30
ST09,SKU00240,127,29,11,2025-05-23
ST14,SKU02570,111,28,11,2025-07-06
ST05,SKU03504,407,91,45,2025-05-11
ST17,SKU00589,295,80,36,2025-08-14
ST10,SKU03848,142,43,18,2025-08-23
ST03,SKU02640,0,57,14,2025-09-06
ST27,SKU02997,308,53,11,2025-06-24
ST20,SKU04041,0,63,23,2025-08-15
ST20,SKU02055,152,28,10,2025-06-28
ST06,SKU04106,111,24,10,2025-06-11
ST02,SKU04401,123,32,14,2025-06-18
ST19,SKU02584,341,65,27,2025-07-12
ST19,SKU00369,0,46,12,2025-09-10
ST29,SKU03043,555,94,24,2025-07-18
ST17,SKU03743,0,71,26,2025-08-08
ST08,SKU04152,335,61,15,2025-05-11
ST13,SKU00066,314,79,34,2025-08-09
ST09,SKU04791,360,67,33,2025-07-02
ST09,SKU02576,191,35,8,2025-07-16
ST16,SKU01303,328,55,12,2025-06-15
ST10,SKU01754,387,91,44,2025-08-04
ST08,SKU03105,241,75,35,2025-06-08
ST03,SKU04747,165,48,11,2025-07-15
ST20,SKU02176,0,32,8,2025-08-15
ST13,SKU03220,359,80,19,2025-08-07
ST08,SKU00890,429,87,21,2025-05-24
ST25,SKU00305,122,29,9,2025-06-15
ST03,SKU00546,407,93,44,2025-07-01
ST09,SKU03744,320,63,18,2025-05-20
ST12,SKU03749,316,67,17,2025-07-20
ST12,SKU03520,383,90,25,2025-05-29
ST17,SKU03864,452,80,33,2025-09-02
ST17,SKU01649,266,62,23,2025-07-11
ST20,SKU03115,412,98,41,2025-08-25
ST30,SKU03574,268,57,18,2025-07-19
ST28,SKU02710,509,98,26,2025-07-11
ST08,SKU02997,308,61,23,2025-07-11
ST02,SKU02657,0,24,9,2025-09-24
ST21,SKU00721,172,45,21,2025-07-06
ST07,SKU04987,327,80,20,2025-07-13
ST26,SKU03805,153,32,11,2025-08-01
ST12,SKU03870,0,57,18,2025-10-06
ST02,SKU04643,388,68,28,2025-09-02
ST22,SKU04329,0,49,20,2025-10-01
ST10,SKU03043,322,70,26,2025-07-29
ST29,SKU01070,233,64,23,2025-07-09
ST15,SKU00906,132,26,11,2025-08-13
ST15,SKU02892,0,89,33,2025-08-14
ST13,SKU00079,0,58,13,2025-08-24
ST20,SKU01021,0,30,10,2025-09-18
ST28,SKU00845,0,30,10,2025-09-20
ST23,SKU00501,312,52,12,2025-05-28
ST17,SKU02938,468,81,29,2025-06-25
ST01,SKU02176,0,74,17,2025-09-22
ST30,SKU02648,0,72,18,2025-08-31
ST19,SKU02718,451,100,50,2025-08-17
ST29,SKU01191,489,91,27,2025-05-08
ST29,SKU03177,95,29,13,2025-07-30
ST20,SKU01371,0,80,36,2025-08-08
ST01,SKU03115,265,61,25,2025-05-28
ST30,SKU01830,435,73,24,2025-08-09
ST06,SKU00978,384,88,40,2025-06-19
ST26,SKU00893,0,70,31,2025-08-30
ST12,SKU00500,0,73,19,2025-08-14
ST13,SKU03583,230,61,17,2025-08-17
ST14,SKU04222,224,45,15,2025-07-28
ST21,SKU00734,441,88,41,2025-06-26
ST07,SKU03014,85,22,6,2025-08-11
ST07,SKU05000,168,55,18,2025-08-01
ST24,SKU02954,0,74,23,2025-09-25
ST10,SKU01070,291,65,26,2025-05-16
ST30,SKU04166,0,71,27,2025-09-06
ST25,SKU03822,504,84,34,2025-05-25
ST27,SKU02205,270,54,14,2025-06-08
ST28,SKU03073,406,87,32,2025-05-11
ST16,SKU03773,327,67,17,2025-05-18
ST28,SKU00858,194,58,20,2025-06-06
ST04,SKU00501,194,41,20,2025-07-14
ST10,SKU04453,0,89,32,2025-09-23
ST19,SKU01792,458,77,24,2025-05-09
ST17,SKU00965,233,65,26,2025-05-21
ST01,SKU04633,0,87,30,2025-08-07
ST27,SKU03602,192,52,22,2025-07-07
ST22,SKU03295,260,65,28,2025-07-09
ST06,SKU02267,506,97,41,2025-07-26
ST06,SKU00052,358,97,34,2025-07-31
ST28,SKU04012,0,76,22,2025-10-03
ST17,SKU04348,0,94,39,2025-10-04
ST10,SKU01191,150,47,10,2025-05-11
ST10,SKU03177,310,88,40,2025-05-16
ST24,SKU00860,181,47,22,2025-05-15
ST01,SKU01371,0,52,17,2025-08-20
ST18,SKU04987,465,95,29,2025-08-13
ST13,SKU04643,420,91,23,2025-05-17
ST26,SKU00906,262,46,21,2025-06-12
ST10,SKU04574,0,75,16,2025-08-12
ST19,SKU01684,238,65,21,2025-05-07
ST28,SKU04362,0,92,33,2025-08-25
ST21,SKU00976,0,42,14,2025-10-07
ST15,SKU03376,253,74,34,2025-05-25
ST16,SKU04244,379,75,18,2025-07-04
ST11,SKU01685,0,80,23,2025-09-27
ST09,SKU03073,340,63,27,2025-07-20
ST09,SKU00858,489,89,23,2025-05-16
ST07,SKU02209,313,54,15,2025-07-26
ST02,SKU03851,0,91,42,2025-09-27
ST19,SKU01805,275,80,20,2025-07-13
ST01,SKU02660,0,70,14,2025-10-08
ST01,SKU04646,0,37,9,2025-08-04
ST01,SKU00445,0,58,22,2025-09-10
ST04,SKU01911,448,89,20,2025-06-21
ST11,SKU00638,369,63,29,2025-06-02
ST14,SKU00155,97,25,7,2025-06-08
ST19,SKU00987,371,77,28,2025-05-29
ST17,SKU02375,130,31,12,2025-05-18
ST10,SKU01433,177,33,12,2025-08-02
ST19,SKU00758,224,64,30,2025-05-11
ST03,SKU02211,121,23,11,2025-06-24
ST25,SKU01970,242,58,23,2025-08-05
ST18,SKU03014,215,47,10,2025-08-10
ST28,SKU03436,223,55,12,2025-07-04
ST21,SKU00050,0,29,12,2025-08-04
ST12,SKU03199,0,99,38,2025-08-07
ST29,SKU02614,0,26,12,2025-08-30
ST15,SKU04665,161,41,9,2025-05-07
ST03,SKU01164,0,86,35,2025-08-06
ST20,SKU02794,344,71,24,2025-08-24
ST30,SKU01038,291,49,12,2025-06-06
ST09,SKU04362,0,67,22,2025-08-11
ST14,SKU04706,197,60,13,2025-08-29
ST04,SKU01803,125,39,9,2025-08-18
ST16,SKU03089,281,55,22,2025-08-16
ST16,SKU00874,320,65,23,2025-06-29
ST17,SKU02267,176,46,18,2025-07-30
ST18,SKU00920,0,100,40,2025-08-05
ST11,SKU04142,200,36,17,2025-08-24
ST21,SKU02386,187,33,7,2025-08-04
ST26,SKU03484,279,48,14,2025-08-21
ST12,SKU03320,141,34,13,2025-08-18
ST10,SKU00507,225,38,16,2025-07-19
ST20,SKU02915,203,42,9,2025-08-01
ST20,SKU04901,138,36,11,2025-06-18
ST25,SKU03030,0,63,23,2025-09-19
ST18,SKU02088,0,92,33,2025-09-24
ST23,SKU04381,0,58,28,2025-09-04
ST16,SKU03210,196,54,27,2025-06-03
ST26,SKU04652,312,81,30,2025-05-19
ST23,SKU04152,314,70,18,2025-08-20
ST19,SKU01229,553,94,33,2025-07-05
ST09,SKU03436,240,68,32,2025-08-01
ST23,SKU03105,417,77,27,2025-08-09
ST26,SKU03376,446,78,24,2025-05-12
ST10,SKU00628,0,65,18,2025-08-08
ST10,SKU02614,0,44,10,2025-09-11
ST22,SKU01685,0,29,10,2025-10-06
ST20,SKU03036,76,22,9,2025-06-23
ST01,SKU02794,222,37,7,2025-05-24
ST20,SKU00821,192,32,7,2025-08-01
ST18,SKU02209,459,81,25,2025-08-10
ST20,SKU00592,311,89,25,2025-05-26
ST28,SKU00416,0,69,34,2025-09-30
ST26,SKU02558,90,30,9,2025-08-06
ST22,SKU00638,111,21,7,2025-08-23
ST15,SKU01645,556,95,45,2025-06-21
ST25,SKU04319,236,70,28,2025-05-30
ST07,SKU04679,324,71,29,2025-07-21
ST12,SKU03562,233,54,18,2025-05-21
ST01,SKU02915,406,78,24,2025-05-23
ST01,SKU04901,490,87,41,2025-08-06
ST15,SKU02584,261,50,16,2025-05-14
ST04,SKU04381,0,52,12,2025-09-28
ST23,SKU02408,289,70,17,2025-06-07
ST04,SKU04152,218,60,30,2025-07-15
ST26,SKU04665,154,46,20,2025-07-31
ST15,SKU01766,331,70,26,2025-07-18
ST27,SKU00837,420,93,36,2025-06-17
ST06,SKU03932,294,70,19,2025-07-18
ST23,SKU03347,249,76,32,2025-06-09
ST06,SKU01717,429,97,45,2025-06-14
ST21,SKU02520,505,93,19,2025-06-19
ST07,SKU04571,0,57,14,2025-09-15
ST22,SKU04142,207,41,20,2025-07-20
ST24,SKU00539,0,86,42,2025-09-21
ST03,SKU03863,213,65,28,2025-06-13
ST12,SKU03454,431,85,18,2025-06-19
ST01,SKU03036,428,75,32,2025-08-09
ST20,SKU01063,270,84,20,2025-07-11
ST01,SKU00821,266,86,35,2025-08-07
ST30,SKU03737,71,23,5,2025-07-28
ST03,SKU03634,149,47,11,2025-07-26
ST04,SKU04273,0,57,25,2025-10-12
ST02,SKU01423,108,33,12,2025-06-05
ST07,SKU01538,378,80,21,2025-06-15
ST12,SKU00421,403,91,29,2025-05-21
ST24,SKU03693,0,56,21,2025-09-06
ST29,SKU01822,227,55,13,2025-07-14
ST27,SKU03173,282,65,17,2025-08-15
ST30,SKU04905,217,39,16,2025-08-13
ST01,SKU03975,533,96,44,2025-05-06
ST20,SKU04217,209,48,15,2025-05-18
ST06,SKU04053,403,73,34,2025-08-16
ST16,SKU04741,270,89,27,2025-05-09
ST21,SKU04856,344,91,42,2025-08-10
ST02,SKU00376,0,33,10,2025-08-21
ST29,SKU00775,221,63,21,2025-06-17
ST06,SKU03235,199,62,15,2025-05-10
ST30,SKU01643,117,27,10,2025-08-24
ST23,SKU02421,430,72,35,2025-08-13
ST28,SKU00550,373,75,22,2025-06-09
ST08,SKU00837,301,62,25,2025-07-11
ST25,SKU04453,0,61,29,2025-09-29
ST11,SKU00317,236,62,25,2025-08-03
ST14,SKU04035,0,74,27,2025-08-09
ST16,SKU04633,0,48,24,2025-09-07
ST05,SKU00539,0,76,19,2025-08-22
ST27,SKU02247,0,45,9,2025-08-27
ST01,SKU01063,417,75,28,2025-08-07
ST18,SKU04679,463,100,28,2025-07-31
ST25,SKU01420,0,83,32,2025-09-09
ST15,SKU00732,394,82,17,2025-08-13
ST19,SKU01605,319,93,26,2025-08-28
ST29,SKU02064,205,42,17,2025-05-26
ST10,SKU01822,421,74,35,2025-08-06
ST15,SKU02129,141,26,8,2025-06-24
ST08,SKU03173,330,59,15,2025-05-17
ST27,SKU01200,526,95,35,2025-07-09
ST01,SKU04217,256,69,19,2025-05-09
ST28,SKU04054,338,95,39,2025-08-22
ST09,SKU03812,0,71,16,2025-09-14
ST23,SKU01495,182,43,11,2025-05-29
ST16,SKU02768,185,40,15,2025-05-15
ST26,SKU01766,310,80,20,2025-05-25
ST02,SKU00389,286,64,18,2025-05-19
ST22,SKU04505,240,70,28,2025-06-09
ST17,SKU03932,372,87,30,2025-07-24
ST10,SKU00775,355,66,20,2025-08-30
ST11,SKU03592,184,33,7,2025-06-11
ST04,SKU02421,298,50,21,2025-08-30
ST14,SKU00894,123,32,14,2025-05-28
ST09,SKU00550,238,58,13,2025-05-29
ST19,SKU03941,245,81,19,2025-06-26
ST24,SKU02070,450,85,27,2025-05-06
ST03,SKU02950,0,98,28,2025-08-20
ST15,SKU04236,212,42,20,2025-07-08
ST13,SKU01423,214,66,29,2025-07-27
ST20,SKU04580,224,69,23,2025-05-07
ST18,SKU01538,232,44,19,2025-07-03
ST11,SKU00330,484,100,29,2025-07-17
ST26,SKU04102,291,79,38,2025-05-14
ST07,SKU02840,0,44,12,2025-09-21
ST24,SKU01023,337,86,39,2025-06-08
ST29,SKU03353,0,49,16,2025-09-27
ST17,SKU04053,133,30,9,2025-08-11
ST29,SKU01138,0,69,29,2025-08-26
ST19,SKU00679,314,55,11,2025-05-16
ST27,SKU04475,298,87,41,2025-06-07
ST01,SKU03291,333,82,29,2025-07-12
ST13,SKU00376,0,23,9,2025-09-12
ST25,SKU01662,0,68,20,2025-08-23
ST20,SKU01318,291,62,28,2025-05-20
ST25,SKU01433,443,90,24,2025-08-17
ST16,SKU03828,203,39,10,2025-08-17
ST11,SKU03484,168,37,17,2025-08-07
ST17,SKU03235,106,29,14,2025-08-24
ST19,SKU03833,391,96,40,2025-07-16
ST29,SKU04292,490,90,23,2025-08-26
ST10,SKU02064,255,67,15,2025-07-06
ST27,SKU03428,252,53,24,2025-06-22
ST15,SKU02142,234,41,13,2025-08-19
ST09,SKU04054,203,52,23,2025-06-15
ST11,SKU04652,318,78,28,2025-05-11
ST04,SKU01495,353,63,21,2025-08-10
ST16,SKU04996,409,80,30,2025-06-01
ST02,SKU00631,272,80,28,2025-07-03
ST19,SKU00571,252,50,23,2025-05-16
ST22,SKU00317,396,93,26,2025-07-22
ST27,SKU04596,0,60,12,2025-10-11
ST08,SKU02368,0,72,14,2025-08-27
ST28,SKU01034,343,69,31,2025-06-17
ST01,SKU04580,296,61,25,2025-06-09
ST10,SKU00105,280,96,20,2025-11-07
ST20,SKU00135,11,78,35,2025-11-11
ST02,SKU01524,99,68,30,2025-12-28
ST09,SKU01885,46,39,13,2025-11-18
ST11,SKU03714,39,37,12,2025-11-23
ST11,SKU04993,39,48,10,2025-11-30
ST19,SKU02777,107,100,48,2025-12-28
ST12,SKU01548,94,39,12,2025-12-01
ST14,SKU01133,179,90,43,2025-11-28
ST03,SKU02724,86,59,25,2025-11-22
ST10,SKU03834,46,45,18,2025-11-04
ST11,SKU04727,78,36,9,2025-11-08
ST09,SKU03406,58,31,12,2025-12-09
ST24,SKU00677,53,22,6,2025-11-04
ST12,SKU01629,261,88,23,2025-12-09
ST16,SKU04805,158,91,40,2025-11-06
ST26,SKU02197,61,31,6,2025-11-08
ST18,SKU04575,24,37,13,2025-11-13
ST04,SKU02983,146,49,14,2025-12-20
ST28,SKU02855,10,67,19,2025-11-28
ST07,SKU01122,20,97,27,2025-11-10
ST23,SKU01298,60,42,15,2025-11-15
ST18,SKU02473,19,33,10,2025-11-02
ST08,SKU03224,14,25,7,2025-12-24
ST09,SKU04286,180,72,23,2025-12-23
ST20,SKU04743,9,21,8,2025-12-21
ST01,SKU04482,94,48,19,2025-12-31
ST20,SKU04787,113,59,14,2025-11-25
ST11,SKU04387,211,72,16,2025-12-27
ST21,SKU00578,33,33,15,2025-12-09
ST30,SKU00922,7,53,16,2025-11-06
ST13,SKU04366,138,58,19,2025-12-01
ST10,SKU02149,153,93,44,2025-11-21
ST14,SKU01092,101,51,19,2025-11-02
ST27,SKU02485,15,91,44,2025-12-29
ST03,SKU04707,4,24,11,2025-12-04
ST17,SKU01886,52,37,13,2025-12-31
ST22,SKU04441,1,62,27,2025-11-20
ST18,SKU03730,285,99,24,2025-12-15
ST23,SKU02708,199,78,26,2025-12-01
ST07,SKU01169,28,73,24,2025-12-01
ST01,SKU03849,22,23,6,2025-11-14
ST10,SKU03732,160,56,20,2025-11-26
ST24,SKU00100,110,91,44,2025-11-29
ST24,SKU03130,39,31,8,2025-11-30
ST13,SKU01501,123,62,24,2025-11-18
ST25,SKU01308,8,70,27,2025-12-03
ST29,SKU02053,110,37,15,2025-11-01
ST15,SKU01882,68,58,15,2025-12-21
ST03,SKU01815,6,48,11,2025-11-26
ST15,SKU01506,47,89,31,2025-12-09
ST13,SKU02425,46,52,14,2025-11-14
ST09,SKU02393,85,68,14,2025-11-08
ST22,SKU04178,91,44,12,2025-11-18
ST19,SKU01554,69,56,19,2025-11-18
ST20,SKU01557,46,69,24,2025-12-22
ST13,SKU03916,143,90,29,2025-12-17
ST10,SKU01636,77,87,23,2025-12-21
ST14,SKU00710,27,30,11,2025-11-23
ST20,SKU03476,6,33,10,2025-12-28
ST27,SKU04947,21,46,15,2025-12-16
ST09,SKU03489,29,73,33,2025-11-18
ST11,SKU01050,64,57,19,2025-11-06
ST04,SKU00762,61,32,8,2025-12-14
ST28,SKU00106,115,49,23,2025-12-08
ST13,SKU04742,126,64,26,2025-12-07
ST14,SKU02761,73,58,12,2025-12-25
ST27,SKU00779,50,49,21,2025-12-14
ST20,SKU02295,82,54,13,2025-11-10
ST04,SKU00673,49,76,34,2025-12-23
ST02,SKU01512,60,53,26,2025-11-29
ST21,SKU03775,86,69,32,2025-11-06
ST16,SKU04333,92,74,37,2025-11-17
ST07,SKU03328,187,66,27,2025-12-30
ST11,SKU04527,113,64,17,2025-11-03
ST01,SKU02883,85,40,10,2025-11-01
ST13,SKU01473,83,35,14,2025-12-25
ST08,SKU00919,223,80,20,2025-12-05
ST07,SKU02317,183,83,25,2025-11-30
ST20,SKU02943,113,71,23,2025-12-13
ST07,SKU00555,213,91,33,2025-12-21
ST16,SKU03994,184,66,23,2025-11-24
ST24,SKU04362,14,26,7,2025-11-03
ST10,SKU04763,163,87,36,2025-12-09
ST21,SKU02308,223,100,49,2025-11-28
ST30,SKU01207,46,80,38,2025-12-13
ST01,SKU02714,243,82,20,2025-12-14
ST03,SKU03598,86,92,43,2025-11-21
ST22,SKU02935,111,55,13,2025-11-14
ST12,SKU03093,29,20,5,2025-11-06
ST16,SKU01965,18,83,20,2025-11-13
ST04,SKU01333,57,56,12,2025-11-24
ST19,SKU04330,64,42,17,2025-11-14
ST13,SKU04197,135,69,18,2025-11-05
ST01,SKU03906,93,36,11,2025-11-13
ST01,SKU04449,7,97,32,2025-12-11
ST08,SKU01162,54,25,9,2025-12-24
ST17,SKU02638,60,60,16,2025-11-21
ST18,SKU03909,70,79,17,2025-12-29
ST25,SKU03165,104,39,10,2025-11-23
ST10,SKU02423,109,78,30,2025-12-29
ST09,SKU02591,34,25,6,2025-11-10
ST21,SKU03353,1,30,14,2025-11-13
ST11,SKU01251,65,65,32,2025-11-27
ST22,SKU00511,24,46,15,2025-11-18
ST23,SKU02309,52,50,15,2025-11-06
ST04,SKU02873,21,78,18,2025-11-25
ST13,SKU00772,214,88,32,2025-11-22
ST01,SKU02644,105,40,19,2025-11-12
ST06,SKU01010,46,68,16,2025-12-13
ST14,SKU04254,121,59,12,2025-11-16
ST26,SKU04708,83,33,8,2025-12-29
ST22,SKU02720,51,25,8,2025-11-25
ST30,SKU01144,55,77,23,2025-12-28
ST19,SKU04673,85,43,10,2025-12-17
ST22,SKU02961,135,57,27,2025-11-23
ST26,SKU02204,97,36,16,2025-11-21
ST19,SKU00464,95,35,10,2025-12-04
ST28,SKU01739,158,99,49,2025-12-04
ST15,SKU04540,190,84,22,2025-12-17
ST14,SKU02107,76,80,18,2025-12-16
ST11,SKU02986,40,37,14,2025-12-01
ST05,SKU03607,63,66,33,2025-12-21
ST17,SKU02279,241,96,32,2025-12-18
ST12,SKU02537,34,30,15,2025-12-19
ST10,SKU00787,96,39,17,2025-11-03
ST10,SKU01323,150,65,26,2025-11-17
ST12,SKU04499,202,89,41,2025-11-10
ST30,SKU04249,42,76,35,2025-12-08
ST10,SKU03367,20,40,10,2025-11-30
ST26,SKU04394,43,28,11,2025-11-08
ST30,SKU04066,165,95,38,2025-11-05
ST03,SKU04276,87,71,24,2025-11-10
ST28,SKU04989,107,71,20,2025-12-14
ST18,SKU02396,150,81,25,2025-11-06
ST25,SKU03251,123,61,15,2025-11-03
ST02,SKU01189,14,63,29,2025-12-31
ST18,SKU02394,77,85,37,2025-12-18
ST24,SKU02197,36,60,23,2025-11-14
ST04,SKU00069,250,84,23,2025-11-02
ST26,SKU04944,66,46,12,2025-12-22
ST25,SKU04515,4,22,8,2025-12-12
ST04,SKU00104,104,50,12,2025-12-07
ST27,SKU01204,42,26,10,2025-11-13
ST14,SKU03678,47,83,17,2025-12-24
ST19,SKU03918,20,72,28,2025-12-18
ST05,SKU03368,122,42,12,2025-12-24
ST27,SKU03570,199,71,31,2025-11-27
ST17,SKU03902,43,83,28,2025-11-06
ST29,SKU04028,1,30,8,2025-11-19
ST30,SKU03207,84,43,13,2025-12-07
ST23,SKU04781,142,60,30,2025-11-27
ST17,SKU00693,112,84,34,2025-12-28
ST06,SKU04109,127,95,43,2025-12-01
ST22,SKU02527,130,78,23,2025-11-21
ST08,SKU01346,39,30,13,2025-11-25
ST08,SKU01905,41,96,41,2025-11-30
ST16,SKU00607,12,63,14,2025-11-29
ST03,SKU01226,92,47,15,2025-11-01
ST14,SKU03783,57,31,12,2025-12-17
ST22,SKU03394,52,25,7,2025-11-07
ST21,SKU01561,128,85,33,2025-12-30
ST18,SKU03211,91,43,13,2025-12-24
ST25,SKU01788,76,34,16,2025-11-29
ST10,SKU04010,93,37,16,2025-11-13
ST27,SKU00388,14,40,11,2025-12-10
ST01,SKU03750,18,38,16,2025-11-03
ST02,SKU01712,130,92,31,2025-12-16
ST25,SKU02863,57,76,21,2025-12-05
ST01,SKU03251,2,30,8,2025-11-22
ST02,SKU04525,59,21,5,2025-12-12
ST22,SKU00671,249,99,48,2025-12-26
ST17,SKU01514,48,52,23,2025-11-19
ST07,SKU02987,84,59,12,2025-12-06
ST25,SKU01082,63,34,7,2025-12-01
ST08,SKU03951,56,99,23,2025-12-31
ST07,SKU01164,138,97,22,2025-11-16
ST05,SKU01102,0,38,18,2025-12-01
ST27,SKU00751,10,21,4,2025-11-08
ST12,SKU04521,51,53,23,2025-11-07
ST14,SKU00787,180,92,25,2025-12-14
ST15,SKU01790,101,58,13,2025-12-08
ST26,SKU04033,105,74,26,2025-12-14
ST23,SKU00041,82,56,27,2025-12-14
ST23,SKU02191,173,76,19,2025-12-18
ST16,SKU02136,37,23,9,2025-12-19
ST08,SKU04472,43,26,8,2025-11-16
ST28,SKU00343,252,87,29,2025-12-02
ST03,SKU02334,133,74,16,2025-12-22
ST16,SKU01538,3,61,18,2025-11-16
ST06,SKU00307,122,53,15,2025-11-30
ST18,SKU03816,56,74,28,2025-12-29
ST01,SKU00824,35,69,25,2025-12-19
ST20,SKU03847,153,59,26,2025-12-29
ST23,SKU00573,83,39,12,2025-11-26
ST27,SKU00856,206,97,43,2025-11-22
ST07,SKU01853,27,40,17,2025-12-29
ST05,SKU00146,76,43,10,2025-11-24
ST12,SKU01311,78,35,9,2025-11-07
ST07,SKU03988,59,59,19,2025-11-01
ST04,SKU02682,19,63,31,2025-12-09
ST11,SKU04974,104,57,22,2025-11-18
ST14,SKU00201,65,42,21,2025-12-27
ST29,SKU02578,146,55,26,2025-11-20
ST19,SKU00378,27,32,10,2025-12-08
ST01,SKU01005,88,61,13,2025-11-05
ST02,SKU01200,18,59,24,2025-12-07
ST21,SKU00806,118,60,20,2025-11-03
ST30,SKU03239,122,95,28,2025-11-03
ST27,SKU04436,68,68,23,2025-11-28
ST30,SKU01671,24,91,40,2025-12-26
ST08,SKU02813,160,95,37,2025-12-22
ST23,SKU00686,229,98,38,2025-11-13
ST16,SKU04447,233,85,39,2025-12-25
ST13,SKU02161,206,69,17,2025-11-08
ST07,SKU02031,0,49,20,2025-11-22
ST02,SKU02130,71,57,14,2025-11-17
ST02,SKU03480,63,59,20,2025-12-14
ST07,SKU00926,23,79,25,2025-12-24
ST01,SKU00641,192,72,23,2025-11-22
ST28,SKU00031,159,58,19,2025-11-10
ST14,SKU00840,103,66,30,2025-12-16
ST24,SKU04095,225,80,31,2025-11-11
ST21,SKU02832,87,49,23,2025-11-20
ST16,SKU04731,94,49,22,2025-11-03
ST24,SKU04836,59,97,42,2025-11-10
ST07,SKU01081,273,93,20,2025-11-03
ST16,SKU01087,53,85,29,2025-11-03
ST07,SKU04178,57,21,10,2025-11-11
ST10,SKU03488,272,98,41,2025-12-27
ST21,SKU00269,158,72,21,2025-12-24
ST08,SKU03229,18,37,8,2025-12-03
ST16,SKU00677,140,65,22,2025-11-02
ST21,SKU01431,171,81,32,2025-11-14
ST03,SKU01071,155,100,23,2025-11-17
ST29,SKU01725,21,25,8,2025-12-29
ST16,SKU03865,54,48,17,2025-12-02
ST12,SKU04983,188,80,30,2025-12-18
ST21,SKU00643,37,26,11,2025-11-12
ST30,SKU03558,22,29,14,2025-12-06
ST29,SKU01889,68,26,8,2025-12-08
ST30,SKU03763,91,46,12,2025-12-09
ST28,SKU00084,17,78,25,2025-11-02
ST15,SKU03825,186,86,27,2025-12-05
ST30,SKU02573,17,22,7,2025-11-28
ST23,SKU01575,7,84,21,2025-11-15
ST29,SKU01802,72,78,22,2025-11-14
ST19,SKU00298,64,23,11,2025-12-31
ST07,SKU00540,129,69,33,2025-12-28
ST09,SKU01210,235,96,39,2025-11-26
ST17,SKU01439,89,44,13,2025-12-13
ST06,SKU04815,196,97,42,2025-11-18
ST17,SKU02330,78,35,15,2025-12-08
ST28,SKU02857,76,38,9,2025-11-23
ST05,SKU03483,125,77,30,2025-11-19
ST13,SKU03334,102,98,49,2025-11-14
ST23,SKU02542,1,98,29,2025-11-22
ST23,SKU00623,27,30,6,2025-11-27
ST13,SKU01225,12,94,43,2025-12-20
ST01,SKU02189,57,60,23,2025-12-03
ST04,SKU00568,193,86,39,2025-11-02
ST26,SKU02785,56,91,20,2025-11-09
ST05,SKU04173,11,27,9,2025-11-29
ST28,SKU04684,64,33,8,2025-12-25
ST18,SKU03515,44,48,18,2025-12-07
ST10,SKU00975,273,97,27,2025-12-30
ST23,SKU00127,1,95,47,2025-12-26
ST11,SKU04071,157,64,20,2025-11-26
ST18,SKU01194,87,85,39,2025-11-07
ST21,SKU04002,214,99,44,2025-11-18
ST21,SKU03551,131,46,11,2025-11-26
ST26,SKU03831,76,84,37,2025-11-22
ST09,SKU01543,180,61,28,2025-12-27
ST14,SKU03575,133,64,14,2025-11-09
ST19,SKU03378,72,41,15,2025-11-08
ST27,SKU01253,120,95,41,2025-12-12
ST10,SKU01076,128,73,24,2025-11-29
ST01,SKU00882,48,57,16,2025-11-04
ST28,SKU01247,126,75,19,2025-12-07
ST20,SKU03768,35,26,10,2025-12-27
ST27,SKU02520,47,97,22,2025-11-11
ST29,SKU02717,119,48,15,2025-11-26
ST25,SKU03084,31,20,7,2025-12-15
ST06,SKU02378,55,91,31,2025-12-24
ST10,SKU04333,48,41,19,2025-11-08
ST14,SKU02638,62,80,36,2025-11-09
ST02,SKU02193,125,57,22,2025-12-05
ST25,SKU04464,81,47,14,2025-12-12
ST26,SKU03741,16,73,21,2025-12-01
ST10,SKU03600,2,51,14,2025-12-02
ST05,SKU03587,151,85,33,2025-12-11
ST01,SKU02298,105,61,27,2025-12-09
ST15,SKU01523,51,27,10,2025-12-23
ST10,SKU03017,64,33,13,2025-12-26
ST23,SKU02090,106,62,24,2025-11-05
ST28,SKU04284,52,59,12,2025-11-08
ST06,SKU00905,70,85,17,2025-12-15
ST11,SKU04947,130,50,19,2025-12-21
ST24,SKU01327,69,30,12,2025-11-24
ST09,SKU02956,77,35,17,2025-12-23
ST25,SKU01516,148,55,14,2025-11-27
ST16,SKU03095,88,100,49,2025-12-09
ST27,SKU00080,1,43,16,2025-11-02
ST03,SKU00231,33,34,13,2025-12-26
ST10,SKU03771,51,42,17,2025-11-27
ST19,SKU03111,183,86,38,2025-11-24
ST14,SKU00742,55,42,10,2025-11-22
ST28,SKU01878,109,57,24,2025-12-22
ST25,SKU04379,34,27,12,2025-11-29
ST11,SKU04732,30,83,27,2025-12-04
ST20,SKU01945,33,29,12,2025-12-06
ST26,SKU03002,73,70,18,2025-11-01
ST15,SKU01871,40,95,19,2025-11-27
ST18,SKU03140,74,81,37,2025-12-10
ST13,SKU02637,197,83,41,2025-12-09
ST10,SKU00336,200,98,48,2025-11-18
ST19,SKU00597,32,33,10,2025-11-06
ST29,SKU03029,0,67,27,2025-11-10
ST12,SKU02084,85,63,17,2025-11-04
ST30,SKU01321,213,82,20,2025-11-04
ST16,SKU04885,98,81,33,2025-11-16
ST07,SKU01690,23,39,11,2025-12-20
ST27,SKU01801,54,44,12,2025-12-08
ST03,SKU01864,130,59,27,2025-12-09
ST13,SKU00233,43,25,12,2025-11-16
ST22,SKU00106,147,96,36,2025-12-25
ST02,SKU02000,31,58,27,2025-12-05
ST13,SKU03100,156,65,14,2025-11-07
ST05,SKU01817,179,90,24,2025-12-31
ST24,SKU00851,181,96,21,2025-12-19
ST29,SKU01633,57,43,13,2025-11-06
ST22,SKU02321,205,71,35,2025-11-26
ST24,SKU02122,117,65,29,2025-12-07
ST26,SKU03240,102,75,16,2025-11-27
ST27,SKU01298,67,32,7,2025-11-03
ST29,SKU02100,78,32,12,2025-11-27
ST15,SKU02578,82,32,11,2025-11-17
ST09,SKU02420,78,29,12,2025-12-27
ST15,SKU02457,130,80,22,2025-12-09
ST28,SKU01608,69,75,35,2025-11-23
ST30,SKU04980,86,39,13,2025-12-09
ST18,SKU00382,152,59,17,2025-11-26
ST23,SKU01217,103,47,19,2025-12-12
ST13,SKU04217,105,73,34,2025-11-21
ST08,SKU04584,259,93,29,2025-11-22
ST24,SKU01611,181,61,16,2025-11-18
ST08,SKU04482,15,72,15,2025-11-17
ST28,SKU03422,116,66,19,2025-12-22
ST23,SKU02929,152,59,28,2025-12-19
ST19,SKU04298,130,70,32,2025-11-11
ST07,SKU04231,155,61,24,2025-12-04
ST30,SKU03146,16,20,7,2025-11-27
ST25,SKU04081,91,38,12,2025-11-07
ST01,SKU04251,17,56,17,2025-11-23
ST22,SKU03678,167,57,24,2025-12-09
ST03,SKU00344,83,32,9,2025-12-07
ST06,SKU02465,3,78,33,2025-12-13
ST27,SKU00453,82,32,9,2025-12-25
ST27,SKU01053,114,66,13,2025-12-08
ST27,SKU04674,51,50,12,2025-12-29
ST11,SKU00606,10,77,24,2025-12-02
ST30,SKU03972,149,53,16,2025-12-17
ST19,SKU04734,201,80,31,2025-12-28
ST28,SKU00263,110,67,17,2025-12-16
ST22,SKU01390,28,45,12,2025-12-20
ST24,SKU02761,243,95,34,2025-11-02
ST03,SKU00897,48,72,32,2025-12-25
ST23,SKU04950,10,20,8,2025-12-02
ST27,SKU02986,28,64,27,2025-12-03
ST10,SKU01434,207,80,28,2025-12-27
ST03,SKU04417,123,48,13,2025-11-09
ST21,SKU03055,118,82,30,2025-12-04
ST15,SKU01543,86,49,14,2025-11-28
ST11,SKU01958,67,65,32,2025-11-03
ST17,SKU04788,234,99,29,2025-12-25
ST03,SKU02676,44,20,8,2025-11-02
ST18,SKU04583,179,86,27,2025-12-14
ST03,SKU03899,77,37,14,2025-11-21
ST06,SKU01713,52,74,16,2025-12-28
ST12,SKU00239,51,20,5,2025-12-09
ST26,SKU00126,100,74,20,2025-12-25
ST25,SKU02615,134,66,15,2025-12-14
ST07,SKU03428,83,97,36,2025-12-29
ST14,SKU03297,56,40,16,2025-11-17
ST06,SKU02166,19,30,8,2025-11-03
ST28,SKU00003,122,44,14,2025-11-22
ST19,SKU00145,58,36,10,2025-11-01
ST25,SKU01301,23,89,43,2025-12-16
ST28,SKU01390,231,86,38,2025-12-09
ST17,SKU00050,47,21,4,2025-11-30
ST05,SKU00106,106,84,30,2025-11-08
ST04,SKU01360,75,91,30,2025-11-18
ST30,SKU03214,161,91,33,2025-11-27
ST14,SKU03271,227,88,35,2025-11-21
ST15,SKU03313,158,89,23,2025-12-27
ST19,SKU04472,1,67,13,2025-11-14
ST11,SKU04243,28,31,12,2025-12-13
ST20,SKU00430,43,23,7,2025-11-28
ST13,SKU04851,44,33,8,2025-11-16
ST01,SKU01691,119,73,24,2025-11-21
ST19,SKU01377,43,41,12,2025-11-28
ST17,SKU03577,11,82,21,2025-12-13
ST29,SKU01120,132,46,23,2025-12-24
ST21,SKU03452,48,32,8,2025-11-17
ST07,SKU02703,20,32,12,2025-12-09
ST09,SKU00242,55,96,43,2025-11-30
ST07,SKU01571,146,51,19,2025-11-30
ST30,SKU00025,35,46,23,2025-12-21
ST06,SKU02135,144,79,17,2025-11-02
ST15,SKU03989,57,25,8,2025-12-04
ST13,SKU02120,122,71,16,2025-12-02
ST10,SKU03824,227,80,21,2025-12-21
ST13,SKU00457,132,84,40,2025-12-17
ST08,SKU04163,29,97,38,2025-12-12
ST28,SKU00200,17,24,8,2025-11-07
ST03,SKU02110,50,39,13,2025-11-28
ST10,SKU01814,37,20,9,2025-12-09
ST25,SKU04628,34,29,7,2025-12-01
ST27,SKU04239,135,94,27,2025-12-12
ST24,SKU02244,44,60,30,2025-11-19
ST03,SKU02538,73,47,16,2025-12-20
ST12,SKU04964,133,47,20,2025-12-03
ST25,SKU03662,90,34,13,2025-11-30
ST28,SKU02029,62,29,8,2025-12-04
ST27,SKU04456,7,36,11,2025-12-28
ST17,SKU01921,34,24,11,2025-11-21
ST08,SKU00037,104,53,21,2025-12-14
ST28,SKU00639,31,21,8,2025-11-10
ST18,SKU02695,141,75,17,2025-12-03
ST15,SKU01147,10,76,20,2025-12-22
ST18,SKU02671,3,52,14,2025-11-23
ST05,SKU02407,113,60,14,2025-11-18
ST22,SKU03618,28,72,29,2025-11-12
ST05,SKU04950,62,56,25,2025-12-13
ST04,SKU02964,64,24,11,2025-12-31
ST16,SKU02963,114,72,25,2025-12-29
ST07,SKU00183,84,73,36,2025-12-19
ST17,SKU00452,35,44,20,2025-11-10
ST25,SKU01411,111,47,13,2025-11-14
ST25,SKU03494,149,65,23,2025-11-16
ST01,SKU00736,6,50,22,2025-11-03
ST05,SKU01518,62,83,23,2025-11-21
ST07,SKU02715,179,71,16,2025-11-09
ST09,SKU02186,92,54,18,2025-11-08
ST24,SKU01652,34,59,25,2025-11-17
ST19,SKU03521,264,91,25,2025-12-12
ST26,SKU00063,84,82,39,2025-12-18
ST07,SKU00853,91,88,40,2025-12-11
ST04,SKU01613,5,57,13,2025-11-18
ST11,SKU01458,212,85,39,2025-12-05
ST27,SKU02856,100,84,41,2025-11-12
ST29,SKU04314,61,74,32,2025-12-24
ST11,SKU02196,37,50,17,2025-12-26
ST27,SKU01398,90,79,27,2025-11-22
ST18,SKU04610,203,96,41,2025-12-14
ST01,SKU00804,28,71,24,2025-12-17
ST29,SKU01140,80,28,13,2025-11-20
ST21,SKU02292,96,45,15,2025-12-31
ST21,SKU04055,41,26,7,2025-11-20
ST26,SKU02982,18,48,22,2025-11-04
ST11,SKU04582,54,96,44,2025-11-15
ST09,SKU04862,14,41,15,2025-11-29
ST18,SKU03972,116,87,36,2025-11-11
ST17,SKU03300,149,88,43,2025-12-17
ST30,SKU02457,73,82,32,2025-11-30
ST05,SKU03594,84,71,21,2025-11-14
ST06,SKU01528,105,70,31,2025-11-19
ST24,SKU01665,111,59,29,2025-11-11
ST19,SKU01041,23,49,15,2025-11-17
ST15,SKU04972,144,51,22,2025-11-09
ST17,SKU04095,29,34,11,2025-12-01
ST20,SKU01619,50,82,24,2025-11-18
ST06,SKU03882,186,75,22,2025-12-14
ST12,SKU02626,56,33,9,2025-12-13
ST23,SKU03779,148,100,45,2025-11-24
ST24,SKU03052,136,61,28,2025-11-24
ST09,SKU03022,70,53,19,2025-12-05
ST06,SKU01621,70,93,26,2025-11-04
ST16,SKU02151,4,88,32,2025-11-21
ST04,SKU04485,33,79,23,2025-12-11
ST17,SKU03980,70,91,24,2025-12-29
ST24,SKU00527,137,85,21,2025-11-19
ST26,SKU03787,140,54,18,2025-11-14
ST12,SKU04295,9,62,19,2025-12-15
ST05,SKU01464,52,55,19,2025-11-28
ST17,SKU03469,161,66,30,2025-12-15
ST25,SKU03982,31,40,13,2025-12-05
ST01,SKU02765,172,61,23,2025-11-15
ST01,SKU03239,10,23,10,2025-11-14
ST03,SKU01283,37,39,18,2025-12-12
ST25,SKU02257,95,76,16,2025-11-28
ST10,SKU01861,134,83,38,2025-11-25
ST27,SKU02444,89,92,38,2025-12-31
ST04,SKU02896,17,83,33,2025-11-18
ST15,SKU04063,24,26,7,2025-12-06
ST21,SKU04226,96,57,23,2025-12-27
ST04,SKU02273,105,39,13,2025-12-10
ST17,SKU01934,250,100,49,2025-11-24
ST05,SKU01033,217,93,22,2025-12-14
ST01,SKU03726,149,51,24,2025-11-29
ST25,SKU04014,24,61,28,2025-12-13
ST19,SKU04704,133,61,14,2025-11-25
ST22,SKU04457,34,23,5,2025-12-29
ST06,SKU04038,260,93,25,2025-12-22
ST27,SKU01320,152,54,11,2025-11-10
ST03,SKU03356,51,35,9,2025-12-22
ST23,SKU04767,209,81,36,2025-12-09
ST25,SKU00339,146,91,40,2025-11-10
ST23,SKU01146,117,47,11,2025-11-18
ST27,SKU01726,108,37,18,2025-11-19
ST04,SKU04877,108,72,35,2025-12-12
ST12,SKU02466,127,56,14,2025-11-19
ST30,SKU03873,101,54,21,2025-12-06
ST16,SKU01775,148,74,17,2025-12-21
ST10,SKU04753,61,31,11,2025-11-29
ST07,SKU03868,229,99,36,2025-12-09
ST13,SKU02600,39,54,14,2025-12-10
ST22,SKU00523,102,71,32,2025-11-26
ST21,SKU02097,18,24,7,2025-11-29
ST27,SKU01589,171,69,16,2025-12-10
ST21,SKU00303,67,27,9,2025-12-12
ST07,SKU02349,85,77,19,2025-12-21
ST19,SKU00566,93,71,28,2025-11-15
ST13,SKU03794,21,43,14,2025-12-09
ST06,SKU03171,13,86,37,2025-11-04
ST25,SKU02704,155,100,40,2025-12-16
ST20,SKU02754,62,22,6,2025-11-09
ST19,SKU03821,23,25,10,2025-12-06
ST14,SKU03062,104,53,14,2025-11-30
ST03,SKU01991,54,51,16,2025-12-16
ST21,SKU04211,16,49,20,2025-11-10
ST24,SKU01167,30,98,47,2025-11-21
ST18,SKU03361,31,45,18,2025-11-19
ST13,SKU01216,0,39,10,2025-11-24
ST04,SKU04797,88,34,10,2025-12-24
ST15,SKU02603,40,66,17,2025-12-31
ST27,SKU03206,20,92,30,2025-12-29
ST22,SKU00253,76,64,29,2025-11-16
ST21,SKU04602,175,61,20,2025-12-31
ST16,SKU01129,52,89,37,2025-11-22
ST05,SKU04947,7,72,23,2025-11-21
ST15,SKU03899,9,27,6,2025-11-04
ST29,SKU03698,14,23,6,2025-11-13
ST30,SKU01922,62,26,10,2025-11-18
ST09,SKU00130,178,76,28,2025-12-29
ST16,SKU04613,63,30,10,2025-11-01
ST11,SKU04126,63,26,7,2025-12-19
ST10,SKU02427,18,46,17,2025-12-27
ST04,SKU01832,232,79,25,2025-11-17
ST26,SKU01085,55,89,41,2025-12-15
ST05,SKU03883,71,72,27,2025-12-03
ST08,SKU03421,134,48,14,2025-12-17
ST15,SKU04751,76,28,12,2025-11-08
ST15,SKU03011,50,20,8,2025-12-13
ST17,SKU01254,85,32,14,2025-12-21
ST28,SKU02183,92,70,23,2025-12-02
ST24,SKU04206,38,64,24,2025-12-22
ST18,SKU04365,53,59,29,2025-12-31
ST25,SKU04462,57,68,30,2025-11-29
ST18,SKU04345,181,93,36,2025-11-26
ST26,SKU01869,81,39,10,2025-12-19
ST10,SKU04924,69,65,20,2025-11-28
ST08,SKU04378,64,40,16,2025-11-16
ST27,SKU02773,40,39,19,2025-11-12
ST30,SKU03965,227,100,46,2025-12-26
ST29,SKU04962,18,82,28,2025-11-11
ST03,SKU02180,44,71,21,2025-11-07
ST13,SKU04533,106,89,24,2025-12-23
ST09,SKU01363,131,50,23,2025-12-19
ST25,SKU01193,115,41,16,2025-12-01
ST08,SKU02523,75,26,10,2025-11-01
ST10,SKU00767,192,67,14,2025-11-26
ST14,SKU01860,28,67,33,2025-11-11
ST19,SKU03065,52,53,13,2025-12-24
ST04,SKU04764,157,72,35,2025-11-14
ST28,SKU04121,2,29,12,2025-11-16
ST05,SKU04999,9,75,35,2025-12-13
ST20,SKU03391,132,66,19,2025-12-20
ST21,SKU04664,81,36,12,2025-11-01
ST01,SKU00825,33,69,18,2025-12-14
ST23,SKU04165,75,49,22,2025-12-30
ST12,SKU04595,131,44,18,2025-12-05
ST28,SKU01693,166,57,13,2025-11-27
ST11,SKU02670,196,67,29,2025-12-12
ST24,SKU00195,99,37,10,2025-12-18
ST10,SKU00751,146,57,14,2025-12-01
ST05,SKU04524,5,74,35,2025-12-17
ST23,SKU01767,109,60,12,2025-12-16
ST23,SKU02696,132,48,20,2025-12-26
ST26,SKU02311,229,95,19,2025-12-05
ST27,SKU03163,5,44,10,2025-12-31
ST16,SKU00122,33,93,21,2025-12-23
ST11,SKU01819,83,66,32,2025-12-13
ST07,SKU01154,55,24,7,2025-12-01
ST21,SKU03814,70,34,11,2025-12-28
ST26,SKU03207,17,57,14,2025-11-04
ST07,SKU02971,102,81,26,2025-12-04
ST07,SKU02423,72,75,25,2025-12-08
ST03,SKU00611,35,86,19,2025-11-17
ST09,SKU02856,60,26,12,2025-12-30
ST09,SKU04775,244,87,38,2025-11-20
ST14,SKU01246,7,69,33,2025-11-28
ST21,SKU02874,24,39,15,2025-12-02
ST01,SKU02353,88,47,14,2025-12-13
ST09,SKU02808,26,37,13,2025-12-20
ST18,SKU03986,60,57,28,2025-12-22
ST19,SKU00575,39,25,10,2025-11-26
ST03,SKU04397,3,41,14,2025-11-23
ST26,SKU03983,63,24,6,2025-12-28
ST18,SKU03983,212,86,32,2025-12-03
ST21,SKU04373,50,58,24,2025-12-09
ST18,SKU04349,106,85,19,2025-11-26
ST02,SKU04885,51,94,46,2025-12-16
ST20,SKU02486,9,27,12,2025-11-22
ST20,SKU04543,112,69,33,2025-11-13
ST12,SKU04972,263,94,28,2025-11-19
ST16,SKU00134,163,73,16,2025-11-15
ST27,SKU03593,62,21,5,2025-12-04
ST14,SKU01454,40,22,10,2025-12-13
ST16,SKU00859,68,26,8,2025-11-06
ST09,SKU04515,80,47,23,2025-11-13
ST06,SKU00643,40,82,22,2025-11-10
ST07,SKU03283,212,86,25,2025-12-04
ST09,SKU00051,123,71,24,2025-11-25
ST30,SKU02154,127,61,19,2025-12-24
ST01,SKU03328,92,78,29,2025-11-15
ST19,SKU04743,121,53,25,2025-11-15
ST05,SKU02132,51,60,27,2025-12-10
ST08,SKU02157,78,47,21,2025-12-12
ST16,SKU00124,15,27,13,2025-12-15
ST18,SKU02042,23,26,12,2025-12-27
ST12,SKU00419,22,28,12,2025-11-19
ST04,SKU01975,51,26,12,2025-12-18
ST11,SKU01281,84,61,19,2025-11-16
ST11,SKU01684,142,51,21,2025-12-30
ST01,SKU03040,163,65,17,2025-11-23
ST17,SKU01659,70,48,11,2025-12-31
ST08,SKU00336,118,41,18,2025-11-28
ST26,SKU02538,128,50,12,2025-11-23
ST16,SKU03549,12,33,12,2025-12-16
ST05,SKU02954,10,88,27,2025-11-30
ST27,SKU02410,192,77,28,2025-11-29
ST12,SKU04506,169,98,42,2025-11-30
ST01,SKU01097,37,47,22,2025-12-14
ST25,SKU03397,54,39,8,2025-12-19
ST01,SKU02450,81,67,32,2025-12-12
ST25,SKU02674,74,49,20,2025-11-06
ST26,SKU04416,87,98,22,2025-12-04
ST18,SKU02800,58,39,10,2025-12-11
ST26,SKU00848,41,33,13,2025-11-05
ST04,SKU02688,40,54,13,2025-11-19
ST19,SKU01357,27,72,31,2025-11-29
ST07,SKU02685,14,54,13,2025-12-13
ST13,SKU04384,158,67,23,2025-12-28
ST13,SKU04648,49,97,33,2025-12-29
ST09,SKU00953,83,62,20,2025-12-05
ST18,SKU02935,65,29,8,2025-11-07
ST05,SKU03054,124,78,24,2025-12-12
ST25,SKU01596,12,41,17,2025-11-17
ST20,SKU02598,31,82,21,2025-11-18
ST23,SKU03655,86,34,16,2025-11-07
ST21,SKU02273,24,28,10,2025-12-01
ST30,SKU00739,144,94,46,2025-11-30
ST25,SKU01422,36,34,8,2025-12-27
ST16,SKU01362,231,81,23,2025-11-29
ST19,SKU00854,26,20,10,2025-11-08
ST24,SKU00516,104,65,26,2025-11-07
ST07,SKU01761,67,99,40,2025-12-04
ST14,SKU01044,38,23,5,2025-12-09
ST26,SKU00533,164,64,22,2025-11-02
ST05,SKU00857,55,94,41,2025-12-18
ST14,SKU00156,51,59,12,2025-11-21
ST03,SKU02971,26,68,20,2025-12-19
ST21,SKU03283,57,79,20,2025-12-10
ST07,SKU03406,240,99,24,2025-11-05
ST09,SKU04255,27,55,19,2025-12-08
ST06,SKU00878,5,76,22,2025-12-16
ST10,SKU02153,231,99,20,2025-12-20
ST10,SKU03739,127,94,31,2025-12-13
ST22,SKU04090,103,67,16,2025-12-26
ST20,SKU00025,27,36,12,2025-11-29
ST25,SKU00597,99,48,20,2025-12-03
ST02,SKU03462,184,96,38,2025-11-22
ST13,SKU00403,101,75,30,2025-12-31
ST23,SKU01841,84,51,25,2025-12-06
ST30,SKU02896,157,66,17,2025-12-30
ST24,SKU04761,76,37,11,2025-11-03
ST07,SKU02874,27,79,27,2025-12-03
ST02,SKU00581,87,53,20,2025-12-30
ST15,SKU04569,210,75,36,2025-11-18
ST11,SKU02486,0,77,33,2025-12-06
ST05,SKU00861,0,72,27,2025-11-30
ST14,SKU00178,138,60,29,2025-12-10
ST30,SKU01652,13,43,17,2025-12-02
ST10,SKU01163,24,22,8,2025-11-01
ST08,SKU04713,85,46,11,2025-12-17
ST19,SKU03290,11,31,15,2025-12-14
ST02,SKU02313,81,90,38,2025-12-07
ST03,SKU00840,196,68,14,2025-11-10
ST24,SKU01799,35,49,20,2025-12-08
ST28,SKU03332,20,54,15,2025-12-26
ST30,SKU00292,21,54,13,2025-11-08
ST09,SKU01775,38,40,11,2025-11-12
ST02,SKU01201,28,74,19,2025-12-23
ST23,SKU04735,32,23,10,2025-12-31
ST14,SKU04069,115,61,29,2025-12-14
ST22,SKU04916,82,28,9,2025-12-20
ST30,SKU02488,93,57,14,2025-11-12
ST02,SKU01256,160,64,31,2025-11-10
ST06,SKU00759,175,99,45,2025-12-03
ST02,SKU01834,156,61,27,2025-12-10
ST08,SKU04226,244,89,27,2025-11-30
ST10,SKU02836,109,54,19,2025-12-28
ST16,SKU02719,69,78,39,2025-11-16
ST12,SKU00308,122,45,13,2025-12-27
ST16,SKU01039,40,49,23,2025-11-11
ST09,SKU03373,85,29,9,2025-11-11
ST06,SKU00378,43,53,19,2025-12-19
ST21,SKU04396,159,78,22,2025-12-27
ST08,SKU01723,118,61,19,2025-11-24
ST14,SKU00106,67,66,32,2025-11-17
ST28,SKU04500,87,68,27,2025-12-05
ST01,SKU01833,41,20,5,2025-12-26
ST16,SKU03629,257,94,22,2025-12-12
ST28,SKU03164,254,95,42,2025-11-25
ST27,SKU03041,168,61,28,2025-11-04
ST09,SKU02737,39,21,10,2025-12-07
ST30,SKU02469,71,30,9,2025-11-30
ST03,SKU00367,99,94,40,2025-11-10
ST02,SKU00667,157,77,17,2025-11-05
ST02,SKU04084,175,80,20,2025-12-09
ST05,SKU04625,59,52,11,2025-12-01
ST30,SKU01146,22,73,25,2025-11-28
ST06,SKU03255,35,28,7,2025-12-10
ST22,SKU04050,61,76,27,2025-11-04
ST07,SKU00491,86,96,22,2025-11-21
ST01,SKU00302,159,66,17,2025-11-24
ST06,SKU03997,166,59,13,2025-12-09
ST11,SKU01751,170,99,22,2025-11-20
ST11,SKU00144,36,20,9,2025-11-05
ST08,SKU00972,85,29,11,2025-11-18
ST15,SKU03963,259,91,23,2025-12-28
ST23,SKU01175,71,73,27,2025-11-19
ST29,SKU01862,66,58,24,2025-12-29
ST18,SKU04515,9,44,11,2025-11-01
ST20,SKU04335,47,29,10,2025-12-02
ST28,SKU04736,271,96,39,2025-12-10
ST04,SKU04549,42,24,9,2025-12-15
ST14,SKU00930,22,47,17,2025-11-18
ST04,SKU00106,1,32,15,2025-12-01
ST28,SKU00035,80,28,13,2025-12-04
ST08,SKU03548,39,30,14,2025-12-04
ST04,SKU03718,130,76,31,2025-11-21
ST13,SKU00977,73,30,12,2025-12-05
ST20,SKU00179,126,96,26,2025-12-22
ST19,SKU02046,50,58,27,2025-12-11
ST27,SKU03729,5,61,20,2025-11-20
ST12,SKU02189,80,59,16,2025-11-10
ST24,SKU00715,65,32,11,2025-11-12
ST12,SKU00107,7,49,18,2025-11-26
ST26,SKU04005,44,37,12,2025-11-19
ST24,SKU02709,177,89,24,2025-11-19
ST09,SKU04516,174,99,23,2025-12-31
ST16,SKU02268,291,98,49,2025-11-14
ST01,SKU04364,136,61,14,2025-11-20
ST25,SKU04458,160,73,25,2025-12-03
ST23,SKU02783,42,32,9,2025-11-29
ST09,SKU03577,37,38,11,2025-12-28
ST14,SKU02359,266,100,21,2025-12-31
ST17,SKU01384,131,84,30,2025-12-31
ST22,SKU02265,41,60,25,2025-12-31
ST28,SKU02811,147,97,25,2025-12-28
ST23,SKU03692,135,59,22,2025-11-10
ST22,SKU04750,66,23,9,2025-11-17
ST03,SKU00226,27,50,16,2025-11-14
ST25,SKU03873,229,80,37,2025-12-26
ST27,SKU00929,171,60,25,2025-12-19
ST06,SKU03937,72,99,49,2025-11-30
ST12,SKU00778,246,93,24,2025-12-28
ST30,SKU02512,35,54,20,2025-11-19
ST15,SKU03208,233,90,22,2025-12-20
ST26,SKU03516,240,94,42,2025-12-24
ST16,SKU03760,157,53,16,2025-11-03
ST25,SKU03317,187,100,41,2025-11-10
ST14,SKU01321,54,59,12,2025-11-10
ST21,SKU00838,23,49,12,2025-12-22
ST24,SKU03540,112,52,14,2025-12-18
ST22,SKU00810,72,32,14,2025-12-17
ST18,SKU02934,125,63,15,2025-12-06
ST23,SKU00377,84,33,15,2025-12-06
ST03,SKU00111,173,65,24,2025-11-08
ST20,SKU00502,194,92,21,2025-11-03
ST13,SKU00784,66,31,14,2025-11-29
ST12,SKU00605,170,70,24,2025-11-26
ST29,SKU02245,157,100,30,2025-12-13
ST04,SKU01258,0,85,32,2025-12-18
ST02,SKU03133,162,87,18,2025-12-12
ST19,SKU04971,199,74,29,2025-12-22
ST28,SKU03665,146,50,24,2025-11-11
ST10,SKU01659,131,53,21,2025-11-17
ST30,SKU01729,96,44,14,2025-11-16
ST27,SKU00870,39,59,12,2025-11-10
ST04,SKU04846,66,39,13,2025-11-15
ST01,SKU01625,53,21,7,2025-11-07
ST20,SKU03969,92,40,15,2025-12-12
ST23,SKU03049,136,55,23,2025-12-01
ST03,SKU02287,95,44,11,2025-12-05
ST25,SKU01867,240,86,37,2025-11-15
ST09,SKU02753,245,83,19,2025-11-17
ST21,SKU04361,97,42,20,2025-12-05
ST17,SKU03016,5,45,18,2025-12-24
ST21,SKU04983,45,68,32,2025-12-25
ST28,SKU02332,4,28,9,2025-12-17
ST21,SKU01407,60,87,35,2025-11-21
ST29,SKU00783,119,76,35,2025-12-09
ST14,SKU02977,90,32,8,2025-11-20
ST25,SKU04866,183,89,39,2025-12-01
ST18,SKU01613,0,23,10,2025-12-19
ST09,SKU02246,117,42,20,2025-11-13
ST02,SKU01262,67,66,19,2025-12-25
ST30,SKU03810,211,82,17,2025-11-21
ST26,SKU04710,86,44,12,2025-11-29
ST21,SKU00853,128,46,19,2025-11-16
ST10,SKU02010,102,55,14,2025-11-15
ST28,SKU04988,133,55,19,2025-11-13
ST06,SKU03686,191,71,23,2025-11-10
ST02,SKU02076,30,51,19,2025-11-03
ST10,SKU01444,15,20,4,2025-11-11
ST07,SKU03681,22,42,17,2025-11-14
ST24,SKU03506,40,72,30,2025-12-06
ST03,SKU00669,53,24,5,2025-11-20
ST16,SKU00599,247,97,45,2025-11-11
ST03,SKU02921,163,83,30,2025-12-16
ST14,SKU00428,68,43,19,2025-11-26
ST03,SKU02467,2,81,32,2025-12-22
ST20,SKU00635,127,44,19,2025-11-08
ST13,SKU00815,102,38,14,2025-12-09
ST04,SKU01921,42,39,16,2025-12-10
ST12,SKU02994,80,74,18,2025-11-18
ST29,SKU01125,151,70,16,2025-11-10
ST14,SKU01616,67,32,15,2025-12-21
ST04,SKU02711,86,42,17,2025-12-27
ST16,SKU00615,54,21,5,2025-12-02
ST09,SKU04925,20,96,33,2025-12-11
ST17,SKU04392,95,55,15,2025-12-01
ST20,SKU03478,210,76,27,2025-12-05
ST21,SKU00604,147,72,20,2025-12-25
ST27,SKU04543,12,61,27,2025-12-16
ST01,SKU00069,29,42,20,2025-12-08
ST04,SKU02402,248,88,38,2025-11-12
ST14,SKU04119,117,83,19,2025-11-27
ST29,SKU01648,198,81,28,2025-12-21
ST26,SKU03638,64,53,21,2025-11-30
ST27,SKU03172,100,43,18,2025-12-10
ST26,SKU01732,144,78,31,2025-11-12
ST15,SKU03068,35,60,17,2025-12-12
ST13,SKU04540,191,89,28,2025-11-24
ST16,SKU03571,50,20,5,2025-12-13
ST20,SKU01686,38,41,13,2025-12-21
ST04,SKU03811,109,53,23,2025-11-18
ST20,SKU03760,86,45,13,2025-11-05
ST22,SKU02433,42,30,11,2025-11-02
ST02,SKU00963,195,79,23,2025-11-07
ST05,SKU04021,207,93,31,2025-12-28
ST21,SKU03453,125,52,20,2025-12-22
ST17,SKU00772,56,64,13,2025-12-16
ST25,SKU03762,158,84,30,2025-11-20
ST07,SKU00980,5,70,29,2025-11-25
ST01,SKU00226,43,52,16,2025-11-24
ST15,SKU01891,183,85,22,2025-12-23
ST20,SKU04646,6,21,10,2025-12-23
ST04,SKU02159,86,42,14,2025-11-13
ST03,SKU01856,110,39,14,2025-12-30
ST03,SKU04592,148,74,20,2025-12-02
ST27,SKU01501,41,21,9,2025-12-07
ST09,SKU00932,75,32,14,2025-12-09
ST02,SKU00654,44,51,13,2025-12-16
ST16,SKU00286,145,72,26,2025-12-21
ST26,SKU04198,266,95,41,2025-12-18
ST06,SKU03159,86,50,15,2025-11-01
ST08,SKU04579,45,56,14,2025-12-22
ST06,SKU01366,181,93,35,2025-11-06
ST13,SKU00565,186,63,26,2025-12-22
ST14,SKU01081,0,53,17,2025-12-20
ST30,SKU00729,59,99,41,2025-11-19
ST26,SKU02475,163,60,24,2025-12-05
ST30,SKU02518,11,26,7,2025-12-23
ST09,SKU01457,27,90,43,2025-11-28
ST28,SKU02108,115,52,20,2025-12-08
ST02,SKU01630,40,89,43,2025-12-05
ST18,SKU02877,5,24,10,2025-11-15
ST13,SKU01386,137,57,26,2025-11-24
ST02,SKU03166,32,28,11,2025-11-01
ST22,SKU02494,176,74,36,2025-11-27
ST14,SKU04502,46,50,15,2025-11-03
ST12,SKU01061,194,84,36,2025-12-14
ST26,SKU00697,135,79,38,2025-11-27
ST13,SKU00895,149,76,24,2025-11-02
ST10,SKU02976,33,25,11,2025-11-12
ST06,SKU03360,91,38,11,2025-12-19
ST09,SKU04809,0,22,10,2025-11-12
ST15,SKU00221,20,71,34,2025-11-29
ST16,SKU02832,167,66,25,2025-12-20
ST26,SKU02289,88,32,15,2025-12-20
ST08,SKU02932,121,63,22,2025-11-30
ST04,SKU04045,111,96,48,2025-12-18
ST24,SKU03162,204,76,29,2025-12-28
ST02,SKU03333,27,48,17,2025-12-09
ST03,SKU00407,58,22,6,2025-12-20
ST10,SKU02195,6,42,14,2025-12-07
ST29,SKU01456,117,62,16,2025-11-03
ST09,SKU03705,194,74,16,2025-12-29
ST29,SKU00117,63,67,26,2025-12-30
ST17,SKU00153,92,57,15,2025-12-08
ST17,SKU01682,226,90,20,2025-11-11
ST29,SKU01956,148,64,28,2025-12-01
ST30,SKU02592,30,38,9,2025-12-02
ST11,SKU04637,76,65,17,2025-12-28
ST24,SKU03172,196,68,18,2025-12-15
ST14,SKU00831,17,26,11,2025-11-10
ST02,SKU02756,45,68,15,2025-11-30
ST23,SKU03656,40,31,15,2025-12-21
ST05,SKU01184,7,25,12,2025-12-21
ST08,SKU04081,25,24,8,2025-12-15
ST13,SKU04731,148,87,25,2025-12-26
ST22,SKU04235,146,51,21,2025-12-14
ST18,SKU00383,181,83,39,2025-11-28
ST21,SKU04315,87,96,24,2025-12-25
ST02,SKU03388,91,85,24,2025-11-09
ST02,SKU00565,108,40,10,2025-12-12
ST30,SKU00914,50,21,5,2025-12-23
ST23,SKU03071,1,62,19,2025-11-14
ST16,SKU02838,66,25,6,2025-11-28
ST07,SKU01812,8,68,32,2025-11-09
ST18,SKU00119,5,22,11,2025-11-10
ST11,SKU02805,77,81,26,2025-12-07
ST16,SKU03401,149,81,32,2025-12-16
ST24,SKU04948,105,90,37,2025-12-02
ST12,SKU04865,5,56,23,2025-12-30
ST01,SKU02756,18,57,23,2025-12-09
ST08,SKU03180,81,47,14,2025-12-15
ST02,SKU03234,84,56,18,2025-11-29
ST29,SKU03393,11,69,15,2025-12-06
ST20,SKU04932,8,64,20,2025-11-08
ST24,SKU01989,69,24,7,2025-12-02
ST16,SKU00086,74,78,30,2025-12-21
ST16,SKU00289,5,78,36,2025-11-01
ST29,SKU01402,282,95,27,2025-11-13
ST06,SKU00950,221,92,35,2025-11-25
ST02,SKU03893,20,37,18,2025-11-05
ST16,SKU01885,5,49,17,2025-11-02
ST12,SKU03356,20,68,22,2025-11-02
ST10,SKU01052,26,71,26,2025-11-05
ST13,SKU00202,79,41,19,2025-12-04
ST18,SKU04698,8,28,6,2025-12-14
ST09,SKU01493,10,53,19,2025-12-07
ST22,SKU00457,9,70,20,2025-11-18
ST05,SKU03694,21,35,16,2025-12-11
ST21,SKU03767,103,65,17,2025-11-20
ST14,SKU00954,136,62,19,2025-11-28
ST04,SKU04900,5,76,19,2025-11-30
ST08,SKU00428,95,38,11,2025-12-30
ST22,SKU01647,166,65,32,2025-12-01
ST25,SKU03356,38,21,5,2025-12-01
ST17,SKU00624,63,82,30,2025-11-07
ST17,SKU02015,37,62,13,2025-12-19
ST24,SKU00508,28,28,9,2025-11-04
ST14,SKU01544,54,20,5,2025-12-11
ST20,SKU02752,204,99,46,2025-12-29
ST02,SKU03826,217,91,23,2025-12-03
ST09,SKU02016,16,44,14,2025-11-01
ST12,SKU03521,210,72,34,2025-11-20
ST24,SKU00003,174,72,24,2025-11-01
ST03,SKU00438,107,43,18,2025-11-08
ST22,SKU01253,12,39,11,2025-12-10
ST24,SKU03537,11,39,17,2025-11-20
ST11,SKU03206,57,67,26,2025-11-01
ST16,SKU03989,32,26,9,2025-12-12
ST03,SKU02790,164,69,23,2025-12-08
ST14,SKU03780,142,90,37,2025-11-04
ST18,SKU02001,158,75,17,2025-11-17
ST12,SKU03125,129,55,16,2025-12-05
ST16,SKU00200,188,69,20,2025-11-16
ST16,SKU01315,42,36,11,2025-11-14
ST05,SKU01955,94,59,27,2025-12-21
ST09,SKU03895,13,63,25,2025-12-12
ST07,SKU04328,86,54,27,2025-11-03
ST20,SKU00940,240,95,27,2025-11-23
ST16,SKU01632,17,75,36,2025-12-22
ST12,SKU03997,14,25,7,2025-12-22
ST09,SKU00712,147,73,20,2025-12-14
ST28,SKU03009,35,91,30,2025-12-31
ST13,SKU00486,131,49,14,2025-11-29
ST06,SKU04657,147,93,37,2025-12-11
ST23,SKU03103,223,77,24,2025-12-14
ST11,SKU00712,17,37,16,2025-11-06
ST14,SKU00372,57,68,22,2025-12-13
ST29,SKU04991,253,100,45,2025-12-14
ST04,SKU04345,92,79,31,2025-11-06
ST30,SKU01108,26,33,7,2025-12-02
ST12,SKU02067,15,73,15,2025-12-08
ST02,SKU02677,99,49,15,2025-11-10
ST12,SKU03734,117,57,13,2025-12-26
ST10,SKU02703,161,80,37,2025-11-22
ST29,SKU03131,69,77,31,2025-11-05
ST03,SKU01235,38,48,14,2025-12-17
ST20,SKU04139,116,81,32,2025-11-04
ST09,SKU03348,56,74,34,2025-11-14
ST22,SKU02502,164,99,30,2025-11-05
ST12,SKU02440,245,93,40,2025-11-14
ST01,SKU02509,6,69,19,2025-12-31
ST17,SKU01502,134,61,22,2025-12-30
ST07,SKU03401,27,71,22,2025-11-22
ST17,SKU00635,27,73,26,2025-12-28
ST06,SKU00724,78,36,8,2025-11-10
ST23,SKU04936,278,100,47,2025-12-02
ST28,SKU01349,64,65,30,2025-11-16
ST07,SKU01397,54,33,12,2025-11-02
ST23,SKU04995,192,77,20,2025-11-25
ST06,SKU00236,167,76,16,2025-12-12
ST28,SKU04923,135,55,21,2025-12-10
ST09,SKU04320,225,100,36,2025-11-23
ST14,SKU03732,188,72,17,2025-11-10
ST15,SKU00009,52,61,17,2025-11-09
ST17,SKU00845,89,30,10,2025-12-19
ST24,SKU03984,133,94,40,2025-11-05
ST13,SKU02488,109,44,9,2025-11-23
ST08,SKU02114,23,25,9,2025-12-15
ST04,SKU03888,128,78,25,2025-11-18
ST09,SKU01576,25,97,47,2025-12-30
ST10,SKU00643,169,95,26,2025-12-08
ST03,SKU00298,110,64,25,2025-11-08
ST25,SKU03940,51,61,14,2025-12-11
ST04,SKU03022,22,52,23,2025-12-15
ST23,SKU00218,77,29,7,2025-12-14
ST26,SKU01783,115,94,43,2025-11-25
ST07,SKU04700,24,51,14,2025-12-24
ST22,SKU00272,46,30,10,2025-11-13
ST19,SKU00805,150,100,25,2025-12-08
ST15,SKU04357,37,23,7,2025-12-28
ST27,SKU00021,89,39,12,2025-12-22
ST13,SKU04806,106,36,12,2025-11-28
ST26,SKU04384,132,84,24,2025-11-04
ST13,SKU01395,132,81,20,2025-12-11
ST14,SKU01329,148,66,22,2025-12-20
ST27,SKU01824,164,59,12,2025-12-24
ST24,SKU04090,281,95,19,2025-11-25
ST26,SKU04540,79,35,14,2025-12-15
ST24,SKU00225,172,64,24,2025-11-26
ST27,SKU02717,46,37,11,2025-11-22
ST09,SKU01960,127,85,29,2025-12-19
ST03,SKU00964,49,41,15,2025-11-14
ST18,SKU00364,197,70,18,2025-11-18
ST15,SKU01512,299,100,45,2025-11-19
ST23,SKU03405,83,30,11,2025-12-21
ST22,SKU00886,3,31,11,2025-11-05
ST17,SKU02779,30,62,21,2025-12-19
ST15,SKU04227,80,28,6,2025-11-21
ST30,SKU00086,126,59,27,2025-11-16
ST16,SKU01346,16,41,13,2025-12-03
ST08,SKU03676,163,88,37,2025-12-24
ST04,SKU03944,133,49,21,2025-11-15
ST27,SKU01086,241,96,26,2025-11-22
ST27,SKU03845,61,78,30,2025-12-14
ST11,SKU03632,72,77,18,2025-11-08
ST18,SKU03337,215,82,22,2025-11-20
ST28,SKU01915,22,54,20,2025-12-08
ST08,SKU03678,57,61,26,2025-11-13
ST09,SKU03912,98,39,10,2025-12-19
ST02,SKU03084,59,25,6,2025-12-02
ST09,SKU04967,60,43,20,2025-11-29
ST28,SKU04720,82,28,11,2025-11-06
ST05,SKU02329,51,36,12,2025-12-20
ST06,SKU04326,100,74,29,2025-11-05
ST20,SKU02439,27,32,15,2025-11-19
ST10,SKU04601,169,93,45,2025-11-06
ST07,SKU02455,5,26,7,2025-12-27
ST10,SKU02397,203,72,22,2025-12-30
ST04,SKU03010,135,67,23,2025-11-06
ST17,SKU00216,49,65,30,2025-12-27
ST25,SKU03696,235,100,27,2025-12-20
ST23,SKU04077,40,26,9,2025-11-26
ST14,SKU03606,128,73,16,2025-12-11
ST21,SKU02313,147,73,22,2025-11-02
ST09,SKU00845,164,96,41,2025-11-08
ST03,SKU01078,185,90,42,2025-11-17
ST12,SKU00203,76,60,16,2025-11-25
ST21,SKU00001,215,100,33,2025-12-22
ST05,SKU04092,113,72,25,2025-11-14
ST23,SKU03308,23,25,5,2025-12-17
ST07,SKU03916,52,35,14,2025-12-27
ST04,SKU00631,220,77,21,2025-12-31
ST06,SKU02992,37,20,7,2025-12-17
ST06,SKU01663,23,75,31,2025-12-07
ST10,SKU03712,25,27,10,2025-11-17
ST03,SKU03084,262,99,25,2025-12-07
ST03,SKU04366,112,49,10,2025-12-11
ST06,SKU00959,51,42,13,2025-11-07
ST21,SKU03929,164,98,26,2025-11-19
ST05,SKU04133,58,48,13,2025-12-01
ST16,SKU02240,72,52,24,2025-11-26
ST05,SKU02061,62,26,10,2025-11-26
ST28,SKU02053,28,25,8,2025-11-11
ST01,SKU02990,63,62,24,2025-11-16
ST22,SKU04172,93,36,11,2025-12-21
ST30,SKU03129,221,86,28,2025-12-24
ST25,SKU02352,182,61,15,2025-11-18
ST29,SKU01585,26,48,19,2025-12-07
ST03,SKU04616,35,69,21,2025-12-24
ST19,SKU01419,94,58,14,2025-11-10
ST14,SKU03066,209,93,24,2025-12-31
ST18,SKU02120,21,91,33,2025-12-04
ST12,SKU01539,28,85,30,2025-12-12
ST21,SKU04474,202,95,22,2025-11-04
ST30,SKU00403,114,52,18,2025-11-12
ST09,SKU03635,59,99,32,2025-12-19
ST12,SKU00432,150,76,35,2025-12-03
ST11,SKU03579,17,23,10,2025-11-23
ST21,SKU02840,71,54,16,2025-12-27
ST12,SKU03615,23,86,18,2025-11-23
ST30,SKU02312,111,68,26,2025-12-19
ST22,SKU03302,102,91,39,2025-12-31
ST29,SKU04527,56,78,36,2025-12-09
ST11,SKU00280,99,55,23,2025-12-06
ST19,SKU00294,63,30,15,2025-11-28
ST20,SKU02311,122,69,30,2025-11-25
ST25,SKU03998,38,45,15,2025-12-29
ST14,SKU00951,126,83,27,2025-11-08
ST15,SKU02382,10,48,15,2025-11-22
ST23,SKU04998,115,60,26,2025-12-13
ST05,SKU01713,6,46,16,2025-12-04
ST21,SKU00902,120,98,28,2025-12-20
ST25,SKU04676,101,88,39,2025-12-08
ST25,SKU00769,63,47,13,2025-11-05
ST15,SKU01881,277,99,28,2025-11-23
ST24,SKU02230,23,88,23,2025-12-16
ST23,SKU00195,20,44,21,2025-12-29
ST17,SKU02493,119,54,21,2025-12-14
ST04,SKU01734,36,22,5,2025-12-18
ST10,SKU00065,215,76,33,2025-11-27
ST21,SKU00571,149,81,30,2025-12-29
ST28,SKU01169,73,25,7,2025-12-17
ST28,SKU00255,77,54,17,2025-12-24
ST02,SKU02585,15,23,11,2025-12-10
ST02,SKU02747,135,61,21,2025-11-18
ST27,SKU02577,26,37,16,2025-11-12
ST18,SKU00615,84,56,22,2025-12-27
ST28,SKU02023,84,33,12,2025-11-04
ST26,SKU02085,78,29,10,2025-11-27
ST12,SKU04242,107,53,21,2025-11-02
ST26,SKU04706,240,81,38,2025-12-31
ST26,SKU01044,51,29,7,2025-12-29
ST05,SKU04929,221,92,24,2025-12-02
ST22,SKU02726,259,96,26,2025-12-08
ST25,SKU04970,27,61,23,2025-12-14
ST15,SKU03710,4,35,16,2025-12-07
ST25,SKU01900,133,60,24,2025-12-08
ST12,SKU00729,270,97,31,2025-11-23
ST21,SKU04700,23,35,7,2025-11-23
ST12,SKU04081,2,32,11,2025-11-23
ST21,SKU03461,68,91,32,2025-12-01
ST07,SKU03894,58,35,12,2025-12-27
ST02,SKU00357,104,76,30,2025-11-10
ST13,SKU04211,58,70,16,2025-11-06
ST13,SKU02967,151,78,32,2025-11-10
ST24,SKU04711,28,27,8,2025-12-22
ST21,SKU00834,164,55,21,2025-12-19
ST29,SKU04994,78,92,41,2025-11-25
ST15,SKU04187,178,96,25,2025-11-28
ST17,SKU01858,0,29,9,2025-12-08
ST26,SKU02493,261,88,34,2025-12-24
ST29,SKU01895,127,55,22,2025-12-21
ST06,SKU03687,105,37,17,2025-12-12
ST14,SKU01025,115,92,33,2025-12-08
ST11,SKU02619,100,75,31,2025-11-17
ST08,SKU00110,2,33,7,2025-12-24
ST29,SKU01779,216,73,18,2025-11-25
ST27,SKU03146,223,83,41,2025-11-22
ST27,SKU03994,123,83,29,2025-12-25
ST25,SKU04820,2,81,17,2025-11-07
ST28,SKU00239,89,32,7,2025-12-22
ST26,SKU01494,106,53,23,2025-12-16
ST29,SKU00439,171,63,19,2025-11-25
ST01,SKU02410,62,81,23,2025-11-26
ST28,SKU00512,166,59,27,2025-12-22
ST06,SKU04508,3,55,24,2025-12-12
ST30,SKU00180,81,31,10,2025-12-19
ST27,SKU00792,50,57,12,2025-12-24
ST09,SKU03656,77,82,40,2025-11-27
ST04,SKU02792,29,20,9,2025-11-06
ST16,SKU01816,54,22,10,2025-12-19
ST23,SKU01375,37,79,33,2025-11-13
ST26,SKU02751,13,26,10,2025-11-09
ST30,SKU02736,110,67,30,2025-12-14
ST14,SKU00095,98,77,25,2025-11-19
ST20,SKU02635,100,83,33,2025-11-26
ST01,SKU01732,30,94,27,2025-12-10
ST05,SKU04219,56,67,33,2025-12-18
ST03,SKU02237,28,26,6,2025-12-08
ST01,SKU04931,30,24,10,2025-12-19
ST13,SKU00140,112,63,18,2025-12-07
ST08,SKU04154,15,28,12,2025-12-11
ST13,SKU00485,174,69,21,2025-11-29
ST20,SKU00092,10,31,9,2025-11-17
ST01,SKU04570,55,56,25,2025-11-02
ST18,SKU03026,126,99,30,2025-11-15
ST10,SKU03871,24,58,18,2025-12-12
ST03,SKU04908,44,22,6,2025-12-14
ST22,SKU04607,22,56,16,2025-11-16
ST21,SKU03766,162,76,27,2025-11-13
ST25,SKU03646,85,87,34,2025-12-28
ST28,SKU03065,24,89,39,2025-11-17
ST26,SKU00216,263,93,25,2025-12-19
ST23,SKU01724,91,34,10,2025-11-17
ST19,SKU03307,6,25,10,2025-12-01
ST06,SKU01268,146,89,37,2025-12-31
ST19,SKU00338,1,28,12,2025-12-22
ST22,SKU00712,192,76,23,2025-12-05
ST10,SKU03856,0,57,26,2025-12-15
ST21,SKU04235,119,40,16,2025-11-25
ST03,SKU00453,16,72,17,2025-12-30
ST04,SKU02033,46,87,36,2025-11-22
ST13,SKU01453,206,72,30,2025-11-24
ST23,SKU03212,146,72,30,2025-11-02
ST02,SKU01721,82,87,28,2025-11-21
ST13,SKU00219,67,24,9,2025-12-25
ST10,SKU01196,71,92,34,2025-12-15
ST10,SKU02970,6,81,17,2025-12-15
ST05,SKU03440,86,58,21,2025-12-09
ST04,SKU00361,37,24,8,2025-12-23
ST25,SKU00927,221,86,39,2025-12-26
ST12,SKU03936,1,20,8,2025-12-13
ST09,SKU01109,114,58,15,2025-11-22
ST11,SKU00693,76,38,9,2025-11-03
ST14,SKU00864,91,99,48,2025-12-08
ST18,SKU01698,63,59,16,2025-11-11
ST25,SKU00849,23,52,19,2025-12-17
ST17,SKU02726,169,94,34,2025-11-16
ST18,SKU02981,1,44,21,2025-12-19
ST03,SKU03774,39,54,15,2025-11-21
ST06,SKU04263,106,81,29,2025-11-19
ST08,SKU03420,67,50,14,2025-11-28
ST21,SKU01211,1,29,12,2025-11-09
ST08,SKU03022,290,98,28,2025-11-18
ST06,SKU01273,186,91,39,2025-11-09
ST16,SKU03334,70,30,7,2025-12-23
ST15,SKU04207,33,85,25,2025-11-05
ST28,SKU00879,75,80,27,2025-11-12
ST30,SKU01977,193,82,29,2025-12-08
ST01,SKU01106,71,87,27,2025-12-21
ST26,SKU03676,129,49,18,2025-12-19
ST25,SKU03667,95,70,19,2025-12-05
ST30,SKU00244,21,66,19,2025-11-12
ST10,SKU01451,64,31,9,2025-11-26
ST05,SKU01401,282,98,35,2025-11-09
ST16,SKU02792,110,67,17,2025-11-22
ST18,SKU01940,81,30,11,2025-11-11
ST19,SKU03832,28,49,17,2025-11-15
ST19,SKU00067,40,44,15,2025-11-10
ST11,SKU04858,217,86,28,2025-11-19
ST07,SKU04560,269,91,24,2025-12-10
ST08,SKU03111,50,36,14,2025-11-13
ST13,SKU00710,183,74,32,2025-11-16
ST08,SKU00980,57,81,33,2025-12-16
ST30,SKU02720,49,29,8,2025-11-14
ST15,SKU04580,21,78,31,2025-12-15
ST11,SKU01917,137,69,14,2025-12-31
ST21,SKU01793,34,100,24,2025-11-30
ST29,SKU02703,59,40,11,2025-12-21
ST22,SKU00517,26,23,9,2025-11-20
ST17,SKU01485,208,92,36,2025-12-18
ST16,SKU00924,23,90,23,2025-12-05
ST26,SKU04991,10,76,33,2025-12-22
ST12,SKU00811,69,61,26,2025-12-29
ST02,SKU04960,106,61,21,2025-12-23
ST07,SKU01740,60,49,21,2025-11-28
ST14,SKU01363,112,56,24,2025-11-04
ST11,SKU02823,8,27,11,2025-12-24
ST17,SKU03432,17,71,33,2025-12-17
ST03,SKU03710,42,44,10,2025-11-11
ST29,SKU01518,66,96,24,2025-11-19
ST17,SKU03388,11,57,19,2025-11-15
ST29,SKU03384,55,37,11,2025-12-13
ST15,SKU00667,49,31,14,2025-12-16
ST10,SKU03725,121,57,21,2025-12-07
ST30,SKU03739,139,63,25,2025-11-29
ST20,SKU03234,58,55,26,2025-11-02
ST30,SKU02132,31,48,20,2025-11-20
ST14,SKU03958,288,98,49,2025-12-23
ST22,SKU00581,111,88,38,2025-12-25
ST24,SKU02510,99,39,16,2025-11-05
ST30,SKU02078,228,98,29,2025-12-03
ST13,SKU04940,69,43,18,2025-11-09
ST19,SKU01663,47,20,7,2025-11-24
ST16,SKU04424,38,99,48,2025-12-09
ST30,SKU03877,13,44,20,2025-11-09
ST12,SKU01459,134,67,15,2025-11-23
ST08,SKU03991,145,55,27,2025-11-29
ST08,SKU04732,199,89,29,2025-12-29
ST09,SKU01136,180,87,26,2025-11-06
ST08,SKU01977,57,95,29,2025-12-27
ST30,SKU04233,116,94,25,2025-11-28
ST19,SKU00444,8,30,10,2025-11-26
ST12,SKU00197,52,22,10,2025-12-30
ST22,SKU03324,77,93,30,2025-12-20
ST06,SKU03346,231,96,48,2025-12-29
ST28,SKU00380,123,85,36,2025-12-26
ST11,SKU04060,80,45,17,2025-11-30
ST30,SKU02300,27,21,6,2025-12-13
ST17,SKU02236,44,26,7,2025-12-14
ST02,SKU03144,193,68,23,2025-11-03
ST01,SKU00382,1,22,8,2025-12-25
ST07,SKU04509,80,64,18,2025-12-24
ST13,SKU01883,112,52,21,2025-12-23
ST29,SKU03522,44,38,14,2025-12-12
ST05,SKU01020,29,70,22,2025-12-08
ST01,SKU04867,99,57,15,2025-11-30
ST30,SKU03544,241,82,28,2025-11-25
ST07,SKU00444,116,39,19,2025-11-10
ST09,SKU01945,27,90,34,2025-12-23
ST03,SKU04757,129,88,30,2025-11-25
ST01,SKU03550,93,49,21,2025-11-27
ST27,SKU02085,61,23,11,2025-11-20
ST28,SKU04609,24,22,8,2025-11-15
ST12,SKU02138,132,82,37,2025-11-14
ST06,SKU03439,93,60,14,2025-11-11
ST14,SKU01729,100,38,13,2025-11-28
ST17,SKU01699,147,87,41,2025-12-26
ST14,SKU04015,135,82,37,2025-11-19
ST11,SKU04123,2,27,12,2025-12-01
ST18,SKU04702,259,91,19,2025-12-07
ST30,SKU03684,188,74,22,2025-12-31
ST04,SKU03435,43,92,19,2025-12-16
ST25,SKU00559,7,20,9,2025-12-05
ST17,SKU02964,21,52,18,2025-11-19
ST22,SKU00584,53,51,11,2025-11-12
ST23,SKU00091,68,28,7,2025-11-22
ST26,SKU03168,80,38,18,2025-12-22
ST04,SKU00717,131,86,27,2025-11-26
ST07,SKU01492,212,84,23,2025-11-30
ST07,SKU03100,41,44,12,2025-11-07
ST25,SKU02311,162,86,28,2025-12-25
ST08,SKU00058,149,93,29,2025-12-21
ST04,SKU02522,77,28,6,2025-12-28
ST26,SKU01232,20,35,10,2025-12-21
ST11,SKU03338,19,47,20,2025-12-01
ST09,SKU01644,119,44,20,2025-11-14
ST23,SKU03652,11,84,28,2025-12-22
ST09,SKU01899,82,67,17,2025-12-02
ST04,SKU00397,193,67,23,2025-11-06
ST30,SKU04095,184,62,17,2025-12-19
ST21,SKU00678,256,96,28,2025-12-30
ST18,SKU00308,2,70,14,2025-12-15
ST02,SKU00218,140,86,42,2025-11-16
ST30,SKU04438,124,78,17,2025-12-02
ST15,SKU03539,151,65,15,2025-11-22
ST16,SKU01666,152,59,20,2025-11-28
ST19,SKU04535,73,27,9,2025-11-24
ST17,SKU00618,186,94,20,2025-11-05
ST07,SKU02824,20,42,18,2025-11-28
ST28,SKU04197,102,73,36,2025-11-20
ST16,SKU00390,73,36,8,2025-12-27
ST14,SKU02694,5,24,11,2025-12-04
ST08,SKU02599,20,33,13,2025-12-16
ST09,SKU00233,32,96,35,2025-11-16
ST08,SKU02820,35,45,21,2025-11-07
ST20,SKU00608,27,27,10,2025-12-29
ST30,SKU00040,101,84,35,2025-11-04
ST09,SKU02163,282,96,38,2025-11-05
ST24,SKU00273,107,44,17,2025-11-16
ST18,SKU02093,55,23,10,2025-12-22
ST09,SKU04985,90,67,30,2025-12-25
ST11,SKU01817,137,56,13,2025-11-16
ST16,SKU03052,178,72,22,2025-11-03
ST10,SKU01515,46,60,23,2025-12-09
ST23,SKU03952,61,86,31,2025-12-07
ST29,SKU02125,109,48,17,2025-11-27
ST02,SKU04571,158,75,15,2025-12-21
ST22,SKU03186,30,38,15,2025-12-27
ST03,SKU01255,88,64,17,2025-12-01
ST12,SKU04906,33,48,11,2025-11-29
ST25,SKU00467,63,28,12,2025-12-09
ST21,SKU04230,32,50,13,2025-12-22
ST04,SKU00047,116,40,18,2025-11-17
ST06,SKU01154,108,38,17,2025-12-30
ST15,SKU02755,36,23,10,2025-12-26
ST25,SKU00423,56,54,12,2025-11-24
ST09,SKU03234,169,93,22,2025-11-06
ST20,SKU03122,95,70,19,2025-11-22
ST17,SKU02617,141,57,19,2025-12-07
ST24,SKU03972,114,43,17,2025-11-16
ST06,SKU02597,50,21,8,2025-11-03
ST25,SKU02683,61,93,21,2025-11-11
ST25,SKU04001,161,94,19,2025-11-04
ST13,SKU03936,251,88,42,2025-12-14
ST24,SKU02942,34,40,14,2025-12-16
ST28,SKU02838,279,94,39,2025-12-05
ST02,SKU02738,286,99,26,2025-12-04
ST01,SKU02878,90,36,17,2025-12-02
ST28,SKU00878,42,80,38,2025-12-05
ST19,SKU02312,75,93,35,2025-12-30
ST14,SKU01251,51,85,40,2025-12-19
ST08,SKU04455,116,47,11,2025-12-29
ST24,SKU03688,80,51,23,2025-11-06
ST06,SKU02869,29,48,13,2025-11-26
ST18,SKU00499,39,24,10,2025-12-11
ST16,SKU02777,75,52,22,2025-12-10
ST04,SKU04557,49,49,19,2025-12-21
ST21,SKU02427,76,66,13,2025-12-01
ST23,SKU00591,209,80,18,2025-12-15
ST11,SKU04457,68,26,7,2025-11-10
ST06,SKU03761,150,85,33,2025-12-20
ST13,SKU01140,189,96,23,2025-11-16
ST21,SKU04306,158,53,12,2025-11-10
ST30,SKU01059,54,25,6,2025-11-29
ST05,SKU03606,71,26,11,2025-12-27
ST07,SKU04934,58,27,12,2025-12-25
ST16,SKU00092,127,84,25,2025-12-01
ST16,SKU02566,72,65,29,2025-12-29
ST13,SKU03693,173,89,34,2025-11-07
ST09,SKU01891,101,41,10,2025-11-23
ST17,SKU04645,214,82,31,2025-11-10
ST09,SKU00377,45,54,12,2025-11-01
ST30,SKU04676,32,28,13,2025-12-29
ST23,SKU04220,69,59,20,2025-11-14
ST02,SKU04628,118,49,22,2025-12-30
ST27,SKU00451,134,53,24,2025-12-14
ST23,SKU02234,206,83,24,2025-12-04
ST27,SKU04935,12,21,10,2025-12-27
ST22,SKU03056,27,55,15,2025-11-11
ST30,SKU03816,40,24,9,2025-11-17
ST25,SKU04249,65,86,38,2025-12-01
ST23,SKU03533,13,53,17,2025-11-16
ST12,SKU01518,257,93,34,2025-11-24
ST24,SKU01093,19,71,15,2025-11-25
ST04,SKU01170,97,77,36,2025-12-22
ST07,SKU03534,193,77,22,2025-11-21
ST15,SKU00595,170,59,25,2025-12-12
ST03,SKU02169,34,59,15,2025-12-16
ST21,SKU02492,78,92,21,2025-11-24
ST18,SKU01788,89,54,22,2025-11-06
ST20,SKU01099,39,81,35,2025-12-31
ST11,SKU04259,164,61,20,2025-12-02
ST14,SKU01782,169,99,25,2025-11-18
ST22,SKU00146,80,98,28,2025-12-15
ST03,SKU03098,3,67,14,2025-12-20
ST17,SKU03619,123,58,21,2025-11-08
ST17,SKU03856,118,84,40,2025-12-21
ST11,SKU03777,102,89,20,2025-11-16
ST24,SKU01962,80,38,19,2025-12-22
ST12,SKU04490,93,98,48,2025-11-02
ST29,SKU02454,47,93,27,2025-12-29
ST06,SKU01215,123,44,9,2025-12-29
ST16,SKU02678,28,21,10,2025-11-06
ST12,SKU00923,9,49,13,2025-12-26
ST07,SKU03937,155,94,43,2025-12-18
ST01,SKU03964,121,80,38,2025-12-19
ST18,SKU04391,67,23,5,2025-11-16
ST04,SKU04044,117,77,36,2025-12-15
ST21,SKU02014,102,46,23,2025-11-10
ST29,SKU02397,71,38,14,2025-12-03
ST09,SKU04109,28,29,8,2025-11-16
ST13,SKU02025,61,70,23,2025-12-17
ST11,SKU01117,92,75,37,2025-12-06
ST27,SKU03732,165,59,23,2025-12-04
ST18,SKU04104,11,35,16,2025-12-09
ST08,SKU04285,237,93,38,2025-11-20
ST22,SKU00822,224,92,28,2025-11-01
ST02,SKU03248,208,100,39,2025-11-15
ST14,SKU02080,104,50,11,2025-12-04
ST20,SKU03373,19,31,13,2025-11-16
ST20,SKU01220,212,74,22,2025-11-18
ST11,SKU02650,45,35,11,2025-11-22
ST22,SKU00808,24,24,11,2025-12-07
ST23,SKU03190,111,49,15,2025-11-08
ST07,SKU01716,199,84,23,2025-11-05
ST29,SKU03885,62,89,20,2025-12-23
ST27,SKU03178,169,62,15,2025-12-12
ST17,SKU03097,102,100,46,2025-12-28
ST06,SKU01914,132,95,34,2025-12-29
ST30,SKU04828,40,73,35,2025-11-01
ST15,SKU00717,104,80,39,2025-11-05
ST18,SKU02403,197,90,25,2025-12-10
ST22,SKU04585,14,91,42,2025-11-02
ST25,SKU03498,33,51,17,2025-11-15
ST11,SKU03762,195,90,36,2025-12-06
ST15,SKU02119,43,42,16,2025-12-10
ST11,SKU02040,25,44,13,2025-11-14
ST05,SKU01177,5,31,8,2025-12-18
ST15,SKU03498,71,45,15,2025-11-09
ST28,SKU02974,8,32,8,2025-12-17
ST04,SKU02226,17,25,6,2025-11-02
ST08,SKU01846,75,51,16,2025-11-25
ST16,SKU00629,6,93,20,2025-11-13
ST26,SKU03733,30,28,7,2025-12-28
ST24,SKU02127,2,59,14,2025-12-30
ST14,SKU03816,44,35,14,2025-11-13
ST07,SKU01455,30,86,19,2025-12-10
ST22,SKU01088,173,93,24,2025-11-30
ST04,SKU02642,90,53,26,2025-12-17
ST29,SKU00971,96,79,24,2025-12-09
ST29,SKU00946,113,66,31,2025-12-27
ST18,SKU04403,35,37,10,2025-11-26
ST11,SKU00347,30,71,24,2025-12-22
ST29,SKU01261,51,27,11,2025-11-01
ST19,SKU01628,87,54,18,2025-12-30
ST06,SKU03184,119,49,12,2025-12-21
ST09,SKU02202,16,38,8,2025-12-06
ST15,SKU03667,4,29,10,2025-12-25
ST20,SKU01389,106,57,15,2025-12-03
ST02,SKU02473,20,22,11,2025-12-12
ST08,SKU04192,147,80,21,2025-11-08
ST24,SKU00892,0,86,22,2025-11-24
ST07,SKU02753,146,77,19,2025-12-06
ST04,SKU00804,39,96,38,2025-11-18
ST27,SKU00530,119,85,28,2025-11-22
ST22,SKU02067,39,60,14,2025-11-02
ST29,SKU04090,92,70,15,2025-11-06
ST16,SKU01838,194,89,39,2025-12-02
ST29,SKU03452,67,37,12,2025-12-23
ST26,SKU01267,48,53,18,2025-11-02
ST17,SKU04640,60,29,8,2025-12-27
ST20,SKU01611,195,97,25,2025-11-06
ST18,SKU04338,149,62,14,2025-11-29
ST02,SKU02227,107,83,17,2025-12-01
ST19,SKU02337,81,43,17,2025-12-02
ST23,SKU04057,256,87,22,2025-11-28
ST16,SKU02662,36,42,18,2025-11-21
ST20,SKU03438,32,36,7,2025-12-10
ST26,SKU03920,56,26,7,2025-12-13
ST25,SKU01490,211,74,30,2025-12-18
ST02,SKU04944,21,20,8,2025-12-24
ST29,SKU04850,263,100,27,2025-12-03
ST09,SKU04754,39,47,11,2025-12-13
ST08,SKU00923,98,93,45,2025-12-08
ST16,SKU03968,270,92,33,2025-11-16
ST25,SKU00209,89,96,23,2025-12-07
ST28,SKU01923,196,93,30,2025-11-15
ST26,SKU04742,138,99,45,2025-12-28
ST30,SKU03205,26,39,12,2025-11-06
ST16,SKU00866,3,52,13,2025-12-08
ST14,SKU04084,55,28,9,2025-11-23
ST11,SKU03365,100,35,16,2025-12-09
ST24,SKU04427,6,88,37,2025-12-29
ST09,SKU00220,89,40,14,2025-12-03
ST05,SKU02807,36,63,31,2025-11-06
ST22,SKU04566,164,64,19,2025-12-20
ST12,SKU02470,101,72,27,2025-12-07
ST28,SKU01144,82,81,28,2025-12-27
ST03,SKU04791,35,89,34,2025-11-15
ST20,SKU03533,49,49,11,2025-11-21
ST09,SKU04495,192,73,33,2025-12-22
ST05,SKU03563,44,37,8,2025-11-18
ST09,SKU03880,42,86,29,2025-12-22
ST13,SKU01888,59,21,5,2025-12-20
ST24,SKU04501,16,27,7,2025-12-29
ST19,SKU00702,91,46,19,2025-12-30
ST22,SKU00111,32,27,12,2025-12-15
ST19,SKU04574,19,38,12,2025-11-15
ST17,SKU02908,38,47,23,2025-11-09
ST21,SKU01865,166,96,43,2025-11-10
ST08,SKU00945,134,52,19,2025-12-21
ST11,SKU00563,175,93,43,2025-12-14
ST19,SKU04455,88,78,31,2025-11-05
ST15,SKU01136,102,43,18,2025-11-12
ST11,SKU04372,8,62,30,2025-12-13
ST19,SKU03325,56,48,23,2025-12-10
ST17,SKU01671,162,69,33,2025-12-07
ST01,SKU00287,118,41,19,2025-12-17
ST20,SKU02356,276,96,45,2025-11-19
ST18,SKU02736,44,47,17,2025-11-19
ST24,SKU04085,189,100,41,2025-12-06
ST17,SKU02676,89,51,16,2025-12-21
ST09,SKU01564,9,27,8,2025-12-30
ST09,SKU01276,21,38,8,2025-11-04
ST28,SKU01723,136,46,19,2025-11-20
ST30,SKU03163,28,24,10,2025-12-10
ST17,SKU04899,52,36,15,2025-11-29
ST10,SKU04473,221,83,19,2025-12-14
ST30,SKU02638,177,83,36,2025-12-05
ST28,SKU00828,92,36,17,2025-12-10
ST05,SKU02117,81,100,46,2025-11-15
ST24,SKU01242,67,88,25,2025-11-01
ST25,SKU03138,203,83,23,2025-11-30
ST19,SKU04503,263,95,46,2025-12-03
ST10,SKU03951,91,45,11,2025-12-21
ST15,SKU03495,61,65,26,2025-12-09
ST22,SKU04783,109,92,32,2025-12-11
ST29,SKU02025,94,64,18,2025-12-07
ST26,SKU02965,73,38,16,2025-12-14
ST27,SKU02597,31,36,11,2025-12-03
ST15,SKU03895,27,30,14,2025-12-22
ST20,SKU01677,160,55,26,2025-12-12
ST23,SKU04270,210,93,43,2025-12-13
ST24,SKU01659,74,56,15,2025-12-28
ST17,SKU00202,41,33,16,2025-11-17
ST03,SKU03097,11,85,25,2025-12-18
ST07,SKU00421,240,81,29,2025-12-31
ST06,SKU04738,69,48,22,2025-11-05
ST04,SKU00558,69,48,17,2025-11-27
ST24,SKU01642,26,46,13,2025-11-18
ST25,SKU04404,109,59,17,2025-12-29
ST11,SKU02508,295,99,35,2025-11-07
ST01,SKU01712,148,75,30,2025-12-21
ST28,SKU02445,184,64,25,2025-11-14
ST26,SKU01550,179,74,15,2025-12-14
ST04,SKU04792,231,79,33,2025-11-15
ST21,SKU00142,28,80,25,2025-11-12
ST02,SKU04686,93,72,36,2025-12-11
ST17,SKU04285,115,46,12,2025-11-11
ST10,SKU00200,46,70,31,2025-12-31
ST11,SKU01218,90,50,16,2025-12-09
ST17,SKU01718,35,63,21,2025-11-18
ST24,SKU01059,108,74,31,2025-11-05
ST28,SKU01793,56,37,16,2025-12-01
ST11,SKU03944,76,98,35,2025-11-09
ST02,SKU03547,80,41,11,2025-12-14
ST09,SKU03787,10,73,33,2025-12-23
ST11,SKU02911,189,91,37,2025-11-17
ST06,SKU03060,122,78,37,2025-12-11
ST16,SKU02318,29,70,26,2025-11-02
ST14,SKU01895,48,77,23,2025-11-03
ST15,SKU03713,28,79,36,2025-11-13
ST10,SKU00319,181,70,14,2025-12-11
ST28,SKU03432,238,96,34,2025-11-02
ST02,SKU02241,63,32,13,2025-12-29
ST19,SKU03113,75,38,19,2025-12-16
ST18,SKU02196,163,62,23,2025-11-30
ST27,SKU04628,166,100,36,2025-11-15
ST11,SKU03255,1,25,10,2025-11-19
ST16,SKU01403,109,43,16,2025-12-13
ST15,SKU04511,26,57,18,2025-12-06
ST20,SKU01454,17,39,13,2025-11-02
ST04,SKU00259,158,61,13,2025-11-21
ST21,SKU04963,91,32,10,2025-12-24
ST19,SKU03054,27,98,25,2025-12-11
ST10,SKU00046,53,78,31,2025-11-01
ST08,SKU03241,103,45,16,2025-12-21
ST14,SKU02508,122,66,16,2025-11-30
ST09,SKU04874,64,35,10,2025-11-08
ST19,SKU00374,53,97,22,2025-12-16
ST28,SKU03091,12,79,25,2025-12-03
ST08,SKU02660,21,37,17,2025-11-20
ST22,SKU01503,61,96,45,2025-11-28
ST16,SKU01140,121,47,20,2025-12-26
ST13,SKU02982,85,71,32,2025-11-05
ST17,SKU04669,27,35,17,2025-11-27
ST16,SKU01895,284,96,39,2025-11-16
ST05,SKU02778,86,48,10,2025-12-19
ST12,SKU04710,177,100,27,2025-12-11
ST05,SKU04132,150,51,16,2025-12-28
ST27,SKU02775,22,100,29,2025-11-15
ST18,SKU03659,14,21,6,2025-12-20
ST23,SKU03356,23,23,9,2025-11-22
ST23,SKU03720,51,43,9,2025-11-04
ST10,SKU01246,17,98,28,2025-11-08
ST29,SKU02971,223,88,27,2025-11-10
ST07,SKU00182,62,26,10,2025-12-22
ST16,SKU00047,62,29,7,2025-12-20
ST27,SKU01246,75,29,8,2025-11-15
ST13,SKU04564,77,80,39,2025-12-31
ST19,SKU02362,14,85,23,2025-12-27
ST10,SKU04211,46,31,13,2025-11-12
ST19,SKU00944,15,79,35,2025-12-30
ST11,SKU04251,33,75,32,2025-11-27
ST17,SKU01238,85,35,9,2025-11-11
ST29,SKU04750,12,33,8,2025-12-24
ST06,SKU02252,44,55,26,2025-11-14
ST05,SKU04961,128,77,20,2025-12-05
ST27,SKU03032,188,72,14,2025-11-30
ST04,SKU02572,102,38,8,2025-12-18
ST03,SKU04604,156,53,25,2025-11-14
ST24,SKU02034,3,21,10,2025-11-17
ST06,SKU04202,157,60,14,2025-12-08
ST19,SKU01876,61,53,26,2025-12-02
ST14,SKU02270,13,50,13,2025-11-18
ST01,SKU04740,13,30,11,2025-11-14
ST03,SKU00697,108,46,19,2025-11-26
ST01,SKU02048,42,26,9,2025-12-27
ST12,SKU03420,44,29,10,2025-12-17
ST05,SKU01320,72,73,34,2025-11-07
ST02,SKU04668,186,72,26,2025-12-13
ST14,SKU04570,16,66,19,2025-12-25
ST10,SKU01896,58,96,45,2025-12-03
ST03,SKU00559,94,79,37,2025-11-26
ST03,SKU04049,212,96,24,2025-12-26
ST11,SKU01644,58,26,6,2025-11-22
ST30,SKU00615,27,44,21,2025-11-25
ST10,SKU04267,2,39,11,2025-12-26
ST16,SKU04796,75,81,35,2025-11-12
ST01,SKU00469,58,68,32,2025-11-01
ST20,SKU00333,201,98,39,2025-12-05
ST23,SKU02714,75,86,17,2025-12-18
ST13,SKU00347,103,80,17,2025-11-22
ST22,SKU04758,123,52,16,2025-12-19
ST05,SKU04410,133,88,25,2025-12-22
ST01,SKU02815,84,58,13,2025-11-14
ST14,SKU04821,9,67,15,2025-12-11
ST18,SKU04526,85,47,18,2025-11-13
ST11,SKU02418,38,56,21,2025-12-10
ST24,SKU04457,66,79,32,2025-11-20
ST09,SKU03882,6,21,10,2025-11-23
ST04,SKU00754,51,26,5,2025-11-22
ST08,SKU00873,125,81,27,2025-12-06
ST30,SKU03215,196,91,34,2025-11-18
ST25,SKU00610,130,72,21,2025-11-08
ST28,SKU01704,252,94,43,2025-11-12
ST18,SKU01210,111,78,18,2025-12-08
ST28,SKU04254,81,43,21,2025-11-13
ST06,SKU02925,177,67,28,2025-12-02
ST03,SKU01271,166,80,21,2025-11-29
ST17,SKU04185,32,23,6,2025-11-02
ST05,SKU03700,166,58,12,2025-12-08
ST15,SKU03717,161,62,29,2025-11-12
ST20,SKU02083,86,51,16,2025-12-18
ST06,SKU03533,59,20,6,2025-12-22
ST06,SKU04358,56,34,16,2025-12-13
ST15,SKU02151,59,89,28,2025-12-01
ST01,SKU02047,165,99,34,2025-12-09
ST05,SKU03530,204,71,18,2025-11-06
ST03,SKU02782,5,80,36,2025-11-17
ST09,SKU02326,66,83,22,2025-11-28
ST02,SKU03927,189,88,31,2025-11-09
ST04,SKU04491,232,78,36,2025-11-12
ST16,SKU03312,155,63,26,2025-11-12
ST17,SKU03561,40,83,36,2025-11-24
ST02,SKU04478,5,63,23,2025-12-22
ST24,SKU01620,0,24,8,2025-12-09
ST16,SKU02634,94,89,42,2025-12-03
ST28,SKU00056,92,86,26,2025-12-09
ST08,SKU01808,110,54,17,2025-12-04
ST16,SKU02711,31,31,12,2025-12-03
ST03,SKU01534,279,99,27,2025-12-29
ST02,SKU00671,108,93,34,2025-12-24
ST23,SKU03589,41,75,28,2025-11-01
ST16,SKU01631,147,64,23,2025-11-21
ST02,SKU00298,0,64,24,2025-12-22
ST29,SKU03711,41,23,10,2025-12-30
ST22,SKU00976,234,91,32,2025-12-30
ST06,SKU03207,24,20,7,2025-11-28
ST11,SKU00568,107,37,18,2025-11-12
ST21,SKU01328,45,24,6,2025-12-10
ST15,SKU02286,39,23,5,2025-11-27
ST14,SKU02991,46,37,10,2025-12-09
ST22,SKU04512,28,52,24,2025-12-10
ST15,SKU04255,22,85,24,2025-11-19
ST02,SKU02561,87,33,9,2025-12-29
ST04,SKU03496,7,25,8,2025-11-18
ST10,SKU02910,52,30,13,2025-12-16
ST23,SKU01143,3,93,22,2025-11-20
ST28,SKU03398,61,23,9,2025-11-26
ST02,SKU02394,53,43,10,2025-11-28
ST14,SKU00973,175,90,21,2025-12-05
ST10,SKU04593,63,79,25,2025-12-09
ST20,SKU03017,8,56,28,2025-11-23
ST26,SKU00009,33,93,22,2025-12-29
ST14,SKU00357,122,44,11,2025-12-03
ST07,SKU00502,7,62,22,2025-12-21
ST14,SKU00046,188,93,39,2025-11-30
ST20,SKU02902,227,85,18,2025-11-08
ST06,SKU02344,39,42,11,2025-11-02
ST02,SKU04060,88,35,16,2025-12-27
ST01,SKU03682,10,21,8,2025-12-03
ST28,SKU01759,1,31,6,2025-12-05
ST23,SKU02894,169,76,33,2025-11-01
ST10,SKU04946,35,23,5,2025-12-13
ST14,SKU00680,63,33,13,2025-12-07
ST22,SKU04821,79,84,30,2025-11-11
ST23,SKU04428,163,91,36,2025-11-22
ST26,SKU04733,7,41,16,2025-12-02
ST20,SKU01076,147,82,28,2025-12-30
ST18,SKU03667,50,30,12,2025-11-08
ST01,SKU01316,40,27,12,2025-12-25
ST16,SKU01736,5,22,9,2025-11-07
ST30,SKU04046,4,91,23,2025-12-03
ST30,SKU01756,55,61,28,2025-12-24
ST27,SKU03271,60,38,16,2025-12-20
ST24,SKU02609,69,30,7,2025-11-17
ST01,SKU00668,7,20,4,2025-12-06
ST27,SKU00138,134,58,12,2025-11-30
ST21,SKU04611,41,35,9,2025-12-05
ST15,SKU01951,55,86,33,2025-12-27
ST18,SKU02876,49,39,9,2025-12-21
ST27,SKU03789,143,83,32,2025-11-03
ST16,SKU01729,107,50,19,2025-11-11
ST18,SKU04614,104,75,17,2025-12-19
ST01,SKU03095,86,40,11,2025-12-03
ST06,SKU02803,88,43,18,2025-12-30
ST12,SKU04792,190,71,22,2025-11-17
ST09,SKU01547,65,47,14,2025-12-31
ST04,SKU03194,96,51,20,2025-12-19
ST26,SKU00361,112,95,25,2025-11-08
ST12,SKU04763,105,56,17,2025-12-26
ST26,SKU02575,138,76,20,2025-12-04
ST04,SKU02921,36,75,32,2025-12-10
ST14,SKU04355,84,64,13,2025-12-22
ST26,SKU04351,168,64,22,2025-11-24
ST14,SKU00870,66,93,45,2025-11-08
ST02,SKU01510,67,38,15,2025-12-06
ST25,SKU01552,131,95,33,2025-12-02
ST05,SKU01157,219,91,24,2025-12-09
ST28,SKU01586,102,42,15,2025-12-24
ST30,SKU00313,32,24,6,2025-11-13
ST29,SKU02777,31,37,17,2025-11-16
ST17,SKU00047,59,65,30,2025-12-19
ST22,SKU00083,181,89,37,2025-11-03
ST21,SKU00429,84,52,11,2025-11-27
ST03,SKU01375,148,52,26,2025-12-14
ST19,SKU02840,225,84,32,2025-11-01
ST19,SKU00224,126,90,43,2025-12-16
ST13,SKU03861,10,100,41,2025-12-13
ST11,SKU02634,24,25,6,2025-12-03
ST12,SKU02867,112,67,18,2025-12-24
ST18,SKU00523,96,50,12,2025-11-21
ST04,SKU03465,132,53,20,2025-11-07
ST20,SKU03613,48,29,8,2025-12-01
ST20,SKU00677,96,60,13,2025-11-14
ST07,SKU02440,146,56,27,2025-12-18
ST24,SKU03749,166,59,23,2025-11-06
ST13,SKU01793,76,86,31,2025-12-18
ST25,SKU02557,134,79,20,2025-12-13
ST15,SKU03508,73,33,15,2025-11-28
ST23,SKU03686,23,20,8,2025-11-26
ST19,SKU01476,121,43,21,2025-11-19
ST18,SKU01517,98,86,25,2025-12-08
ST30,SKU04493,162,97,40,2025-11-12
ST29,SKU02698,3,59,12,2025-11-22
ST06,SKU04912,31,21,9,2025-12-02
ST26,SKU00747,74,61,13,2025-11-30
ST04,SKU03511,7,78,38,2025-11-27
ST19,SKU00605,55,87,27,2025-11-03
ST23,SKU03802,73,27,13,2025-11-14
ST21,SKU03456,41,22,8,2025-11-27
ST21,SKU01288,140,97,42,2025-12-07
ST21,SKU04435,222,94,32,2025-11-04
ST06,SKU00353,106,84,31,2025-12-22
ST23,SKU01773,15,24,10,2025-11-21
ST18,SKU02143,93,43,20,2025-12-18
ST01,SKU03605,71,52,14,2025-12-22
ST25,SKU03943,38,86,34,2025-12-04
ST07,SKU02409,26,94,38,2025-12-07
ST01,SKU02637,159,65,19,2025-11-22
ST16,SKU02508,158,93,27,2025-11-18
ST11,SKU00844,143,60,14,2025-11-22
ST08,SKU02039,26,45,14,2025-12-02
ST27,SKU00096,127,76,24,2025-11-26
ST09,SKU02506,0,25,9,2025-12-03
ST14,SKU03412,124,59,23,2025-12-15
ST26,SKU04135,114,69,15,2025-12-14
ST11,SKU04013,149,59,12,2025-11-25
ST18,SKU03542,159,79,20,2025-11-07
ST04,SKU04060,150,53,26,2025-11-28
ST09,SKU03741,36,93,46,2025-12-28
ST06,SKU02600,62,75,33,2025-12-08
ST14,SKU01829,22,22,7,2025-12-31
ST11,SKU02393,67,34,17,2025-12-07
ST07,SKU04446,85,43,19,2025-11-20
ST22,SKU04694,85,35,17,2025-11-17
ST27,SKU02769,173,84,30,2025-12-15
ST08,SKU04098,24,21,10,2025-12-27
ST05,SKU03855,23,84,38,2025-12-03
ST15,SKU03144,74,50,21,2025-11-17
ST22,SKU04482,35,66,30,2025-12-11
ST06,SKU02819,19,35,8,2025-11-27
ST08,SKU03017,74,25,9,2025-12-30
ST06,SKU00181,264,99,23,2025-12-28
ST12,SKU00437,13,67,28,2025-12-02
ST10,SKU00493,147,62,16,2025-12-18
ST22,SKU02629,179,86,26,2025-11-06
ST18,SKU04601,23,44,11,2025-11-08
ST30,SKU04097,36,21,8,2025-12-23
ST29,SKU00883,53,55,11,2025-11-11
ST11,SKU03120,7,37,17,2025-12-26
ST17,SKU01728,3,23,8,2025-11-19
ST17,SKU00804,41,88,22,2025-12-13
ST12,SKU02943,62,83,30,2025-11-13
ST30,SKU03108,55,38,16,2025-11-01
ST12,SKU03441,53,94,38,2025-11-18
ST24,SKU01675,8,24,10,2025-11-30
ST10,SKU00246,73,25,10,2025-11-22
ST09,SKU03552,154,78,29,2025-12-24
ST28,SKU01877,96,38,11,2025-11-03
ST13,SKU01135,176,82,28,2025-12-09
ST17,SKU03099,160,69,31,2025-11-18
ST16,SKU04255,93,52,23,2025-11-08
ST22,SKU04990,83,57,25,2025-11-04
ST29,SKU01983,192,78,22,2025-12-24
ST10,SKU04794,281,96,45,2025-11-18
ST23,SKU04562,13,66,21,2025-12-07
ST11,SKU04710,172,75,24,2025-11-25
ST04,SKU03969,22,39,19,2025-11-06
ST24,SKU03169,27,39,15,2025-11-09
ST04,SKU02222,5,53,26,2025-11-24
ST01,SKU00523,130,52,12,2025-11-27
ST13,SKU03069,205,69,21,2025-11-13
ST30,SKU00937,42,94,34,2025-11-18
ST25,SKU01483,159,88,32,2025-11-25
ST16,SKU03719,163,90,39,2025-11-25
ST20,SKU01695,23,39,15,2025-12-29
ST26,SKU00839,9,41,11,2025-12-29
ST20,SKU04723,62,30,13,2025-11-22
ST01,SKU04280,243,83,35,2025-11-19
ST09,SKU01425,28,90,25,2025-11-24
ST02,SKU04850,33,47,12,2025-12-30
ST17,SKU00491,197,97,21,2025-12-31
ST23,SKU02884,159,91,36,2025-11-17
ST20,SKU04121,71,24,11,2025-12-28
ST18,SKU04273,64,70,27,2025-12-07
ST26,SKU03774,74,97,23,2025-12-14
ST12,SKU00945,18,20,10,2025-11-17
ST18,SKU03424,103,80,36,2025-12-21
ST28,SKU00409,30,34,15,2025-11-08
ST11,SKU00690,115,94,44,2025-12-16
ST23,SKU01923,207,99,31,2025-11-18
ST06,SKU04965,1,22,6,2025-11-16
ST21,SKU02180,145,79,31,2025-12-18
ST29,SKU02379,121,96,46,2025-12-18
ST02,SKU02758,84,54,14,2025-12-22
ST21,SKU00804,80,34,12,2025-11-28
ST17,SKU02924,146,78,36,2025-12-14
ST24,SKU03877,55,26,6,2025-11-30
ST27,SKU04677,293,98,30,2025-11-17
ST15,SKU04349,218,89,40,2025-12-13
ST21,SKU02758,274,99,39,2025-12-10
ST21,SKU03486,92,84,20,2025-12-14
ST28,SKU01841,93,76,28,2025-12-20
ST24,SKU04772,6,56,17,2025-12-25
ST06,SKU04458,24,26,13,2025-12-25
ST13,SKU03051,116,88,27,2025-12-13
ST02,SKU02554,10,50,20,2025-12-30
ST14,SKU00966,162,91,31,2025-12-08
ST11,SKU03369,31,38,9,2025-11-19
ST30,SKU04379,21,20,6,2025-12-16
ST29,SKU00547,40,46,22,2025-12-26
ST17,SKU02299,60,24,6,2025-12-19
ST15,SKU04127,137,81,24,2025-12-03
ST29,SKU01964,125,67,23,2025-11-26
ST01,SKU02855,66,34,9,2025-12-14
ST23,SKU04432,57,23,8,2025-11-30
ST29,SKU03726,5,21,5,2025-11-13
ST06,SKU03304,106,71,28,2025-12-03
ST07,SKU03263,27,74,34,2025-11-25
ST27,SKU00763,63,47,22,2025-12-19
ST03,SKU00786,31,90,24,2025-11-19
ST09,SKU03020,113,60,24,2025-12-17
ST26,SKU02802,48,70,14,2025-11-29
ST27,SKU04900,12,94,37,2025-11-29
ST03,SKU00852,26,29,12,2025-11-30
ST30,SKU02888,113,80,28,2025-12-17
ST29,SKU02029,169,59,25,2025-11-12
ST19,SKU02715,50,49,13,2025-12-18
ST19,SKU04749,208,73,21,2025-11-28
ST23,SKU02022,51,93,43,2025-12-13
ST06,SKU00960,229,96,21,2025-12-05
ST14,SKU02712,29,59,24,2025-11-12
ST22,SKU00888,66,62,27,2025-11-13
ST21,SKU03705,109,50,16,2025-11-20
ST10,SKU01632,175,95,34,2025-12-28
ST17,SKU03921,270,96,38,2025-12-10
ST23,SKU02799,72,60,14,2025-12-18
ST27,SKU04604,27,21,9,2025-11-20
ST19,SKU00046,31,49,16,2025-11-01
ST22,SKU03013,29,64,28,2025-12-10
ST03,SKU02906,181,86,25,2025-12-09
ST19,SKU01857,240,95,27,2025-12-16
ST25,SKU00484,46,25,10,2025-11-26
ST22,SKU01033,36,95,39,2025-12-21
ST14,SKU04368,27,37,16,2025-12-02
ST28,SKU01590,27,32,9,2025-12-03
ST19,SKU03661,197,96,47,2025-11-28
ST14,SKU00632,214,86,25,2025-11-30
ST26,SKU00740,210,94,27,2025-11-27
ST06,SKU04037,86,50,16,2025-11-25
ST23,SKU00590,86,60,13,2025-12-02
ST16,SKU04498,178,82,27,2025-12-14
ST14,SKU01156,71,73,17,2025-11-16
ST23,SKU04533,32,20,5,2025-12-15
ST29,SKU00519,252,86,24,2025-12-11
ST04,SKU02453,12,22,6,2025-11-08
ST19,SKU00819,53,27,11,2025-12-15
ST04,SKU00827,23,36,15,2025-12-31
ST19,SKU01943,5,75,24,2025-12-01
ST29,SKU04776,156,66,15,2025-12-02
ST15,SKU00840,5,89,39,2025-12-12
ST28,SKU02537,55,96,44,2025-12-20
ST04,SKU00339,58,29,14,2025-12-06
ST30,SKU01247,180,85,40,2025-11-13
ST15,SKU00605,217,82,31,2025-12-31
ST10,SKU00450,33,34,10,2025-12-07
ST03,SKU02927,59,21,9,2025-12-04
ST07,SKU03591,51,35,13,2025-11-18
ST27,SKU03384,34,76,37,2025-12-19
ST15,SKU02030,6,91,38,2025-12-30
ST01,SKU00107,31,43,12,2025-12-23
ST29,SKU04541,133,80,24,2025-12-26
ST10,SKU00927,104,39,17,2025-12-07
ST08,SKU02713,99,66,33,2025-11-29
ST05,SKU04493,204,93,32,2025-12-07
ST30,SKU01730,22,23,8,2025-11-04
ST02,SKU04916,91,39,10,2025-11-21
ST12,SKU03379,78,31,12,2025-12-11
ST01,SKU01342,44,52,11,2025-11-27
ST26,SKU00766,61,66,23,2025-12-21
ST02,SKU00834,63,74,28,2025-12-08
ST15,SKU00796,3,88,23,2025-11-16
ST09,SKU03425,81,32,11,2025-11-18
ST21,SKU04133,186,72,30,2025-11-26
ST26,SKU00045,40,85,33,2025-11-27
ST04,SKU03945,90,60,16,2025-11-22
ST30,SKU04850,132,70,17,2025-12-01
ST02,SKU03724,224,94,39,2025-11-30
ST04,SKU04483,133,93,34,2025-12-15
ST16,SKU01123,64,24,6,2025-11-02
ST08,SKU02970,92,68,20,2025-12-03
ST25,SKU02922,12,31,13,2025-12-31
ST09,SKU00318,61,21,6,2025-11-22
ST08,SKU00103,42,38,15,2025-12-11
ST23,SKU00660,3,34,11,2025-12-17
ST24,SKU01742,59,20,5,2025-12-22
ST13,SKU03817,121,60,13,2025-12-29
ST30,SKU04120,137,56,21,2025-12-04
ST28,SKU00357,73,58,21,2025-12-29
ST26,SKU00997,71,51,21,2025-12-06
ST05,SKU03917,23,68,19,2025-11-17
ST09,SKU03900,24,31,12,2025-11-08
ST02,SKU04261,28,36,7,2025-11-24
ST21,SKU03162,12,24,11,2025-12-06
ST26,SKU03647,21,44,17,2025-11-22
ST04,SKU00800,60,26,10,2025-12-11
ST03,SKU04869,96,71,23,2025-11-25
ST29,SKU00925,18,56,23,2025-11-19
ST20,SKU03525,127,61,16,2025-12-08
ST05,SKU01634,175,78,23,2025-11-17
ST17,SKU01269,9,40,9,2025-12-13
ST13,SKU04434,50,31,12,2025-11-14
ST09,SKU04265,118,49,14,2025-12-29
ST07,SKU00888,109,80,24,2025-12-13
ST09,SKU04483,50,29,11,2025-11-21
ST09,SKU03392,74,33,15,2025-12-08
ST09,SKU01326,196,97,46,2025-11-27
ST02,SKU03027,43,66,29,2025-11-07
ST27,SKU04259,257,89,32,2025-11-14
ST30,SKU01023,25,45,22,2025-11-26
ST11,SKU03748,56,74,25,2025-12-21
ST06,SKU01886,44,29,9,2025-12-23
ST07,SKU04307,156,95,27,2025-12-29
ST25,SKU01481,1,80,23,2025-12-08
ST07,SKU02687,192,99,49,2025-12-22
ST28,SKU02153,120,60,27,2025-12-20
ST05,SKU01835,16,26,6,2025-11-28
ST02,SKU00420,79,59,24,2025-11-27
ST08,SKU03490,110,48,13,2025-11-26
ST04,SKU04787,141,58,15,2025-12-13
ST13,SKU02228,104,85,32,2025-11-27
ST21,SKU02025,100,39,11,2025-11-21
ST29,SKU01237,11,60,27,2025-12-13
ST17,SKU03194,121,50,11,2025-11-28
ST07,SKU02448,187,78,27,2025-12-29
ST03,SKU02362,160,67,29,2025-11-04
ST19,SKU02105,193,74,26,2025-12-03
ST11,SKU04543,22,20,9,2025-12-31
ST17,SKU04125,14,94,22,2025-11-18
ST30,SKU03598,281,100,27,2025-11-21
ST16,SKU03462,104,46,9,2025-12-30
ST27,SKU03450,70,27,12,2025-12-19
ST10,SKU03148,10,26,8,2025-11-13
ST18,SKU00201,258,96,42,2025-11-13
ST16,SKU03419,105,88,21,2025-12-27
ST26,SKU01837,120,99,32,2025-12-03
ST05,SKU03531,96,68,20,2025-12-27
ST23,SKU01496,281,98,38,2025-12-09
ST02,SKU04564,9,68,31,2025-11-07
ST09,SKU02647,170,93,36,2025-12-27
ST04,SKU00816,2,99,49,2025-12-13
ST19,SKU02234,182,70,19,2025-11-17
ST07,SKU02342,52,51,19,2025-12-30
ST12,SKU03506,65,43,12,2025-12-06
ST27,SKU03038,108,53,12,2025-12-29
ST05,SKU04500,92,49,16,2025-12-05
ST10,SKU01796,73,47,12,2025-12-24
ST14,SKU01628,92,88,30,2025-12-16
ST19,SKU02770,35,83,22,2025-11-20
ST28,SKU02427,74,36,12,2025-11-20
ST05,SKU01479,121,65,21,2025-12-13
ST17,SKU03269,52,28,7,2025-12-12
ST14,SKU03838,4,61,21,2025-12-15
ST16,SKU02606,19,30,15,2025-12-07
ST03,SKU02754,48,54,19,2025-12-10
ST13,SKU04192,274,94,25,2025-12-20
ST23,SKU00415,81,93,23,2025-11-02
ST15,SKU04849,106,57,25,2025-11-02
ST22,SKU04472,45,86,19,2025-12-21
ST17,SKU02216,111,95,22,2025-12-19
ST08,SKU00115,36,92,20,2025-12-06
ST25,SKU04592,74,67,20,2025-12-04
ST20,SKU02686,27,53,23,2025-11-22
ST17,SKU01517,12,54,22,2025-12-11
ST27,SKU01769,9,22,10,2025-11-14
ST13,SKU00094,39,41,16,2025-12-26
ST17,SKU03599,32,37,8,2025-11-04
ST02,SKU04285,125,47,13,2025-11-05
ST04,SKU01599,223,84,18,2025-11-18
ST24,SKU01509,78,46,13,2025-11-25
ST27,SKU04865,112,79,38,2025-11-15
ST12,SKU00056,17,42,14,2025-12-20
ST18,SKU02888,110,45,11,2025-12-31
ST30,SKU01777,93,32,12,2025-12-27
ST26,SKU03443,41,54,18,2025-12-11
ST02,SKU02829,15,33,16,2025-12-21
ST14,SKU00819,165,74,33,2025-12-16
ST13,SKU03984,144,63,25,2025-12-22
ST03,SKU01629,69,35,17,2025-11-06
ST04,SKU00633,142,76,21,2025-11-01
ST21,SKU03279,69,89,28,2025-12-22
ST11,SKU04298,59,21,7,2025-11-15
ST05,SKU00767,89,36,17,2025-11-10
ST23,SKU04702,91,48,10,2025-12-25
ST08,SKU02641,85,39,19,2025-12-22
ST03,SKU03259,103,43,17,2025-12-31
ST14,SKU02017,263,98,37,2025-12-03
ST19,SKU00245,50,67,17,2025-11-17
ST26,SKU02075,45,37,13,2025-11-24
ST25,SKU02789,206,75,21,2025-12-23
ST12,SKU01506,72,91,32,2025-12-14
ST13,SKU03493,123,78,33,2025-11-06
ST28,SKU03643,153,81,37,2025-11-07
ST07,SKU03637,86,64,21,2025-11-11
ST16,SKU01002,92,61,13,2025-11-23
ST23,SKU02844,11,45,17,2025-12-18
ST26,SKU02019,17,22,7,2025-12-25
ST25,SKU00295,112,96,44,2025-12-23
ST10,SKU01821,87,61,23,2025-11-04
ST29,SKU03819,83,43,15,2025-12-28
ST12,SKU00179,75,43,10,2025-11-10
ST04,SKU01909,4,55,21,2025-11-07
ST14,SKU00590,112,57,13,2025-11-17
ST16,SKU04913,140,73,31,2025-12-09
ST20,SKU01770,13,73,27,2025-12-06
ST05,SKU03802,134,71,29,2025-11-28
ST02,SKU01444,116,45,11,2025-12-02
ST29,SKU01290,163,62,28,2025-11-29
ST17,SKU01437,57,32,13,2025-12-09
ST18,SKU00806,54,39,12,2025-12-07
ST22,SKU04094,85,37,9,2025-11-04
ST24,SKU04192,139,96,33,2025-12-26
ST07,SKU01053,10,47,12,2025-11-08
ST06,SKU01247,101,48,18,2025-12-27
ST05,SKU03951,55,49,15,2025-12-26
ST04,SKU03793,163,76,36,2025-12-05
ST19,SKU04613,179,66,32,2025-11-24
ST05,SKU04404,119,53,12,2025-12-06
ST28,SKU03498,263,88,25,2025-11-08
ST27,SKU03566,11,34,9,2025-12-16
ST29,SKU01896,93,41,19,2025-11-18
ST18,SKU01047,48,36,11,2025-12-14
ST21,SKU03970,104,48,15,2025-12-03
ST28,SKU01237,5,42,20,2025-12-19
ST09,SKU02234,74,75,17,2025-11-16
ST16,SKU01225,30,29,13,2025-11-06
ST07,SKU00100,67,25,11,2025-12-25
ST20,SKU00091,161,72,23,2025-12-06
ST15,SKU00525,65,36,8,2025-11-24
ST25,SKU03992,18,92,41,2025-12-16
ST12,SKU01846,52,72,18,2025-11-02
ST08,SKU02000,160,70,24,2025-11-15
ST15,SKU02701,74,56,18,2025-11-27
ST20,SKU03156,92,82,41,2025-12-11
ST05,SKU03051,197,71,27,2025-11-15
ST14,SKU04328,51,54,25,2025-11-03
ST01,SKU00717,141,95,37,2025-11-24
ST17,SKU00239,75,42,16,2025-12-13
ST13,SKU00650,24,74,26,2025-12-07
ST17,SKU01695,4,36,13,2025-11-28
ST19,SKU02695,10,29,11,2025-11-02
ST23,SKU04377,122,70,31,2025-12-11
ST25,SKU02028,66,23,10,2025-11-09
ST05,SKU01160,50,21,9,2025-11-18
ST20,SKU01275,134,61,24,2025-11-22
ST18,SKU03958,54,29,7,2025-11-23
ST20,SKU02475,52,86,42,2025-12-06
ST10,SKU02657,174,83,24,2025-11-12
ST03,SKU04044,66,49,23,2025-12-25
ST27,SKU02820,40,84,20,2025-11-21
ST07,SKU03906,252,97,43,2025-12-16
ST16,SKU03233,90,76,38,2025-11-10
ST03,SKU00177,54,38,15,2025-11-12
ST02,SKU00194,20,40,9,2025-12-21
ST02,SKU03750,5,89,28,2025-12-23
ST06,SKU03081,102,55,25,2025-11-27
ST21,SKU02062,63,39,9,2025-12-15
ST26,SKU01053,35,31,15,2025-11-07
ST14,SKU04774,52,71,25,2025-11-04
ST23,SKU04161,66,69,27,2025-12-21
ST24,SKU01942,172,60,18,2025-12-16
ST06,SKU03117,4,63,14,2025-12-27
ST21,SKU02099,124,62,15,2025-11-09
ST11,SKU00583,17,90,44,2025-12-06
ST10,SKU00299,69,34,16,2025-11-14
ST17,SKU02213,160,81,39,2025-11-17
ST03,SKU02332,91,57,26,2025-11-08
ST17,SKU00570,85,41,20,2025-12-17
ST28,SKU04445,70,62,19,2025-12-15
ST26,SKU04101,45,25,12,2025-12-22
ST10,SKU01358,142,53,24,2025-12-24
ST07,SKU04737,141,58,12,2025-12-09
ST20,SKU00031,121,42,16,2025-12-20
ST20,SKU01127,132,76,34,2025-12-02
ST30,SKU00275,26,72,30,2025-11-13
ST27,SKU02705,119,50,19,2025-12-13
ST17,SKU01545,173,82,29,2025-12-12
ST11,SKU03385,141,100,24,2025-11-19
ST07,SKU01113,53,52,21,2025-12-04
ST05,SKU04016,77,68,34,2025-12-18
ST05,SKU01001,120,51,22,2025-11-28
ST11,SKU01513,8,96,42,2025-12-17
ST17,SKU04680,54,22,8,2025-11-14
ST04,SKU00035,254,92,33,2025-11-08
ST13,SKU04084,128,99,39,2025-12-01
ST25,SKU04178,161,62,19,2025-11-22
ST28,SKU01515,75,31,14,2025-11-25
ST03,SKU00138,243,93,39,2025-12-28
ST12,SKU00606,44,26,9,2025-12-18
ST12,SKU04448,121,59,19,2025-11-03
ST02,SKU01818,32,66,18,2025-12-10
ST10,SKU01743,221,84,23,2025-12-01
ST10,SKU02187,126,80,34,2025-11-26
ST25,SKU04880,92,63,14,2025-12-05
ST11,SKU00708,59,48,20,2025-11-15
ST18,SKU01282,223,86,20,2025-12-03
ST03,SKU00511,147,91,28,2025-12-24
ST03,SKU04039,143,76,31,2025-11-24
ST12,SKU04688,150,99,39,2025-11-06
ST04,SKU01456,23,48,12,2025-11-07
ST25,SKU00715,240,81,31,2025-12-22
ST20,SKU02922,46,45,20,2025-12-12
ST06,SKU01312,225,77,37,2025-12-31
ST16,SKU03184,112,82,33,2025-12-21
ST23,SKU01121,48,93,45,2025-12-17
ST01,SKU02381,234,98,38,2025-11-20
ST26,SKU04477,134,73,18,2025-12-30
ST03,SKU02940,94,51,23,2025-12-24
ST07,SKU03527,8,23,11,2025-12-22
ST29,SKU01602,211,89,33,2025-11-07
ST23,SKU00111,237,99,35,2025-11-17
ST30,SKU01595,184,66,26,2025-11-20
ST21,SKU01741,82,72,31,2025-12-17
ST10,SKU02273,246,92,23,2025-12-02
ST12,SKU01545,190,67,32,2025-11-15
ST12,SKU04356,254,96,35,2025-11-03
ST28,SKU04068,67,24,6,2025-12-19
ST28,SKU04707,18,85,28,2025-11-24
ST23,SKU03275,54,32,16,2025-11-25
ST10,SKU01082,8,30,13,2025-12-11
ST12,SKU02171,194,78,16,2025-11-19
ST04,SKU02257,160,61,19,2025-12-31
ST01,SKU01562,21,28,9,2025-12-02
ST06,SKU00323,118,95,19,2025-11-20
ST23,SKU03987,37,55,20,2025-11-07
ST21,SKU00522,79,66,31,2025-11-30
ST01,SKU03132,38,50,24,2025-12-06
ST15,SKU04832,6,28,8,2025-11-22
ST10,SKU01259,72,61,21,2025-11-12
ST06,SKU02555,85,69,29,2025-12-28
ST03,SKU03268,36,21,4,2025-11-23
ST27,SKU03996,89,95,22,2025-12-16
ST15,SKU01257,212,91,37,2025-12-22
ST10,SKU00869,162,58,19,2025-12-12
ST13,SKU02457,7,32,8,2025-12-20
ST30,SKU02645,29,89,28,2025-12-21
ST04,SKU02293,184,68,30,2025-12-28
ST05,SKU00248,47,21,7,2025-12-20
ST24,SKU00583,34,21,4,2025-12-01
ST11,SKU01668,20,70,30,2025-12-29
ST03,SKU01399,145,92,24,2025-12-21
ST20,SKU01963,119,99,41,2025-12-23
ST04,SKU04049,233,94,22,2025-11-23
ST29,SKU00016,79,30,12,2025-11-18
ST25,SKU01640,81,31,10,2025-11-27
ST17,SKU03939,3,62,15,2025-11-04
ST25,SKU02529,152,88,36,2025-12-07
ST15,SKU00015,79,28,12,2025-11-05
ST15,SKU00223,63,33,8,2025-11-06
ST10,SKU00276,56,53,26,2025-11-01
ST21,SKU04065,243,100,41,2025-12-21
ST06,SKU03752,67,79,24,2025-11-29
ST30,SKU04466,116,61,17,2025-11-20
ST10,SKU04704,142,89,23,2025-12-02
ST19,SKU04685,8,66,16,2025-12-14
ST14,SKU02799,210,90,38,2025-11-18
ST23,SKU03665,38,60,15,2025-11-12
ST11,SKU03057,247,83,17,2025-12-19
ST12,SKU01361,166,77,21,2025-12-28
ST13,SKU03959,205,89,34,2025-12-14
ST02,SKU02778,88,37,15,2025-12-09
ST24,SKU00436,5,57,21,2025-11-05
ST03,SKU03625,180,62,23,2025-11-24
ST29,SKU04165,202,84,19,2025-12-04
ST28,SKU01076,69,26,12,2025-12-26
ST23,SKU04814,163,84,29,2025-11-04
ST14,SKU02271,91,40,14,2025-11-22
ST12,SKU04456,196,67,15,2025-11-30
ST25,SKU04715,25,27,9,2025-12-18
ST22,SKU01710,56,22,10,2025-12-31
ST22,SKU03564,69,98,41,2025-11-05
ST15,SKU03902,53,42,12,2025-12-14
ST23,SKU02919,62,32,8,2025-12-06
ST04,SKU04079,14,60,29,2025-12-13
ST09,SKU02672,134,51,24,2025-12-25
ST13,SKU02504,71,75,21,2025-12-03
ST28,SKU02888,44,23,11,2025-12-29
ST24,SKU00671,22,26,13,2025-12-06
ST20,SKU04162,6,34,16,2025-11-29
ST18,SKU04020,59,48,20,2025-11-08
ST26,SKU03551,71,34,9,2025-12-27
ST25,SKU03665,121,47,13,2025-11-12
ST03,SKU00418,86,42,15,2025-11-15
ST06,SKU00474,38,31,11,2025-11-04
ST23,SKU03685,237,94,30,2025-12-12
ST28,SKU04005,39,56,16,2025-12-22
ST21,SKU04568,30,75,17,2025-11-20
ST12,SKU01359,14,80,18,2025-12-08
ST20,SKU02123,109,95,38,2025-12-05
ST20,SKU00013,258,100,37,2025-12-06
ST11,SKU00798,47,22,11,2025-12-12
ST13,SKU04121,116,86,26,2025-11-07
ST28,SKU01484,6,100,41,2025-12-25
ST26,SKU01949,150,89,18,2025-11-22
ST21,SKU00596,115,83,37,2025-12-08
ST01,SKU02360,132,50,14,2025-12-19
ST22,SKU03507,48,20,10,2025-11-11
ST09,SKU04456,33,85,17,2025-11-05
ST28,SKU04398,125,94,20,2025-12-15
ST11,SKU01187,161,74,35,2025-11-29
ST20,SKU03348,142,49,24,2025-11-04
ST25,SKU04722,94,46,11,2025-11-01
ST12,SKU02782,53,84,17,2025-11-23
ST05,SKU03714,133,52,25,2025-12-27
ST24,SKU02412,141,65,23,2025-12-08
ST14,SKU00670,11,84,34,2025-12-30
ST30,SKU00669,83,94,37,2025-11-27
ST21,SKU00702,92,36,9,2025-11-24
ST06,SKU00113,29,46,14,2025-11-08
ST28,SKU04543,170,79,19,2025-11-01
ST05,SKU04193,46,30,13,2025-11-11
ST05,SKU00003,69,62,17,2025-11-10
ST16,SKU04764,41,84,36,2025-12-20
ST13,SKU01299,75,33,13,2025-11-10
ST14,SKU02446,181,80,22,2025-12-30
ST16,SKU00803,45,53,25,2025-11-16
ST30,SKU02090,168,97,27,2025-11-19
ST08,SKU01316,171,71,26,2025-11-21
ST23,SKU03438,20,50,15,2025-12-26
ST28,SKU00206,185,63,29,2025-12-18
ST05,SKU03899,53,22,5,2025-11-26
ST12,SKU01403,58,20,5,2025-11-17
ST10,SKU00913,117,83,39,2025-11-14
ST23,SKU03617,173,86,39,2025-12-11
ST02,SKU04486,82,50,21,2025-12-22
ST13,SKU03921,126,78,39,2025-12-16
ST22,SKU04770,41,58,13,2025-12-18
ST16,SKU01323,98,44,11,2025-12-16
ST27,SKU03062,204,91,20,2025-11-27
ST12,SKU00195,195,67,23,2025-11-20
ST01,SKU02087,43,99,39,2025-11-05
ST10,SKU04015,153,73,26,2025-12-29
ST16,SKU01155,7,50,10,2025-11-06
ST10,SKU01539,102,37,17,2025-12-17
ST25,SKU04318,38,59,21,2025-12-08
ST26,SKU04897,26,65,16,2025-11-29
ST19,SKU00120,131,94,25,2025-11-13
ST14,SKU04536,6,29,10,2025-12-16
ST06,SKU01657,19,27,9,2025-11-19
ST30,SKU02087,116,71,28,2025-11-17
ST24,SKU01835,50,73,24,2025-11-04
ST02,SKU00588,76,89,41,2025-12-01
ST07,SKU03395,62,45,19,2025-12-21
ST01,SKU03325,62,27,11,2025-12-20
ST07,SKU04958,44,31,14,2025-12-25
ST17,SKU03303,259,95,45,2025-11-08
ST03,SKU00776,98,57,25,2025-11-06
ST25,SKU01259,73,33,9,2025-11-02
ST11,SKU04102,61,27,7,2025-12-16
ST29,SKU02929,155,57,14,2025-11-26
ST28,SKU00247,229,93,25,2025-12-31
ST25,SKU01992,75,45,22,2025-12-06
ST21,SKU01469,116,60,24,2025-11-07
ST07,SKU00772,41,31,9,2025-12-22
ST13,SKU00200,61,27,10,2025-12-07
ST06,SKU00133,148,50,17,2025-12-31
ST03,SKU02221,97,37,14,2025-12-13
ST14,SKU04809,126,50,16,2025-12-12
ST16,SKU00868,287,97,39,2025-12-16
ST22,SKU04454,9,98,45,2025-12-21
ST26,SKU01820,180,85,40,2025-11-25
ST07,SKU02791,82,66,30,2025-11-23
ST03,SKU00039,86,91,27,2025-11-21
ST18,SKU04839,35,43,21,2025-12-13
ST15,SKU03500,99,55,24,2025-12-14
ST10,SKU02452,43,27,12,2025-12-06
ST13,SKU04572,111,81,29,2025-11-24
ST20,SKU02264,147,78,30,2025-11-11
ST28,SKU04190,79,32,14,2025-11-20
ST19,SKU02120,8,96,23,2025-11-16
ST16,SKU03723,102,73,24,2025-11-23
ST16,SKU01453,66,23,9,2025-12-03
ST08,SKU01257,110,71,23,2025-12-05
ST13,SKU04428,285,99,45,2025-12-30
ST19,SKU00189,7,37,15,2025-12-29
ST07,SKU00046,52,24,11,2025-11-04
ST22,SKU02850,10,34,15,2025-11-22
ST09,SKU02242,30,57,22,2025-11-08
ST25,SKU00420,3,37,16,2025-11-02
ST26,SKU04746,101,81,37,2025-11-17
ST28,SKU02007,131,71,35,2025-12-29
ST03,SKU03777,235,99,42,2025-12-15
ST14,SKU04591,59,47,18,2025-11-16
ST19,SKU01011,23,26,11,2025-11-26
ST06,SKU04396,157,55,20,2025-12-30
ST12,SKU01460,266,89,24,2025-11-23
ST12,SKU03231,179,92,21,2025-12-22
ST30,SKU02326,4,49,24,2025-12-03
ST06,SKU02270,49,29,14,2025-12-15
ST27,SKU03933,115,91,27,2025-11-02
ST15,SKU04984,96,92,37,2025-11-29
ST15,SKU02051,6,99,33,2025-12-30
ST08,SKU02438,91,54,13,2025-12-31
ST15,SKU02493,132,56,26,2025-12-19
ST05,SKU04523,245,90,27,2025-11-18
ST05,SKU03947,197,95,41,2025-12-01
ST28,SKU00621,46,89,43,2025-12-02
ST08,SKU01681,11,61,26,2025-12-20
ST13,SKU02195,190,84,24,2025-11-11
ST20,SKU03085,12,49,13,2025-12-04
ST01,SKU00520,64,59,25,2025-12-23
ST07,SKU02425,46,51,16,2025-11-03
ST03,SKU03104,172,61,27,2025-11-25
ST28,SKU03260,52,33,16,2025-12-18
ST12,SKU01066,69,28,12,2025-12-01
ST22,SKU03893,131,72,33,2025-12-26
ST24,SKU04906,75,34,17,2025-12-14
ST30,SKU02927,82,53,24,2025-12-14
ST28,SKU00135,90,57,22,2025-12-14
ST21,SKU01003,31,62,15,2025-11-07
ST13,SKU03072,56,49,15,2025-11-28
ST18,SKU03662,268,99,29,2025-12-23
ST02,SKU01898,18,81,24,2025-11-25
ST04,SKU00829,48,66,28,2025-11-26
ST26,SKU00487,19,20,5,2025-11-12
ST11,SKU04303,106,50,25,2025-12-16
ST21,SKU02693,75,27,11,2025-12-11
ST01,SKU02918,39,64,16,2025-12-30
ST28,SKU03617,98,53,18,2025-11-19
ST14,SKU01015,52,75,22,2025-11-13
ST22,SKU02561,89,52,12,2025-12-30
ST14,SKU04028,114,75,26,2025-11-21
ST04,SKU04450,32,23,8,2025-12-06
ST19,SKU03930,16,44,19,2025-11-04
ST08,SKU04593,104,86,24,2025-11-11
ST26,SKU03256,114,41,16,2025-12-22
ST06,SKU02901,80,32,12,2025-12-16
ST03,SKU01406,107,68,23,2025-12-20
ST29,SKU04751,69,89,43,2025-12-11
ST30,SKU01859,231,88,42,2025-12-09
ST19,SKU04808,155,54,20,2025-12-08
ST03,SKU02510,14,27,6,2025-12-22
ST11,SKU03329,56,79,38,2025-12-06
ST24,SKU00403,67,50,16,2025-11-14
ST14,SKU02207,166,83,37,2025-12-07
ST20,SKU00340,50,42,17,2025-11-12
ST29,SKU01836,15,24,6,2025-12-29
ST15,SKU03363,65,69,31,2025-12-04
ST04,SKU02962,251,98,29,2025-12-14
ST20,SKU04396,177,83,38,2025-11-15
ST05,SKU01732,42,24,10,2025-12-23
ST04,SKU02218,11,73,26,2025-11-15
ST25,SKU04876,88,97,21,2025-11-28
ST05,SKU00395,102,37,18,2025-12-15
ST14,SKU03862,228,83,39,2025-11-05
ST20,SKU00545,78,71,35,2025-11-14
ST19,SKU01127,15,69,33,2025-11-08
ST04,SKU04136,162,82,28,2025-11-01
ST04,SKU04829,120,67,31,2025-11-27
ST28,SKU03231,40,49,18,2025-12-23
ST17,SKU01804,113,47,20,2025-11-29
ST04,SKU02288,133,64,15,2025-12-30
ST02,SKU02018,205,78,32,2025-11-04
ST19,SKU02909,60,30,7,2025-11-04
ST27,SKU01451,2,60,17,2025-11-10
ST29,SKU03893,116,45,13,2025-11-22
ST11,SKU03815,150,53,15,2025-11-02
ST23,SKU03099,20,73,17,2025-12-14
ST06,SKU00419,60,49,17,2025-11-04
ST27,SKU02818,58,65,28,2025-11-01
ST08,SKU03001,47,27,11,2025-11-11
ST29,SKU00298,60,99,27,2025-11-11
ST05,SKU02821,117,99,31,2025-11-08
ST20,SKU04900,155,53,21,2025-11-30
ST21,SKU02781,18,40,15,2025-11-11
ST25,SKU03383,250,84,19,2025-11-17
ST22,SKU03383,17,47,11,2025-11-17
ST09,SKU04721,243,100,37,2025-12-01
ST27,SKU00859,42,26,5,2025-11-14
ST30,SKU02727,52,53,26,2025-11-29
ST13,SKU04470,138,64,17,2025-11-11
ST30,SKU00488,46,29,9,2025-11-04
ST28,SKU04265,154,70,30,2025-11-30
ST09,SKU03839,184,98,31,2025-12-01
ST24,SKU01177,44,48,14,2025-12-13
ST04,SKU01389,10,30,6,2025-11-30
ST29,SKU03432,15,80,17,2025-11-19
ST09,SKU02283,111,61,15,2025-12-09
ST23,SKU01610,52,26,5,2025-11-10
ST10,SKU00245,0,32,15,2025-11-21
ST25,SKU00940,91,93,43,2025-11-20
ST05,SKU01365,55,99,48,2025-12-02
ST15,SKU04284,13,33,16,2025-11-05
ST16,SKU00456,1,22,10,2025-11-22
ST12,SKU04872,68,64,25,2025-12-21
ST08,SKU01387,37,22,9,2025-11-16
ST17,SKU02799,35,29,9,2025-12-11
ST02,SKU00289,9,47,10,2025-12-18
ST20,SKU04006,51,34,10,2025-12-12
ST17,SKU04470,177,89,37,2025-11-13
ST28,SKU03106,37,29,11,2025-12-26
ST18,SKU03002,0,23,8,2025-11-22
ST13,SKU01832,81,45,20,2025-11-02
ST03,SKU02402,47,20,6,2025-12-31
ST13,SKU04516,47,42,11,2025-12-13
ST24,SKU00144,34,24,10,2025-12-27
ST23,SKU04862,191,67,22,2025-12-11
ST10,SKU03575,176,63,30,2025-11-03
ST15,SKU03467,40,66,22,2025-11-19
ST21,SKU02149,96,68,20,2025-11-11
ST29,SKU03100,132,62,27,2025-11-25
ST10,SKU02680,44,53,15,2025-12-26
ST18,SKU01740,86,60,24,2025-12-15
ST20,SKU01660,72,66,24,2025-12-11
ST15,SKU00878,57,81,34,2025-11-27
ST15,SKU02934,45,28,13,2025-12-14
ST24,SKU01987,11,23,6,2025-12-14
ST22,SKU02261,76,30,13,2025-11-18
ST26,SKU03325,73,34,15,2025-11-14
ST28,SKU03954,47,78,34,2025-12-04
ST17,SKU01633,87,99,33,2025-11-13
ST05,SKU01950,166,60,15,2025-11-06
ST08,SKU03314,219,93,44,2025-12-23
ST16,SKU01646,183,93,35,2025-11-20
ST21,SKU03037,158,72,18,2025-11-24
ST04,SKU04314,142,67,27,2025-12-07
ST17,SKU00892,5,23,9,2025-11-19
ST09,SKU02535,20,69,30,2025-11-03
ST29,SKU01570,75,67,30,2025-12-07
ST28,SKU04838,91,39,14,2025-11-03
ST27,SKU04538,39,65,15,2025-11-24
ST20,SKU04886,165,90,37,2025-12-21
ST04,SKU03013,39,25,8,2025-11-04
ST11,SKU04455,268,90,28,2025-12-14
ST13,SKU01620,132,70,16,2025-11-11
ST19,SKU00203,17,21,9,2025-12-20
ST06,SKU03707,42,27,6,2025-12-17
ST15,SKU03560,171,68,26,2025-11-22
ST04,SKU02026,26,35,8,2025-12-13
ST25,SKU00635,97,90,21,2025-11-11
ST28,SKU02633,57,25,5,2025-12-22
ST25,SKU01702,138,83,33,2025-11-06
ST22,SKU00853,24,34,17,2025-12-13
ST23,SKU04023,79,47,15,2025-12-11
ST23,SKU01091,62,79,35,2025-12-03
ST05,SKU04560,1,51,22,2025-11-10
ST01,SKU03997,62,92,29,2025-11-30
ST01,SKU02681,49,43,13,2025-11-18
ST01,SKU02179,142,78,34,2025-11-22
ST06,SKU00086,30,87,43,2025-11-08
ST13,SKU04488,106,81,34,2025-11-01
ST08,SKU00325,65,44,21,2025-12-18
ST09,SKU00765,122,47,17,2025-11-26
ST21,SKU00855,95,82,35,2025-12-09
ST27,SKU04358,20,85,42,2025-11-27
ST16,SKU03068,249,92,34,2025-12-01
ST19,SKU00955,45,34,10,2025-12-19
ST08,SKU02473,51,75,31,2025-12-26
ST15,SKU04013,12,42,15,2025-11-07
ST09,SKU04428,18,43,11,2025-11-21
ST17,SKU01857,124,45,21,2025-12-04
ST29,SKU04512,125,50,17,2025-12-27
ST12,SKU03935,25,23,5,2025-11-19
ST16,SKU02052,228,91,33,2025-11-25
ST27,SKU04678,161,79,26,2025-12-27
ST05,SKU00410,28,94,41,2025-11-18
ST02,SKU02540,20,41,14,2025-11-16
ST14,SKU03974,125,65,14,2025-12-05
ST15,SKU00850,117,83,29,2025-11-12
ST30,SKU04882,138,60,15,2025-12-19
ST29,SKU01132,251,89,29,2025-12-30
ST01,SKU04958,97,65,29,2025-12-01
ST26,SKU03408,27,84,21,2025-11-24
ST03,SKU03262,148,67,17,2025-12-31
ST07,SKU03222,156,73,29,2025-11-07
ST30,SKU01520,114,59,20,2025-12-11
ST20,SKU04018,26,61,12,2025-12-01
ST12,SKU04102,100,38,13,2025-12-09
ST28,SKU03755,80,30,15,2025-11-19
ST12,SKU02238,19,78,27,2025-12-07
ST18,SKU00215,84,34,8,2025-11-21
ST21,SKU01756,206,76,31,2025-12-16
ST14,SKU02778,174,63,21,2025-12-13
ST20,SKU03933,19,25,11,2025-11-17
ST20,SKU01256,169,66,17,2025-11-26
ST23,SKU00671,32,25,12,2025-11-22
ST07,SKU01319,54,96,19,2025-11-18
ST04,SKU01827,49,61,28,2025-12-30
ST11,SKU04277,89,39,9,2025-11-21
ST29,SKU01136,138,69,20,2025-12-28
ST10,SKU02156,98,53,16,2025-11-23
ST02,SKU03922,191,91,42,2025-12-09
ST24,SKU03287,116,47,19,2025-12-06
ST05,SKU03937,22,38,9,2025-11-30
ST18,SKU01494,52,57,12,2025-11-28
ST08,SKU02031,76,55,13,2025-12-04
ST04,SKU00043,107,68,26,2025-12-23
ST17,SKU04759,102,45,13,2025-11-02
ST05,SKU00786,84,36,18,2025-12-07
ST06,SKU04495,110,99,43,2025-12-23
ST08,SKU04480,52,28,7,2025-11-21
ST30,SKU00193,79,73,15,2025-12-31
ST24,SKU00503,40,36,11,2025-11-20
ST16,SKU01912,29,67,27,2025-11-11
ST25,SKU02771,74,37,12,2025-12-23
ST20,SKU02959,5,25,5,2025-11-19
ST22,SKU03201,66,65,17,2025-12-17
ST24,SKU02601,226,76,22,2025-12-05
ST05,SKU00611,208,88,38,2025-12-17
ST03,SKU04940,46,50,12,2025-11-19
ST22,SKU01005,25,31,9,2025-12-13
ST16,SKU02857,178,71,26,2025-11-02
ST06,SKU02613,60,41,15,2025-11-13
ST02,SKU03152,15,26,6,2025-11-24
ST22,SKU01756,114,63,13,2025-11-14
ST20,SKU00971,46,65,27,2025-12-10
ST14,SKU04763,25,28,9,2025-12-04
ST28,SKU00049,50,35,7,2025-12-29
ST26,SKU01570,67,49,23,2025-11-20
ST10,SKU02813,274,96,20,2025-12-19
ST20,SKU02094,75,37,11,2025-12-05
ST10,SKU02869,21,31,15,2025-11-11
ST30,SKU03255,151,52,16,2025-11-12
ST28,SKU00347,26,40,16,2025-11-20
ST26,SKU01195,83,97,48,2025-11-22
ST16,SKU00970,93,54,13,2025-11-27
ST29,SKU00265,110,39,12,2025-11-28
ST03,SKU01846,160,58,18,2025-12-20
ST21,SKU01688,13,34,8,2025-12-09
ST05,SKU02987,237,91,27,2025-11-17
ST02,SKU03029,5,33,10,2025-12-07
ST28,SKU04516,198,89,44,2025-12-08
ST24,SKU04348,16,46,10,2025-11-28
ST04,SKU00768,66,36,16,2025-11-23
ST10,SKU00400,210,76,25,2025-12-27
ST01,SKU01423,169,62,13,2025-11-19
ST29,SKU03083,110,56,17,2025-12-13
ST02,SKU03883,50,89,23,2025-11-19
ST21,SKU01815,38,43,13,2025-12-30
ST23,SKU01948,123,62,27,2025-11-06
ST26,SKU04564,257,99,46,2025-11-23
ST23,SKU03063,4,44,11,2025-11-19
ST12,SKU03175,25,66,30,2025-12-09
ST16,SKU03227,8,57,23,2025-11-20
ST07,SKU04138,28,46,9,2025-12-03
ST02,SKU02106,12,31,11,2025-11-21
ST24,SKU02723,19,23,10,2025-12-25
ST04,SKU03842,149,58,23,2025-11-07
ST28,SKU02536,88,79,18,2025-12-05
ST20,SKU03753,175,62,25,2025-12-03
ST23,SKU01888,53,44,12,2025-12-24
ST19,SKU00726,98,36,17,2025-12-22
ST22,SKU04581,12,26,12,2025-12-30
ST24,SKU03439,50,48,13,2025-12-10
ST01,SKU03286,11,80,39,2025-12-10
ST16,SKU04401,69,42,18,2025-12-27
ST25,SKU02577,86,35,14,2025-11-24
ST01,SKU03516,8,97,43,2025-11-14
ST10,SKU02754,158,69,15,2025-12-09
ST23,SKU00299,46,23,5,2025-12-20
ST15,SKU02040,23,91,38,2025-11-13
ST04,SKU04626,140,81,19,2025-11-04
ST16,SKU02564,174,71,29,2025-11-08
ST01,SKU02803,75,37,13,2025-12-31
ST26,SKU03924,92,69,17,2025-11-08
ST17,SKU00918,55,49,10,2025-11-21
ST18,SKU04999,62,42,12,2025-12-18
ST07,SKU00014,33,76,17,2025-11-28
ST30,SKU01814,24,53,18,2025-11-28
ST03,SKU01156,119,89,33,2025-11-08
ST28,SKU00128,124,53,25,2025-12-17
ST08,SKU01601,30,21,10,2025-11-12
ST29,SKU00316,161,54,13,2025-11-19
ST16,SKU02271,71,29,6,2025-11-23
ST09,SKU01639,25,25,6,2025-12-10
ST17,SKU02692,30,49,24,2025-12-04
ST04,SKU04587,17,27,7,2025-11-15
ST08,SKU04683,176,60,19,2025-12-29
ST18,SKU02319,158,81,21,2025-12-20
ST01,SKU02032,290,98,35,2025-11-15
ST17,SKU02827,71,39,11,2025-11-19
ST03,SKU00476,179,64,29,2025-12-21
ST16,SKU01457,40,37,13,2025-11-15
ST08,SKU00277,3,66,22,2025-11-19
ST23,SKU01362,108,77,19,2025-11-12
ST30,SKU02513,192,89,38,2025-12-29
ST27,SKU03615,113,38,18,2025-11-25
ST30,SKU02851,185,63,15,2025-12-18
ST12,SKU01027,124,58,26,2025-11-15
ST08,SKU04175,21,40,10,2025-11-15
ST16,SKU03782,63,28,10,2025-12-03
ST03,SKU00134,25,36,14,2025-11-24
ST14,SKU00674,175,79,31,2025-12-20
ST25,SKU04402,6,59,15,2025-12-08
ST23,SKU04277,154,76,29,2025-12-22
ST24,SKU04950,45,44,18,2025-12-11
ST07,SKU04373,36,37,16,2025-11-24
ST02,SKU00781,97,40,16,2025-12-16
ST23,SKU03775,110,69,16,2025-12-27
ST21,SKU01130,150,54,14,2025-11-04
ST28,SKU03732,160,80,20,2025-12-16
ST27,SKU00200,5,44,22,2025-11-02
ST13,SKU00908,94,63,20,2025-11-21
ST06,SKU02081,90,61,26,2025-12-06
ST22,SKU00110,132,50,18,2025-12-23
ST09,SKU04075,59,94,28,2025-12-13
ST29,SKU02427,11,75,15,2025-11-08
ST25,SKU00776,110,56,26,2025-12-19
ST07,SKU03136,108,54,24,2025-12-04
ST01,SKU03908,70,35,17,2025-12-05
ST04,SKU01387,37,69,23,2025-12-01
ST26,SKU04779,135,55,21,2025-11-21
ST02,SKU03945,1,78,34,2025-12-18
ST05,SKU04135,32,75,33,2025-12-17
ST24,SKU02465,103,39,14,2025-11-05
ST01,SKU01785,87,90,20,2025-11-08
ST01,SKU00059,222,92,23,2025-11-29
ST12,SKU00596,28,71,34,2025-12-23
ST25,SKU04766,6,69,15,2025-12-09
ST30,SKU00018,42,66,13,2025-12-01
ST01,SKU00307,140,78,33,2025-11-26
ST27,SKU00112,142,57,11,2025-12-22
ST07,SKU00743,12,33,8,2025-12-30
ST09,SKU04225,169,65,17,2025-12-14
ST28,SKU04817,39,26,11,2025-12-26
ST20,SKU03575,18,86,19,2025-11-02
ST02,SKU03200,137,90,21,2025-12-20
ST27,SKU04961,119,44,11,2025-12-17
ST03,SKU00143,79,44,17,2025-11-24
ST02,SKU02050,39,79,21,2025-12-02
ST04,SKU04712,159,65,30,2025-11-24
ST10,SKU02695,15,78,25,2025-11-03
ST27,SKU02143,42,48,17,2025-12-16
ST28,SKU01842,0,78,24,2025-11-02
ST07,SKU02354,174,71,23,2025-12-13
ST26,SKU01976,124,67,23,2025-11-11
ST17,SKU04142,59,73,21,2025-12-04
ST30,SKU03529,24,29,10,2025-11-17
ST19,SKU00776,76,37,12,2025-12-31
ST11,SKU03275,42,95,25,2025-11-07
ST11,SKU00034,91,88,41,2025-12-24
ST02,SKU03262,4,99,23,2025-12-26
ST03,SKU04570,111,66,14,2025-12-09
ST06,SKU02957,69,92,23,2025-11-13
ST30,SKU01331,229,85,29,2025-12-21
ST17,SKU02523,136,94,27,2025-12-08
ST02,SKU04086,21,62,31,2025-11-30
ST25,SKU01829,123,90,45,2025-11-02
ST29,SKU00820,269,94,38,2025-12-10
ST03,SKU02716,31,38,15,2025-12-10
ST01,SKU01243,202,85,39,2025-11-13
ST23,SKU02630,15,33,8,2025-11-04
ST01,SKU02310,1,72,36,2025-12-02
ST29,SKU00603,14,28,11,2025-11-14
ST03,SKU03568,161,76,30,2025-11-24
ST06,SKU03987,13,27,12,2025-11-11
ST02,SKU00538,104,65,16,2025-12-02
ST20,SKU04154,202,80,19,2025-12-21
ST17,SKU03809,35,70,30,2025-11-04
ST30,SKU04403,31,44,11,2025-11-25
ST02,SKU03981,67,91,38,2025-12-13
ST21,SKU03503,130,46,21,2025-11-30
ST04,SKU01667,110,79,22,2025-12-19
ST25,SKU04883,156,81,31,2025-12-19
ST11,SKU04311,59,26,9,2025-12-04
ST15,SKU02886,33,35,15,2025-11-08
ST28,SKU02860,181,96,37,2025-12-10
ST15,SKU03855,159,67,29,2025-11-26
ST11,SKU00294,9,20,8,2025-12-17
ST11,SKU03216,122,72,28,2025-11-04
ST04,SKU02315,110,38,12,2025-12-14
ST30,SKU00153,82,46,17,2025-12-24
ST07,SKU04085,16,83,38,2025-12-25
ST10,SKU00510,6,58,26,2025-11-29
ST08,SKU03135,151,93,34,2025-12-28
ST17,SKU00729,37,58,13,2025-12-29
ST28,SKU01236,184,67,15,2025-11-06
ST16,SKU03438,74,70,20,2025-12-15
ST05,SKU04844,160,76,37,2025-11-09
ST10,SKU02398,96,63,13,2025-11-23
ST26,SKU02661,69,48,22,2025-11-26
ST13,SKU03517,2,49,24,2025-12-13
ST28,SKU01825,18,20,5,2025-11-07
ST09,SKU03944,230,92,28,2025-11-05
ST17,SKU04180,95,53,25,2025-12-22
ST03,SKU00060,70,84,20,2025-11-27
ST19,SKU00842,56,52,23,2025-12-04
ST08,SKU01044,16,69,27,2025-11-24
ST03,SKU03403,203,79,36,2025-12-09
ST27,SKU04060,26,58,18,2025-11-13
ST14,SKU01029,105,55,13,2025-11-26
ST17,SKU00949,91,58,22,2025-12-12
ST05,SKU01383,106,68,28,2025-12-11
ST24,SKU00351,85,57,14,2025-11-12
ST10,SKU03992,211,80,22,2025-12-30
ST16,SKU01206,88,71,24,2025-11-12
ST08,SKU02101,70,84,31,2025-12-01
ST25,SKU04084,107,83,26,2025-12-13
ST06,SKU03485,152,83,31,2025-11-09
ST07,SKU03202,79,41,15,2025-12-31
ST17,SKU04438,14,52,12,2025-11-23
ST02,SKU03891,1,74,22,2025-11-01
ST16,SKU01650,11,49,16,2025-11-06
ST05,SKU04731,207,71,26,2025-12-06
ST12,SKU02606,60,53,24,2025-11-12
ST23,SKU01087,9,55,24,2025-11-08
ST17,SKU04481,232,80,35,2025-11-08
ST08,SKU03015,79,29,11,2025-12-15
ST27,SKU00476,249,87,32,2025-11-14
ST25,SKU00397,162,67,30,2025-12-21
ST18,SKU00879,30,20,5,2025-11-12
ST02,SKU03636,29,23,6,2025-11-26
ST11,SKU02657,56,49,11,2025-12-11
ST22,SKU00506,102,98,48,2025-12-15
ST10,SKU03171,21,21,10,2025-11-09
ST16,SKU01967,158,69,27,2025-12-16
ST26,SKU00880,15,76,19,2025-12-15
ST04,SKU02850,36,37,7,2025-12-15
ST30,SKU00547,77,29,11,2025-12-15
ST11,SKU02494,182,78,32,2025-11-27
ST30,SKU02073,4,82,34,2025-11-18
ST06,SKU02044,24,66,24,2025-11-20
ST13,SKU03239,7,82,17,2025-11-20
ST08,SKU01391,14,66,22,2025-12-26
ST29,SKU04244,81,62,16,2025-12-22
ST14,SKU03222,145,64,19,2025-12-17
ST18,SKU00035,6,57,27,2025-11-12
ST16,SKU01312,179,83,26,2025-12-16
ST15,SKU04916,87,42,20,2025-11-05
ST11,SKU04719,188,79,22,2025-12-16
ST18,SKU01063,78,52,15,2025-11-25
ST03,SKU03579,157,53,23,2025-12-28
ST29,SKU00017,64,35,10,2025-12-15
ST04,SKU04467,174,78,21,2025-12-05
ST22,SKU03575,156,77,31,2025-12-13
ST25,SKU02109,25,46,12,2025-12-28
ST27,SKU01216,34,24,11,2025-11-01
ST11,SKU01861,98,60,25,2025-12-25
ST23,SKU00418,234,93,28,2025-11-20
ST09,SKU01341,31,36,12,2025-11-15
ST13,SKU01887,134,84,33,2025-11-22
ST21,SKU04805,75,34,14,2025-11-18
ST12,SKU02787,9,20,5,2025-12-01
ST09,SKU00763,66,26,7,2025-11-23
ST18,SKU00823,160,86,43,2025-12-03
ST15,SKU00283,45,71,19,2025-11-12
ST03,SKU02424,96,92,23,2025-11-24
ST13,SKU01238,251,88,28,2025-12-05
ST22,SKU03881,105,52,22,2025-11-20
ST26,SKU02497,121,64,15,2025-11-22
ST24,SKU00528,246,88,27,2025-12-22
ST26,SKU02147,6,52,11,2025-11-16
ST09,SKU04245,41,34,9,2025-11-19
ST29,SKU00990,131,68,33,2025-12-05
ST13,SKU03335,12,87,31,2025-12-18
ST02,SKU04202,69,89,43,2025-11-08
ST16,SKU03542,87,95,43,2025-11-20
ST29,SKU03223,60,70,35,2025-11-29
ST05,SKU02822,78,38,11,2025-12-09
ST18,SKU02785,246,91,32,2025-11-22
ST15,SKU04920,185,72,26,2025-12-22
ST05,SKU02659,59,29,10,2025-12-09
ST07,SKU01858,98,33,7,2025-11-11
ST12,SKU04032,52,27,10,2025-11-02
ST01,SKU00324,243,86,35,2025-11-27
ST14,SKU04202,46,28,13,2025-11-18
ST06,SKU02868,141,96,42,2025-12-08
ST08,SKU03980,43,72,22,2025-12-04
ST13,SKU03488,149,86,24,2025-11-21
ST11,SKU01498,3,49,18,2025-11-12
ST21,SKU02716,263,88,42,2025-11-22
ST23,SKU00653,40,25,6,2025-11-08
ST08,SKU00253,11,65,20,2025-11-10
ST30,SKU03432,170,84,32,2025-11-28
ST19,SKU02575,4,29,7,2025-12-26
ST12,SKU04561,176,87,37,2025-12-01
ST19,SKU03049,12,45,19,2025-11-11
ST18,SKU03221,99,48,18,2025-11-28
ST11,SKU01638,227,89,21,2025-11-14
ST15,SKU03200,188,70,32,2025-12-21
ST22,SKU01019,125,84,18,2025-12-22
ST22,SKU03240,113,91,45,2025-11-28
ST20,SKU02848,253,86,31,2025-11-26
ST30,SKU02258,55,87,31,2025-12-19
ST01,SKU01007,21,91,28,2025-11-08
ST01,SKU03775,38,82,30,2025-12-04
ST23,SKU00799,183,79,37,2025-12-14
ST10,SKU03826,18,35,11,2025-12-17
ST28,SKU03587,42,39,12,2025-11-10
ST04,SKU02213,16,49,23,2025-12-18
ST20,SKU03937,128,46,13,2025-12-07
ST19,SKU00883,33,25,8,2025-11-17
ST28,SKU01389,107,68,15,2025-12-16
ST11,SKU04517,33,54,14,2025-11-19
ST12,SKU03714,88,63,16,2025-11-08
ST03,SKU02808,118,66,29,2025-11-16
ST15,SKU02486,6,68,34,2025-11-29
ST18,SKU00276,39,85,19,2025-11-26
ST14,SKU02585,171,84,25,2025-12-31
ST29,SKU04503,38,29,7,2025-11-29
ST27,SKU02283,143,75,31,2025-12-09
ST20,SKU03854,27,29,10,2025-12-17
ST18,SKU00785,94,44,14,2025-11-16
ST16,SKU02789,73,48,21,2025-11-10
ST15,SKU01945,176,69,27,2025-11-21
ST19,SKU04263,119,47,16,2025-11-11
ST16,SKU02966,74,39,9,2025-12-28
ST06,SKU02877,105,92,29,2025-11-04
ST02,SKU02775,119,93,20,2025-12-09
ST03,SKU02836,190,82,23,2025-12-11
ST27,SKU00107,113,91,43,2025-12-31
ST25,SKU02656,99,51,15,2025-12-30
ST05,SKU00070,115,56,22,2025-12-14
ST18,SKU03755,57,23,10,2025-11-23
ST15,SKU02206,48,23,7,2025-12-12
ST14,SKU04542,76,43,10,2025-11-30
ST17,SKU00613,149,59,15,2025-11-15
ST05,SKU02835,21,98,36,2025-11-11
ST25,SKU03117,52,36,8,2025-11-14
ST23,SKU03334,48,51,12,2025-11-01
ST09,SKU02565,183,63,31,2025-12-08
ST13,SKU03017,29,20,7,2025-12-11
ST18,SKU04550,18,67,18,2025-11-15
ST25,SKU00691,8,47,13,2025-11-25
ST23,SKU03087,126,75,37,2025-11-15
ST02,SKU02103,152,57,20,2025-12-15
ST14,SKU01416,179,98,23,2025-12-05
ST11,SKU04951,8,98,26,2025-11-26
ST11,SKU01182,85,44,19,2025-12-08
ST02,SKU02669,69,68,27,2025-12-13
ST21,SKU01587,160,72,25,2025-12-23
ST11,SKU02312,249,94,28,2025-12-24
ST14,SKU03351,12,24,10,2025-12-05
ST05,SKU01188,4,20,5,2025-11-15
ST28,SKU02535,113,73,23,2025-12-30
ST18,SKU02891,145,52,24,2025-11-17
ST01,SKU03912,60,24,7,2025-11-09
ST25,SKU00004,148,99,35,2025-12-03
ST29,SKU03048,17,53,13,2025-11-08
ST27,SKU03107,50,64,13,2025-11-29
ST22,SKU01596,42,61,20,2025-11-30
ST10,SKU01744,2,33,8,2025-12-23
ST01,SKU02960,100,44,19,2025-12-29
ST08,SKU04550,3,59,14,2025-11-04
ST14,SKU03797,71,55,26,2025-12-07
ST24,SKU00076,33,35,14,2025-12-11
ST06,SKU02382,77,33,7,2025-11-13
ST21,SKU03513,163,60,17,2025-11-04
ST12,SKU02937,248,89,24,2025-11-29
ST30,SKU04464,139,54,27,2025-11-05
ST23,SKU00334,46,45,14,2025-12-23
ST19,SKU01923,63,91,21,2025-12-30
ST12,SKU04452,50,99,43,2025-12-06
ST15,SKU02488,121,63,18,2025-11-24
ST19,SKU03437,266,98,26,2025-12-18
ST02,SKU01903,142,60,14,2025-11-22
ST11,SKU00928,60,34,15,2025-12-26
ST29,SKU03615,58,45,14,2025-12-25
ST10,SKU01463,151,54,27,2025-11-30
ST02,SKU03213,73,45,13,2025-11-06
ST16,SKU03409,67,28,7,2025-12-29
ST08,SKU04270,159,94,26,2025-11-07
ST22,SKU00112,135,69,17,2025-11-20
ST15,SKU01855,26,52,16,2025-12-24
ST14,SKU02145,2,57,25,2025-11-08
ST07,SKU03723,15,91,41,2025-11-17
ST26,SKU03102,74,50,20,2025-12-12
ST03,SKU02532,144,54,24,2025-12-16
ST19,SKU00407,9,45,15,2025-11-27
ST12,SKU00784,79,76,20,2025-12-18
ST16,SKU03944,110,53,16,2025-11-19
ST12,SKU04588,158,94,36,2025-12-31
ST10,SKU03805,96,54,26,2025-11-12
ST04,SKU03954,215,91,24,2025-11-24
ST29,SKU03976,296,99,39,2025-12-28
ST04,SKU01891,203,70,34,2025-11-22
ST29,SKU02529,30,29,7,2025-12-31
ST30,SKU03002,120,65,14,2025-12-23
ST21,SKU01028,112,76,25,2025-12-21
ST24,SKU03576,14,21,5,2025-12-11
ST21,SKU04201,15,25,9,2025-11-11
ST15,SKU04695,109,90,34,2025-11-22
ST26,SKU01278,109,88,41,2025-11-28
ST30,SKU00408,0,31,8,2025-12-12
ST04,SKU00896,38,24,11,2025-12-10
ST28,SKU03024,132,48,13,2025-12-11
ST30,SKU01115,3,25,11,2025-12-07
ST13,SKU02641,233,79,24,2025-12-04
ST27,SKU04776,226,82,41,2025-11-02
ST08,SKU03236,91,60,24,2025-12-03
ST22,SKU02204,19,21,10,2025-12-21
ST30,SKU02786,14,21,9,2025-12-23
ST25,SKU01405,73,29,12,2025-11-21
ST08,SKU02298,52,28,13,2025-12-29
ST23,SKU00471,13,43,16,2025-11-07
ST25,SKU02967,125,79,23,2025-12-10
ST17,SKU03471,84,48,19,2025-11-20
ST16,SKU04828,44,62,15,2025-11-03
ST23,SKU04959,44,22,7,2025-12-18
ST14,SKU04838,110,67,31,2025-12-13
ST21,SKU00765,33,39,15,2025-12-01
ST19,SKU04386,14,27,12,2025-11-20
ST03,SKU01373,28,36,17,2025-12-06
ST25,SKU03714,53,32,7,2025-11-20
ST14,SKU04518,41,31,10,2025-12-24
ST05,SKU03276,84,46,14,2025-12-25
ST26,SKU02582,145,83,34,2025-12-17
ST07,SKU00034,45,25,8,2025-11-21
ST04,SKU00912,50,96,36,2025-11-20
ST17,SKU02392,125,69,31,2025-12-03
ST23,SKU00761,94,54,20,2025-12-12
ST26,SKU00446,9,21,7,2025-11-15
ST12,SKU03298,258,88,22,2025-11-09
ST09,SKU04188,75,74,30,2025-12-27
ST06,SKU00361,1,25,7,2025-12-12
ST13,SKU02855,85,37,14,2025-12-09
ST29,SKU01771,60,25,9,2025-12-17
ST10,SKU04807,176,64,31,2025-12-25
ST24,SKU01602,159,61,14,2025-11-28
ST26,SKU04434,0,43,12,2025-11-17
ST17,SKU02065,48,71,24,2025-11-11
ST02,SKU02853,13,34,12,2025-12-12
ST22,SKU00834,51,23,6,2025-12-11
ST29,SKU01151,192,86,28,2025-12-09
ST14,SKU04553,8,48,23,2025-11-03
ST16,SKU01997,144,54,24,2025-12-13
ST24,SKU01550,97,39,10,2025-12-30
ST19,SKU00349,74,75,21,2025-11-29
ST25,SKU00968,12,57,13,2025-12-08
ST04,SKU00967,119,51,11,2025-11-22
ST14,SKU01582,76,31,8,2025-11-30
ST05,SKU01181,65,23,6,2025-12-20
ST15,SKU03719,31,71,30,2025-11-03
ST01,SKU01842,72,95,43,2025-11-02
ST13,SKU00487,31,49,21,2025-11-03
ST22,SKU04762,136,65,22,2025-12-03
ST14,SKU00318,185,79,30,2025-11-19
ST08,SKU02695,29,25,12,2025-11-24
ST01,SKU03604,46,54,18,2025-11-04
ST10,SKU03925,171,94,26,2025-11-23
ST17,SKU04294,132,61,13,2025-12-08
ST28,SKU03301,226,84,26,2025-11-12
ST17,SKU02080,11,29,6,2025-11-07
ST01,SKU04673,202,76,22,2025-12-02
ST11,SKU03901,126,58,28,2025-11-14
ST09,SKU02427,120,71,29,2025-11-11
ST30,SKU02834,100,36,11,2025-11-21
ST06,SKU01418,82,57,15,2025-11-22
ST28,SKU01551,61,62,19,2025-12-20
ST20,SKU02009,75,94,47,2025-12-01
ST17,SKU01467,124,69,34,2025-12-13
ST13,SKU04063,18,52,17,2025-12-02
ST19,SKU01990,44,35,15,2025-11-18
ST17,SKU02245,0,79,19,2025-12-08
ST14,SKU02965,142,51,19,2025-12-06
ST30,SKU03124,18,89,24,2025-12-02
ST11,SKU04953,37,92,20,2025-11-22
ST22,SKU02942,53,68,26,2025-11-24
ST08,SKU04952,206,94,31,2025-11-29
ST12,SKU02524,116,58,25,2025-12-05
ST19,SKU04620,17,24,8,2025-12-26
ST25,SKU01395,75,31,6,2025-11-15
ST13,SKU04173,79,42,12,2025-12-15
ST28,SKU00367,181,74,33,2025-12-08
ST14,SKU01647,114,47,18,2025-11-06
ST22,SKU02160,137,47,14,2025-11-01
ST11,SKU03214,12,57,16,2025-12-26
ST16,SKU03004,253,100,39,2025-12-29
ST11,SKU00308,106,81,22,2025-12-15
ST04,SKU01606,111,96,41,2025-11-27
ST26,SKU01211,168,88,19,2025-12-27
ST11,SKU03968,83,41,19,2025-12-11
ST05,SKU02940,103,49,10,2025-11-19
ST05,SKU04418,138,66,22,2025-12-23
ST20,SKU01044,91,33,14,2025-11-02
ST25,SKU04245,58,36,15,2025-12-25
ST04,SKU03437,232,99,30,2025-12-02
ST24,SKU03168,214,73,27,2025-12-27
ST09,SKU02586,168,75,26,2025-11-04
ST11,SKU02248,180,98,45,2025-12-29
ST13,SKU04660,42,68,14,2025-12-15
ST17,SKU00520,40,25,11,2025-12-31
ST22,SKU04041,64,72,23,2025-12-31
ST04,SKU01600,106,43,18,2025-11-30
ST22,SKU02183,42,34,16,2025-11-21
ST15,SKU03379,19,69,34,2025-12-31
ST24,SKU02295,47,99,27,2025-11-05
ST26,SKU02364,22,27,6,2025-11-26
ST18,SKU00344,151,67,14,2025-11-05
ST06,SKU01161,120,70,26,2025-11-14
ST11,SKU02988,112,65,22,2025-12-12
ST21,SKU04369,254,85,37,2025-12-16
ST18,SKU00428,112,49,23,2025-11-30
ST03,SKU04971,168,58,15,2025-11-13
ST29,SKU01158,242,82,19,2025-12-08
ST29,SKU03196,76,31,14,2025-12-09
ST18,SKU00742,0,20,9,2025-11-12
ST16,SKU03214,140,48,15,2025-12-01
ST29,SKU01774,161,77,21,2025-12-01
ST10,SKU03502,68,33,7,2025-11-21
ST27,SKU02877,130,86,31,2025-12-26
ST01,SKU01086,32,91,35,2025-12-21
ST11,SKU00893,24,32,12,2025-12-23
ST20,SKU00712,93,65,22,2025-11-11
ST27,SKU01378,50,99,23,2025-12-11
ST20,SKU01735,186,78,28,2025-12-15
ST06,SKU03100,91,67,21,2025-11-27
ST28,SKU02996,99,65,27,2025-12-15
ST23,SKU02137,179,69,34,2025-11-30
ST03,SKU00323,138,98,37,2025-11-02
ST12,SKU02448,119,93,33,2025-11-08
ST01,SKU00614,153,98,29,2025-11-04
ST24,SKU00945,1,63,16,2025-11-26
ST26,SKU03935,130,58,15,2025-12-07
ST09,SKU03568,185,75,18,2025-11-03
ST16,SKU03448,24,27,11,2025-11-22
ST13,SKU02016,51,68,32,2025-12-14
ST04,SKU04364,222,79,22,2025-11-22
ST18,SKU00360,137,93,27,2025-11-25
ST14,SKU00134,21,75,33,2025-12-07
ST05,SKU00228,141,50,23,2025-12-01
ST21,SKU01786,9,60,21,2025-12-19
ST18,SKU03761,70,31,11,2025-12-17
ST15,SKU00946,31,33,8,2025-11-22
ST24,SKU03992,193,67,30,2025-12-30
ST17,SKU00240,36,87,24,2025-11-05
ST25,SKU02173,216,94,35,2025-12-17
ST09,SKU02192,83,28,12,2025-12-10
ST16,SKU04221,86,62,27,2025-11-03
ST09,SKU03149,36,39,13,2025-11-26
ST05,SKU04585,28,72,19,2025-12-08
ST29,SKU03086,103,68,19,2025-12-15
ST21,SKU02130,37,95,25,2025-11-04
ST01,SKU02386,162,58,21,2025-12-19
ST14,SKU00855,75,73,25,2025-11-09
ST09,SKU01596,176,87,37,2025-11-07
ST09,SKU00030,43,31,10,2025-12-19
ST03,SKU00928,133,88,33,2025-12-30
ST26,SKU00793,18,47,14,2025-12-10
ST03,SKU00568,54,31,10,2025-11-16
ST11,SKU04752,55,21,8,2025-12-10
ST02,SKU03080,118,65,27,2025-11-05
ST06,SKU03810,13,21,8,2025-11-08
ST20,SKU01797,40,25,10,2025-11-11
ST18,SKU00108,49,24,11,2025-11-03
ST11,SKU01130,98,82,18,2025-12-08
ST01,SKU02659,21,24,5,2025-11-03
ST07,SKU00013,56,45,18,2025-12-17
ST23,SKU01043,78,51,14,2025-12-16
ST01,SKU04117,29,84,37,2025-12-27
ST09,SKU02502,140,85,34,2025-11-14
ST13,SKU04546,186,67,23,2025-12-21
ST02,SKU03519,277,94,31,2025-12-26
ST06,SKU03767,112,70,19,2025-12-19
ST25,SKU04456,202,74,23,2025-11-05
ST09,SKU01164,165,90,24,2025-11-15
ST19,SKU03247,4,53,16,2025-11-06
ST02,SKU00191,50,35,10,2025-11-16
ST30,SKU04571,102,72,35,2025-11-30
ST09,SKU03066,127,63,24,2025-11-15
ST02,SKU02636,36,55,22,2025-11-16
ST24,SKU04719,51,22,5,2025-11-28
ST16,SKU02683,67,76,29,2025-11-12
ST18,SKU02795,91,80,31,2025-11-02
ST03,SKU00374,16,21,6,2025-11-16
ST06,SKU02406,30,50,20,2025-11-24
ST11,SKU00806,235,80,17,2025-11-11
ST03,SKU03901,74,31,14,2025-11-11
ST30,SKU00673,106,86,26,2025-12-18
ST13,SKU04981,89,44,14,2025-11-21
ST04,SKU02926,43,91,36,2025-11-03
ST01,SKU03373,29,91,28,2025-12-03
ST30,SKU04158,36,97,33,2025-11-17
ST25,SKU03533,25,31,15,2025-12-27
ST06,SKU02504,144,62,19,2025-11-30
ST30,SKU03847,22,21,7,2025-11-16
ST30,SKU04187,58,36,9,2025-12-26
ST23,SKU02389,173,72,35,2025-12-03
ST12,SKU03410,176,61,25,2025-11-15
ST18,SKU02564,179,62,21,2025-12-23
ST07,SKU04842,87,64,23,2025-12-21
ST18,SKU03277,28,61,25,2025-12-20
ST17,SKU02995,159,60,19,2025-11-08
ST09,SKU01151,30,20,10,2025-12-26
ST30,SKU01610,36,28,6,2025-11-22
ST11,SKU00235,128,61,27,2025-11-09
ST27,SKU02912,200,86,24,2025-12-08
ST05,SKU03969,5,64,13,2025-12-22
ST17,SKU03202,88,54,24,2025-12-01
ST14,SKU02795,103,49,11,2025-12-22
ST17,SKU03227,10,30,10,2025-11-08
ST08,SKU02659,171,89,42,2025-12-20
ST15,SKU03575,34,54,23,2025-12-19
ST16,SKU03007,7,20,7,2025-12-01
ST18,SKU02942,68,33,10,2025-12-13
ST29,SKU02479,29,100,27,2025-11-17
ST04,SKU03485,20,81,17,2025-12-16
ST20,SKU04452,110,52,16,2025-11-23
ST15,SKU03487,69,24,8,2025-11-03
ST14,SKU04463,49,28,7,2025-12-04
ST22,SKU02886,33,52,15,2025-11-09
ST16,SKU02241,161,54,21,2025-12-09
ST18,SKU03112,219,78,26,2025-12-24
ST26,SKU03601,137,54,26,2025-11-15
ST25,SKU04565,34,50,11,2025-12-24
ST02,SKU04635,17,38,14,2025-11-06
ST14,SKU02970,256,97,33,2025-12-24
ST01,SKU01194,10,75,33,2025-12-12
ST18,SKU04459,147,87,41,2025-11-23
ST23,SKU03078,15,78,23,2025-11-01
ST05,SKU03699,12,27,12,2025-11-17
ST07,SKU02957,103,92,43,2025-11-06
ST03,SKU02034,81,57,21,2025-12-03
ST29,SKU00283,176,88,38,2025-11-15
ST20,SKU00517,137,46,11,2025-11-06
ST17,SKU00048,218,90,42,2025-11-06
ST13,SKU00224,210,99,48,2025-12-13
ST17,SKU04544,19,62,28,2025-11-30
ST17,SKU04321,260,93,22,2025-12-29
ST24,SKU04566,34,36,7,2025-12-12
ST07,SKU04836,68,81,25,2025-11-18
ST05,SKU01776,97,59,17,2025-11-15
ST13,SKU02956,18,37,14,2025-12-09
ST12,SKU03597,22,23,5,2025-12-30
ST19,SKU02214,15,82,29,2025-12-19
ST25,SKU02774,241,95,45,2025-11-11
ST03,SKU01209,59,33,12,2025-11-11
ST25,SKU00490,75,69,15,2025-12-28
ST13,SKU04698,124,55,19,2025-12-29
ST29,SKU03130,236,91,36,2025-11-05
ST11,SKU01826,43,37,11,2025-12-18
ST11,SKU00761,25,33,16,2025-12-16
ST01,SKU02339,71,41,20,2025-12-10
ST14,SKU00489,73,32,13,2025-12-02
ST16,SKU01989,180,79,29,2025-11-30
ST02,SKU01305,30,21,7,2025-12-25
ST02,SKU03308,122,48,17,2025-11-18
ST22,SKU04307,2,61,19,2025-11-18
ST01,SKU01029,42,75,28,2025-11-13
ST29,SKU03699,233,80,21,2025-11-25
ST11,SKU00437,100,62,15,2025-12-10
ST16,SKU00449,59,92,45,2025-12-28
ST22,SKU02351,197,85,24,2025-12-21
ST13,SKU01861,82,53,20,2025-11-14
ST04,SKU04716,4,49,20,2025-11-12
ST07,SKU04286,34,66,25,2025-11-06
ST02,SKU04475,59,79,33,2025-12-21
ST18,SKU03881,53,38,11,2025-12-29
ST14,SKU01902,54,23,11,2025-11-07
ST12,SKU00926,51,41,13,2025-12-04
ST03,SKU03059,70,60,22,2025-12-10
ST13,SKU03494,160,59,15,2025-12-21
ST22,SKU03322,74,60,19,2025-12-14
ST30,SKU02447,188,96,39,2025-12-05
ST09,SKU00713,151,59,22,2025-11-27
ST02,SKU02004,82,42,14,2025-11-29
ST16,SKU04409,202,78,19,2025-11-21
ST11,SKU04033,56,20,5,2025-11-28
ST05,SKU04463,28,84,41,2025-11-16
ST22,SKU03359,66,60,26,2025-11-30
ST21,SKU03229,110,59,19,2025-11-01
ST05,SKU03518,123,62,29,2025-12-17
ST26,SKU00304,31,21,5,2025-12-06
ST12,SKU02114,72,28,6,2025-11-02
ST08,SKU02020,104,56,28,2025-11-26
ST15,SKU00968,139,49,18,2025-11-29
ST23,SKU03711,63,78,38,2025-11-02
ST12,SKU00745,99,37,13,2025-11-07
ST20,SKU00877,14,43,15,2025-11-11
ST30,SKU01124,197,68,28,2025-12-05
ST09,SKU04920,150,59,20,2025-11-11
ST19,SKU02573,55,90,30,2025-11-22
ST07,SKU01119,60,41,15,2025-11-09
ST22,SKU04313,112,75,20,2025-11-16
ST09,SKU04819,59,28,9,2025-11-17
ST04,SKU03961,181,82,34,2025-12-09
ST24,SKU01875,8,23,8,2025-12-05
ST04,SKU03910,61,82,32,2025-11-09
ST08,SKU02289,26,82,40,2025-11-07
ST06,SKU03012,7,20,8,2025-12-22
ST06,SKU02116,47,24,8,2025-11-01
ST01,SKU02021,84,60,28,2025-11-27
ST23,SKU00997,68,41,18,2025-12-07
ST30,SKU04523,99,43,14,2025-11-03
ST01,SKU04340,77,70,29,2025-11-16
ST26,SKU04712,179,77,27,2025-11-22
ST02,SKU03784,59,55,21,2025-12-12
ST03,SKU03845,238,85,33,2025-11-27
ST02,SKU02618,188,71,25,2025-12-29
ST21,SKU04563,72,36,12,2025-11-03
ST22,SKU00264,88,30,9,2025-12-20
ST05,SKU00811,261,95,27,2025-11-27
ST12,SKU02297,50,24,11,2025-11-07
ST29,SKU00411,92,92,28,2025-11-30
ST09,SKU00560,76,96,35,2025-11-04
ST27,SKU00997,140,84,17,2025-12-02
ST26,SKU02680,112,76,34,2025-12-27
ST22,SKU00404,131,92,45,2025-12-18
ST11,SKU01778,110,59,17,2025-11-03
ST02,SKU03890,26,21,9,2025-12-16
ST29,SKU03961,150,76,34,2025-11-07
ST11,SKU02219,24,42,18,2025-11-23
ST15,SKU02811,124,48,21,2025-12-28
ST02,SKU02932,64,27,9,2025-12-18
ST06,SKU00333,113,95,25,2025-11-22
ST21,SKU03897,175,100,36,2025-11-06
ST08,SKU02789,76,54,25,2025-11-07
ST28,SKU00291,59,52,18,2025-12-20
ST04,SKU04745,138,58,28,2025-12-14
ST05,SKU03568,183,94,22,2025-12-23
ST17,SKU02469,147,100,29,2025-12-29
ST04,SKU03380,178,66,30,2025-12-19
ST21,SKU02977,38,49,24,2025-11-16
ST13,SKU03780,228,89,35,2025-12-28
ST19,SKU00746,37,20,7,2025-11-09
ST02,SKU00704,37,39,14,2025-11-16
ST24,SKU00680,80,73,17,2025-12-18
ST08,SKU03641,43,29,12,2025-11-04
ST01,SKU02999,208,83,19,2025-12-17
ST21,SKU00893,29,29,8,2025-12-20
ST13,SKU03112,86,41,9,2025-12-08
ST19,SKU04091,66,80,39,2025-12-20
ST13,SKU02819,68,79,28,2025-11-11
ST15,SKU01748,55,54,23,2025-11-20
ST16,SKU01116,71,49,15,2025-11-10
ST06,SKU00267,0,42,15,2025-11-28
ST15,SKU01472,195,74,36,2025-12-24
ST15,SKU03917,33,78,35,2025-12-04
ST03,SKU00704,126,93,23,2025-11-05
ST04,SKU02936,87,41,10,2025-11-02
ST07,SKU02616,91,68,29,2025-11-07
ST15,SKU03934,16,89,19,2025-12-25
ST27,SKU03479,80,77,24,2025-11-01
ST16,SKU00303,48,26,11,2025-12-23
ST24,SKU03544,248,88,19,2025-11-16
ST16,SKU00738,18,46,14,2025-12-20
ST16,SKU03374,63,85,41,2025-11-24
ST29,SKU03329,123,43,10,2025-11-26
ST22,SKU00411,5,25,7,2025-12-07
ST12,SKU00377,281,94,22,2025-11-16
ST25,SKU01608,128,63,15,2025-11-20
ST11,SKU02651,36,57,15,2025-12-22
ST04,SKU00706,210,100,48,2025-12-04
ST11,SKU04486,57,69,28,2025-11-17
ST03,SKU03025,172,80,36,2025-12-24
ST30,SKU01272,66,90,19,2025-11-29
ST14,SKU00633,37,77,19,2025-11-17
ST01,SKU02040,51,79,36,2025-11-12
ST15,SKU00735,49,41,11,2025-12-27
ST11,SKU00061,41,52,12,2025-11-28
ST18,SKU00486,81,31,9,2025-12-06
ST07,SKU02945,141,54,17,2025-12-10
ST26,SKU00283,192,86,33,2025-11-28
ST20,SKU00796,9,92,30,2025-11-04
ST28,SKU02021,38,78,22,2025-11-04
ST18,SKU00852,185,79,27,2025-11-17
ST06,SKU04811,111,40,14,2025-12-12
ST05,SKU04487,8,27,8,2025-11-06
ST09,SKU00102,24,93,39,2025-12-23
ST21,SKU02731,176,80,24,2025-11-26
ST13,SKU01382,95,97,32,2025-11-20
ST14,SKU01597,49,34,10,2025-11-02
ST26,SKU00569,14,39,13,2025-11-26
ST19,SKU00634,208,85,26,2025-11-18
ST06,SKU04828,123,48,16,2025-12-18
ST29,SKU01081,57,65,20,2025-11-10
ST07,SKU03769,11,48,18,2025-12-21
ST03,SKU04711,166,75,35,2025-11-12
ST27,SKU01390,48,21,9,2025-11-22
ST07,SKU03112,104,70,28,2025-11-30
ST30,SKU03977,146,56,22,2025-11-12
ST11,SKU02029,102,46,15,2025-12-27
ST02,SKU03362,103,48,24,2025-11-01
ST26,SKU04609,160,92,27,2025-12-09
ST11,SKU01460,184,67,15,2025-12-28
ST26,SKU00606,169,98,44,2025-12-31
ST06,SKU01392,82,37,16,2025-11-18
ST23,SKU02967,145,73,16,2025-12-09
ST08,SKU02911,33,28,10,2025-12-08
ST13,SKU03981,61,37,8,2025-12-12
ST01,SKU00351,44,70,31,2025-12-27
ST03,SKU00079,138,48,12,2025-12-30
ST22,SKU01714,27,71,19,2025-12-15
ST16,SKU01783,28,21,9,2025-11-16
ST16,SKU03134,7,51,21,2025-12-25
ST20,SKU02888,27,56,17,2025-12-19
ST05,SKU04093,122,78,30,2025-11-27
ST15,SKU01386,121,87,18,2025-12-03
ST01,SKU03811,150,54,27,2025-12-07
ST26,SKU00309,124,72,20,2025-11-07
ST14,SKU02401,85,56,25,2025-11-04
ST08,SKU04634,35,42,12,2025-11-04
ST01,SKU02305,63,37,9,2025-12-29
ST20,SKU04204,36,21,5,2025-11-17
ST18,SKU02169,66,25,12,2025-11-07
ST18,SKU00069,118,44,11,2025-11-25
ST06,SKU04618,62,50,18,2025-12-19
ST24,SKU03206,27,25,9,2025-11-18
ST25,SKU00267,127,56,21,2025-11-16
ST08,SKU03797,18,80,30,2025-11-28
ST27,SKU01928,64,95,41,2025-12-04
ST15,SKU00064,81,95,21,2025-12-12
ST02,SKU02507,64,40,15,2025-12-14
ST24,SKU00736,20,38,13,2025-12-08
ST02,SKU00752,53,76,18,2025-12-27
ST19,SKU02554,16,46,22,2025-11-19
ST27,SKU01725,36,25,6,2025-11-13
ST15,SKU03924,118,70,27,2025-12-29
ST27,SKU02264,7,76,24,2025-12-10
ST26,SKU01943,8,28,12,2025-11-28
ST24,SKU03628,242,93,44,2025-12-12
ST02,SKU01319,149,77,18,2025-11-23
ST17,SKU04923,62,21,9,2025-12-25
ST10,SKU02074,82,62,19,2025-11-19
ST13,SKU03434,46,79,19,2025-11-18
ST27,SKU00267,231,99,37,2025-11-24
ST18,SKU03409,18,25,12,2025-12-03
ST08,SKU01057,39,28,10,2025-11-08
ST03,SKU01280,73,52,21,2025-12-28
ST25,SKU01924,68,26,8,2025-11-23
ST30,SKU00802,39,33,7,2025-12-15
ST01,SKU03731,69,30,7,2025-11-06
ST16,SKU04098,148,68,26,2025-11-12
ST06,SKU04449,155,60,27,2025-12-11
ST28,SKU01601,97,60,29,2025-12-09
ST18,SKU02812,91,67,24,2025-11-23
ST25,SKU03228,65,52,11,2025-12-25
ST07,SKU02389,49,54,12,2025-12-05
ST04,SKU03865,125,46,15,2025-12-01
ST27,SKU03078,135,68,25,2025-11-26
ST09,SKU00795,54,39,11,2025-12-27
ST02,SKU00182,52,86,29,2025-12-22
ST28,SKU00843,65,67,31,2025-11-16
ST10,SKU02325,213,90,39,2025-11-19
ST28,SKU01862,199,86,42,2025-11-21
ST15,SKU04042,70,32,13,2025-12-11
ST05,SKU02001,135,49,10,2025-11-07
ST10,SKU00327,53,53,17,2025-11-07
ST15,SKU01455,136,69,23,2025-11-22
ST21,SKU01101,26,28,9,2025-12-26
ST16,SKU00701,179,63,17,2025-11-26
ST20,SKU01631,89,47,17,2025-12-09
ST19,SKU03969,180,73,17,2025-11-02
ST01,SKU04521,12,74,32,2025-11-16
ST04,SKU01582,230,98,27,2025-12-26
ST02,SKU02287,127,59,15,2025-11-24
ST12,SKU04610,9,58,19,2025-12-02
ST25,SKU04049,45,26,6,2025-11-02
ST03,SKU04876,62,87,33,2025-11-14
ST14,SKU02167,99,34,14,2025-12-26
ST02,SKU04189,66,24,7,2025-11-14
ST11,SKU01915,62,70,15,2025-12-02
ST22,SKU03314,82,73,20,2025-12-04
ST15,SKU01012,25,34,14,2025-12-15
ST08,SKU02104,126,85,22,2025-12-07
ST10,SKU04781,236,79,17,2025-12-08
ST03,SKU04672,40,72,31,2025-12-28
ST24,SKU00227,246,86,27,2025-12-17
ST11,SKU02109,6,62,25,2025-12-13
ST16,SKU03279,104,45,21,2025-11-03
ST15,SKU01897,246,99,32,2025-12-08
ST06,SKU00539,72,88,28,2025-12-22
ST03,SKU02438,84,39,18,2025-12-12
ST11,SKU03616,64,39,15,2025-12-08
ST12,SKU00961,123,55,13,2025-12-20
ST27,SKU02458,113,89,36,2025-11-05
ST05,SKU04293,57,20,5,2025-11-25
ST29,SKU01730,109,65,19,2025-11-12
ST16,SKU00619,285,99,26,2025-11-17
ST01,SKU04538,81,28,12,2025-11-16
ST29,SKU03923,102,61,25,2025-12-28
ST12,SKU00972,230,92,38,2025-11-18
ST06,SKU03248,185,75,17,2025-11-08
ST26,SKU04046,47,52,21,2025-12-29
ST21,SKU03449,36,23,7,2025-12-20
ST10,SKU02203,0,20,9,2025-11-01
ST12,SKU03161,61,64,18,2025-11-03
ST27,SKU04703,66,50,25,2025-11-04
ST10,SKU02139,207,89,27,2025-11-10
ST06,SKU03413,79,54,15,2025-12-21
ST15,SKU03342,80,35,10,2025-12-23
ST21,SKU04448,46,75,36,2025-11-19
ST20,SKU01074,106,49,24,2025-11-22
ST02,SKU01456,119,47,20,2025-12-01
ST21,SKU03894,67,93,43,2025-12-30
ST01,SKU03478,202,82,16,2025-11-07
ST28,SKU02399,151,83,36,2025-11-29
ST24,SKU02379,140,100,29,2025-12-01
ST26,SKU04977,108,53,14,2025-12-17
ST04,SKU04096,88,41,12,2025-12-01
ST24,SKU02552,95,49,19,2025-12-28
ST06,SKU02398,39,21,6,2025-11-11
ST07,SKU01336,114,93,44,2025-11-03
ST04,SKU02621,181,85,25,2025-12-07
ST08,SKU03835,22,32,14,2025-11-19
ST03,SKU03425,16,54,27,2025-12-25
ST08,SKU01459,82,30,14,2025-11-03
ST19,SKU03125,149,64,24,2025-11-14
ST24,SKU04626,116,71,34,2025-12-12
ST01,SKU02969,161,69,30,2025-12-01
ST04,SKU02693,17,69,16,2025-11-29
ST25,SKU00919,60,50,24,2025-11-30
ST24,SKU03607,42,81,16,2025-12-02
ST21,SKU03287,179,91,19,2025-12-23
ST18,SKU00880,75,33,14,2025-12-30
ST04,SKU03663,100,86,34,2025-11-25
ST11,SKU04078,50,70,34,2025-12-30
ST20,SKU04446,82,88,26,2025-11-28
ST10,SKU01920,118,70,29,2025-12-05
ST15,SKU01424,6,50,12,2025-11-25
ST09,SKU02711,27,81,22,2025-11-08
ST26,SKU01667,247,84,23,2025-12-21
ST18,SKU00351,12,21,10,2025-11-17
ST29,SKU02664,117,73,32,2025-12-22
ST03,SKU04495,104,39,18,2025-11-19
ST02,SKU04616,78,30,10,2025-11-08
ST12,SKU03799,4,58,24,2025-11-10
ST27,SKU00472,33,46,23,2025-11-01
ST11,SKU00773,22,35,11,2025-12-19
ST14,SKU00280,117,52,12,2025-12-23
ST07,SKU02277,6,63,31,2025-12-14
ST04,SKU00542,21,86,31,2025-11-09
ST14,SKU04977,52,44,18,2025-12-12
ST04,SKU04538,113,51,14,2025-11-20
ST29,SKU01258,105,41,18,2025-12-31
ST05,SKU01786,17,65,31,2025-12-07
ST18,SKU02608,157,65,25,2025-11-02
ST25,SKU00338,1,91,40,2025-11-26
ST15,SKU03390,139,56,24,2025-11-19
ST04,SKU02343,39,85,41,2025-12-14
ST24,SKU03617,71,56,12,2025-11-05
ST10,SKU01590,17,45,11,2025-12-12
ST07,SKU03241,47,78,27,2025-11-04
ST08,SKU01828,76,35,15,2025-12-01
ST06,SKU03314,258,100,28,2025-11-10
ST09,SKU03299,184,85,36,2025-11-05
ST26,SKU01187,0,45,10,2025-12-25
ST19,SKU03324,19,46,13,2025-11-06
ST22,SKU01374,39,64,28,2025-12-12
ST26,SKU00819,19,65,23,2025-12-03
ST19,SKU04175,30,70,24,2025-11-13
ST21,SKU01270,106,36,13,2025-11-25
ST03,SKU00961,198,88,28,2025-12-22
ST17,SKU03651,112,55,13,2025-11-09
ST16,SKU02075,107,57,16,2025-12-08
ST21,SKU02949,111,47,16,2025-12-05
ST14,SKU02309,15,46,20,2025-12-04
ST02,SKU04959,91,34,9,2025-11-13
ST09,SKU03534,69,30,7,2025-12-02
ST23,SKU04398,58,76,34,2025-12-05
ST13,SKU03022,73,55,19,2025-11-06
ST12,SKU00915,25,76,27,2025-11-25
ST21,SKU00916,126,73,36,2025-11-02
ST19,SKU03667,37,23,5,2025-11-11
ST27,SKU01514,144,67,23,2025-12-03
ST30,SKU01644,223,75,23,2025-11-21
ST24,SKU03579,66,98,45,2025-12-07
ST12,SKU00875,133,78,19,2025-11-15
ST19,SKU04800,20,66,32,2025-11-23
ST10,SKU00810,126,81,39,2025-12-25
ST05,SKU02042,108,84,26,2025-12-31
ST15,SKU01306,35,34,8,2025-11-03
ST02,SKU04177,212,72,32,2025-11-28
ST06,SKU03363,90,53,14,2025-12-08
ST14,SKU02843,44,37,17,2025-11-22
ST20,SKU01950,38,58,28,2025-12-06
ST12,SKU01374,37,22,8,2025-11-07
ST22,SKU01416,28,20,5,2025-11-15
ST27,SKU03572,73,55,20,2025-12-06
ST07,SKU04532,193,66,21,2025-12-14
ST24,SKU02807,170,81,29,2025-12-07
ST01,SKU01681,56,24,9,2025-12-09
ST30,SKU03880,53,55,23,2025-11-22
ST02,SKU00268,101,68,18,2025-12-25
ST30,SKU02988,177,69,31,2025-12-01
ST29,SKU03341,187,100,28,2025-12-19
ST13,SKU02988,70,90,44,2025-11-23
ST08,SKU01974,8,34,12,2025-11-13
ST14,SKU02980,234,82,31,2025-12-17
ST21,SKU03507,41,38,11,2025-11-17
ST22,SKU01338,81,43,15,2025-11-14
ST15,SKU04297,107,98,47,2025-12-01
ST12,SKU00395,42,91,23,2025-11-09
ST13,SKU02690,4,29,10,2025-12-07
ST13,SKU04844,16,65,25,2025-12-09
ST27,SKU04419,95,50,17,2025-12-29
ST29,SKU00381,47,50,12,2025-11-26
ST11,SKU01383,150,58,19,2025-11-07
ST15,SKU01734,174,99,42,2025-11-14
ST10,SKU02793,70,61,22,2025-12-23
ST22,SKU03996,103,36,17,2025-11-27
ST17,SKU03967,166,83,41,2025-11-03
ST30,SKU01099,63,27,9,2025-12-20
ST09,SKU04008,39,44,19,2025-12-05
ST28,SKU00136,112,57,26,2025-12-10
ST04,SKU01150,3,34,16,2025-11-16
ST08,SKU04355,11,24,6,2025-12-10
ST22,SKU01642,75,49,17,2025-12-17
ST08,SKU02872,32,49,12,2025-11-04
ST04,SKU04648,54,36,13,2025-11-06
ST02,SKU00238,39,60,28,2025-11-08
ST23,SKU02703,100,67,22,2025-11-09
ST17,SKU02323,78,38,16,2025-11-28
ST15,SKU01567,20,78,17,2025-11-27
ST23,SKU03752,44,21,4,2025-11-12
ST07,SKU04378,145,58,15,2025-11-19
ST08,SKU01969,195,73,22,2025-12-13
ST01,SKU02884,67,95,41,2025-12-17
ST10,SKU04589,52,62,20,2025-12-15
ST03,SKU01165,6,43,17,2025-12-03
ST26,SKU02603,189,67,16,2025-12-09
ST06,SKU01145,159,58,19,2025-12-29
ST02,SKU01905,193,76,16,2025-12-18
ST15,SKU03854,64,32,10,2025-11-14
ST19,SKU00192,91,83,17,2025-12-12
ST06,SKU04139,56,30,6,2025-12-24
ST02,SKU01376,154,83,23,2025-11-09
ST25,SKU02088,43,21,9,2025-12-24
ST07,SKU03629,190,78,26,2025-12-05
ST09,SKU02433,75,83,38,2025-11-14
ST27,SKU04116,41,80,18,2025-11-13
ST24,SKU00400,90,68,29,2025-12-16
ST09,SKU01411,5,22,7,2025-11-07
ST20,SKU01124,79,92,30,2025-12-25
ST30,SKU02201,223,84,29,2025-12-14
ST07,SKU01361,50,31,10,2025-12-26
ST05,SKU03818,48,28,12,2025-11-28
ST23,SKU02757,143,76,22,2025-11-03
ST12,SKU01606,73,40,11,2025-12-24
ST23,SKU02989,66,54,23,2025-11-06
ST19,SKU04116,91,53,20,2025-11-18
ST04,SKU01237,212,93,37,2025-12-06
ST05,SKU01644,8,67,16,2025-11-17
ST01,SKU00926,19,32,10,2025-11-01
ST28,SKU01760,16,31,14,2025-12-03
ST10,SKU04044,4,75,29,2025-12-15
ST12,SKU01067,139,89,30,2025-12-12
ST12,SKU01617,81,88,40,2025-12-03
ST18,SKU04885,54,61,24,2025-11-08
ST14,SKU00478,121,49,24,2025-11-13
ST19,SKU01481,92,41,14,2025-11-12
ST17,SKU00248,77,42,10,2025-11-17
ST10,SKU03588,58,84,28,2025-11-02
ST18,SKU03846,63,98,38,2025-11-12
ST01,SKU01629,129,99,49,2025-12-14
ST30,SKU03814,193,73,21,2025-11-16
ST09,SKU01348,44,58,17,2025-11-07
ST29,SKU00377,147,69,29,2025-11-12
ST30,SKU02713,101,35,14,2025-12-10
ST23,SKU01230,183,64,24,2025-11-29
ST26,SKU02816,36,48,14,2025-12-30
ST02,SKU04957,13,26,7,2025-12-18
ST28,SKU03456,46,32,7,2025-11-21
ST28,SKU03685,219,88,29,2025-12-04
ST22,SKU01799,6,28,7,2025-12-11
ST08,SKU04252,75,39,17,2025-12-31
ST09,SKU00472,39,30,8,2025-11-23
ST06,SKU03934,15,95,25,2025-11-03
ST06,SKU00318,37,65,26,2025-11-24
ST15,SKU00178,127,60,23,2025-11-22
ST29,SKU04636,90,55,12,2025-12-14
ST17,SKU00639,52,50,22,2025-11-17
ST08,SKU01591,31,52,13,2025-12-11
ST28,SKU02828,258,93,23,2025-12-19
ST11,SKU02604,49,36,11,2025-12-28
ST01,SKU03691,159,90,22,2025-11-30
ST08,SKU02516,111,91,36,2025-11-03
ST16,SKU01833,12,33,9,2025-12-13
ST14,SKU03525,147,54,11,2025-12-23
ST14,SKU01637,137,99,42,2025-11-06
ST30,SKU04724,51,23,10,2025-12-24
ST13,SKU01208,27,24,11,2025-12-17
ST03,SKU00133,35,22,5,2025-11-02
ST14,SKU00154,46,41,12,2025-11-01
ST27,SKU00375,24,50,25,2025-11-15
ST09,SKU02733,73,62,26,2025-11-05
ST05,SKU01687,169,65,30,2025-12-07
ST24,SKU03674,39,27,8,2025-12-31
ST09,SKU04338,119,54,11,2025-11-15
ST07,SKU01468,60,64,13,2025-12-21
ST04,SKU00736,25,26,12,2025-11-19
ST29,SKU01077,11,65,24,2025-11-12
ST06,SKU01702,53,75,34,2025-11-13
ST06,SKU01937,31,25,11,2025-12-01
ST09,SKU03265,38,64,23,2025-12-17
ST21,SKU03678,70,26,11,2025-11-18
ST28,SKU04794,200,100,47,2025-12-20
ST28,SKU04481,103,86,40,2025-11-03
ST14,SKU03888,133,76,16,2025-11-30
ST01,SKU04403,161,63,25,2025-12-26
ST15,SKU04750,48,48,24,2025-12-24
ST08,SKU04307,82,87,36,2025-11-11
ST21,SKU01666,90,62,27,2025-11-09
ST10,SKU03876,234,98,23,2025-11-10
ST25,SKU01332,101,42,19,2025-11-21
ST01,SKU00365,67,51,14,2025-11-24
ST27,SKU02911,9,42,13,2025-11-26
ST05,SKU00937,80,36,14,2025-12-13
ST25,SKU04302,69,30,8,2025-12-22
ST27,SKU00694,0,28,10,2025-12-12
ST25,SKU04542,121,76,37,2025-12-17
ST24,SKU04872,41,55,20,2025-11-12
ST12,SKU02363,9,56,18,2025-11-05
ST14,SKU03413,82,34,16,2025-11-22
ST29,SKU03854,193,85,35,2025-11-22
ST27,SKU02079,1,25,10,2025-12-14
ST03,SKU01296,12,30,8,2025-12-02
ST20,SKU00053,60,27,9,2025-12-06
ST08,SKU00500,100,79,20,2025-11-08
ST27,SKU02553,14,25,8,2025-12-16
ST27,SKU04597,186,82,17,2025-11-07
ST01,SKU04396,2,85,27,2025-11-04
ST04,SKU03460,5,21,7,2025-11-03
ST24,SKU01280,94,90,20,2025-11-17
ST12,SKU02005,66,47,13,2025-12-04
ST20,SKU00214,107,69,24,2025-12-31
ST29,SKU02038,94,41,9,2025-11-05
ST25,SKU04767,141,52,21,2025-12-07
ST22,SKU00536,106,36,8,2025-12-31
ST24,SKU02782,163,62,26,2025-11-23
ST07,SKU01230,60,58,12,2025-11-26
ST03,SKU01565,37,52,14,2025-12-02
ST30,SKU01276,56,71,21,2025-11-04
ST03,SKU03496,98,52,12,2025-12-14
ST25,SKU04416,47,89,22,2025-11-11
ST28,SKU00349,49,25,8,2025-11-23
ST28,SKU02433,46,79,26,2025-11-16
ST18,SKU03054,130,56,20,2025-12-17
ST22,SKU04966,112,55,26,2025-12-26
ST14,SKU03686,15,35,13,2025-12-25
ST28,SKU02921,30,57,23,2025-12-07
ST05,SKU02126,69,52,22,2025-11-26
ST23,SKU03874,92,78,30,2025-11-21
ST11,SKU02307,156,96,43,2025-12-26
ST13,SKU00117,132,76,31,2025-12-13
ST29,SKU02425,77,74,35,2025-12-25
ST30,SKU02606,31,30,13,2025-11-15
ST18,SKU03853,120,42,8,2025-12-20
ST28,SKU01599,47,43,11,2025-12-17
ST02,SKU04462,202,78,35,2025-12-11
ST14,SKU01859,141,76,35,2025-11-28
ST10,SKU03075,132,79,27,2025-12-16
ST05,SKU04521,56,35,9,2025-11-19
ST13,SKU03250,48,92,23,2025-11-04
ST05,SKU04495,82,50,24,2025-12-10
ST01,SKU00530,107,41,16,2025-12-03
ST30,SKU02608,132,72,32,2025-12-20
ST29,SKU04585,52,28,12,2025-11-06
ST14,SKU01947,18,45,10,2025-11-03
ST25,SKU01797,154,67,16,2025-12-26
ST16,SKU01869,5,33,15,2025-12-25
ST29,SKU02741,165,71,27,2025-12-24
ST01,SKU02442,16,47,11,2025-12-12
ST21,SKU03343,136,68,26,2025-12-02
ST14,SKU03109,56,84,21,2025-11-26
ST25,SKU04626,83,32,16,2025-11-22
ST19,SKU02866,45,47,19,2025-12-21
ST14,SKU03557,72,27,8,2025-12-18
ST25,SKU01258,8,58,17,2025-12-26
ST21,SKU00971,51,68,32,2025-11-18
ST11,SKU03401,16,41,17,2025-12-16
ST07,SKU04893,162,67,25,2025-12-05
ST16,SKU04986,33,64,21,2025-12-21
ST27,SKU02198,12,63,23,2025-12-12
ST22,SKU02884,35,37,18,2025-12-28
ST03,SKU00260,46,50,23,2025-12-17
ST02,SKU02092,191,82,21,2025-11-11
ST15,SKU02154,18,98,33,2025-11-23
ST08,SKU04483,209,84,29,2025-12-10
ST10,SKU04419,15,36,15,2025-12-04
ST07,SKU01562,60,67,14,2025-12-16
ST13,SKU04861,67,30,9,2025-12-27
ST13,SKU04568,95,44,13,2025-12-20
ST03,SKU04923,75,30,7,2025-11-20
ST22,SKU01492,59,66,25,2025-11-25
ST21,SKU02115,188,67,21,2025-12-13
ST28,SKU04290,85,58,29,2025-12-27
ST29,SKU02626,24,89,31,2025-12-11
ST05,SKU04749,24,56,19,2025-11-20
ST23,SKU03536,21,50,20,2025-11-16
ST02,SKU03083,126,88,41,2025-11-28
ST03,SKU01067,129,90,33,2025-11-03
ST01,SKU03628,107,64,21,2025-12-27
ST21,SKU01301,55,84,37,2025-12-08
ST30,SKU04855,79,71,23,2025-12-11
ST03,SKU03953,27,27,9,2025-11-11
ST15,SKU01671,55,32,10,2025-11-05
ST26,SKU02483,102,52,22,2025-12-19
ST14,SKU03699,30,89,20,2025-12-22
ST01,SKU02502,159,68,15,2025-12-14
ST30,SKU02105,23,22,6,2025-11-03
ST05,SKU04732,85,93,19,2025-11-27
ST14,SKU03101,101,74,19,2025-12-08
ST02,SKU03812,8,55,17,2025-12-24
ST05,SKU03233,34,69,16,2025-12-10
ST19,SKU03267,151,83,37,2025-11-07
ST16,SKU01359,128,49,24,2025-11-12
ST11,SKU01516,111,94,24,2025-11-28
ST05,SKU04571,43,67,27,2025-12-10
ST27,SKU01734,194,77,33,2025-11-07
ST23,SKU04235,84,99,36,2025-11-23
ST22,SKU00613,30,69,30,2025-11-24
ST18,SKU00652,180,83,29,2025-12-15
ST02,SKU03219,11,24,9,2025-11-27
ST16,SKU04304,38,24,6,2025-11-20
ST09,SKU01015,16,60,23,2025-11-25
ST29,SKU02720,22,40,10,2025-12-07
ST14,SKU02513,81,44,14,2025-11-20
ST28,SKU01374,23,41,8,2025-11-24
ST04,SKU02442,8,27,9,2025-12-25
ST11,SKU01865,16,25,9,2025-12-31
ST20,SKU03322,116,39,15,2025-12-15
ST25,SKU01772,148,73,33,2025-12-25
ST04,SKU04917,8,72,27,2025-12-16
ST08,SKU02044,175,74,27,2025-12-04
ST01,SKU04174,46,21,7,2025-12-11
ST13,SKU03452,68,34,11,2025-11-29
ST05,SKU00780,42,34,16,2025-12-16
ST20,SKU04369,175,83,20,2025-11-23
ST20,SKU02989,96,71,22,2025-12-14
ST18,SKU01444,31,46,16,2025-11-02
ST25,SKU03894,143,56,22,2025-11-14
ST26,SKU03146,104,54,19,2025-12-21
ST26,SKU03939,15,58,24,2025-12-19
ST24,SKU01341,144,74,37,2025-11-29
ST04,SKU00898,10,35,16,2025-11-10
ST23,SKU01962,191,87,40,2025-12-16
ST07,SKU02290,47,21,5,2025-11-26
ST24,SKU00218,114,62,19,2025-12-29
ST23,SKU00314,25,60,26,2025-12-07
ST27,SKU03082,210,83,32,2025-11-18
ST06,SKU03677,57,58,15,2025-11-30
ST26,SKU01519,1,39,8,2025-12-23
ST15,SKU00215,250,93,29,2025-12-24
ST10,SKU03357,46,27,10,2025-11-10
ST16,SKU01251,47,23,5,2025-12-12
ST20,SKU00398,179,92,37,2025-12-05
ST05,SKU04810,84,35,12,2025-11-12
ST09,SKU03531,90,81,38,2025-11-04
ST19,SKU00402,98,37,8,2025-12-12
ST12,SKU02100,148,53,22,2025-11-06
ST23,SKU01329,10,30,12,2025-11-01
ST30,SKU00898,144,55,15,2025-12-18
ST29,SKU01383,36,77,19,2025-12-27
ST13,SKU03304,63,45,21,2025-11-21
ST29,SKU02275,121,45,14,2025-12-01
ST12,SKU00720,95,41,9,2025-11-20
ST05,SKU04516,185,87,41,2025-12-20
ST24,SKU04865,76,89,27,2025-12-06
ST18,SKU01714,72,48,15,2025-11-24
ST06,SKU01839,34,67,19,2025-11-15
ST12,SKU04251,176,59,26,2025-12-19
ST12,SKU01455,17,84,32,2025-12-19
ST01,SKU03845,177,76,36,2025-11-17
ST19,SKU01685,15,21,10,2025-11-02
ST30,SKU01402,158,92,43,2025-12-26
ST18,SKU03862,145,62,19,2025-12-07
ST30,SKU04507,9,25,11,2025-11-11
ST09,SKU00026,81,51,24,2025-11-14
ST12,SKU02091,204,78,24,2025-11-26
ST10,SKU04885,30,33,8,2025-11-16
ST26,SKU01090,16,21,7,2025-12-17
ST13,SKU00327,62,39,19,2025-11-17
ST07,SKU01207,167,61,30,2025-11-10
ST24,SKU00655,22,54,21,2025-11-06
ST09,SKU01066,97,63,22,2025-12-13
ST05,SKU00681,6,47,14,2025-11-19
ST14,SKU03406,4,70,19,2025-11-01
ST02,SKU03119,206,77,33,2025-11-04
ST09,SKU00364,68,66,22,2025-11-10
ST24,SKU02428,161,63,16,2025-12-26
ST07,SKU02801,21,39,16,2025-12-24
ST24,SKU04743,38,64,31,2025-11-18
ST09,SKU04528,77,87,26,2025-12-10
ST23,SKU03297,145,56,23,2025-11-12
ST06,SKU01798,115,54,15,2025-11-27
ST20,SKU00813,149,78,17,2025-11-11
ST30,SKU01984,56,70,25,2025-11-02
ST11,SKU04258,44,44,18,2025-12-07
ST29,SKU04790,37,59,12,2025-12-29
ST29,SKU03846,20,81,40,2025-12-20
ST07,SKU03027,49,61,26,2025-12-31
ST06,SKU01470,129,74,27,2025-12-09
ST22,SKU02422,151,55,27,2025-11-18
ST19,SKU00371,49,93,30,2025-12-13
ST21,SKU04076,27,23,7,2025-12-15
ST30,SKU01704,213,92,23,2025-12-15
ST02,SKU01321,82,55,21,2025-11-16
ST26,SKU03629,83,86,32,2025-11-26
ST26,SKU03643,235,97,29,2025-12-20
ST18,SKU01066,22,89,26,2025-12-13
ST19,SKU01118,5,82,35,2025-11-12
ST27,SKU00810,37,21,6,2025-11-23
ST02,SKU02333,87,76,20,2025-11-14
ST08,SKU03809,125,65,18,2025-12-05
ST03,SKU00182,7,29,12,2025-12-26
ST25,SKU01991,79,50,16,2025-11-01
ST22,SKU00751,88,54,24,2025-12-14
ST02,SKU03810,108,40,18,2025-12-04
ST01,SKU03332,212,81,38,2025-11-10
ST01,SKU04571,181,63,14,2025-11-06
ST09,SKU04822,57,24,8,2025-11-26
ST21,SKU01600,118,56,20,2025-12-15
ST29,SKU03161,43,29,7,2025-12-02
ST22,SKU03124,115,65,17,2025-11-02
ST29,SKU00685,74,50,17,2025-11-18
ST18,SKU00457,30,60,24,2025-11-19
ST09,SKU02772,217,79,35,2025-11-22
ST18,SKU02663,38,52,14,2025-11-15
ST26,SKU04241,46,37,11,2025-11-07
ST08,SKU03899,27,47,20,2025-11-03
ST25,SKU02328,18,49,23,2025-12-25
ST02,SKU02839,53,37,16,2025-11-23
ST09,SKU00601,26,46,22,2025-12-15
ST10,SKU00650,137,52,21,2025-11-17
ST01,SKU03363,107,63,24,2025-12-31
ST07,SKU04539,164,78,30,2025-12-09
ST08,SKU04629,144,62,29,2025-11-03
ST21,SKU03417,111,64,20,2025-11-07
ST10,SKU03577,31,79,18,2025-12-05
ST24,SKU02441,112,45,15,2025-11-03
ST24,SKU02674,104,37,18,2025-12-18
ST27,SKU03461,17,28,12,2025-11-17
ST30,SKU01367,77,80,31,2025-11-28
ST06,SKU02199,50,44,16,2025-11-03
ST11,SKU02136,40,90,23,2025-11-27
ST20,SKU03689,22,90,24,2025-12-05
ST22,SKU01518,9,24,7,2025-11-19
ST14,SKU03332,30,34,12,2025-11-27
ST29,SKU03785,30,51,18,2025-11-05
ST08,SKU00893,54,32,9,2025-11-08
ST07,SKU01440,63,34,12,2025-12-10
ST18,SKU04809,105,55,19,2025-12-30
ST11,SKU01355,166,58,28,2025-12-09
ST14,SKU03710,114,58,25,2025-12-10
ST25,SKU02642,98,82,20,2025-12-30
ST28,SKU04490,38,44,22,2025-12-27
ST18,SKU02913,6,60,22,2025-11-21
ST15,SKU04560,31,36,17,2025-11-05
ST11,SKU03661,54,33,16,2025-12-12
ST14,SKU02227,46,68,33,2025-11-24
ST29,SKU04163,77,29,10,2025-12-28
ST17,SKU03701,130,93,40,2025-11-25
ST21,SKU02302,193,83,39,2025-12-25
ST09,SKU04577,78,36,16,2025-11-10
ST10,SKU01549,35,21,9,2025-12-17
ST06,SKU03770,48,85,40,2025-11-26
ST07,SKU01004,39,98,37,2025-11-18
ST29,SKU02890,183,84,29,2025-12-29
ST02,SKU00066,7,23,7,2025-12-11
ST17,SKU04353,74,58,18,2025-12-08
ST02,SKU01351,65,38,9,2025-11-15
ST09,SKU02880,6,41,18,2025-11-15
ST30,SKU01313,1,51,21,2025-12-30
ST22,SKU02882,36,54,12,2025-12-11
ST30,SKU00629,201,79,31,2025-11-25
ST22,SKU01398,14,53,21,2025-11-02
ST22,SKU00375,24,88,21,2025-11-17
ST18,SKU04154,110,55,24,2025-12-28
ST02,SKU03820,47,31,13,2025-11-18
ST30,SKU03411,82,66,20,2025-11-05
ST11,SKU01720,145,71,22,2025-12-20
ST12,SKU04275,28,46,18,2025-12-17
ST24,SKU04235,62,43,15,2025-12-04
ST08,SKU02603,220,97,29,2025-12-01
ST17,SKU01923,153,93,38,2025-12-04
ST21,SKU04681,83,32,14,2025-11-01
ST13,SKU04927,93,67,17,2025-12-07
ST28,SKU02270,161,92,42,2025-12-03
ST18,SKU01672,93,39,17,2025-12-06
ST08,SKU04108,74,100,26,2025-12-16
ST09,SKU03678,62,33,8,2025-12-11
ST22,SKU02091,177,83,23,2025-11-11
ST10,SKU02530,18,98,46,2025-12-07
ST07,SKU04486,0,23,5,2025-12-30
ST11,SKU01012,217,90,40,2025-11-27
ST15,SKU03297,184,80,35,2025-11-05
ST14,SKU00309,95,52,20,2025-12-30
ST03,SKU00927,83,78,18,2025-12-26
ST14,SKU01313,57,34,14,2025-12-16
ST07,SKU04726,117,97,26,2025-12-18
ST14,SKU04938,123,82,30,2025-12-23
ST17,SKU00386,22,41,19,2025-11-06
ST13,SKU02898,36,39,9,2025-11-21
ST03,SKU02527,6,62,26,2025-11-08
ST07,SKU04745,54,89,44,2025-12-20
ST15,SKU01246,64,37,14,2025-12-12
ST18,SKU01326,37,97,44,2025-11-03
ST01,SKU01302,138,72,22,2025-11-07
ST09,SKU01301,90,63,16,2025-11-02
ST04,SKU03768,54,23,8,2025-11-13
ST12,SKU02909,51,69,30,2025-12-16
ST20,SKU00542,55,21,8,2025-12-01
ST05,SKU01877,41,27,10,2025-12-08
ST19,SKU04722,0,32,8,2025-11-03
ST16,SKU03525,69,65,28,2025-12-13
ST19,SKU00783,116,81,27,2025-11-24
ST01,SKU02269,96,60,21,2025-12-02
ST12,SKU00231,8,29,11,2025-12-15
ST11,SKU04786,13,68,22,2025-11-11
ST10,SKU00103,62,46,12,2025-12-27
ST09,SKU03797,33,78,34,2025-12-11
ST19,SKU00439,24,39,13,2025-11-10
ST29,SKU02555,151,54,22,2025-11-09
ST17,SKU01554,98,82,40,2025-12-23
ST29,SKU02800,76,48,20,2025-12-13
ST30,SKU03227,76,45,15,2025-11-06
ST16,SKU01596,55,36,14,2025-11-26
ST03,SKU02860,164,56,17,2025-11-15
ST19,SKU00970,47,34,13,2025-12-19
ST25,SKU01604,87,75,24,2025-11-22
ST09,SKU02822,77,89,35,2025-12-05
ST14,SKU00740,152,71,27,2025-11-05
ST05,SKU01151,34,30,10,2025-11-28
ST29,SKU03551,124,51,25,2025-11-04
ST03,SKU00955,16,27,12,2025-12-04
ST03,SKU04573,7,97,29,2025-12-01
ST15,SKU00761,181,77,21,2025-12-07
ST24,SKU00657,0,29,14,2025-11-11
ST25,SKU02575,173,74,18,2025-11-26
ST29,SKU02751,179,80,23,2025-11-13
ST06,SKU03798,188,86,43,2025-12-06
ST29,SKU01446,78,89,30,2025-11-18
ST25,SKU04440,32,24,11,2025-11-04
ST10,SKU01755,187,98,37,2025-11-23
ST07,SKU03710,22,49,18,2025-12-20
ST04,SKU01549,202,90,21,2025-12-10
ST07,SKU04954,73,45,9,2025-12-28
ST26,SKU02166,50,48,13,2025-12-17
ST21,SKU03663,10,34,14,2025-12-13
ST03,SKU01427,22,75,36,2025-12-14
ST10,SKU04456,20,32,15,2025-11-09
ST17,SKU02115,83,28,7,2025-12-29
ST22,SKU03032,121,95,34,2025-11-02
ST10,SKU00289,133,77,33,2025-11-18
ST19,SKU04480,56,30,10,2025-12-20
ST13,SKU00407,181,98,25,2025-11-18
ST20,SKU01738,96,64,24,2025-12-14
ST08,SKU02551,48,22,11,2025-12-06
ST25,SKU04748,53,23,7,2025-11-22
ST27,SKU01275,83,42,16,2025-11-23
ST01,SKU02326,56,96,38,2025-11-21
ST15,SKU00045,50,24,7,2025-11-20
ST18,SKU02184,45,25,10,2025-11-13
ST21,SKU03598,25,43,19,2025-11-27
ST11,SKU04781,52,27,8,2025-12-25
ST09,SKU03775,6,25,9,2025-12-28
ST06,SKU04937,38,27,6,2025-11-11
ST29,SKU04617,66,48,20,2025-12-25
ST01,SKU01081,133,86,24,2025-12-25
ST04,SKU01472,119,50,18,2025-12-30
ST28,SKU01227,66,72,24,2025-11-08
ST15,SKU02976,96,61,26,2025-12-20
ST22,SKU03873,170,96,27,2025-11-09
ST10,SKU04483,99,77,37,2025-12-10
ST20,SKU00685,97,33,14,2025-11-29
ST05,SKU00493,225,92,37,2025-11-16
ST16,SKU00827,99,37,12,2025-11-17
ST20,SKU01479,27,93,22,2025-11-01
ST15,SKU02178,64,54,14,2025-12-12
ST27,SKU02020,59,28,8,2025-12-15
ST30,SKU04488,170,81,18,2025-12-02
ST08,SKU03415,181,98,39,2025-12-19
ST18,SKU02200,114,72,15,2025-11-30
ST29,SKU03379,167,64,21,2025-11-22
ST26,SKU03549,93,36,16,2025-12-14
ST11,SKU02498,138,67,16,2025-11-25
ST08,SKU03881,161,84,39,2025-11-30
ST17,SKU00840,61,38,12,2025-12-03
ST10,SKU04259,41,89,35,2025-11-19
ST25,SKU04005,13,83,32,2025-12-26
ST17,SKU01398,33,99,31,2025-12-16
ST26,SKU00340,47,22,7,2025-12-18
ST20,SKU02347,15,42,10,2025-12-05
ST30,SKU00082,104,39,19,2025-12-09
ST06,SKU03154,107,61,17,2025-11-02
ST25,SKU02523,173,87,28,2025-12-03
ST07,SKU02238,36,40,10,2025-11-02
ST12,SKU00510,75,81,18,2025-11-22
ST19,SKU01733,91,38,8,2025-11-08
ST03,SKU03412,261,90,29,2025-11-27
ST26,SKU03849,74,64,13,2025-12-02
ST11,SKU03312,155,60,21,2025-11-26
ST19,SKU04920,59,22,9,2025-12-04
ST09,SKU02933,17,43,12,2025-11-15
ST30,SKU01668,56,31,7,2025-12-01
ST25,SKU01441,82,79,29,2025-12-08
ST14,SKU01615,5,58,25,2025-11-21
ST28,SKU04201,175,87,32,2025-12-13
ST08,SKU02124,126,57,12,2025-11-08
ST17,SKU03677,174,97,44,2025-11-19
ST10,SKU01186,113,74,24,2025-12-30
ST30,SKU01931,64,23,5,2025-12-02
ST17,SKU00869,16,33,15,2025-11-02
ST17,SKU02141,208,72,34,2025-12-10
ST26,SKU02343,149,87,35,2025-12-12
ST28,SKU01015,193,71,35,2025-11-28
ST25,SKU04381,208,78,26,2025-11-06
ST06,SKU00450,6,34,16,2025-12-13
ST05,SKU03447,66,34,9,2025-11-29
ST20,SKU02809,167,89,35,2025-11-18
ST07,SKU03249,54,49,15,2025-12-15
ST27,SKU03245,68,66,13,2025-12-19
ST03,SKU02367,166,99,33,2025-11-12
ST25,SKU02220,104,55,19,2025-12-25
ST01,SKU04130,44,92,18,2025-12-30
ST24,SKU03623,127,49,22,2025-12-02
ST02,SKU02858,46,31,12,2025-12-09
ST12,SKU03412,64,59,12,2025-12-28
ST17,SKU00543,212,85,19,2025-11-17
ST30,SKU04170,106,41,8,2025-11-08
ST08,SKU00246,5,32,8,2025-11-07
ST16,SKU04899,80,56,14,2025-11-28
ST13,SKU04238,125,60,17,2025-12-06
ST12,SKU00114,79,81,23,2025-11-19
ST10,SKU01529,157,82,28,2025-12-05
ST18,SKU03294,13,22,8,2025-12-18
ST26,SKU03902,67,89,43,2025-11-15
ST08,SKU01261,55,29,7,2025-12-29
ST21,SKU01235,36,35,15,2025-11-23
ST15,SKU01626,55,29,11,2025-12-20
ST30,SKU00841,36,34,13,2025-12-02
ST03,SKU02691,52,78,38,2025-12-07
ST25,SKU03898,20,76,38,2025-12-20
ST22,SKU01708,83,29,13,2025-11-04
ST10,SKU02572,232,87,33,2025-12-27
ST03,SKU02099,110,51,15,2025-11-07
ST26,SKU01950,104,82,38,2025-12-24
ST18,SKU03241,57,33,8,2025-12-05
ST24,SKU00784,129,99,30,2025-11-21
ST30,SKU00274,58,21,10,2025-12-25
ST27,SKU01121,22,22,5,2025-12-27
ST21,SKU00953,143,92,22,2025-11-02
ST23,SKU04026,30,24,6,2025-11-23
ST15,SKU01715,205,96,47,2025-12-23
ST11,SKU02238,88,100,39,2025-11-08
ST05,SKU04086,250,98,39,2025-12-24
ST05,SKU00141,36,54,24,2025-11-16
ST22,SKU02197,158,73,35,2025-11-07
ST10,SKU00619,126,78,26,2025-12-04
ST19,SKU02416,87,60,17,2025-11-10
ST28,SKU04559,70,32,7,2025-12-10
ST27,SKU04857,200,72,19,2025-12-22
ST10,SKU04303,69,50,11,2025-11-27
ST19,SKU04969,48,64,28,2025-12-28
ST25,SKU02513,66,100,23,2025-12-18
ST27,SKU02771,5,47,22,2025-12-12
ST23,SKU03466,44,82,28,2025-11-07
ST06,SKU04164,50,20,6,2025-11-21
ST09,SKU02700,85,86,23,2025-12-24
ST04,SKU03981,153,68,32,2025-12-03
ST17,SKU04411,102,57,17,2025-12-18
ST08,SKU04940,120,53,12,2025-12-02
ST01,SKU02022,31,32,7,2025-12-03
ST06,SKU03315,175,65,26,2025-12-14
ST04,SKU02551,81,97,40,2025-11-12
ST07,SKU00075,67,74,16,2025-12-15
ST29,SKU04252,46,20,8,2025-12-20
ST20,SKU04408,16,24,9,2025-11-18
ST28,SKU02918,211,92,36,2025-12-21
ST05,SKU00465,41,22,7,2025-11-21
ST18,SKU04016,79,37,15,2025-11-16
ST09,SKU01056,89,54,14,2025-12-25
ST07,SKU02315,181,100,27,2025-11-02
ST09,SKU02929,82,53,19,2025-11-14
ST12,SKU02317,41,28,12,2025-11-06
ST15,SKU00108,23,98,24,2025-12-14
ST22,SKU01613,4,21,9,2025-11-19
ST12,SKU01991,0,43,16,2025-12-10
ST17,SKU04391,28,24,6,2025-11-08
ST27,SKU03638,182,67,30,2025-12-14
ST05,SKU03767,101,45,12,2025-12-31
ST20,SKU02602,0,32,11,2025-11-12
ST18,SKU03394,24,88,32,2025-11-02
ST19,SKU02406,105,72,21,2025-12-19
ST11,SKU04249,23,62,29,2025-11-10
ST20,SKU03896,117,73,15,2025-12-03
ST16,SKU01025,2,43,11,2025-12-16
ST11,SKU01672,152,66,32,2025-11-24
ST03,SKU02637,84,39,17,2025-12-30
ST02,SKU04354,128,43,15,2025-12-24
ST26,SKU01404,31,24,10,2025-12-17
ST06,SKU01195,6,100,38,2025-12-10
ST08,SKU03816,191,94,20,2025-11-22
ST25,SKU04731,160,74,26,2025-12-20
ST08,SKU00742,123,62,19,2025-12-16
ST10,SKU03134,163,74,23,2025-11-05
ST17,SKU04357,249,85,32,2025-12-23
ST09,SKU01083,13,34,9,2025-11-13
ST07,SKU00213,23,34,10,2025-12-03
ST02,SKU04770,138,72,17,2025-11-07
ST08,SKU04448,47,95,22,2025-12-29
ST19,SKU01110,53,74,30,2025-12-09
ST25,SKU04122,44,38,11,2025-12-18
ST18,SKU03080,81,56,14,2025-11-29
ST18,SKU03677,6,33,10,2025-12-07
ST16,SKU00246,50,22,8,2025-11-03
ST14,SKU01835,178,66,20,2025-12-08
ST12,SKU00041,41,59,19,2025-12-07
ST21,SKU04384,53,28,13,2025-11-02
ST20,SKU03182,175,65,31,2025-12-01
ST27,SKU02744,56,78,34,2025-12-19
ST17,SKU03517,166,92,35,2025-11-07
ST06,SKU00335,63,95,29,2025-12-01
ST14,SKU03433,6,57,27,2025-12-06
ST07,SKU02986,199,67,31,2025-11-18
ST06,SKU02099,94,40,16,2025-12-24
ST23,SKU01085,181,78,27,2025-12-14
ST14,SKU03462,29,59,14,2025-12-05
ST09,SKU03069,61,52,15,2025-11-27
ST05,SKU04398,188,84,20,2025-11-10
ST02,SKU03052,57,59,12,2025-11-25
ST01,SKU02352,36,53,13,2025-11-15
ST23,SKU01208,18,34,10,2025-12-08
ST28,SKU04433,65,68,15,2025-11-29
ST16,SKU04439,35,52,13,2025-11-18
ST09,SKU00238,57,39,16,2025-11-06
ST22,SKU03496,141,66,26,2025-11-26
ST16,SKU02485,59,24,9,2025-11-01
ST10,SKU02148,49,47,17,2025-11-22
ST19,SKU04060,94,54,15,2025-12-13
ST16,SKU03605,96,72,18,2025-12-29
ST25,SKU02228,172,98,24,2025-11-06
ST13,SKU02182,80,56,21,2025-12-25
ST09,SKU01294,19,82,19,2025-12-12
ST23,SKU03243,10,64,24,2025-12-03
ST20,SKU02591,12,49,19,2025-12-18
ST15,SKU02403,24,21,7,2025-12-03
ST19,SKU00319,61,54,13,2025-11-04
ST16,SKU00391,257,90,18,2025-12-08
ST13,SKU03783,1,66,30,2025-11-06
ST20,SKU02244,4,32,13,2025-11-15
ST22,SKU03595,134,77,34,2025-12-10
ST17,SKU04197,229,83,23,2025-11-23
ST13,SKU00276,35,33,13,2025-12-04
ST22,SKU04853,133,79,25,2025-12-30
ST08,SKU04267,46,22,8,2025-11-20
ST01,SKU03347,118,58,20,2025-12-04
ST14,SKU02780,148,91,30,2025-12-03
ST07,SKU02969,66,25,7,2025-11-12
ST23,SKU03936,131,47,13,2025-12-27
ST28,SKU00516,158,65,16,2025-12-11
ST22,SKU00224,218,77,28,2025-12-04
ST19,SKU03154,35,33,16,2025-12-18
ST19,SKU00813,45,29,9,2025-11-22
ST07,SKU03480,175,87,37,2025-12-07
ST19,SKU00895,52,88,24,2025-12-28
ST22,SKU03261,10,63,30,2025-12-23
ST20,SKU00835,52,98,30,2025-11-09
ST13,SKU00706,23,54,16,2025-12-10
ST23,SKU03430,156,77,22,2025-12-28
ST27,SKU03197,136,76,21,2025-12-21
ST14,SKU04141,94,32,8,2025-12-05
ST05,SKU01609,205,100,49,2025-11-06
ST27,SKU00371,25,24,8,2025-11-06
ST18,SKU01382,164,62,27,2025-12-25
ST30,SKU00123,208,94,41,2025-11-18
ST29,SKU00440,40,92,27,2025-12-27
ST16,SKU03128,66,61,15,2025-12-28
ST02,SKU02515,48,22,5,2025-11-02
ST24,SKU04017,215,74,34,2025-11-08
ST12,SKU00225,43,62,24,2025-11-07
ST19,SKU03327,172,58,22,2025-11-25
ST06,SKU00612,29,34,8,2025-11-21
ST01,SKU02763,108,63,15,2025-12-06
ST30,SKU03934,101,88,38,2025-12-03
ST02,SKU01393,154,77,28,2025-12-24
ST10,SKU04185,64,49,19,2025-12-11
ST19,SKU01617,70,93,31,2025-11-06
ST10,SKU03186,38,60,27,2025-11-07
ST22,SKU04452,72,86,34,2025-12-14
ST19,SKU02358,245,87,35,2025-12-09
ST06,SKU04467,46,41,17,2025-11-09
ST02,SKU02882,247,96,40,2025-12-03
ST09,SKU00325,27,25,6,2025-12-11
ST27,SKU00462,69,32,16,2025-12-11
ST04,SKU01473,49,70,19,2025-12-16
ST08,SKU01988,44,36,15,2025-12-09
ST19,SKU00475,48,23,8,2025-12-21
ST21,SKU02148,123,72,27,2025-11-18
ST18,SKU01461,105,64,25,2025-11-24
ST11,SKU03313,176,94,25,2025-11-28
ST03,SKU03498,45,31,15,2025-11-04
ST26,SKU03734,85,43,20,2025-11-30
ST23,SKU01293,27,38,19,2025-11-15
ST25,SKU01673,85,53,19,2025-12-01
ST06,SKU01072,142,60,30,2025-12-25
ST28,SKU00166,28,34,13,2025-11-09
ST18,SKU04267,213,83,18,2025-11-11
ST26,SKU02009,2,93,40,2025-11-05
ST08,SKU01825,120,83,35,2025-12-20
ST12,SKU01313,167,88,32,2025-12-09
ST09,SKU02706,90,87,26,2025-12-01
ST01,SKU01742,69,67,27,2025-12-15
ST25,SKU01688,4,20,8,2025-12-30
ST24,SKU01726,43,31,8,2025-12-20
ST27,SKU00803,150,55,25,2025-12-22
ST06,SKU03539,119,69,24,2025-12-14
ST19,SKU01317,142,56,17,2025-11-23
ST26,SKU03735,162,65,17,2025-12-08
ST11,SKU02144,83,36,13,2025-11-28
ST02,SKU03156,98,51,25,2025-12-17
ST01,SKU03205,18,90,25,2025-11-20
ST16,SKU01968,75,34,10,2025-12-16
ST03,SKU01430,79,31,9,2025-11-01
ST01,SKU00990,122,99,45,2025-11-25
ST11,SKU03494,168,76,36,2025-11-03
ST23,SKU01120,49,66,22,2025-12-09
ST21,SKU01589,89,95,36,2025-12-20
ST30,SKU04424,35,59,16,2025-12-03
ST07,SKU03101,1,78,36,2025-11-29
ST08,SKU00202,62,35,14,2025-11-16
ST21,SKU04078,245,96,41,2025-11-29
ST30,SKU01955,89,83,26,2025-12-11
ST05,SKU03890,141,92,45,2025-12-20
ST05,SKU03601,192,97,33,2025-11-08
ST27,SKU03111,22,20,8,2025-11-12
ST07,SKU01347,144,91,23,2025-11-04
ST08,SKU03275,92,31,13,2025-11-19
ST29,SKU02587,158,92,20,2025-12-27
ST26,SKU01007,96,58,26,2025-12-23
ST29,SKU04560,47,44,12,2025-11-17
ST19,SKU01227,76,54,11,2025-12-14
ST01,SKU01951,57,36,16,2025-12-06
ST09,SKU03452,19,20,9,2025-12-01
ST24,SKU03029,238,88,39,2025-11-18
ST27,SKU02593,51,52,24,2025-11-21
ST18,SKU04340,54,34,15,2025-12-29
ST30,SKU00255,15,85,28,2025-11-16
ST03,SKU03792,76,31,15,2025-11-15
ST03,SKU04816,58,30,14,2025-11-15
ST26,SKU02494,36,53,15,2025-11-26
ST21,SKU01023,133,77,16,2025-11-15
ST25,SKU04978,22,96,30,2025-11-13
ST13,SKU03871,78,95,40,2025-11-12
ST02,SKU02619,134,91,36,2025-12-24
ST05,SKU01438,42,86,22,2025-11-14
ST27,SKU03294,81,47,12,2025-11-04
ST28,SKU04479,135,74,37,2025-11-22
ST24,SKU02579,17,63,14,2025-12-21
ST01,SKU02380,116,92,19,2025-11-21
ST04,SKU04701,75,43,16,2025-12-29
ST12,SKU00685,69,49,13,2025-11-02
ST24,SKU01469,193,70,33,2025-12-09
ST23,SKU03447,88,32,14,2025-11-17
ST26,SKU04255,57,49,20,2025-12-17
ST07,SKU01442,56,63,13,2025-11-04
ST28,SKU00742,118,57,17,2025-11-18
ST17,SKU01756,151,72,31,2025-12-18
ST02,SKU00168,52,93,27,2025-11-24
ST25,SKU03616,105,56,21,2025-11-13
ST25,SKU01360,266,91,20,2025-11-02
ST16,SKU04511,164,67,26,2025-11-18
ST04,SKU01786,16,53,21,2025-12-14
ST07,SKU02203,43,77,28,2025-12-20
ST10,SKU00340,70,54,19,2025-12-01
ST14,SKU00414,81,53,12,2025-12-08
ST24,SKU02872,32,46,13,2025-12-16
ST10,SKU01994,106,57,22,2025-11-17
ST12,SKU01930,57,69,14,2025-12-28
ST10,SKU03261,39,28,12,2025-11-07
ST28,SKU00526,180,93,22,2025-11-20
ST14,SKU00260,41,35,8,2025-12-08
ST14,SKU00337,35,23,8,2025-11-01
ST23,SKU02311,44,53,26,2025-12-14
ST04,SKU00777,14,49,11,2025-11-11
ST15,SKU00408,76,48,17,2025-11-21
ST18,SKU01270,232,100,45,2025-11-08
ST10,SKU03223,87,85,21,2025-12-19
ST24,SKU04510,22,35,10,2025-11-10
ST19,SKU02880,31,73,29,2025-12-14
ST05,SKU03707,101,73,26,2025-11-05
ST09,SKU04038,87,82,33,2025-11-29
ST17,SKU03485,71,30,10,2025-11-01
ST11,SKU04128,154,78,28,2025-11-03
ST10,SKU03209,110,37,17,2025-12-23
ST09,SKU02038,245,93,44,2025-11-14
ST18,SKU00316,84,91,23,2025-11-28
ST28,SKU03015,138,76,34,2025-11-21
ST05,SKU02168,183,80,17,2025-12-13
ST09,SKU02071,170,94,40,2025-12-05
ST12,SKU01493,156,99,33,2025-11-23
ST03,SKU01729,183,95,41,2025-11-04
ST06,SKU04450,19,39,16,2025-12-29
ST15,SKU02951,98,74,32,2025-12-06
ST16,SKU00763,73,52,22,2025-11-06
ST04,SKU01933,1,64,31,2025-11-05
ST09,SKU00389,42,47,16,2025-11-09
ST25,SKU01450,6,23,9,2025-12-05
ST04,SKU04935,98,42,19,2025-12-06
ST09,SKU01054,252,87,36,2025-11-11
ST28,SKU00490,236,93,40,2025-11-15
ST25,SKU03821,23,23,11,2025-12-26
ST08,SKU02811,18,29,14,2025-11-21
ST30,SKU03054,107,70,29,2025-12-06
ST08,SKU03394,288,98,44,2025-12-08
ST21,SKU03338,105,72,34,2025-11-13
ST04,SKU00737,4,27,6,2025-12-24
ST01,SKU03159,50,72,26,2025-12-12
ST10,SKU04327,66,83,27,2025-11-04
ST23,SKU04246,130,68,16,2025-11-13
ST24,SKU04070,58,23,7,2025-12-03
ST18,SKU01109,63,91,33,2025-11-26
ST08,SKU03852,64,45,11,2025-11-06
ST25,SKU00408,170,68,15,2025-12-13
ST29,SKU00077,37,57,21,2025-12-14
ST28,SKU00799,17,21,5,2025-12-16
ST10,SKU01891,75,26,8,2025-12-01
ST10,SKU01128,96,55,16,2025-12-27
ST06,SKU00223,75,30,6,2025-12-26
ST22,SKU04946,48,36,7,2025-11-08
ST11,SKU02756,23,71,17,2025-12-20
ST27,SKU02684,151,53,16,2025-12-20
ST19,SKU01012,39,29,14,2025-11-08
ST19,SKU04521,201,100,34,2025-11-16
ST02,SKU04470,263,95,46,2025-11-14
ST05,SKU02988,164,79,20,2025-12-17
ST03,SKU00439,41,33,8,2025-12-10
ST04,SKU04871,1,68,21,2025-11-28
ST18,SKU04598,85,78,20,2025-11-26
ST05,SKU00452,87,48,22,2025-12-07
ST28,SKU03204,114,85,42,2025-11-28
ST12,SKU02797,162,81,27,2025-11-15
ST15,SKU00366,24,50,15,2025-12-25
ST11,SKU04587,17,33,7,2025-12-05
ST21,SKU04436,65,95,27,2025-11-28
ST06,SKU02665,105,51,14,2025-12-15
ST18,SKU03292,33,53,16,2025-11-28
ST17,SKU03622,248,84,25,2025-12-12
ST30,SKU04344,33,44,21,2025-11-04
ST14,SKU02377,116,89,29,2025-11-23
ST08,SKU00672,129,77,35,2025-12-18
ST29,SKU00021,163,72,31,2025-12-10
ST07,SKU02727,78,47,20,2025-11-30
ST10,SKU00196,148,100,35,2025-12-12
ST27,SKU01936,101,79,16,2025-12-20
ST13,SKU02329,7,48,11,2025-11-11
ST19,SKU04222,11,39,12,2025-12-31
ST29,SKU02330,140,58,29,2025-12-10
ST01,SKU00242,38,39,8,2025-12-12
ST27,SKU01679,59,45,16,2025-11-15
ST04,SKU03369,88,49,15,2025-11-24
ST22,SKU02122,0,35,14,2025-11-26
ST23,SKU03763,190,74,36,2025-11-22
ST24,SKU02288,45,28,11,2025-12-01
ST15,SKU01096,118,95,23,2025-12-26
ST23,SKU03181,7,65,17,2025-11-12
ST21,SKU02333,193,82,35,2025-12-12
ST13,SKU03750,41,100,34,2025-12-09
ST25,SKU00448,120,48,19,2025-11-02
ST11,SKU02298,136,100,25,2025-11-20
ST17,SKU02959,26,54,14,2025-11-27
ST12,SKU03648,21,83,41,2025-11-11
ST14,SKU03227,65,61,17,2025-11-11
ST15,SKU02648,115,75,22,2025-11-14
ST18,SKU00117,71,25,7,2025-11-10
ST28,SKU00857,21,40,11,2025-11-14
ST24,SKU01480,48,60,29,2025-12-13
ST29,SKU01338,63,84,18,2025-11-13
ST16,SKU01900,35,58,16,2025-11-14
ST14,SKU01521,6,100,22,2025-11-12
ST21,SKU02383,173,68,26,2025-11-25
ST21,SKU03505,24,21,5,2025-12-17
ST08,SKU03663,94,87,25,2025-11-07
ST30,SKU02288,99,49,24,2025-11-28
ST06,SKU03714,93,95,23,2025-11-04
ST21,SKU04220,188,77,28,2025-11-29
ST06,SKU00028,71,91,23,2025-12-01
ST16,SKU00074,65,49,11,2025-12-01
ST16,SKU01581,42,64,15,2025-11-18
ST22,SKU02269,124,48,23,2025-12-05
ST27,SKU00288,214,96,27,2025-11-29
ST06,SKU02927,52,30,12,2025-11-07
ST07,SKU03056,161,99,30,2025-12-11
ST07,SKU01882,62,62,15,2025-12-09
ST09,SKU04932,54,28,7,2025-12-16
ST25,SKU00795,59,63,26,2025-11-02
ST05,SKU00135,12,30,9,2025-11-20
ST29,SKU03061,40,45,13,2025-12-25
ST23,SKU03637,102,69,31,2025-11-19
ST06,SKU03385,27,41,11,2025-12-21
ST25,SKU01523,203,84,26,2025-11-06
ST21,SKU03213,97,59,27,2025-11-25
ST25,SKU00848,149,69,23,2025-11-07
ST30,SKU02981,132,62,15,2025-12-11
ST04,SKU02469,45,59,27,2025-12-22
ST17,SKU04177,100,60,17,2025-12-24
ST11,SKU02380,186,70,19,2025-12-20
ST12,SKU04837,6,86,38,2025-11-07
ST10,SKU04732,25,44,15,2025-11-15
ST20,SKU04291,7,26,11,2025-12-29
ST04,SKU04009,20,76,25,2025-12-04
ST11,SKU01405,23,50,19,2025-12-22
ST24,SKU02115,275,95,29,2025-11-07
ST16,SKU02562,80,63,19,2025-12-29
ST20,SKU00900,250,95,30,2025-11-06
ST22,SKU00064,178,97,36,2025-12-31
ST19,SKU00667,76,86,29,2025-12-25
ST01,SKU02605,232,85,18,2025-11-24
ST22,SKU00103,156,68,16,2025-12-04
ST19,SKU04886,146,88,22,2025-12-28
ST06,SKU04061,61,50,21,2025-12-04
ST25,SKU03160,41,65,21,2025-11-10
ST06,SKU02300,120,60,15,2025-11-10
ST18,SKU00570,233,78,27,2025-12-25
ST09,SKU00247,17,41,17,2025-11-26
ST24,SKU00525,92,45,17,2025-12-18
ST01,SKU04742,137,65,14,2025-11-27
ST22,SKU04552,154,78,24,2025-12-12
ST27,SKU03004,20,94,46,2025-12-16
ST24,SKU04589,103,95,44,2025-12-07
ST28,SKU04525,122,67,15,2025-12-15
ST20,SKU01203,93,99,32,2025-11-02
ST19,SKU00157,142,60,23,2025-11-27
ST11,SKU04720,153,60,15,2025-12-09
ST25,SKU04906,170,61,16,2025-12-20
ST28,SKU04022,145,86,26,2025-12-26
ST09,SKU03453,46,23,9,2025-11-15
ST23,SKU02305,182,72,27,2025-12-08
ST30,SKU03978,189,70,22,2025-11-13
ST29,SKU00458,93,73,35,2025-11-11
ST24,SKU04699,122,61,15,2025-11-14
ST02,SKU04266,16,26,12,2025-12-13
ST18,SKU02410,184,78,31,2025-12-17
ST30,SKU01048,70,25,11,2025-11-13
ST01,SKU04986,30,40,15,2025-11-10
ST23,SKU03561,53,29,14,2025-11-22
ST20,SKU04173,19,54,16,2025-12-14
ST14,SKU04855,204,72,30,2025-11-28
ST19,SKU02923,103,84,36,2025-12-04
ST16,SKU00981,53,73,15,2025-11-14
ST05,SKU04003,154,56,13,2025-12-24
ST27,SKU00534,41,89,19,2025-11-20
ST25,SKU03777,58,96,37,2025-12-02
ST24,SKU00702,141,92,24,2025-12-15
ST27,SKU01067,113,62,21,2025-11-24
ST25,SKU04002,61,96,35,2025-11-13
ST18,SKU03481,36,73,27,2025-11-17
ST17,SKU00108,205,70,32,2025-12-05
ST16,SKU03426,8,28,12,2025-12-05
ST02,SKU00050,1,85,28,2025-12-04
ST30,SKU01123,11,54,24,2025-11-07
ST27,SKU03339,51,33,15,2025-12-28
ST20,SKU03840,68,42,14,2025-11-11
ST06,SKU02856,129,60,18,2025-11-27
ST28,SKU02180,19,28,9,2025-12-17
ST14,SKU00426,69,95,21,2025-11-09
ST13,SKU01320,151,84,38,2025-12-29
ST01,SKU02564,47,34,11,2025-12-02
ST14,SKU03940,45,89,41,2025-11-23
ST29,SKU01361,37,54,11,2025-12-22
ST16,SKU03447,109,87,29,2025-12-21
ST13,SKU03408,115,61,26,2025-12-31
ST30,SKU03270,34,45,11,2025-12-03
ST28,SKU00572,60,39,8,2025-11-28
ST02,SKU04796,77,26,5,2025-12-13
ST04,SKU01100,176,86,34,2025-12-07
ST30,SKU00798,119,65,18,2025-12-01
ST06,SKU02909,43,28,12,2025-12-30
ST23,SKU00646,277,94,29,2025-12-27
ST22,SKU02968,90,86,22,2025-12-10
ST28,SKU04808,90,60,23,2025-11-16
ST06,SKU00480,47,42,13,2025-12-08
ST15,SKU03184,33,77,26,2025-11-28
ST05,SKU00093,172,67,21,2025-12-07
ST18,SKU03989,51,79,35,2025-12-31
ST26,SKU03818,132,60,12,2025-12-20
ST30,SKU00205,45,59,13,2025-11-30
ST14,SKU05000,274,93,20,2025-12-25
ST19,SKU03096,12,73,24,2025-12-24
ST13,SKU03639,197,89,39,2025-11-21
ST19,SKU01635,143,86,37,2025-11-19
ST12,SKU03898,86,38,14,2025-11-01
ST06,SKU01069,30,30,9,2025-12-27
ST01,SKU02304,219,82,36,2025-12-16
ST28,SKU02746,51,43,17,2025-12-23
ST30,SKU00527,126,60,13,2025-11-07
ST09,SKU03542,109,68,32,2025-12-26
ST12,SKU02436,27,35,8,2025-11-24
ST04,SKU04213,155,63,17,2025-12-11
ST07,SKU02134,116,60,17,2025-12-23
ST13,SKU02222,53,54,18,2025-12-29
ST26,SKU01841,44,37,17,2025-11-29
ST29,SKU03816,2,49,11,2025-11-20
ST11,SKU02580,59,89,26,2025-11-02
ST09,SKU02450,198,81,33,2025-12-09
ST30,SKU01691,121,43,13,2025-11-14
ST05,SKU01481,141,77,37,2025-12-14
ST08,SKU04859,9,22,9,2025-12-24
ST23,SKU03967,81,38,16,2025-12-18
ST29,SKU03886,126,82,29,2025-12-20
ST19,SKU03861,98,91,38,2025-12-11
ST08,SKU04955,147,87,24,2025-12-26
ST29,SKU04041,120,98,37,2025-12-25
ST01,SKU00328,63,91,26,2025-11-10
ST05,SKU03715,50,60,22,2025-12-07
ST09,SKU01158,29,85,25,2025-12-21
ST26,SKU02703,123,80,38,2025-11-15
ST30,SKU04912,22,28,12,2025-11-01
ST22,SKU03250,146,76,23,2025-11-17
ST18,SKU04332,46,42,18,2025-11-23
ST13,SKU00948,63,27,12,2025-11-13
ST03,SKU04615,27,26,7,2025-11-17
ST15,SKU01526,232,84,27,2025-11-02
ST29,SKU02594,66,40,20,2025-12-16
ST10,SKU01524,67,39,13,2025-12-05
ST11,SKU02184,121,79,30,2025-12-23
ST23,SKU00581,83,34,14,2025-12-08
ST22,SKU04838,240,90,20,2025-12-23
ST09,SKU04848,20,21,5,2025-11-21
ST10,SKU02113,175,98,45,2025-12-21
ST18,SKU03940,33,42,16,2025-12-12
ST15,SKU04885,194,82,21,2025-12-29
ST03,SKU03028,15,48,21,2025-11-02
ST20,SKU03884,129,46,19,2025-12-22
ST12,SKU00343,48,51,14,2025-11-14
ST27,SKU04710,63,33,13,2025-12-17
ST29,SKU04077,173,61,30,2025-12-09
ST18,SKU01884,0,71,29,2025-12-02
ST18,SKU03190,26,59,13,2025-11-24
ST13,SKU02647,54,80,35,2025-11-13
ST28,SKU04821,11,51,20,2025-11-28
ST16,SKU04007,132,53,18,2025-11-04
ST20,SKU00670,134,69,23,2025-11-20
ST28,SKU02265,65,51,25,2025-12-01
ST10,SKU00007,47,88,29,2025-11-07
ST07,SKU03877,113,39,8,2025-12-21
ST08,SKU00230,26,24,8,2025-12-15
ST08,SKU04632,18,68,20,2025-11-01
ST08,SKU04124,102,59,13,2025-12-07
ST13,SKU02516,22,68,21,2025-12-29
ST24,SKU04822,13,21,5,2025-12-08
ST11,SKU01967,122,97,34,2025-11-12
ST22,SKU04038,3,59,17,2025-11-11
ST14,SKU01124,92,46,19,2025-11-20
ST01,SKU03466,55,24,6,2025-12-08
ST05,SKU00988,61,30,13,2025-12-13
ST07,SKU00778,113,41,20,2025-12-08
ST14,SKU01266,39,64,16,2025-11-19
ST12,SKU02192,125,44,18,2025-12-11
ST11,SKU03763,6,70,31,2025-12-21
ST04,SKU01844,59,52,19,2025-11-21
ST21,SKU04415,116,89,31,2025-12-13
ST21,SKU00156,120,100,24,2025-11-15
ST16,SKU04258,216,88,38,2025-12-19
ST22,SKU03391,166,80,22,2025-11-07
ST29,SKU00723,124,92,25,2025-12-14
ST15,SKU02361,163,89,21,2025-12-04
ST04,SKU00198,3,34,9,2025-11-16
ST30,SKU04796,47,93,37,2025-12-14
ST30,SKU01389,52,75,36,2025-11-11
ST13,SKU04982,92,43,19,2025-11-08
ST01,SKU02802,178,93,44,2025-11-16
ST12,SKU01133,36,25,8,2025-11-19
ST04,SKU03876,69,31,8,2025-12-26
ST04,SKU03209,80,39,11,2025-12-14
ST05,SKU04031,87,38,15,2025-12-16
ST17,SKU02116,76,96,35,2025-11-10
ST26,SKU03389,63,50,18,2025-12-26
ST05,SKU03249,63,79,35,2025-11-07
ST08,SKU00990,66,26,11,2025-12-27
ST03,SKU01276,37,68,26,2025-11-11
ST19,SKU01512,6,45,17,2025-11-11
ST07,SKU00420,271,98,38,2025-12-03
ST24,SKU00232,85,97,38,2025-11-22
ST12,SKU03896,84,55,16,2025-11-13
ST25,SKU03537,170,79,33,2025-12-08
ST24,SKU03900,207,85,41,2025-12-26
ST08,SKU03432,79,29,8,2025-11-01
ST11,SKU01942,28,62,15,2025-11-27
ST22,SKU01966,158,88,25,2025-12-31
ST20,SKU02095,235,87,29,2025-11-06
ST15,SKU02192,154,64,27,2025-11-27
ST13,SKU04203,115,89,44,2025-12-26
ST03,SKU01336,56,27,8,2025-11-10
ST13,SKU00035,64,29,12,2025-12-28
ST30,SKU00686,181,90,42,2025-11-01
ST22,SKU01526,67,54,11,2025-11-07
ST28,SKU03154,18,59,20,2025-11-17
ST23,SKU00461,55,48,18,2025-11-24
ST23,SKU00460,125,100,20,2025-11-16
ST17,SKU01953,137,72,35,2025-12-14
ST29,SKU03774,153,66,27,2025-12-08
ST04,SKU01885,29,52,18,2025-11-11
ST02,SKU01734,58,23,11,2025-12-16
ST14,SKU01535,154,81,35,2025-12-08
ST01,SKU00333,15,24,11,2025-12-29
ST27,SKU03233,5,51,21,2025-12-17
ST30,SKU00677,6,50,21,2025-12-22
ST08,SKU01251,68,49,22,2025-12-11
ST23,SKU01269,69,29,10,2025-11-20
ST28,SKU01974,56,41,9,2025-11-18
ST16,SKU01802,64,48,17,2025-12-21
ST21,SKU03686,89,58,24,2025-11-12
ST29,SKU00210,52,65,27,2025-12-28
ST23,SKU04518,135,70,21,2025-12-31
ST07,SKU03548,121,77,37,2025-11-06
ST25,SKU03495,116,70,33,2025-11-29
ST30,SKU04645,122,53,18,2025-12-31
ST29,SKU03671,99,59,13,2025-12-15
ST12,SKU03156,287,96,46,2025-12-10
ST05,SKU02742,112,91,33,2025-12-27
ST08,SKU01879,206,88,37,2025-11-13
ST12,SKU01801,58,39,18,2025-12-19
ST30,SKU00896,77,40,17,2025-12-27
ST03,SKU04498,108,45,12,2025-11-11
ST29,SKU02191,101,48,21,2025-11-07
ST15,SKU03570,66,59,24,2025-12-26
ST14,SKU04906,193,94,42,2025-11-29
ST04,SKU02230,84,56,20,2025-12-22
ST23,SKU03448,99,56,28,2025-12-06
ST05,SKU03986,86,68,32,2025-12-21
ST28,SKU02201,85,65,15,2025-11-29
ST04,SKU00899,105,37,10,2025-11-15
ST22,SKU03650,240,84,28,2025-11-29
ST08,SKU04752,4,39,10,2025-11-03
ST30,SKU00044,43,25,10,2025-11-03
ST19,SKU01669,120,72,20,2025-12-14
ST18,SKU00824,95,49,16,2025-11-07
ST12,SKU03688,286,97,30,2025-12-09
ST03,SKU00726,37,91,42,2025-11-09
ST07,SKU01928,91,79,31,2025-11-04
ST27,SKU03313,132,58,24,2025-12-15
ST15,SKU02271,196,77,37,2025-11-03
ST03,SKU00884,0,79,31,2025-11-21
ST04,SKU04703,2,54,11,2025-11-18
ST11,SKU03612,18,49,23,2025-12-16
ST01,SKU00091,31,37,17,2025-12-09
ST21,SKU00854,13,28,13,2025-12-18
ST27,SKU02284,85,74,22,2025-12-05
ST06,SKU00915,146,95,20,2025-12-10
ST01,SKU00769,26,83,30,2025-12-09
ST14,SKU04596,72,100,43,2025-12-01
ST01,SKU04675,113,43,20,2025-12-10
ST24,SKU02523,80,99,21,2025-11-07
ST19,SKU01516,51,26,9,2025-11-14
ST11,SKU04840,156,81,20,2025-11-11
ST06,SKU02473,156,97,48,2025-12-31
ST03,SKU00715,32,62,20,2025-12-20
ST04,SKU03958,163,93,26,2025-12-26
ST09,SKU00990,63,47,21,2025-12-11
ST12,SKU00919,262,92,44,2025-12-04
ST11,SKU04796,40,42,21,2025-12-13
ST11,SKU03818,110,49,17,2025-11-02
ST22,SKU00934,114,67,18,2025-12-15
ST21,SKU03147,124,57,15,2025-11-20
ST29,SKU02097,39,49,23,2025-12-29
ST03,SKU04543,103,39,11,2025-11-04
ST22,SKU02682,149,87,33,2025-12-29
ST23,SKU03965,35,76,24,2025-12-12
ST14,SKU04233,131,87,20,2025-11-12
ST18,SKU00494,61,98,22,2025-11-29
ST24,SKU02830,153,98,48,2025-12-28
ST15,SKU04185,13,30,7,2025-11-02
ST02,SKU02582,10,51,22,2025-12-27
ST08,SKU03956,155,69,34,2025-11-20
ST29,SKU03903,13,36,17,2025-12-21
ST29,SKU04759,78,59,17,2025-11-01
ST05,SKU01302,57,31,10,2025-11-02
ST13,SKU01297,55,22,9,2025-12-05
ST21,SKU03306,196,89,36,2025-12-10
ST28,SKU00792,31,48,13,2025-11-25
ST03,SKU00866,239,81,19,2025-11-06
ST11,SKU04488,184,88,21,2025-12-18
ST19,SKU00840,91,53,15,2025-11-14
ST27,SKU02334,87,41,17,2025-12-29
ST10,SKU01508,138,48,11,2025-11-17
ST13,SKU02949,55,100,43,2025-12-07
ST13,SKU03429,14,65,15,2025-11-11
ST23,SKU01519,203,84,23,2025-11-22
ST08,SKU00542,102,98,35,2025-12-16
ST07,SKU00116,10,41,11,2025-12-23
ST19,SKU02625,76,82,40,2025-11-10
ST15,SKU04917,61,31,7,2025-11-20
ST13,SKU02029,7,21,7,2025-11-16
ST03,SKU04180,24,38,14,2025-12-03
ST23,SKU01142,154,92,46,2025-12-01
ST27,SKU01494,155,84,38,2025-12-28
ST09,SKU00335,224,88,28,2025-11-24
ST14,SKU01076,26,39,11,2025-12-29
ST14,SKU01024,64,27,10,2025-11-23
ST09,SKU03108,84,45,9,2025-12-01
ST06,SKU03052,184,77,21,2025-11-04
ST27,SKU02013,34,30,8,2025-11-05
ST27,SKU01876,34,30,12,2025-11-19
ST10,SKU02455,225,76,33,2025-11-16
ST14,SKU01533,77,29,12,2025-12-12
ST17,SKU04131,109,58,17,2025-11-26
ST08,SKU00437,3,22,6,2025-11-02
ST17,SKU02488,18,79,36,2025-12-02
ST27,SKU02432,77,27,8,2025-12-23
ST17,SKU03943,46,47,21,2025-12-30
ST16,SKU02953,116,64,23,2025-11-06
ST20,SKU04105,36,91,21,2025-12-30
ST24,SKU04032,73,72,19,2025-12-24
ST16,SKU00502,145,55,12,2025-12-14
ST02,SKU04463,26,55,14,2025-11-11
ST18,SKU01287,34,67,18,2025-12-03
ST26,SKU02949,72,29,7,2025-11-29
ST10,SKU00773,13,58,22,2025-12-08
ST05,SKU03945,219,77,18,2025-11-03
ST03,SKU02767,49,23,11,2025-12-24
ST28,SKU04650,201,82,33,2025-12-27
ST25,SKU01185,26,29,7,2025-11-10
ST20,SKU02920,36,37,9,2025-12-12
ST04,SKU04542,105,52,22,2025-11-01
ST18,SKU03903,31,40,8,2025-12-23
ST30,SKU02959,34,21,7,2025-11-02
ST03,SKU03585,31,79,38,2025-11-15
ST26,SKU04947,255,99,41,2025-11-26
ST18,SKU02855,64,31,9,2025-12-19
ST20,SKU04681,53,77,31,2025-11-25
ST05,SKU04494,39,29,14,2025-11-14
ST21,SKU03813,210,77,17,2025-11-19
ST03,SKU03903,183,82,27,2025-12-20
ST05,SKU02929,56,25,9,2025-11-27
ST15,SKU01934,139,94,31,2025-12-02
ST13,SKU02350,207,80,18,2025-12-18
ST18,SKU00306,14,56,14,2025-11-12
ST16,SKU00225,22,48,21,2025-11-17
ST08,SKU01573,67,88,21,2025-11-29
ST25,SKU03740,68,72,27,2025-12-12
ST08,SKU00295,3,40,19,2025-11-05
ST13,SKU04523,103,63,29,2025-12-09
ST22,SKU01589,202,93,38,2025-11-14
ST12,SKU04557,117,51,11,2025-12-30
ST19,SKU02058,166,92,26,2025-11-24
ST29,SKU00068,8,99,39,2025-12-07
ST05,SKU00076,0,27,7,2025-11-12
ST12,SKU03566,126,85,33,2025-11-28
ST15,SKU02502,13,26,8,2025-11-11
ST10,SKU02586,43,54,19,2025-11-05
ST03,SKU01712,51,20,5,2025-11-20
ST12,SKU03500,189,91,44,2025-12-24
ST02,SKU04402,34,24,12,2025-11-09
ST30,SKU03013,147,50,20,2025-11-23
ST06,SKU02350,97,45,15,2025-11-11
ST24,SKU00426,8,31,12,2025-12-18
ST20,SKU03418,95,36,14,2025-11-06
ST21,SKU01934,45,34,12,2025-12-12
ST16,SKU01931,46,55,17,2025-11-25
ST18,SKU00606,96,60,27,2025-11-30
ST18,SKU02799,15,56,25,2025-12-25
ST30,SKU01025,112,38,10,2025-11-18
ST15,SKU03619,9,50,16,2025-11-28
ST04,SKU03244,2,43,9,2025-11-13
ST20,SKU03457,137,65,24,2025-12-04
ST04,SKU04057,3,58,19,2025-11-26
ST08,SKU02065,51,35,14,2025-12-22
ST01,SKU04531,12,25,5,2025-12-18
ST02,SKU00242,52,60,16,2025-12-05
ST06,SKU01284,81,64,28,2025-11-16
ST14,SKU00226,202,82,26,2025-12-11
ST21,SKU03564,53,52,19,2025-11-14
ST14,SKU01421,23,27,9,2025-11-26
ST05,SKU01802,125,48,10,2025-11-12
ST10,SKU03475,138,57,12,2025-12-24
ST28,SKU04836,85,34,17,2025-11-21
ST01,SKU02065,90,96,21,2025-12-19
ST17,SKU04962,173,96,41,2025-11-09
ST14,SKU01554,160,78,19,2025-12-07
ST18,SKU00545,73,25,7,2025-12-28
ST13,SKU00318,50,23,6,2025-11-04
ST26,SKU01296,144,82,29,2025-12-14
ST01,SKU03465,21,60,27,2025-12-16
ST27,SKU03608,103,81,32,2025-12-15
ST22,SKU03202,158,98,32,2025-12-21
ST01,SKU04195,210,81,22,2025-11-30
ST16,SKU04131,52,47,16,2025-12-03
ST12,SKU04256,22,49,24,2025-11-18
ST08,SKU04943,26,40,11,2025-11-11
ST27,SKU03274,164,84,21,2025-12-22
ST26,SKU04190,23,52,19,2025-11-21
ST16,SKU00241,141,67,16,2025-12-04
ST27,SKU02634,3,58,20,2025-11-21
ST11,SKU04615,74,35,7,2025-11-19
ST29,SKU02542,47,66,14,2025-11-06
ST02,SKU00899,184,66,13,2025-11-02
ST05,SKU00621,103,57,15,2025-11-11
ST15,SKU03252,139,53,19,2025-12-12
ST12,SKU02861,193,78,18,2025-11-19
ST22,SKU02349,107,71,32,2025-12-15
ST18,SKU04060,105,57,20,2025-12-23
ST17,SKU03648,206,72,21,2025-12-21
ST09,SKU00489,9,32,7,2025-11-10
ST20,SKU00833,125,68,23,2025-12-02
ST20,SKU04943,87,66,14,2025-11-14
ST07,SKU03980,157,73,29,2025-11-09
ST22,SKU02806,37,48,22,2025-11-29
ST08,SKU04300,35,36,8,2025-11-16
ST17,SKU01518,181,61,15,2025-12-14
ST23,SKU00787,62,71,27,2025-11-28
ST05,SKU01118,65,83,29,2025-12-11
ST30,SKU02283,221,78,24,2025-12-06
ST14,SKU03866,9,23,5,2025-12-20
ST18,SKU03889,182,90,34,2025-11-23
ST17,SKU02240,20,37,9,2025-11-21
ST18,SKU00990,108,93,32,2025-11-19
ST04,SKU02623,43,39,14,2025-12-04
ST02,SKU03042,194,99,44,2025-11-26
ST09,SKU03653,56,22,10,2025-11-11
ST28,SKU04327,37,62,26,2025-12-17
ST24,SKU02647,104,98,47,2025-11-27
ST09,SKU01468,136,80,37,2025-12-11
ST24,SKU04441,80,27,7,2025-12-19
ST19,SKU03190,18,93,37,2025-12-18
ST07,SKU02805,41,34,16,2025-11-19
ST19,SKU03404,175,98,48,2025-11-27
ST24,SKU02719,3,42,13,2025-12-10
ST15,SKU00452,150,63,15,2025-12-20
ST05,SKU02428,5,60,21,2025-12-26
ST10,SKU04093,122,53,25,2025-11-22
ST14,SKU00714,23,28,11,2025-11-25
ST02,SKU02385,54,41,15,2025-12-26
ST26,SKU04997,65,97,21,2025-11-13
ST09,SKU04832,141,74,26,2025-12-21
ST05,SKU04601,23,74,29,2025-12-04
ST29,SKU03433,38,46,14,2025-12-30
ST04,SKU00085,70,83,29,2025-11-27
ST08,SKU02370,25,75,18,2025-12-24
ST25,SKU02334,75,46,19,2025-12-29
ST27,SKU00970,127,81,38,2025-12-02
ST10,SKU03305,89,36,12,2025-12-27
ST12,SKU00937,143,83,27,2025-12-19
ST29,SKU02875,68,28,7,2025-11-15
ST12,SKU02185,102,73,21,2025-11-11
ST23,SKU03262,8,26,12,2025-12-01
ST09,SKU02610,50,43,21,2025-12-15
ST22,SKU02477,33,43,19,2025-12-20
ST02,SKU01488,57,21,6,2025-12-18
ST08,SKU04335,57,67,20,2025-11-07
ST25,SKU03242,56,23,8,2025-11-26
ST01,SKU01868,123,73,29,2025-11-05
ST22,SKU02552,116,43,17,2025-11-22
ST21,SKU01720,43,56,20,2025-11-21
ST03,SKU04493,32,29,6,2025-11-12
ST26,SKU02169,22,28,7,2025-12-31
ST03,SKU00895,58,36,18,2025-12-05
ST11,SKU00367,241,85,40,2025-11-07
ST21,SKU00420,5,30,14,2025-12-28
ST07,SKU03088,27,20,6,2025-12-22
ST06,SKU00555,55,24,9,2025-11-10
ST30,SKU04451,26,27,10,2025-11-14
ST08,SKU03948,37,98,35,2025-12-21
ST24,SKU00888,119,65,15,2025-12-02
ST23,SKU00182,46,46,20,2025-11-26
ST11,SKU01949,229,78,31,2025-11-21
ST17,SKU02184,65,60,26,2025-11-26
ST13,SKU01012,123,99,26,2025-11-26
ST19,SKU03575,98,46,14,2025-12-23
ST24,SKU01531,5,38,17,2025-11-06
ST13,SKU03422,74,52,11,2025-12-16
ST27,SKU00225,68,65,19,2025-12-10
ST08,SKU02776,21,21,9,2025-12-17
ST16,SKU01617,43,83,19,2025-12-05
ST09,SKU00556,109,92,41,2025-11-17
ST19,SKU03694,196,67,29,2025-11-30
ST03,SKU02258,65,49,11,2025-11-26
ST09,SKU02180,24,45,16,2025-12-01
ST08,SKU03302,111,74,32,2025-12-19
ST24,SKU01461,18,75,30,2025-11-09
ST06,SKU02327,100,54,21,2025-12-07
ST12,SKU01978,180,70,15,2025-11-15
ST16,SKU01199,20,56,27,2025-12-11
ST14,SKU04724,139,97,34,2025-11-23
ST12,SKU03407,131,57,24,2025-12-07
ST25,SKU02394,62,68,27,2025-11-26
ST18,SKU04948,31,28,6,2025-11-20
ST13,SKU02793,90,57,26,2025-12-24
ST24,SKU02969,83,71,35,2025-12-11
ST07,SKU00818,239,90,20,2025-11-15
ST07,SKU04607,92,58,15,2025-11-14
ST02,SKU04008,88,30,9,2025-11-30
ST01,SKU03590,70,51,18,2025-12-17
ST30,SKU04775,94,74,29,2025-11-09
ST09,SKU03292,196,85,34,2025-11-12
ST24,SKU01064,115,58,21,2025-12-14
ST23,SKU00220,113,38,9,2025-11-08
ST25,SKU02092,189,91,34,2025-11-14
ST07,SKU03614,8,38,12,2025-11-19
ST23,SKU02699,61,64,14,2025-12-13
ST10,SKU01215,254,94,24,2025-11-14
ST29,SKU02716,121,87,28,2025-12-18
ST25,SKU01346,6,27,7,2025-11-09
ST27,SKU03204,30,48,21,2025-11-14
ST09,SKU02279,213,97,34,2025-12-24
ST03,SKU02156,43,73,20,2025-11-16
ST24,SKU04671,167,75,21,2025-11-30
ST13,SKU04369,46,24,9,2025-12-03
ST09,SKU04283,136,80,25,2025-12-18
ST22,SKU04364,174,90,35,2025-11-22
ST08,SKU03747,67,24,10,2025-12-16
ST22,SKU02596,49,43,13,2025-12-22
ST17,SKU00113,201,99,39,2025-11-10
ST05,SKU01147,12,24,10,2025-11-16
ST07,SKU03302,84,56,13,2025-11-23
ST21,SKU02230,20,27,10,2025-12-16
ST26,SKU02271,4,25,11,2025-12-27
ST13,SKU01456,52,23,10,2025-11-18
ST01,SKU03989,89,66,32,2025-12-24
ST16,SKU03444,112,51,13,2025-11-01
ST28,SKU02631,28,50,17,2025-12-07
ST14,SKU03674,23,65,23,2025-11-11
ST22,SKU02389,19,75,18,2025-12-27
ST28,SKU04313,131,49,13,2025-12-28
ST06,SKU04087,10,36,15,2025-11-17
ST22,SKU03616,13,22,10,2025-11-19
ST19,SKU03233,11,21,5,2025-11-03
ST29,SKU01840,175,74,20,2025-11-28
ST06,SKU04373,62,25,10,2025-11-12
ST04,SKU03229,35,32,7,2025-11-02
ST07,SKU00744,60,52,15,2025-11-13
ST21,SKU01808,135,68,31,2025-11-19
ST12,SKU02428,106,36,15,2025-12-18
ST15,SKU04151,29,61,19,2025-12-24
ST29,SKU03076,48,87,22,2025-12-21
ST03,SKU03991,107,66,24,2025-12-10
ST24,SKU02773,60,34,10,2025-12-19
ST29,SKU02485,15,30,11,2025-12-15
ST26,SKU02611,33,30,7,2025-11-26
ST22,SKU01920,16,85,22,2025-11-10
ST12,SKU02416,87,41,17,2025-11-15
ST05,SKU03617,118,41,15,2025-12-23
ST20,SKU03444,231,92,30,2025-11-19
ST13,SKU01429,5,31,15,2025-11-19
ST21,SKU03043,80,75,25,2025-11-30
ST08,SKU03107,157,75,19,2025-12-23
ST13,SKU03348,13,38,17,2025-12-10
ST12,SKU03553,60,28,14,2025-12-09
ST14,SKU04713,64,54,25,2025-11-26
ST28,SKU02800,169,70,30,2025-11-10
ST22,SKU00843,28,34,16,2025-11-24
ST24,SKU00278,59,32,9,2025-11-22
ST26,SKU03455,49,23,6,2025-12-06
ST05,SKU03614,113,50,21,2025-11-03
ST28,SKU03000,45,26,12,2025-11-09
ST08,SKU01395,18,63,31,2025-12-26
ST16,SKU04777,56,53,18,2025-12-06
ST23,SKU00118,189,78,24,2025-12-07
ST07,SKU03845,57,24,10,2025-12-15
ST12,SKU02462,74,54,14,2025-12-19
ST01,SKU03795,125,45,9,2025-11-04
ST05,SKU02796,139,87,31,2025-11-11
ST27,SKU02812,178,69,27,2025-12-23
ST25,SKU00273,10,57,20,2025-12-22
ST10,SKU03348,3,71,18,2025-12-04
ST09,SKU03766,74,47,18,2025-11-27
ST17,SKU04356,98,35,10,2025-11-19
ST16,SKU00916,70,83,27,2025-11-16
ST20,SKU04530,245,90,26,2025-12-27
ST29,SKU04184,125,54,13,2025-12-13
ST03,SKU03553,31,30,14,2025-12-31
ST20,SKU03983,60,35,13,2025-12-16
ST03,SKU00044,226,81,32,2025-12-12
ST13,SKU01164,20,48,23,2025-12-28
ST09,SKU02093,212,85,18,2025-11-16
ST08,SKU04916,65,42,11,2025-11-23
ST21,SKU03111,86,33,9,2025-11-04
ST10,SKU04521,133,73,33,2025-12-27
ST04,SKU04674,31,70,27,2025-11-23
ST15,SKU02449,147,52,17,2025-12-29
ST07,SKU01514,264,90,23,2025-11-18
ST12,SKU00863,29,59,27,2025-12-21
ST02,SKU04629,18,36,16,2025-11-04
ST20,SKU01175,189,75,26,2025-11-09
ST25,SKU01388,10,27,13,2025-12-16
ST08,SKU04309,11,66,25,2025-11-25
ST20,SKU00266,20,37,13,2025-12-17
ST25,SKU02837,91,59,16,2025-12-07
ST07,SKU01595,189,85,19,2025-12-20
ST26,SKU01728,88,78,27,2025-12-16
ST26,SKU04251,66,44,16,2025-11-09
ST05,SKU02981,26,23,8,2025-11-20
ST17,SKU03172,57,82,35,2025-11-23
ST23,SKU04107,23,46,17,2025-11-17
ST13,SKU04759,15,48,22,2025-11-16
ST04,SKU02594,14,27,7,2025-11-15
ST03,SKU04699,74,89,37,2025-11-10
ST12,SKU03387,72,85,30,2025-11-24
ST27,SKU00474,11,51,24,2025-11-12
ST22,SKU03011,148,60,20,2025-12-30
ST22,SKU00542,114,77,33,2025-12-24
ST06,SKU03857,74,40,13,2025-11-15
ST06,SKU00493,213,76,34,2025-11-17
ST11,SKU03849,86,67,28,2025-11-14
ST01,SKU00367,48,22,9,2025-12-16
ST02,SKU03403,42,38,12,2025-12-19
ST05,SKU04004,102,36,7,2025-11-30
ST16,SKU02515,92,53,24,2025-11-15
ST22,SKU03153,4,20,8,2025-12-01
ST30,SKU01889,32,98,37,2025-11-15
ST13,SKU03682,36,90,24,2025-12-28
ST23,SKU03765,37,28,8,2025-12-03
ST25,SKU02511,228,93,43,2025-12-06
ST10,SKU03622,20,53,26,2025-11-21
ST21,SKU00221,106,44,13,2025-12-10
ST02,SKU04644,110,48,23,2025-11-14
ST20,SKU01550,40,41,14,2025-12-27
ST22,SKU04675,125,48,11,2025-11-06
ST17,SKU03587,13,45,18,2025-12-03
ST27,SKU01750,115,56,17,2025-11-10
ST18,SKU04657,54,21,4,2025-11-22
ST08,SKU04446,121,90,26,2025-11-02
ST01,SKU04050,27,47,12,2025-11-15
ST21,SKU02632,108,39,16,2025-11-14
ST01,SKU02641,150,56,25,2025-12-26
ST19,SKU01270,44,30,14,2025-12-12
ST20,SKU01277,42,26,10,2025-11-24
ST25,SKU00434,114,54,16,2025-11-11
ST15,SKU00298,3,29,10,2025-12-07
ST10,SKU01912,63,68,20,2025-11-23
ST03,SKU03445,126,46,15,2025-11-04
ST02,SKU00955,185,98,49,2025-12-10
ST13,SKU01899,70,52,24,2025-11-19
ST03,SKU00481,0,37,11,2025-11-03
ST14,SKU01748,195,86,18,2025-12-23
ST20,SKU01477,68,40,11,2025-12-23
ST10,SKU04331,205,88,37,2025-12-08
ST12,SKU02927,14,29,6,2025-12-10
ST11,SKU02723,67,86,28,2025-12-02
ST03,SKU01287,124,64,21,2025-12-26
ST04,SKU02327,67,71,27,2025-12-03
ST10,SKU03126,18,75,25,2025-12-31
ST17,SKU01520,26,97,23,2025-12-05
ST03,SKU00333,122,51,11,2025-12-23
ST30,SKU04801,95,54,16,2025-11-19
ST23,SKU04433,173,98,37,2025-12-15
ST16,SKU02631,146,77,37,2025-12-15
ST04,SKU01070,24,73,29,2025-12-26
ST22,SKU03949,217,76,35,2025-11-29
ST28,SKU01123,7,72,19,2025-11-30
ST04,SKU04728,35,25,7,2025-11-27
ST16,SKU02942,220,84,33,2025-12-09
ST06,SKU03233,164,82,18,2025-12-16
ST25,SKU00048,114,83,40,2025-11-18
ST11,SKU01773,24,61,27,2025-11-24
ST06,SKU03654,35,32,12,2025-12-19
ST18,SKU02314,32,79,28,2025-12-14
ST27,SKU01280,20,24,8,2025-12-02
ST02,SKU04300,103,70,20,2025-11-25
ST27,SKU01659,36,27,8,2025-11-30
ST24,SKU03054,66,70,23,2025-11-11
ST19,SKU03236,10,40,12,2025-12-27
ST12,SKU03193,78,94,33,2025-12-11
ST09,SKU01271,5,94,28,2025-11-05
ST18,SKU00537,45,63,31,2025-12-31
ST18,SKU00394,70,51,15,2025-11-16
ST29,SKU02481,21,39,11,2025-11-10
ST07,SKU01777,31,78,32,2025-11-06
ST27,SKU01306,4,21,5,2025-12-04
ST07,SKU02374,211,75,33,2025-11-09
ST01,SKU02831,73,49,24,2025-11-14
ST11,SKU03087,110,53,17,2025-11-04
ST18,SKU00448,137,46,14,2025-11-22
ST15,SKU02091,141,89,37,2025-11-20
ST11,SKU02849,168,91,25,2025-11-01
ST29,SKU01831,2,43,12,2025-11-29
ST29,SKU04635,71,29,14,2025-12-25
ST18,SKU01536,18,65,23,2025-12-10
ST20,SKU00397,0,26,7,2025-11-22
ST12,SKU04708,121,85,23,2025-11-24
ST18,SKU01278,77,32,13,2025-12-27
ST29,SKU02089,112,42,18,2025-11-07
ST13,SKU03579,90,53,13,2025-12-02
ST10,SKU03069,136,76,27,2025-12-01
ST21,SKU02195,51,50,25,2025-12-07
ST16,SKU02809,69,34,14,2025-12-18
ST19,SKU01963,176,83,37,2025-11-01
ST04,SKU00621,81,79,29,2025-12-17
ST30,SKU00984,130,96,22,2025-12-12
ST27,SKU00650,95,42,10,2025-11-15
ST26,SKU03593,57,25,10,2025-12-22
ST05,SKU04481,26,27,12,2025-11-02
ST11,SKU01186,37,39,18,2025-11-21
ST28,SKU00800,1,96,41,2025-11-23
ST13,SKU02698,80,69,34,2025-11-03
ST29,SKU02030,216,96,28,2025-11-10
ST22,SKU03904,66,75,31,2025-12-17
ST27,SKU00035,62,22,5,2025-11-21
ST27,SKU01575,34,26,7,2025-11-06
ST22,SKU02329,75,81,19,2025-12-09
ST17,SKU03474,182,95,27,2025-11-23
ST23,SKU04567,67,42,14,2025-11-06
ST22,SKU03856,89,37,11,2025-11-24
ST28,SKU03215,104,64,26,2025-12-20
ST15,SKU00544,65,79,17,2025-11-04
ST13,SKU03869,62,26,12,2025-12-02
ST06,SKU00182,45,29,13,2025-12-28
ST03,SKU00393,27,46,22,2025-12-20
ST06,SKU01445,186,85,41,2025-11-11
ST06,SKU01262,113,52,26,2025-11-22
ST23,SKU03004,6,55,19,2025-12-13
ST11,SKU03088,55,33,16,2025-12-08
ST10,SKU03313,36,86,24,2025-11-14
ST04,SKU00527,88,37,13,2025-12-08
ST08,SKU04264,45,29,7,2025-11-02
ST01,SKU00315,227,90,37,2025-11-12
ST13,SKU02096,6,100,47,2025-11-12
ST16,SKU04028,53,80,32,2025-12-22
ST01,SKU02956,229,84,28,2025-12-01
ST01,SKU03788,9,28,14,2025-12-07
ST05,SKU04567,92,92,23,2025-12-17
ST21,SKU03234,53,23,11,2025-11-11
ST15,SKU03298,0,43,10,2025-12-16
ST22,SKU04563,174,82,25,2025-12-19
ST16,SKU02863,36,25,6,2025-12-22
ST14,SKU04123,80,42,15,2025-12-17
ST05,SKU02774,147,50,17,2025-11-03
ST29,SKU00884,7,20,9,2025-11-28
ST13,SKU02638,86,39,15,2025-11-18
ST16,SKU04698,216,96,42,2025-11-28
ST08,SKU02900,93,33,9,2025-11-03
ST02,SKU00496,72,37,11,2025-11-14
ST17,SKU01455,138,97,23,2025-12-31
ST21,SKU04254,77,56,14,2025-11-16
ST05,SKU00951,65,71,18,2025-11-18
ST17,SKU03871,62,40,14,2025-12-08
ST20,SKU00767,115,56,20,2025-12-17
ST13,SKU01399,62,22,8,2025-12-22
ST23,SKU03895,13,96,26,2025-11-13
ST12,SKU02796,10,22,9,2025-12-22
ST26,SKU01325,28,57,25,2025-11-29
ST26,SKU03394,97,33,13,2025-12-12
ST15,SKU00499,238,82,22,2025-11-25
ST10,SKU01875,28,21,6,2025-12-05
ST06,SKU01128,43,65,19,2025-12-04
ST06,SKU01371,5,27,7,2025-11-30
ST28,SKU03340,14,27,12,2025-12-05
ST18,SKU02130,52,73,35,2025-11-21
ST21,SKU04398,248,91,21,2025-11-13
ST25,SKU04357,50,41,13,2025-12-04
ST16,SKU02096,55,35,15,2025-11-09
ST23,SKU01553,82,85,22,2025-12-27
ST07,SKU04104,49,38,13,2025-11-13
ST06,SKU01361,76,62,13,2025-12-10
ST03,SKU04313,4,54,27,2025-11-15
ST09,SKU01893,80,45,14,2025-12-27
ST09,SKU00125,127,59,22,2025-12-30
ST10,SKU04295,52,20,5,2025-11-21
ST25,SKU02556,123,50,13,2025-11-16
ST07,SKU03030,56,76,29,2025-11-12
ST17,SKU01650,116,43,16,2025-12-21
ST20,SKU00945,277,95,42,2025-12-12
ST22,SKU03133,37,77,26,2025-11-09
ST14,SKU04548,3,41,10,2025-12-03
ST18,SKU01124,98,51,19,2025-12-11
ST26,SKU04379,59,97,39,2025-11-29
ST17,SKU00813,60,25,5,2025-11-10
ST10,SKU04308,87,35,13,2025-12-20
ST28,SKU00233,48,79,31,2025-12-16
ST07,SKU01847,92,45,15,2025-12-23
ST05,SKU03719,38,92,40,2025-11-16
ST24,SKU01401,242,94,26,2025-12-29
ST21,SKU03786,10,40,10,2025-11-29
ST03,SKU02227,36,73,34,2025-11-05
ST25,SKU03464,2,42,12,2025-11-14
ST04,SKU00324,147,62,21,2025-11-17
ST18,SKU03652,43,36,13,2025-12-10
ST26,SKU04703,27,99,32,2025-12-24
ST04,SKU00531,67,90,28,2025-12-26
ST30,SKU04522,64,49,18,2025-11-07
ST01,SKU01774,1,24,11,2025-12-07
ST16,SKU00036,134,85,25,2025-11-25
ST25,SKU00756,44,39,13,2025-11-10
ST10,SKU04425,178,82,31,2025-12-24
ST06,SKU03305,48,67,17,2025-11-24
ST30,SKU03762,32,63,25,2025-12-25
ST05,SKU03384,84,59,24,2025-12-08
ST06,SKU00804,9,21,6,2025-12-06
ST16,SKU01221,4,77,27,2025-11-12
ST01,SKU04448,60,49,17,2025-11-06
ST28,SKU03579,43,26,6,2025-11-13
ST15,SKU02883,49,38,8,2025-11-12
ST21,SKU04263,109,40,10,2025-12-17
ST08,SKU02090,15,29,14,2025-11-16
ST12,SKU04116,59,31,11,2025-11-16
ST21,SKU01790,116,57,22,2025-12-16
ST15,SKU00611,12,30,8,2025-11-27
ST26,SKU00722,17,27,6,2025-11-19
ST08,SKU00674,158,81,29,2025-12-26
ST08,SKU03911,170,79,16,2025-12-17
ST12,SKU00171,113,97,47,2025-12-03
ST02,SKU03549,153,84,36,2025-11-08
ST11,SKU03606,11,21,9,2025-11-10
ST06,SKU04239,39,22,8,2025-11-20
ST06,SKU02831,63,46,19,2025-11-02
ST10,SKU03841,24,42,15,2025-12-26
ST19,SKU00511,196,88,20,2025-12-19
ST25,SKU01883,193,94,36,2025-11-18
ST14,SKU01901,39,58,26,2025-11-02
ST15,SKU00835,171,95,33,2025-11-05
ST25,SKU03770,59,33,14,2025-12-11
ST14,SKU01430,82,41,11,2025-11-17
ST28,SKU03313,24,21,9,2025-11-28
ST01,SKU02016,20,72,24,2025-12-05
ST29,SKU01612,52,36,13,2025-12-23
ST26,SKU04151,44,39,10,2025-12-31
ST07,SKU01500,102,48,21,2025-11-12
ST24,SKU02188,67,46,16,2025-12-10
ST29,SKU04988,56,20,6,2025-12-26
ST04,SKU02439,95,49,11,2025-11-22
ST03,SKU01633,157,57,28,2025-11-11
ST13,SKU03464,101,79,18,2025-11-09
ST03,SKU00093,104,91,28,2025-11-18
ST08,SKU00834,218,81,21,2025-12-06
ST01,SKU02948,15,29,12,2025-12-10
ST26,SKU03890,208,74,19,2025-12-10
ST26,SKU02898,15,33,13,2025-12-05
ST15,SKU01925,3,20,8,2025-12-13
ST17,SKU03963,28,31,11,2025-11-28
ST07,SKU02620,70,65,16,2025-12-04
ST11,SKU00698,119,98,23,2025-12-16
ST07,SKU04216,34,52,19,2025-12-26
ST15,SKU03791,202,91,30,2025-11-13
ST19,SKU04543,141,73,22,2025-12-19
ST16,SKU00084,22,30,8,2025-11-25
ST13,SKU02552,90,91,26,2025-11-25
ST25,SKU01436,77,56,17,2025-12-27
ST26,SKU02240,53,31,11,2025-12-30
ST14,SKU03312,27,71,23,2025-12-13
ST26,SKU04525,34,61,21,2025-12-28
ST26,SKU04364,197,98,31,2025-11-20
ST16,SKU00770,53,40,19,2025-12-15
ST24,SKU01330,59,31,7,2025-12-30
ST19,SKU01085,124,46,10,2025-12-20
ST15,SKU01519,71,84,29,2025-11-01
ST19,SKU02614,193,70,21,2025-11-23
ST10,SKU01041,21,85,36,2025-11-05
ST03,SKU04836,117,54,18,2025-11-13
ST16,SKU01022,114,75,23,2025-11-30
ST11,SKU01834,50,21,10,2025-12-28
ST11,SKU02287,35,53,19,2025-11-03
ST27,SKU04203,123,57,28,2025-11-03
ST30,SKU00432,275,100,22,2025-12-11
ST02,SKU03538,44,21,6,2025-11-26
ST03,SKU02365,134,93,25,2025-12-11
ST12,SKU02805,18,21,7,2025-12-23
ST19,SKU02847,64,50,12,2025-11-04
ST12,SKU01997,99,40,19,2025-11-06
ST22,SKU01225,153,63,24,2025-11-24
ST04,SKU02238,45,41,8,2025-11-16
ST10,SKU00696,32,24,6,2025-11-28
ST07,SKU00487,149,87,23,2025-11-07
ST26,SKU00884,64,23,5,2025-11-12
ST05,SKU01747,23,44,18,2025-11-04
ST08,SKU00858,40,83,17,2025-11-13
ST26,SKU02512,195,77,28,2025-11-16
ST11,SKU01467,81,48,15,2025-12-16
ST29,SKU01844,161,63,14,2025-11-05
ST18,SKU00367,205,73,31,2025-11-10
ST15,SKU01351,130,69,18,2025-11-09
ST16,SKU00956,11,66,30,2025-12-25
ST05,SKU01917,27,62,13,2025-12-05
ST08,SKU02308,212,90,40,2025-12-29
ST24,SKU02944,210,88,20,2025-11-04
ST17,SKU02192,43,66,31,2025-12-07
ST28,SKU00721,187,92,26,2025-11-19
ST20,SKU04553,130,59,27,2025-11-07
ST03,SKU00621,27,85,24,2025-11-26
ST03,SKU03459,2,72,34,2025-12-29
ST25,SKU01127,11,44,15,2025-12-14
ST18,SKU01200,51,27,8,2025-12-07
ST04,SKU03596,41,46,10,2025-11-15
ST21,SKU00234,58,32,10,2025-11-15
ST14,SKU00513,127,76,22,2025-12-26
ST25,SKU02550,86,75,23,2025-12-18
ST10,SKU04266,134,52,26,2025-12-14
ST23,SKU03942,78,66,16,2025-12-13
ST30,SKU02759,93,90,28,2025-12-11
ST13,SKU04680,22,52,13,2025-12-20
ST12,SKU04843,141,65,30,2025-11-14
ST26,SKU01677,29,26,7,2025-12-24
ST28,SKU04570,67,25,11,2025-11-03
ST18,SKU00179,36,30,8,2025-12-27
ST29,SKU02143,56,91,39,2025-12-29
ST11,SKU03421,57,32,13,2025-11-28
ST11,SKU02303,57,31,9,2025-11-14
ST23,SKU01525,40,27,12,2025-12-25
ST08,SKU03206,111,60,29,2025-11-01
ST20,SKU01195,210,86,19,2025-11-13
ST21,SKU01486,21,56,12,2025-11-12
ST23,SKU00710,113,88,33,2025-11-18
ST11,SKU03573,108,37,8,2025-12-03
ST02,SKU03468,59,42,10,2025-11-26
ST16,SKU01281,49,55,18,2025-12-26
ST22,SKU01295,30,32,11,2025-11-06
ST12,SKU03674,62,37,17,2025-11-24
ST08,SKU00583,77,54,12,2025-12-17
ST20,SKU02179,115,90,34,2025-11-24
ST30,SKU01609,151,100,23,2025-11-23
ST25,SKU04761,51,43,12,2025-12-02
ST08,SKU01908,48,24,10,2025-11-26
ST28,SKU01290,38,66,27,2025-11-21
ST13,SKU00791,78,93,29,2025-12-09
ST16,SKU00728,108,48,23,2025-12-21
ST09,SKU03147,100,59,18,2025-12-25
ST10,SKU03713,116,82,29,2025-11-06
ST17,SKU01581,170,57,26,2025-12-30
ST07,SKU01558,104,80,29,2025-11-25
ST28,SKU00376,76,28,8,2025-12-22
ST26,SKU04774,76,65,14,2025-12-15
ST16,SKU03744,129,46,16,2025-12-05
ST13,SKU04309,0,88,24,2025-12-24
ST10,SKU01621,101,34,7,2025-11-17
ST10,SKU01702,11,38,14,2025-11-02
ST30,SKU00151,261,89,22,2025-12-27
ST23,SKU00677,35,24,9,2025-12-17
ST06,SKU03228,205,70,33,2025-11-22
ST14,SKU01878,9,96,26,2025-11-28
ST23,SKU01140,151,84,41,2025-11-12
ST26,SKU00488,7,27,8,2025-11-08
ST19,SKU00762,229,85,18,2025-12-10
ST11,SKU02198,9,45,14,2025-12-11
ST30,SKU02810,54,70,29,2025-11-24
ST12,SKU03127,41,50,15,2025-11-08
ST02,SKU00818,36,74,20,2025-12-21
ST21,SKU04765,24,78,20,2025-12-15
ST14,SKU03015,95,79,21,2025-12-30
ST01,SKU02767,90,33,14,2025-12-20
ST05,SKU03843,95,75,19,2025-12-20
ST19,SKU01519,180,81,32,2025-12-04
ST28,SKU02082,47,57,22,2025-11-17
ST05,SKU03625,48,44,16,2025-12-13
ST10,SKU01795,14,61,23,2025-12-17
ST14,SKU00931,181,72,20,2025-12-01
ST22,SKU01199,117,100,36,2025-11-05
ST16,SKU04203,129,83,22,2025-11-15
ST28,SKU04180,46,100,24,2025-11-16
ST15,SKU00938,68,39,16,2025-11-18
ST23,SKU04882,19,68,23,2025-12-26
ST10,SKU04503,74,51,18,2025-12-13
ST17,SKU03955,88,33,7,2025-12-25
ST12,SKU02246,121,43,20,2025-11-06
ST21,SKU04108,80,29,6,2025-12-12
ST01,SKU00075,261,95,24,2025-11-21
ST01,SKU00462,84,48,19,2025-12-29
ST06,SKU02367,23,32,11,2025-11-29
ST26,SKU00027,200,84,30,2025-11-17
ST20,SKU02146,13,67,29,2025-12-15
ST07,SKU04071,131,45,17,2025-12-04
ST24,SKU01653,78,34,13,2025-12-12
ST22,SKU00385,62,41,18,2025-12-28
ST30,SKU04089,157,54,25,2025-12-07
ST18,SKU04889,133,73,32,2025-11-03
ST15,SKU01446,9,98,24,2025-11-02
ST15,SKU00188,101,52,15,2025-11-14
ST16,SKU04273,67,34,11,2025-12-16
ST29,SKU02336,9,64,31,2025-12-15
ST10,SKU00227,99,73,23,2025-12-31
ST16,SKU02675,171,82,22,2025-12-15
ST26,SKU00904,207,83,41,2025-12-05
ST28,SKU04566,38,83,37,2025-12-17
ST05,SKU00856,8,38,15,2025-12-22
ST14,SKU00845,39,64,18,2025-11-08
ST22,SKU04584,61,46,19,2025-12-10
ST09,SKU04611,75,93,44,2025-11-22
ST05,SKU02010,159,75,36,2025-11-09
ST08,SKU04518,173,89,37,2025-11-22
ST19,SKU02618,112,75,28,2025-11-19
ST02,SKU03607,80,28,14,2025-11-30
ST18,SKU00635,135,48,21,2025-11-17
ST07,SKU03690,88,74,21,2025-11-10
ST05,SKU01241,20,25,11,2025-12-05
ST18,SKU02833,143,74,32,2025-12-18
ST21,SKU00575,68,39,16,2025-11-03
ST05,SKU01352,79,39,15,2025-11-24
ST29,SKU01372,31,83,40,2025-12-25
ST16,SKU04970,54,42,14,2025-12-19
ST23,SKU01764,243,85,38,2025-11-16
ST24,SKU00286,161,66,31,2025-12-05
ST29,SKU02535,116,45,18,2025-12-28
ST04,SKU01117,232,97,26,2025-12-06
ST16,SKU00863,49,89,41,2025-11-03
ST03,SKU00822,90,37,17,2025-12-05
ST20,SKU01088,12,33,13,2025-12-19
ST20,SKU01642,62,90,45,2025-11-29
ST14,SKU04578,136,97,29,2025-11-20
ST27,SKU01513,54,42,13,2025-12-28
ST03,SKU00451,74,30,15,2025-12-21
ST21,SKU00973,106,71,34,2025-12-14
ST23,SKU04063,8,90,30,2025-11-22
ST20,SKU01713,110,46,10,2025-11-27
ST10,SKU04265,57,41,9,2025-11-02
ST10,SKU04294,45,84,21,2025-12-26
ST03,SKU04025,7,28,7,2025-11-09
ST05,SKU03310,234,80,32,2025-11-15
ST30,SKU01524,22,20,4,2025-12-10
ST17,SKU00637,132,88,39,2025-12-04
ST12,SKU03985,220,100,23,2025-12-07
ST09,SKU03188,254,95,28,2025-11-13
ST25,SKU03679,38,85,26,2025-12-05
ST07,SKU03658,27,29,8,2025-12-14
ST04,SKU03852,96,85,34,2025-11-21
ST20,SKU03811,61,43,16,2025-11-24
ST21,SKU02417,169,100,34,2025-12-10
ST01,SKU01494,17,27,7,2025-12-19
ST29,SKU03585,81,46,15,2025-12-14
ST15,SKU00792,9,84,35,2025-11-21
ST17,SKU01687,167,59,22,2025-11-14
ST27,SKU01746,119,45,10,2025-11-18
ST20,SKU02687,12,27,13,2025-11-04
ST22,SKU02693,17,82,18,2025-12-19
ST17,SKU01676,87,40,8,2025-11-03
ST01,SKU02063,135,97,25,2025-12-19
ST25,SKU02282,98,42,20,2025-11-27
ST30,SKU02433,4,68,22,2025-11-07
ST21,SKU00996,134,64,25,2025-12-03
ST03,SKU01917,100,57,15,2025-11-01
ST14,SKU01550,78,37,12,2025-11-26
ST08,SKU01624,71,32,12,2025-11-01
ST02,SKU03877,213,82,40,2025-11-30
ST12,SKU04923,32,63,20,2025-12-18
ST30,SKU01323,105,38,12,2025-11-13
ST23,SKU00379,75,43,10,2025-12-18
ST13,SKU00818,49,42,18,2025-11-07
ST20,SKU03822,95,93,45,2025-11-28
ST30,SKU02085,131,44,9,2025-11-29
ST17,SKU04226,121,83,37,2025-12-31
ST28,SKU01385,67,50,13,2025-11-04
ST21,SKU02679,128,96,46,2025-12-26
ST16,SKU04711,266,91,33,2025-11-19
ST05,SKU00296,257,97,44,2025-11-23
ST11,SKU03977,33,76,29,2025-11-30
ST16,SKU01160,228,78,32,2025-12-20
ST23,SKU00735,111,86,40,2025-11-06
ST03,SKU02179,53,44,12,2025-12-20
ST04,SKU00295,44,92,33,2025-11-28
ST20,SKU00800,19,44,21,2025-12-06
ST04,SKU03125,52,57,24,2025-11-29
ST29,SKU02663,17,37,8,2025-12-22
ST26,SKU03261,94,96,26,2025-11-01
ST10,SKU03860,129,92,36,2025-12-17
ST21,SKU03964,56,52,13,2025-12-24
ST01,SKU03829,157,69,19,2025-11-09
ST29,SKU02767,25,42,12,2025-12-13
ST05,SKU02414,31,53,14,2025-11-28
ST07,SKU02937,134,90,37,2025-11-21
ST18,SKU03754,114,45,13,2025-12-05
ST01,SKU04214,73,54,25,2025-12-09
ST15,SKU02953,209,82,41,2025-12-12
ST27,SKU04575,37,26,8,2025-11-19
ST19,SKU04916,159,83,39,2025-12-17
ST17,SKU04540,37,23,8,2025-11-30
ST25,SKU00264,223,75,30,2025-11-16
ST11,SKU00944,55,39,19,2025-11-14
ST16,SKU01862,63,31,12,2025-11-03
ST14,SKU01781,56,26,13,2025-11-15
ST15,SKU02817,93,37,10,2025-12-24
ST23,SKU01915,152,75,37,2025-12-05
ST14,SKU03676,279,99,25,2025-12-29
ST08,SKU03686,234,93,44,2025-12-20
ST28,SKU02011,217,84,34,2025-11-04
ST01,SKU04125,260,90,43,2025-12-21
ST19,SKU00122,41,44,19,2025-11-29
ST29,SKU04778,91,51,15,2025-11-16
ST10,SKU00801,9,37,9,2025-12-07
ST22,SKU00719,142,79,39,2025-12-26
ST07,SKU01020,47,95,40,2025-11-03
ST19,SKU02803,148,95,43,2025-12-08
ST15,SKU03620,33,47,18,2025-11-10
ST23,SKU02918,140,51,10,2025-12-02
ST22,SKU03017,19,60,28,2025-12-26
ST05,SKU04461,137,96,39,2025-11-09
ST29,SKU03302,217,93,43,2025-11-14
ST23,SKU02725,117,95,28,2025-11-05
ST26,SKU03338,104,76,25,2025-12-15
ST10,SKU00166,139,56,26,2025-11-10
ST25,SKU00789,117,75,34,2025-12-20
ST23,SKU03164,40,20,9,2025-11-25
ST29,SKU00052,20,39,12,2025-11-12
ST19,SKU04051,77,28,12,2025-11-29
ST18,SKU04892,170,82,28,2025-11-13
ST06,SKU00873,234,80,18,2025-12-30
ST09,SKU02208,202,80,25,2025-12-16
ST08,SKU04016,205,78,31,2025-12-14
ST06,SKU04564,94,55,23,2025-11-06
ST28,SKU00189,96,49,17,2025-11-15
ST03,SKU02075,108,54,25,2025-12-22
ST19,SKU02493,101,66,24,2025-11-06
ST29,SKU00018,98,64,28,2025-11-09
ST03,SKU04433,164,63,30,2025-11-06
ST24,SKU00077,137,93,24,2025-11-29
ST21,SKU02089,51,51,12,2025-11-25
ST25,SKU02235,80,54,25,2025-11-20
ST30,SKU00319,218,88,30,2025-12-03
ST02,SKU01117,194,93,22,2025-11-19
ST06,SKU00787,8,82,17,2025-11-09
ST14,SKU02391,137,75,30,2025-11-19
ST07,SKU01687,218,97,40,2025-12-21
ST20,SKU03500,78,34,7,2025-12-05
ST06,SKU00996,24,82,38,2025-11-01
ST12,SKU02520,132,62,26,2025-11-28
ST06,SKU02349,26,76,31,2025-12-01
ST26,SKU04149,34,28,13,2025-11-29
ST11,SKU04450,166,69,33,2025-11-04
ST29,SKU03471,119,79,39,2025-12-21
ST17,SKU00853,63,52,23,2025-12-03
ST08,SKU01549,32,25,7,2025-11-05
ST17,SKU03009,119,62,30,2025-11-10
ST03,SKU01010,8,32,10,2025-12-30
ST05,SKU04050,127,63,21,2025-11-05
ST21,SKU03070,188,65,14,2025-11-23
ST01,SKU04078,64,86,35,2025-12-24
ST03,SKU00181,77,86,20,2025-12-09
ST12,SKU03695,71,28,13,2025-11-01
ST26,SKU01573,137,61,18,2025-11-26
ST19,SKU04936,129,68,24,2025-11-24
ST10,SKU02708,87,91,40,2025-11-26
ST15,SKU01665,75,81,26,2025-12-15
ST04,SKU02766,182,96,20,2025-12-06
ST24,SKU02685,75,28,8,2025-11-05
ST24,SKU02845,146,99,32,2025-12-14
ST15,SKU04784,207,71,31,2025-12-30
ST29,SKU03736,94,61,24,2025-12-21
ST05,SKU04889,52,46,19,2025-12-21
ST30,SKU03335,181,69,14,2025-11-06
ST02,SKU03096,110,65,32,2025-12-12
ST01,SKU01540,87,69,16,2025-11-07
ST27,SKU00615,1,76,26,2025-12-12
ST21,SKU00509,116,88,21,2025-12-15
ST21,SKU04892,2,84,23,2025-11-02
ST09,SKU04457,147,51,14,2025-11-28
ST11,SKU03810,154,64,13,2025-12-21
ST17,SKU01833,168,65,26,2025-12-08
ST21,SKU02801,122,60,22,2025-12-19
ST06,SKU00082,71,74,26,2025-11-05
ST12,SKU04045,117,80,27,2025-12-01
ST13,SKU04117,48,53,24,2025-12-28
ST29,SKU03782,89,32,9,2025-12-26
ST07,SKU03237,38,95,24,2025-11-29
ST26,SKU01331,216,88,40,2025-11-24
ST05,SKU01086,70,53,24,2025-11-03
ST03,SKU04674,273,100,43,2025-12-27
ST30,SKU00964,37,67,16,2025-12-13
ST01,SKU03566,1,27,6,2025-11-01
ST10,SKU02625,140,66,24,2025-11-06
ST14,SKU00256,114,70,18,2025-11-19
ST13,SKU03686,56,69,28,2025-11-02
ST05,SKU04122,119,45,20,2025-12-08
ST14,SKU03519,131,58,14,2025-12-27
ST20,SKU04025,148,51,17,2025-12-03
ST20,SKU04264,0,23,9,2025-12-02
ST16,SKU04403,6,65,22,2025-11-04
ST24,SKU00081,41,26,12,2025-12-18
ST30,SKU04761,34,29,14,2025-11-13
ST09,SKU02771,55,79,36,2025-12-20
ST05,SKU00743,93,35,8,2025-11-20
ST06,SKU00252,12,27,13,2025-11-06
ST03,SKU00375,207,80,34,2025-11-20
ST08,SKU00697,17,35,14,2025-11-17
ST17,SKU03435,51,21,7,2025-11-19
ST15,SKU02996,13,47,23,2025-11-19
ST16,SKU00031,26,82,19,2025-12-29
ST03,SKU01205,139,47,22,2025-11-08
ST06,SKU04560,228,90,43,2025-11-15
ST29,SKU01011,1,49,18,2025-11-15
ST23,SKU00897,132,72,29,2025-12-24
ST12,SKU01756,123,53,15,2025-12-20
ST14,SKU00792,19,73,16,2025-12-17
ST10,SKU04040,30,30,9,2025-11-17
ST29,SKU01682,6,35,16,2025-11-15
ST23,SKU02150,23,26,8,2025-11-23
ST03,SKU00413,84,73,31,2025-11-07
ST22,SKU00931,227,79,16,2025-12-04
ST08,SKU02431,121,45,21,2025-11-21
ST29,SKU02149,1,33,14,2025-12-12
ST29,SKU02752,128,95,35,2025-12-04
ST29,SKU02365,263,91,33,2025-11-11
ST03,SKU00195,160,77,35,2025-12-05
ST26,SKU02515,22,31,7,2025-11-07
ST07,SKU02357,14,53,17,2025-12-20
ST08,SKU02280,130,63,31,2025-11-21
ST22,SKU01336,123,44,13,2025-11-12
ST29,SKU03498,185,92,44,2025-11-21
ST16,SKU01278,181,89,27,2025-11-22
ST06,SKU03435,113,47,21,2025-11-24
ST02,SKU00204,20,31,15,2025-12-29
ST18,SKU02271,27,88,19,2025-12-06
ST17,SKU04042,91,75,24,2025-11-04
ST18,SKU00890,79,35,8,2025-12-14
ST01,SKU02356,69,66,19,2025-11-19
ST04,SKU01072,85,58,28,2025-12-17
ST24,SKU01120,39,35,14,2025-11-02
ST16,SKU04929,52,34,13,2025-11-07
ST08,SKU01067,118,45,16,2025-11-23
ST04,SKU04234,3,89,35,2025-11-07
ST07,SKU04098,213,79,36,2025-12-03
ST28,SKU03841,27,57,26,2025-12-19
ST01,SKU00038,18,49,24,2025-11-30
ST29,SKU01534,216,73,18,2025-11-03
ST06,SKU01412,158,93,21,2025-11-14
ST22,SKU04417,75,73,32,2025-12-23
ST07,SKU04229,142,58,29,2025-11-30
ST09,SKU01982,94,63,14,2025-12-22
ST22,SKU03112,187,66,20,2025-12-12
ST04,SKU00864,248,84,24,2025-12-30
ST12,SKU01268,68,88,22,2025-11-13
ST22,SKU00898,130,46,13,2025-11-24
ST10,SKU00405,10,54,12,2025-11-19
ST21,SKU00265,124,68,29,2025-12-04
ST16,SKU00145,28,21,10,2025-11-26
ST19,SKU02650,186,97,21,2025-11-01
ST28,SKU04148,37,49,21,2025-11-26
ST26,SKU00711,212,81,31,2025-12-10
ST24,SKU03452,151,92,30,2025-12-21
ST04,SKU03881,228,78,24,2025-12-27
ST05,SKU03268,109,56,23,2025-11-18
ST04,SKU00607,34,32,7,2025-11-09
ST14,SKU03975,32,37,8,2025-11-30
ST21,SKU04705,37,25,10,2025-11-29
ST12,SKU04364,70,57,24,2025-11-29
ST24,SKU03327,77,47,12,2025-11-19
ST01,SKU01671,14,27,9,2025-11-04
ST28,SKU01022,6,40,17,2025-11-04
ST06,SKU04387,204,73,16,2025-12-18
ST23,SKU01668,81,65,21,2025-11-01
ST26,SKU00785,35,35,12,2025-11-09
ST11,SKU03204,39,68,27,2025-11-08
ST19,SKU04494,154,60,23,2025-11-28
ST15,SKU00523,140,70,16,2025-11-23
ST29,SKU00428,62,59,21,2025-12-21
ST29,SKU04515,115,75,34,2025-12-11
ST15,SKU04322,86,62,26,2025-11-20
ST08,SKU00349,1,26,7,2025-11-28
ST08,SKU02758,93,75,20,2025-11-04
ST28,SKU00339,107,56,22,2025-11-07
ST06,SKU01862,51,43,14,2025-12-18
ST11,SKU00411,270,96,24,2025-12-14
ST07,SKU04935,46,39,8,2025-12-11
ST14,SKU02881,183,63,29,2025-12-30
ST17,SKU00266,28,26,12,2025-11-18
ST29,SKU02250,23,72,33,2025-12-15
ST19,SKU02031,0,20,7,2025-11-24
ST28,SKU03752,138,78,20,2025-12-22
ST11,SKU03168,119,56,19,2025-12-12
ST03,SKU01316,120,79,26,2025-11-25
ST18,SKU02699,17,76,30,2025-12-24
ST10,SKU01689,23,92,46,2025-12-22
ST07,SKU02167,103,64,17,2025-12-29
ST15,SKU02677,250,84,35,2025-12-19
ST18,SKU00704,13,34,12,2025-11-09
ST01,SKU02122,15,36,16,2025-11-19
ST23,SKU01602,55,97,24,2025-12-14
ST16,SKU04021,53,22,7,2025-11-30
ST03,SKU00137,156,68,20,2025-11-17
ST26,SKU01892,58,85,28,2025-12-07
ST11,SKU04664,32,47,22,2025-12-25
ST17,SKU01257,104,57,21,2025-12-17
ST17,SKU02848,145,59,21,2025-12-23
ST26,SKU03400,14,69,15,2025-12-30
ST23,SKU03149,97,73,25,2025-12-10
ST13,SKU04989,188,63,25,2025-12-07
ST26,SKU00983,65,27,8,2025-12-27
ST25,SKU02798,17,99,48,2025-11-05
ST23,SKU00473,73,35,16,2025-12-06
ST30,SKU04057,265,90,44,2025-12-13
ST03,SKU00319,29,21,6,2025-12-24
ST01,SKU01451,205,70,25,2025-11-11
ST29,SKU00393,198,82,32,2025-11-25
ST22,SKU01716,3,36,12,2025-12-29
ST05,SKU00276,85,50,13,2025-11-04
ST01,SKU04826,119,69,20,2025-12-29
ST05,SKU03501,131,57,22,2025-12-21
ST24,SKU04642,282,96,24,2025-12-23
ST02,SKU03531,189,85,23,2025-12-13
ST24,SKU02077,4,31,13,2025-11-05
ST08,SKU00077,32,45,11,2025-11-30
ST20,SKU02493,16,70,15,2025-12-31
ST03,SKU03797,94,40,13,2025-12-28
ST15,SKU02484,167,94,34,2025-11-23
ST05,SKU04519,67,76,22,2025-12-15
ST02,SKU03955,18,23,6,2025-12-15
ST26,SKU01945,70,54,23,2025-12-24
ST27,SKU02815,149,51,23,2025-11-26
ST23,SKU01507,108,39,19,2025-11-24
ST29,SKU03053,31,45,14,2025-12-02
ST19,SKU03652,183,63,14,2025-11-17
ST04,SKU04991,103,45,19,2025-11-13
ST25,SKU01595,10,55,27,2025-12-02
ST26,SKU00798,32,25,7,2025-12-25
ST03,SKU01659,82,50,14,2025-12-01
ST06,SKU02370,7,78,19,2025-12-13
ST17,SKU04519,118,59,12,2025-12-13
ST12,SKU01258,32,47,21,2025-12-06
ST15,SKU00881,98,73,28,2025-12-15
ST22,SKU02758,44,31,6,2025-11-12
ST04,SKU00289,145,95,24,2025-11-03
ST05,SKU04796,23,100,23,2025-11-26
ST20,SKU04953,56,62,16,2025-11-16
ST30,SKU03614,170,81,19,2025-11-25
ST23,SKU04613,33,20,6,2025-12-23
ST30,SKU02870,1,45,18,2025-11-06
ST24,SKU00259,289,100,28,2025-11-23
ST04,SKU03642,40,32,10,2025-12-07
ST18,SKU00891,113,89,21,2025-12-18
ST29,SKU00442,271,93,21,2025-12-06
ST09,SKU03992,0,90,28,2025-11-02
ST07,SKU00221,55,85,29,2025-12-05
ST30,SKU00997,60,37,16,2025-12-04
ST23,SKU00294,39,52,13,2025-11-28
ST01,SKU03763,31,22,7,2025-12-15
ST15,SKU03591,169,88,33,2025-11-13
ST25,SKU02277,103,46,19,2025-11-03
ST19,SKU00469,165,79,34,2025-12-08
ST24,SKU02806,201,96,43,2025-12-25
ST15,SKU00440,60,21,10,2025-12-01
ST20,SKU04845,79,51,19,2025-11-15
ST30,SKU02826,12,72,16,2025-12-08
ST21,SKU02820,25,53,19,2025-11-01
ST23,SKU04509,158,85,19,2025-11-15
ST11,SKU00126,40,69,27,2025-12-06
ST02,SKU01690,164,73,19,2025-11-27
ST29,SKU04073,1,65,22,2025-12-20
ST04,SKU00384,186,68,25,2025-12-21
ST12,SKU00602,60,97,45,2025-12-02
ST09,SKU00237,167,64,13,2025-12-08
ST03,SKU01670,110,97,27,2025-11-19
ST09,SKU01002,52,37,9,2025-11-02
ST09,SKU04196,223,86,35,2025-12-05
ST02,SKU01242,160,71,25,2025-12-13
ST11,SKU01715,128,90,28,2025-11-11
ST24,SKU01920,73,40,10,2025-12-18
ST02,SKU00529,1,99,44,2025-12-01
ST15,SKU03635,30,40,17,2025-11-14
ST10,SKU03711,106,79,19,2025-11-27
ST16,SKU03568,51,38,13,2025-12-04
ST10,SKU03097,125,43,19,2025-11-13
ST26,SKU03913,23,57,13,2025-12-26
ST20,SKU02845,114,83,33,2025-12-22
ST29,SKU01790,22,57,22,2025-11-03
ST23,SKU02107,70,27,9,2025-12-10
ST09,SKU04030,73,76,28,2025-12-19
ST04,SKU02207,45,39,19,2025-11-08
ST27,SKU02720,112,52,25,2025-12-19
ST04,SKU01128,32,39,12,2025-11-01
ST14,SKU01950,172,59,19,2025-12-25
ST25,SKU01169,28,81,17,2025-11-15
ST06,SKU02082,26,40,12,2025-12-29
ST17,SKU01913,32,53,15,2025-12-30
ST03,SKU02427,110,81,40,2025-11-17
ST12,SKU04804,73,35,16,2025-12-13
ST15,SKU01532,28,24,7,2025-11-17
ST29,SKU04354,4,51,15,2025-12-21
ST02,SKU04010,8,29,12,2025-12-17
ST25,SKU01418,13,39,14,2025-11-14
ST03,SKU01533,61,52,25,2025-12-08
ST03,SKU01297,26,21,4,2025-11-14
ST26,SKU00909,117,48,20,2025-11-13
ST27,SKU02384,74,30,11,2025-11-20
ST24,SKU00333,123,61,23,2025-11-19
ST22,SKU00841,100,71,32,2025-11-23
ST24,SKU00074,23,25,11,2025-12-11
ST19,SKU00380,99,73,19,2025-12-15
ST18,SKU03143,107,51,23,2025-12-08
ST07,SKU01593,230,81,27,2025-11-22
ST22,SKU04135,218,83,22,2025-12-21
ST17,SKU02329,71,66,32,2025-12-20
ST20,SKU03617,147,62,22,2025-11-25
ST18,SKU04896,95,98,37,2025-11-25
ST22,SKU04480,7,26,13,2025-12-09
ST27,SKU03136,58,99,40,2025-12-21
ST04,SKU02859,67,47,14,2025-12-23
ST21,SKU02156,93,43,11,2025-11-17
ST08,SKU01841,135,65,31,2025-12-15
ST23,SKU00883,144,74,23,2025-12-23
ST04,SKU02885,117,50,18,2025-12-28
ST18,SKU00568,111,58,21,2025-11-27
ST26,SKU03236,12,38,13,2025-11-02
ST26,SKU04801,110,44,18,2025-11-30
ST15,SKU02229,64,41,12,2025-12-22
ST08,SKU04310,111,80,19,2025-12-09
ST14,SKU04380,31,32,7,2025-12-02
ST15,SKU04180,166,71,29,2025-11-27
ST23,SKU03623,130,56,27,2025-12-30
ST19,SKU01483,138,62,15,2025-12-29
ST26,SKU04682,11,20,5,2025-12-22
ST15,SKU00427,65,89,25,2025-11-06
ST16,SKU02190,156,84,26,2025-11-16
ST12,SKU04276,57,49,22,2025-12-12
ST06,SKU01809,1,44,18,2025-12-15
ST18,SKU02773,12,70,23,2025-12-31
ST15,SKU00312,95,95,34,2025-12-13
ST18,SKU02302,77,100,49,2025-12-14
ST30,SKU01942,8,25,10,2025-12-25
ST21,SKU04486,292,98,30,2025-12-27
ST28,SKU00386,19,91,32,2025-11-28
ST16,SKU03928,101,62,29,2025-12-10
ST19,SKU04973,30,25,6,2025-12-16
ST15,SKU02844,97,36,12,2025-11-30
ST04,SKU04159,168,81,27,2025-12-02
ST12,SKU03812,15,44,10,2025-12-18
ST15,SKU03556,179,69,32,2025-11-23
ST28,SKU03647,89,80,28,2025-12-27
ST15,SKU01681,9,73,19,2025-12-09
ST03,SKU03715,134,83,29,2025-12-20
ST06,SKU00277,53,48,11,2025-12-13
ST15,SKU01600,49,51,14,2025-11-17
ST09,SKU00488,47,22,5,2025-12-24
ST10,SKU02497,18,20,4,2025-11-16
ST02,SKU04833,92,63,22,2025-11-25
ST05,SKU00902,244,100,44,2025-12-09
ST01,SKU01401,90,54,15,2025-11-19
ST11,SKU03458,145,61,26,2025-12-28
ST09,SKU02035,106,46,13,2025-11-29
ST25,SKU01884,180,96,40,2025-11-03
ST15,SKU04723,97,49,22,2025-12-11
ST07,SKU03706,191,66,14,2025-12-31
ST27,SKU04954,260,88,38,2025-12-11
ST24,SKU01133,74,28,12,2025-12-05
ST02,SKU03898,94,32,15,2025-12-31
ST23,SKU01144,41,36,9,2025-11-17
ST15,SKU03097,51,88,40,2025-11-03
ST29,SKU02939,18,21,6,2025-11-07
ST06,SKU02106,6,25,9,2025-11-25
ST18,SKU04616,80,63,16,2025-12-24
ST09,SKU00846,21,79,33,2025-11-29
ST18,SKU00542,179,94,26,2025-11-15
ST19,SKU00409,29,49,12,2025-11-05
ST03,SKU01719,287,97,33,2025-11-23
ST13,SKU03279,71,32,8,2025-11-08
ST01,SKU02651,96,87,18,2025-12-15
ST26,SKU04450,91,40,14,2025-12-16
ST09,SKU02204,49,39,17,2025-11-07
ST05,SKU04683,33,67,27,2025-11-08
ST10,SKU02908,47,92,26,2025-11-05
ST02,SKU02549,97,84,24,2025-12-02
ST12,SKU00313,131,86,33,2025-11-11
ST06,SKU02615,202,75,32,2025-12-26
ST15,SKU02779,31,30,14,2025-11-03
ST05,SKU04973,126,52,16,2025-12-21
ST09,SKU01668,25,71,22,2025-12-03
ST28,SKU02413,192,83,21,2025-11-26
ST30,SKU03085,30,26,12,2025-11-19
ST11,SKU02434,34,37,13,2025-12-31
ST16,SKU02388,67,43,15,2025-11-05
ST27,SKU02210,187,80,30,2025-11-08
ST08,SKU02254,104,72,30,2025-12-20
ST08,SKU02804,85,67,29,2025-12-04
ST14,SKU01823,202,85,39,2025-11-27
ST04,SKU00509,220,94,21,2025-11-09
ST26,SKU00644,162,91,44,2025-11-24
ST01,SKU02832,128,81,19,2025-11-17
ST17,SKU01213,28,57,17,2025-11-26
ST29,SKU01678,114,72,19,2025-11-24
ST01,SKU02735,22,82,24,2025-12-23
ST05,SKU01071,110,41,10,2025-12-22
ST22,SKU04519,87,77,16,2025-12-26
ST04,SKU01900,53,37,14,2025-12-09
ST22,SKU00782,115,99,27,2025-12-11
ST03,SKU02343,54,25,5,2025-11-23
ST13,SKU01811,65,49,20,2025-12-28
ST22,SKU04511,106,43,10,2025-11-16
ST06,SKU00764,112,65,30,2025-12-12
ST02,SKU04287,9,45,22,2025-12-27
ST30,SKU01794,74,88,31,2025-11-10
ST18,SKU04369,233,86,19,2025-12-19
ST22,SKU04056,5,28,11,2025-11-11
ST10,SKU01707,71,25,12,2025-11-26
ST20,SKU02811,177,70,14,2025-11-27
ST11,SKU04438,62,26,9,2025-11-09
ST23,SKU04310,100,40,9,2025-12-07
ST24,SKU04140,108,55,12,2025-12-25
ST12,SKU02407,18,61,30,2025-11-08
ST08,SKU01356,98,62,25,2025-12-04
ST16,SKU03547,130,78,16,2025-11-30
ST10,SKU02052,26,45,11,2025-12-06
ST20,SKU00686,273,99,26,2025-12-14
ST28,SKU00610,48,21,7,2025-11-06
ST11,SKU03515,160,78,21,2025-11-04
ST24,SKU01063,84,57,17,2025-12-26
ST19,SKU01918,166,56,17,2025-12-17
ST29,SKU04017,46,79,37,2025-11-19
ST17,SKU04862,130,79,29,2025-12-29
ST21,SKU02883,51,66,19,2025-11-12
ST29,SKU02563,4,55,18,2025-11-01
ST29,SKU00668,0,23,9,2025-11-24
ST12,SKU01572,199,69,14,2025-11-26
ST20,SKU01616,35,22,7,2025-12-03
ST13,SKU00909,147,63,14,2025-11-18
ST24,SKU04789,228,96,32,2025-12-18
ST25,SKU03043,9,61,25,2025-11-20
ST26,SKU02888,235,97,48,2025-11-03
ST19,SKU04011,54,38,18,2025-12-05
ST15,SKU01231,25,20,6,2025-12-22
ST26,SKU01995,139,53,11,2025-11-18
ST15,SKU00504,192,73,33,2025-12-02
ST16,SKU04995,62,27,7,2025-11-11
ST17,SKU00006,89,62,24,2025-11-28
ST21,SKU02872,57,51,15,2025-11-07
ST06,SKU03870,33,79,28,2025-11-06
ST24,SKU04219,204,70,19,2025-11-21
ST18,SKU00032,0,38,17,2025-11-15
ST25,SKU00252,204,85,40,2025-11-12
ST13,SKU00057,30,31,15,2025-12-01
ST27,SKU01533,32,97,36,2025-12-02
ST25,SKU04822,11,83,19,2025-12-25
ST27,SKU00446,25,61,16,2025-12-20
ST30,SKU02374,16,57,18,2025-12-01
ST05,SKU01066,123,64,27,2025-11-12
ST12,SKU02063,91,39,9,2025-11-30
ST01,SKU00808,4,23,7,2025-11-15
ST04,SKU04471,63,52,15,2025-12-12
ST30,SKU01132,20,58,28,2025-12-03
ST17,SKU04532,24,33,13,2025-11-28
ST09,SKU04688,79,43,12,2025-12-11
ST05,SKU02828,226,95,27,2025-12-28
ST29,SKU00426,23,66,32,2025-11-19
ST22,SKU00324,29,64,25,2025-11-09
ST16,SKU00726,1,39,15,2025-12-27
ST06,SKU03525,52,59,14,2025-12-09
ST08,SKU04650,109,42,12,2025-12-16
ST05,SKU01286,96,76,17,2025-11-10
ST18,SKU04440,154,67,18,2025-12-01
ST21,SKU01881,18,23,5,2025-12-22
ST17,SKU03222,18,52,26,2025-12-31
ST13,SKU01877,23,31,7,2025-11-06
ST26,SKU01687,0,21,7,2025-12-13
ST11,SKU03518,261,94,31,2025-11-21
ST20,SKU02147,93,39,14,2025-11-26
ST21,SKU04760,46,57,13,2025-11-12
ST26,SKU02620,127,44,14,2025-12-16
ST24,SKU00248,285,99,36,2025-12-23
ST28,SKU04378,103,81,23,2025-11-22
ST21,SKU00316,31,60,29,2025-11-01
ST10,SKU03866,284,99,37,2025-12-31
ST01,SKU02877,114,55,15,2025-11-13
ST30,SKU01701,18,42,13,2025-12-29
ST16,SKU04510,95,36,18,2025-12-31
ST11,SKU04427,31,22,10,2025-11-17
ST04,SKU01163,63,59,16,2025-11-20
ST24,SKU01520,12,20,8,2025-11-19
ST14,SKU04469,44,50,18,2025-12-08
ST26,SKU00517,28,36,9,2025-12-04
ST22,SKU01042,37,31,7,2025-12-24
ST05,SKU02365,248,84,28,2025-11-16
ST07,SKU02324,8,23,11,2025-11-16
ST09,SKU02410,273,96,22,2025-12-29
ST27,SKU01366,35,80,21,2025-11-16
ST18,SKU03947,51,35,11,2025-12-07
ST25,SKU03901,0,23,7,2025-11-21
ST19,SKU00353,14,45,22,2025-12-30
ST25,SKU01584,0,23,6,2025-12-10
ST17,SKU03956,20,82,23,2025-12-07
ST11,SKU01290,164,68,31,2025-11-14
ST17,SKU00319,94,97,40,2025-12-10
ST11,SKU02145,38,54,15,2025-12-26
ST01,SKU02296,46,34,8,2025-12-08
ST01,SKU02404,65,85,25,2025-11-24
ST26,SKU04918,64,30,9,2025-11-10
ST14,SKU02716,130,67,23,2025-11-20
ST16,SKU00320,53,98,48,2025-11-24
ST28,SKU04282,20,28,10,2025-11-19
ST30,SKU02293,97,79,36,2025-12-03
ST16,SKU02437,165,63,16,2025-12-14
ST20,SKU03334,54,42,14,2025-11-10
ST29,SKU03408,11,83,21,2025-11-09
ST06,SKU03757,1,42,15,2025-11-09
ST15,SKU02560,100,75,29,2025-11-25
ST05,SKU01224,230,77,16,2025-12-15
ST28,SKU04511,108,72,33,2025-11-16
ST10,SKU00536,93,47,17,2025-12-20
ST10,SKU03123,247,96,42,2025-11-08
ST18,SKU02528,54,71,20,2025-11-02
ST15,SKU02649,2,69,15,2025-12-28
ST20,SKU03218,42,42,10,2025-12-30
ST14,SKU01119,12,41,10,2025-12-26
ST10,SKU02299,32,38,17,2025-12-16
ST27,SKU03471,21,21,5,2025-11-10
ST22,SKU00551,5,29,10,2025-11-18
ST14,SKU03520,50,55,18,2025-11-20
ST08,SKU03027,113,51,24,2025-11-08
ST05,SKU00942,111,56,17,2025-11-15
ST02,SKU04414,17,24,6,2025-12-02
ST09,SKU04859,3,25,11,2025-11-20
ST14,SKU00534,111,93,24,2025-12-18
ST25,SKU00076,120,76,21,2025-12-20
ST18,SKU00534,9,91,36,2025-12-28
ST30,SKU04721,43,51,12,2025-11-09
ST21,SKU00144,95,51,13,2025-12-05
ST19,SKU02155,66,55,24,2025-12-02
ST12,SKU01921,82,46,14,2025-11-22
ST19,SKU01808,55,24,5,2025-11-05
ST29,SKU04598,71,72,35,2025-11-04
ST07,SKU02865,52,31,15,2025-11-25
ST03,SKU04247,88,30,12,2025-12-21
ST30,SKU03671,119,60,22,2025-11-07
ST18,SKU01955,126,47,10,2025-11-10
ST17,SKU00905,74,34,10,2025-11-23
ST13,SKU00085,238,84,22,2025-12-05
ST12,SKU00301,175,93,21,2025-12-01
ST26,SKU02838,176,59,24,2025-12-28
ST10,SKU00867,0,47,23,2025-12-05
ST10,SKU04699,100,34,10,2025-11-13
ST11,SKU00292,242,82,24,2025-11-27
ST10,SKU04151,15,39,15,2025-12-28
ST23,SKU01685,202,73,18,2025-12-16
ST05,SKU00742,26,53,22,2025-11-01
ST13,SKU03309,87,30,11,2025-12-23
ST04,SKU03111,102,76,37,2025-11-27
ST03,SKU00006,119,66,27,2025-12-29
ST21,SKU04160,53,49,17,2025-12-29
ST13,SKU03749,192,68,14,2025-12-11
ST20,SKU02242,98,55,23,2025-12-09
ST05,SKU03456,247,88,31,2025-11-16
ST21,SKU00105,16,28,6,2025-12-12
ST30,SKU02595,84,61,17,2025-12-23
ST05,SKU04754,96,47,15,2025-12-10
ST30,SKU04698,33,43,18,2025-11-07
ST03,SKU01974,71,33,14,2025-11-21
ST10,SKU02432,12,63,29,2025-11-23
ST16,SKU04615,0,68,14,2025-12-30
ST12,SKU01643,0,87,32,2025-11-07
ST08,SKU03096,104,52,23,2025-11-15
ST23,SKU00443,63,32,15,2025-12-14
ST11,SKU01736,1,75,30,2025-11-12
ST17,SKU01270,63,49,24,2025-11-11
ST16,SKU04992,78,45,21,2025-12-04
ST22,SKU00402,56,63,19,2025-12-26
ST11,SKU00373,133,66,28,2025-11-20
ST27,SKU00599,111,64,17,2025-11-15
ST06,SKU01889,12,29,11,2025-12-27
ST22,SKU01660,156,97,26,2025-12-19
ST05,SKU00869,189,77,27,2025-11-12
ST25,SKU00062,228,97,36,2025-11-18
ST14,SKU03045,31,100,50,2025-12-16
ST01,SKU00919,148,51,12,2025-11-15
ST08,SKU00930,57,49,16,2025-11-20
ST12,SKU03237,78,85,38,2025-11-12
ST28,SKU04009,200,96,44,2025-11-19
ST05,SKU00848,52,25,6,2025-11-10
ST07,SKU04066,142,60,12,2025-12-16
ST28,SKU02817,100,64,13,2025-12-21
ST02,SKU03267,81,33,15,2025-11-15
ST17,SKU04948,56,34,11,2025-12-28
ST10,SKU01414,27,47,20,2025-11-05
ST21,SKU04327,11,22,5,2025-11-19
ST25,SKU02541,5,48,12,2025-11-07
ST15,SKU01342,173,94,25,2025-12-24
ST04,SKU02546,81,94,42,2025-11-03
ST18,SKU04238,58,98,20,2025-11-24
ST07,SKU01332,39,32,13,2025-12-10
ST15,SKU00809,83,98,31,2025-12-29
ST13,SKU02615,74,81,33,2025-12-11
ST12,SKU00586,72,89,42,2025-12-04
ST16,SKU01776,265,93,43,2025-12-24
ST12,SKU04543,47,33,11,2025-11-22
ST18,SKU01849,84,68,20,2025-12-14
ST28,SKU00419,61,29,8,2025-11-18
ST04,SKU00529,32,47,17,2025-12-19
ST22,SKU04455,43,25,7,2025-11-09
ST11,SKU02972,177,98,48,2025-11-10
ST30,SKU03197,103,59,27,2025-11-20
ST28,SKU04739,12,96,26,2025-12-29
ST05,SKU01434,137,97,21,2025-11-10
ST14,SKU00381,26,81,37,2025-11-22
ST15,SKU02554,241,92,24,2025-12-11
ST05,SKU00793,77,50,20,2025-12-15
ST25,SKU03434,220,77,19,2025-12-02
ST23,SKU04965,83,28,10,2025-11-28
ST24,SKU01405,150,89,34,2025-11-26
ST23,SKU01283,105,45,21,2025-11-02
ST04,SKU01415,190,95,38,2025-12-03
ST04,SKU03606,135,100,21,2025-12-25
ST18,SKU02452,60,83,26,2025-11-27
ST18,SKU04609,35,91,31,2025-11-08
ST23,SKU01354,22,96,20,2025-11-11
ST04,SKU00928,36,30,10,2025-11-15
ST07,SKU00067,164,96,40,2025-11-13
ST22,SKU01203,62,21,4,2025-11-07
ST10,SKU03359,104,52,15,2025-12-26
ST30,SKU01056,190,87,35,2025-12-07
ST11,SKU01350,55,23,6,2025-12-22
ST24,SKU00981,184,98,26,2025-11-25
ST30,SKU00199,62,39,12,2025-12-28
ST09,SKU03561,10,68,19,2025-11-08
ST11,SKU01590,11,97,24,2025-12-21
ST02,SKU04544,33,47,14,2025-12-22
ST09,SKU04808,56,40,18,2025-12-01
ST28,SKU00131,105,86,34,2025-11-05
ST18,SKU03035,104,36,11,2025-11-27
ST21,SKU04583,74,62,20,2025-11-21
ST03,SKU01516,76,72,18,2025-12-19
ST16,SKU04889,127,54,22,2025-11-16
ST09,SKU01442,38,27,12,2025-11-23
ST21,SKU02330,128,62,31,2025-12-04
ST29,SKU02028,145,91,21,2025-12-07
ST22,SKU02641,144,79,36,2025-12-11
ST19,SKU00777,78,44,20,2025-11-16
ST29,SKU00968,25,97,37,2025-12-15
ST06,SKU04208,73,90,30,2025-11-30
ST10,SKU02399,75,36,8,2025-11-22
ST13,SKU03269,16,58,15,2025-12-12
ST01,SKU04065,14,32,15,2025-11-24
ST02,SKU01134,57,59,20,2025-11-25
ST21,SKU03322,9,25,9,2025-11-20
ST06,SKU03878,159,63,18,2025-12-03
ST06,SKU02508,45,90,31,2025-11-19
ST03,SKU02596,19,56,27,2025-12-28
ST26,SKU04373,78,44,13,2025-11-04
ST05,SKU00850,41,20,5,2025-12-24
ST06,SKU04542,59,27,6,2025-11-27
ST05,SKU01005,72,87,38,2025-12-06
ST27,SKU03025,20,86,28,2025-12-08
ST18,SKU00059,215,73,16,2025-12-26
ST15,SKU00313,59,81,17,2025-12-23
ST24,SKU01157,42,39,11,2025-12-04
ST27,SKU03218,30,56,24,2025-11-18
ST17,SKU02929,18,57,16,2025-11-12
ST05,SKU01757,133,59,16,2025-12-13
ST21,SKU02509,181,85,27,2025-11-10
ST29,SKU04481,168,62,25,2025-11-30
ST20,SKU01949,105,99,35,2025-12-01
ST03,SKU02752,149,100,38,2025-12-02
ST17,SKU02537,53,50,21,2025-12-27
ST22,SKU01341,215,80,30,2025-12-23
ST20,SKU01693,21,72,17,2025-11-11
ST18,SKU01570,253,86,39,2025-11-03
ST29,SKU02893,51,77,23,2025-12-21
ST21,SKU02741,33,90,20,2025-12-06
ST02,SKU03128,3,28,6,2025-11-11
ST17,SKU01989,107,45,12,2025-11-07
ST05,SKU01018,91,42,19,2025-12-03
ST10,SKU00854,135,56,15,2025-11-28
ST03,SKU02072,236,94,31,2025-12-22
ST15,SKU02067,61,33,8,2025-11-24
ST07,SKU02301,7,56,11,2025-12-03
ST21,SKU02963,13,91,28,2025-11-10
ST03,SKU00358,115,41,11,2025-12-04
ST20,SKU04108,252,91,41,2025-12-31
ST21,SKU00933,115,66,27,2025-11-07
ST18,SKU03395,194,78,28,2025-12-18
ST27,SKU04506,105,39,8,2025-11-17
ST15,SKU01537,13,61,29,2025-12-06
ST07,SKU02229,24,84,33,2025-12-13
ST27,SKU00461,62,25,9,2025-12-03
ST16,SKU04431,8,94,25,2025-12-31
ST29,SKU00712,28,38,9,2025-12-14
ST12,SKU00003,49,72,30,2025-12-13
ST18,SKU00788,61,96,26,2025-12-01
ST21,SKU01856,144,73,15,2025-12-20
ST19,SKU01437,176,84,41,2025-11-07
ST11,SKU02522,50,47,15,2025-11-18
ST02,SKU04830,10,29,14,2025-12-20
ST29,SKU01575,138,61,25,2025-11-17
ST17,SKU01202,100,78,36,2025-11-19
ST01,SKU01265,99,86,21,2025-11-19
ST29,SKU03358,17,30,12,2025-12-07
ST22,SKU04223,64,64,23,2025-12-24
ST03,SKU04234,126,59,14,2025-12-22
ST08,SKU00031,29,28,6,2025-11-17
ST06,SKU04796,142,67,21,2025-11-04
ST22,SKU03992,116,63,28,2025-12-18
ST23,SKU03920,8,30,15,2025-12-28
ST27,SKU00287,73,27,12,2025-11-19
ST18,SKU02131,173,84,31,2025-11-19
ST01,SKU02219,32,48,24,2025-11-14
ST26,SKU04221,95,32,14,2025-12-14
ST03,SKU02195,135,96,24,2025-12-29
ST19,SKU00198,138,47,23,2025-12-09
ST15,SKU02924,8,55,26,2025-12-26
ST12,SKU03607,81,77,36,2025-12-23
ST01,SKU04825,36,93,39,2025-12-04
ST15,SKU01818,53,25,11,2025-11-15
ST19,SKU01201,128,58,29,2025-11-17
ST29,SKU03770,4,68,15,2025-11-30
ST02,SKU03330,93,51,25,2025-11-08
ST24,SKU02787,44,88,33,2025-11-26
ST21,SKU03713,37,65,26,2025-11-23
ST07,SKU04284,117,58,15,2025-12-24
ST27,SKU04266,187,70,23,2025-12-03
ST30,SKU02778,20,77,34,2025-12-15
ST10,SKU02677,66,77,22,2025-11-25
ST14,SKU01054,19,32,10,2025-11-04
ST26,SKU04513,2,42,15,2025-12-10
ST14,SKU01455,102,46,13,2025-12-03
ST22,SKU02307,30,29,11,2025-11-07
ST14,SKU01624,2,22,11,2025-11-15
ST28,SKU02476,27,58,20,2025-11-05
ST03,SKU04957,9,20,9,2025-12-23
ST08,SKU02199,119,71,32,2025-12-06
ST17,SKU03391,139,47,17,2025-12-30
ST02,SKU04136,10,32,13,2025-11-12
ST18,SKU03152,28,73,21,2025-12-13
ST19,SKU03206,27,22,7,2025-11-26
ST28,SKU03166,202,74,28,2025-12-07
ST04,SKU03285,188,81,22,2025-11-11
ST22,SKU02637,69,56,25,2025-11-23
ST04,SKU03912,153,54,23,2025-12-16
ST11,SKU03702,57,33,15,2025-12-13
ST16,SKU02481,137,74,18,2025-12-28
ST06,SKU00571,68,63,21,2025-11-30
ST03,SKU04808,47,20,6,2025-12-09
ST14,SKU00791,199,72,18,2025-11-27
ST27,SKU00104,195,87,42,2025-12-08
ST03,SKU02821,99,85,26,2025-12-10
ST16,SKU03811,11,93,30,2025-12-07
ST08,SKU01810,25,81,37,2025-12-19
ST16,SKU04179,30,29,14,2025-11-12
ST03,SKU04051,116,47,13,2025-12-13
ST18,SKU00989,79,31,10,2025-12-11
ST12,SKU04307,129,44,11,2025-11-03
ST11,SKU00872,10,64,31,2025-11-15
ST04,SKU03819,132,79,33,2025-11-18
ST03,SKU04501,51,33,7,2025-12-27
ST28,SKU04810,148,50,16,2025-11-23
ST10,SKU01909,47,41,9,2025-11-19
ST23,SKU03721,241,90,36,2025-11-12
ST05,SKU04722,245,85,18,2025-12-31
ST09,SKU02578,111,73,18,2025-11-28
ST20,SKU02451,218,80,18,2025-11-23
ST28,SKU02107,55,50,16,2025-12-26
ST27,SKU03227,94,97,40,2025-11-24
ST15,SKU02830,9,50,15,2025-11-28
ST17,SKU04638,59,92,23,2025-11-23
ST19,SKU01845,129,46,11,2025-12-30
ST03,SKU02893,26,44,11,2025-12-04
ST03,SKU03396,69,29,8,2025-11-14
ST24,SKU03532,190,99,23,2025-12-05
ST23,SKU00455,60,36,17,2025-12-12
ST21,SKU00684,136,54,13,2025-11-22
ST18,SKU01701,114,89,44,2025-12-27
ST12,SKU02882,85,64,24,2025-12-18
ST17,SKU00605,93,79,29,2025-12-27
ST13,SKU02055,75,49,14,2025-11-16
ST11,SKU02085,157,79,24,2025-11-25
ST30,SKU02506,24,66,31,2025-11-14
ST06,SKU01994,81,44,10,2025-12-19
ST03,SKU00346,25,60,24,2025-12-25
ST27,SKU00733,256,98,27,2025-12-16
ST18,SKU02493,67,44,21,2025-11-13
ST27,SKU02175,18,67,32,2025-12-17
ST01,SKU03211,63,62,15,2025-11-01
ST27,SKU00120,121,86,24,2025-11-24
ST29,SKU03308,29,77,33,2025-12-21
ST08,SKU04036,179,77,26,2025-11-26
ST22,SKU02496,40,61,27,2025-11-02
ST17,SKU04151,82,58,20,2025-12-30
ST30,SKU02856,200,87,31,2025-11-23
ST02,SKU03611,47,46,14,2025-12-01
ST23,SKU02647,262,91,36,2025-12-06
ST02,SKU01540,114,39,11,2025-11-16
ST30,SKU03021,80,53,17,2025-12-13
ST29,SKU02734,28,25,8,2025-11-06
ST15,SKU04363,73,81,33,2025-11-25
ST06,SKU01953,151,77,30,2025-11-01
ST13,SKU01705,89,94,23,2025-12-11
ST09,SKU02988,63,34,10,2025-12-14
ST23,SKU03197,35,81,31,2025-12-07
ST06,SKU01504,22,51,20,2025-11-16
ST04,SKU02622,26,58,27,2025-12-31
ST29,SKU01872,73,48,15,2025-12-19
ST04,SKU02955,100,77,19,2025-12-22
ST30,SKU03329,84,68,27,2025-12-01
ST26,SKU00622,39,54,25,2025-12-06
ST21,SKU00005,150,58,17,2025-12-26
ST28,SKU02940,86,46,19,2025-12-04
ST06,SKU03759,36,86,33,2025-11-09
ST22,SKU00870,178,70,30,2025-11-15
ST08,SKU02444,16,100,24,2025-12-17
ST18,SKU03184,71,25,10,2025-11-03
ST10,SKU02835,148,77,30,2025-11-02
ST28,SKU04662,26,33,15,2025-12-31
ST15,SKU01250,22,26,7,2025-12-28
ST06,SKU00819,177,65,31,2025-11-02
ST01,SKU02664,40,71,32,2025-11-16
ST28,SKU00794,3,53,15,2025-11-24
ST10,SKU00926,53,48,23,2025-11-30
ST10,SKU03463,66,34,16,2025-12-29
ST27,SKU04601,130,48,24,2025-12-05
ST06,SKU04614,157,96,22,2025-11-04
ST13,SKU03238,140,53,16,2025-12-29
ST24,SKU02349,259,100,41,2025-11-30
ST30,SKU01746,132,98,20,2025-12-27
ST15,SKU01172,117,51,17,2025-12-14
ST17,SKU03923,75,52,15,2025-11-15
ST01,SKU00087,28,77,27,2025-12-14
ST07,SKU02622,13,32,15,2025-12-01
ST10,SKU01429,237,85,21,2025-11-02
ST12,SKU02918,78,46,12,2025-12-02
ST28,SKU03622,81,40,13,2025-11-07
ST04,SKU02292,56,44,9,2025-11-05
ST13,SKU01825,49,38,8,2025-12-09
ST13,SKU00060,183,64,29,2025-12-22
ST19,SKU04964,184,72,33,2025-11-05
ST30,SKU03730,186,82,37,2025-11-27
ST03,SKU04872,83,49,14,2025-12-13
ST22,SKU03062,125,90,40,2025-11-29
ST12,SKU01029,122,44,22,2025-11-09
ST24,SKU04792,10,97,30,2025-11-05
ST11,SKU01078,27,81,27,2025-11-11
ST27,SKU03549,206,97,28,2025-11-20
ST28,SKU01552,9,89,32,2025-11-27
ST15,SKU04078,148,85,35,2025-11-16
ST01,SKU00410,12,25,11,2025-11-14
ST05,SKU00982,40,55,19,2025-11-25
ST23,SKU04712,22,51,11,2025-11-02
ST15,SKU00797,85,44,16,2025-11-20
ST20,SKU00244,129,88,41,2025-12-21
ST08,SKU01543,22,86,26,2025-12-31
ST10,SKU04159,34,79,17,2025-11-12
ST06,SKU02311,118,73,17,2025-12-07
ST23,SKU00620,83,96,30,2025-12-22
ST04,SKU02262,121,91,34,2025-11-03
ST02,SKU04567,65,65,25,2025-12-16
ST14,SKU03896,142,51,11,2025-12-03
ST22,SKU03491,138,82,28,2025-12-11
ST01,SKU01163,17,49,20,2025-11-29
ST12,SKU03054,115,39,9,2025-12-31
ST16,SKU01962,101,97,24,2025-12-10
ST18,SKU04504,6,31,7,2025-11-13
ST23,SKU03899,110,46,10,2025-11-15
ST25,SKU02947,21,27,9,2025-12-04
ST03,SKU00081,235,91,43,2025-12-30
ST29,SKU04833,266,91,45,2025-11-05
ST26,SKU01727,132,64,19,2025-11-09
ST23,SKU04912,170,75,29,2025-11-02
ST06,SKU01472,131,55,14,2025-12-24
ST14,SKU02042,121,52,24,2025-12-25
ST23,SKU01879,241,90,30,2025-12-09
ST09,SKU02481,22,80,34,2025-12-17
ST28,SKU03357,48,33,7,2025-11-18
ST15,SKU02156,89,89,19,2025-12-13
ST09,SKU04939,34,28,13,2025-12-01
ST21,SKU04755,35,77,21,2025-11-21
ST05,SKU04380,41,22,10,2025-12-20
ST23,SKU00667,40,22,9,2025-11-21
ST27,SKU02598,12,92,45,2025-12-20
ST03,SKU02674,47,42,18,2025-12-27
ST24,SKU02299,21,23,8,2025-12-26
ST22,SKU02927,17,26,6,2025-11-11
ST14,SKU00023,20,39,13,2025-11-05
ST10,SKU01280,177,79,20,2025-11-17
ST16,SKU00880,48,52,17,2025-11-10
ST23,SKU04739,93,93,23,2025-11-04
ST14,SKU04916,2,20,5,2025-11-19
ST26,SKU02427,10,58,13,2025-11-01
ST10,SKU01453,52,33,16,2025-11-15
ST29,SKU04455,24,67,24,2025-12-19
ST08,SKU02377,29,25,6,2025-11-30
ST15,SKU00625,165,80,36,2025-12-20
ST14,SKU04787,66,70,34,2025-11-14
ST06,SKU03830,54,20,5,2025-11-03
ST19,SKU00620,68,40,19,2025-11-15
ST04,SKU01146,5,50,23,2025-11-22
ST17,SKU00529,127,80,19,2025-11-14
ST27,SKU03542,35,29,9,2025-11-09
ST26,SKU00916,32,41,9,2025-11-10
ST10,SKU01902,11,62,29,2025-11-16
ST15,SKU02510,236,82,34,2025-11-19
ST25,SKU00005,23,29,12,2025-11-08
ST08,SKU04755,182,78,30,2025-11-20
ST19,SKU02013,89,95,47,2025-12-23
ST03,SKU00327,85,48,17,2025-11-11
ST12,SKU02925,166,61,20,2025-11-02
ST03,SKU02436,48,24,10,2025-12-09
ST04,SKU03808,102,92,29,2025-11-24
ST05,SKU04504,40,30,7,2025-11-20
ST24,SKU00228,166,64,24,2025-11-13
ST19,SKU01405,28,21,6,2025-11-25
ST30,SKU00019,120,86,40,2025-11-25
ST25,SKU00589,4,26,11,2025-12-31
ST15,SKU03408,82,31,9,2025-12-10
ST28,SKU04603,9,22,9,2025-12-20
ST06,SKU04177,66,42,12,2025-11-20
ST24,SKU04198,136,85,33,2025-12-07
ST21,SKU01627,5,23,5,2025-12-16
ST13,SKU04613,38,44,19,2025-12-04
ST08,SKU01266,148,100,42,2025-12-09
ST24,SKU03182,122,65,20,2025-12-03
ST13,SKU04452,33,23,8,2025-12-06
ST22,SKU04614,35,36,10,2025-11-27
ST06,SKU00741,23,20,9,2025-12-21
ST18,SKU03793,213,91,44,2025-11-27
ST23,SKU00270,178,60,13,2025-11-20
ST21,SKU01055,21,52,16,2025-12-25
ST10,SKU00703,259,94,45,2025-11-06
ST24,SKU01529,47,30,13,2025-11-12
ST11,SKU01234,202,73,28,2025-12-02
ST28,SKU02346,203,91,36,2025-12-10
ST06,SKU02071,74,32,12,2025-11-05
ST30,SKU00849,37,94,24,2025-12-26
ST05,SKU04179,147,53,20,2025-11-14
ST19,SKU02454,77,78,19,2025-11-16
ST09,SKU04781,131,51,12,2025-11-22
ST15,SKU01292,150,70,19,2025-11-02
ST05,SKU04264,129,92,35,2025-12-13
ST07,SKU03746,89,84,26,2025-11-02
ST02,SKU00530,57,52,13,2025-11-11
ST25,SKU02312,27,45,16,2025-11-22
ST06,SKU00927,49,38,9,2025-11-04
ST30,SKU00474,53,41,15,2025-12-25
ST04,SKU00277,34,42,9,2025-12-02
ST06,SKU02269,163,86,20,2025-11-14
ST02,SKU02488,10,88,37,2025-12-26
ST19,SKU01452,35,35,9,2025-12-09
ST07,SKU02243,129,64,21,2025-12-10
ST02,SKU02977,109,65,27,2025-11-14
ST11,SKU03503,72,25,11,2025-11-06
ST08,SKU02265,37,52,12,2025-12-23
ST18,SKU02530,188,79,25,2025-11-29
ST13,SKU03910,61,60,18,2025-11-08
ST02,SKU00998,109,94,43,2025-11-05
ST28,SKU00202,132,65,14,2025-11-21
ST13,SKU00346,49,93,23,2025-11-07
ST29,SKU02276,20,27,8,2025-12-26
ST20,SKU00387,89,43,9,2025-11-23
ST09,SKU00806,55,37,8,2025-11-29
ST18,SKU02768,81,43,15,2025-12-06
ST09,SKU04553,105,79,32,2025-11-07
ST09,SKU00984,0,62,18,2025-12-24
ST13,SKU00218,3,64,18,2025-12-14
ST23,SKU03613,115,41,18,2025-12-30
ST11,SKU02337,28,65,30,2025-11-12
ST25,SKU04450,7,77,25,2025-12-05
ST26,SKU01213,170,87,20,2025-11-11
ST18,SKU00502,227,83,24,2025-12-17
ST22,SKU00754,185,99,32,2025-11-15
ST26,SKU04775,101,87,21,2025-11-26
ST28,SKU02635,134,69,28,2025-12-17
ST09,SKU00294,130,76,37,2025-11-29
ST08,SKU02404,34,43,15,2025-11-17
ST24,SKU00800,231,88,34,2025-12-24
ST10,SKU02935,58,35,13,2025-11-01
ST04,SKU02090,216,86,24,2025-12-09
ST25,SKU02332,63,32,13,2025-11-26
ST29,SKU00530,67,33,9,2025-12-30
ST07,SKU01184,1,31,14,2025-12-05
ST24,SKU02090,207,87,24,2025-12-01
ST08,SKU02691,99,51,17,2025-11-20
ST06,SKU02988,102,51,16,2025-11-23
ST12,SKU00454,134,60,12,2025-12-13
ST07,SKU01082,90,31,10,2025-11-11
ST17,SKU01872,84,43,21,2025-12-27
ST04,SKU02341,207,78,37,2025-11-03
ST28,SKU03114,50,45,15,2025-11-18
ST28,SKU01489,56,74,16,2025-11-14
ST10,SKU00765,144,87,23,2025-12-11
ST20,SKU02206,43,86,27,2025-11-07
ST14,SKU03995,148,100,36,2025-12-08
ST12,SKU01837,0,27,12,2025-11-06
ST10,SKU04967,215,88,37,2025-11-25
ST10,SKU01810,195,94,23,2025-11-22
ST03,SKU04842,2,28,13,2025-11-21
ST29,SKU00665,49,39,18,2025-12-18
ST12,SKU01247,56,20,6,2025-12-01
ST17,SKU03888,63,26,12,2025-11-29
ST08,SKU01561,61,80,35,2025-12-11
ST04,SKU01905,102,61,14,2025-11-22
ST15,SKU04556,166,69,25,2025-11-28
ST05,SKU03650,53,53,23,2025-11-09
ST22,SKU00327,185,62,15,2025-11-03
ST03,SKU00239,107,42,14,2025-11-28
ST22,SKU02456,60,50,23,2025-11-25
ST18,SKU03908,184,92,21,2025-12-08
ST25,SKU04907,96,36,17,2025-11-11
ST12,SKU00112,37,22,11,2025-11-03
ST05,SKU03838,255,92,28,2025-11-19
ST19,SKU04970,254,87,27,2025-11-29
ST19,SKU02779,52,42,20,2025-11-08
ST03,SKU03514,54,27,12,2025-12-09
ST20,SKU01266,26,33,10,2025-12-02
ST09,SKU03953,72,86,23,2025-12-11
ST12,SKU00426,115,71,18,2025-12-29
ST21,SKU01183,88,40,13,2025-12-31
ST12,SKU02179,177,86,18,2025-12-10
ST25,SKU02619,46,38,13,2025-11-12
ST21,SKU01538,16,44,11,2025-12-05
ST19,SKU03992,143,49,16,2025-11-26
ST30,SKU00742,11,24,6,2025-11-22
ST16,SKU01203,60,58,14,2025-11-08
ST28,SKU02803,141,75,32,2025-12-12
ST16,SKU02701,6,35,13,2025-11-02
ST30,SKU03400,101,83,34,2025-11-03
ST19,SKU00504,161,94,35,2025-11-26
ST11,SKU00430,34,33,15,2025-11-11
ST07,SKU01748,111,44,20,2025-12-06
ST04,SKU02305,17,25,10,2025-12-09
ST21,SKU02239,102,35,11,2025-11-12
ST16,SKU03494,36,46,16,2025-12-25
ST11,SKU04413,169,86,42,2025-12-03
ST29,SKU02369,39,31,15,2025-12-21
ST15,SKU02455,120,43,17,2025-11-25
ST29,SKU02511,133,71,18,2025-11-17
ST05,SKU03985,158,93,41,2025-12-09
ST28,SKU03020,116,44,11,2025-11-09
ST11,SKU00025,151,87,22,2025-12-30
ST25,SKU04964,75,43,20,2025-11-01
ST21,SKU04742,41,47,11,2025-12-17
ST11,SKU01558,12,78,26,2025-12-07
ST01,SKU01590,230,87,38,2025-11-14
ST20,SKU04287,3,43,17,2025-11-26
ST23,SKU02539,154,56,27,2025-11-09
ST16,SKU01101,64,27,9,2025-11-21
ST15,SKU02973,30,37,7,2025-11-06
ST03,SKU00378,24,91,18,2025-12-31
ST29,SKU00102,107,37,18,2025-12-20
ST15,SKU03397,81,28,13,2025-12-03
ST06,SKU03601,39,46,14,2025-12-22
ST17,SKU03248,90,35,7,2025-12-05
ST29,SKU00198,156,90,30,2025-11-12
ST12,SKU01909,25,23,5,2025-11-18
ST21,SKU01650,106,77,21,2025-12-06
ST02,SKU02307,84,86,34,2025-12-25
ST21,SKU04632,25,72,33,2025-11-11
ST10,SKU04415,129,71,24,2025-12-29
ST10,SKU02927,161,58,18,2025-12-22
ST29,SKU01025,33,21,10,2025-11-04
ST19,SKU00071,172,84,18,2025-11-28
ST06,SKU03097,104,94,24,2025-12-25
ST02,SKU01979,75,48,24,2025-12-19
ST17,SKU03911,69,51,21,2025-12-10
ST06,SKU02827,29,33,10,2025-12-29
ST18,SKU02406,124,60,24,2025-12-01
ST11,SKU02812,8,26,12,2025-11-21
ST18,SKU02502,10,92,39,2025-12-14
ST17,SKU03190,268,91,25,2025-12-06
ST01,SKU00768,201,73,23,2025-11-18
ST20,SKU03110,0,20,5,2025-12-28
ST11,SKU03566,71,95,20,2025-11-24
ST21,SKU03271,111,99,49,2025-12-25
ST19,SKU00454,233,84,34,2025-11-27
ST30,SKU01036,118,100,38,2025-12-30
ST04,SKU02176,196,91,27,2025-12-16
ST04,SKU00005,119,40,15,2025-12-03
ST03,SKU02697,86,35,13,2025-12-25
ST02,SKU03541,210,89,43,2025-12-05
ST30,SKU01443,155,79,29,2025-11-14
ST03,SKU04082,110,55,21,2025-11-21
ST22,SKU02152,88,88,32,2025-12-22
ST05,SKU03952,10,93,29,2025-11-11
ST17,SKU04711,40,81,17,2025-12-16
ST23,SKU04074,7,50,19,2025-11-13
ST22,SKU02825,85,92,38,2025-11-07
ST17,SKU02574,82,61,22,2025-12-31
ST02,SKU02731,149,81,33,2025-12-13
ST11,SKU01010,0,80,19,2025-11-26
ST20,SKU03671,162,56,16,2025-12-22
ST15,SKU04522,165,70,33,2025-12-22
ST10,SKU00558,72,70,35,2025-12-31
ST26,SKU00835,105,36,8,2025-12-11
ST02,SKU01454,79,43,12,2025-12-26
ST07,SKU02890,143,52,22,2025-12-01
ST22,SKU01078,17,23,6,2025-11-11
ST18,SKU02448,95,58,27,2025-12-12
ST02,SKU01943,40,40,10,2025-12-25
ST21,SKU04728,204,79,37,2025-11-23
ST26,SKU03937,63,53,24,2025-11-06
ST07,SKU01117,39,23,6,2025-11-30
ST06,SKU01935,19,40,15,2025-11-04
ST24,SKU01639,221,98,33,2025-12-15
ST05,SKU02837,0,81,33,2025-12-09
ST21,SKU03112,161,54,17,2025-11-14
ST09,SKU01022,25,25,8,2025-12-10
ST06,SKU00768,0,52,20,2025-11-18
ST26,SKU03164,51,96,33,2025-11-27
ST07,SKU01425,142,90,39,2025-12-06
ST22,SKU02151,156,55,16,2025-12-12
ST04,SKU01519,81,59,18,2025-12-03
ST25,SKU00494,73,53,25,2025-12-30
ST18,SKU02838,83,67,18,2025-12-30
ST30,SKU01302,60,96,30,2025-11-19
ST03,SKU04370,32,77,21,2025-11-25
ST30,SKU00509,153,84,22,2025-11-25
ST04,SKU04801,92,44,17,2025-11-02
ST23,SKU01695,104,45,18,2025-12-11
ST17,SKU04417,213,99,48,2025-12-06
ST04,SKU03281,5,73,23,2025-11-29
ST08,SKU01131,124,86,30,2025-12-25
ST13,SKU01608,131,51,19,2025-11-03
ST23,SKU04899,21,85,24,2025-11-27
ST04,SKU01949,53,28,11,2025-11-10
ST03,SKU03282,45,27,13,2025-11-21
ST16,SKU00671,155,66,16,2025-11-26
ST24,SKU04527,76,58,28,2025-11-26
ST10,SKU04306,52,24,7,2025-11-25
ST14,SKU02172,0,59,23,2025-11-24
ST28,SKU01646,113,96,33,2025-11-11
ST19,SKU03201,13,25,8,2025-11-17
ST08,SKU01679,9,25,6,2025-11-04
ST17,SKU03732,149,78,24,2025-12-30
ST30,SKU03850,75,32,8,2025-12-23
ST18,SKU04002,128,48,21,2025-12-03
ST22,SKU04020,11,32,9,2025-12-26
ST06,SKU03738,134,51,23,2025-11-27
ST20,SKU03018,93,75,20,2025-12-14
ST29,SKU03241,74,71,22,2025-12-22
ST12,SKU04815,7,28,6,2025-12-29
ST03,SKU03152,28,70,31,2025-12-04
ST08,SKU03222,203,92,43,2025-11-14
ST02,SKU03112,102,88,31,2025-11-11
ST24,SKU04405,24,92,35,2025-11-29
ST18,SKU02680,44,92,23,2025-11-16
ST26,SKU02792,93,88,27,2025-11-25
ST10,SKU00594,20,60,13,2025-11-22
ST11,SKU03917,120,50,24,2025-12-24
ST08,SKU04114,213,84,38,2025-11-30
ST22,SKU01836,111,43,20,2025-12-17
ST29,SKU04818,144,70,19,2025-11-30
ST27,SKU02731,47,85,30,2025-12-16
ST15,SKU04299,66,36,11,2025-12-22
ST28,SKU03003,126,52,14,2025-12-10
ST15,SKU04472,51,21,6,2025-12-29
ST15,SKU00794,92,83,38,2025-12-17
ST07,SKU01995,77,28,8,2025-12-16
ST16,SKU00493,117,69,29,2025-11-19
ST21,SKU03963,36,45,18,2025-12-19
ST12,SKU03605,7,95,22,2025-11-10
ST09,SKU02463,96,53,14,2025-12-05
ST06,SKU01898,155,57,26,2025-12-05
ST27,SKU00625,13,72,21,2025-11-14
ST20,SKU01176,144,83,22,2025-12-30
ST21,SKU04219,71,58,19,2025-12-19
ST17,SKU03208,102,69,34,2025-11-02
ST19,SKU02154,143,94,34,2025-12-19
ST26,SKU01933,103,88,21,2025-11-03
ST13,SKU02054,46,31,8,2025-12-08
ST26,SKU02419,29,29,6,2025-11-18
ST24,SKU02067,40,27,9,2025-11-13
ST20,SKU02788,87,65,20,2025-11-29
ST14,SKU04903,111,95,34,2025-12-23
ST02,SKU04868,44,23,6,2025-12-15
ST22,SKU01103,34,34,8,2025-11-04
ST29,SKU02301,148,64,31,2025-12-11
ST25,SKU04448,64,82,31,2025-12-05
ST19,SKU02045,76,26,11,2025-11-12
ST16,SKU04216,156,55,18,2025-11-15
ST26,SKU01249,43,47,15,2025-12-19
ST05,SKU01777,5,39,8,2025-11-15
ST10,SKU01437,13,42,12,2025-12-26
ST20,SKU03540,92,38,19,2025-12-20
ST03,SKU04086,19,36,9,2025-12-01
ST20,SKU00932,231,92,35,2025-11-05
ST17,SKU01473,44,20,5,2025-11-14
ST22,SKU00450,27,66,32,2025-12-21
ST06,SKU04291,126,87,20,2025-12-09
ST04,SKU04659,167,82,27,2025-11-23
ST14,SKU00780,95,73,15,2025-11-12
ST11,SKU02965,68,64,16,2025-11-12
ST11,SKU03292,140,49,23,2025-12-09
ST16,SKU00280,33,26,6,2025-11-21
ST13,SKU00328,9,82,36,2025-11-22
ST26,SKU03106,95,47,12,2025-11-23
ST22,SKU03270,8,85,21,2025-12-15
ST27,SKU01302,113,63,30,2025-11-27
ST21,SKU03342,219,86,29,2025-12-13
ST20,SKU02319,89,60,18,2025-12-27
ST24,SKU00804,72,46,22,2025-11-11
ST09,SKU02048,167,83,36,2025-11-10
ST11,SKU01494,232,94,35,2025-11-23
ST09,SKU00977,135,80,23,2025-12-01
ST15,SKU02472,66,50,24,2025-12-05
ST29,SKU04539,65,72,24,2025-12-11
ST25,SKU01112,110,98,23,2025-11-02
ST20,SKU01444,253,93,44,2025-11-30
ST09,SKU01439,67,27,11,2025-11-18
ST26,SKU03624,21,99,47,2025-12-09
ST15,SKU02651,130,64,22,2025-11-03
ST12,SKU04317,58,24,10,2025-11-26
ST16,SKU04917,25,45,10,2025-12-30
ST15,SKU01389,199,96,27,2025-11-13
ST18,SKU03386,55,96,31,2025-11-05
ST06,SKU00405,50,49,12,2025-12-27
ST30,SKU03223,176,75,36,2025-11-14
ST03,SKU02105,2,82,30,2025-12-24
ST10,SKU01403,17,20,6,2025-12-02
ST22,SKU01210,31,73,27,2025-12-16
ST01,SKU03302,52,31,6,2025-12-17
ST29,SKU04974,116,48,21,2025-12-14
ST08,SKU01053,144,75,25,2025-12-21
ST02,SKU04709,163,87,22,2025-11-10
ST23,SKU03733,76,94,42,2025-12-14
ST02,SKU03165,75,27,10,2025-12-28
ST23,SKU02578,127,55,13,2025-11-01
ST21,SKU04510,107,38,12,2025-12-24
ST10,SKU03242,215,85,38,2025-12-24
ST26,SKU02223,233,83,23,2025-11-01
ST03,SKU02804,100,36,14,2025-12-21
ST02,SKU00442,97,61,14,2025-12-15
ST27,SKU02624,125,73,16,2025-11-17
ST07,SKU01909,7,28,10,2025-12-16
ST09,SKU01823,14,54,19,2025-12-06
ST17,SKU03263,129,71,15,2025-11-21
ST19,SKU03078,125,70,34,2025-11-27
ST07,SKU02813,50,52,17,2025-11-30
ST06,SKU03984,183,86,23,2025-11-13
ST25,SKU00039,42,25,12,2025-11-18
ST27,SKU04716,60,53,25,2025-12-26
ST09,SKU04331,42,24,11,2025-11-21
ST08,SKU03839,67,63,14,2025-12-09
ST16,SKU04088,73,28,7,2025-12-14
ST07,SKU01481,39,41,12,2025-11-08
ST08,SKU00940,117,48,22,2025-12-12
ST16,SKU02361,41,44,21,2025-12-11
ST14,SKU02245,3,67,15,2025-11-14
ST06,SKU03880,30,20,9,2025-11-19
ST10,SKU01655,135,76,17,2025-12-21
ST26,SKU01086,78,97,25,2025-12-05
ST20,SKU04038,7,73,18,2025-11-16
ST26,SKU03756,36,24,10,2025-11-15
ST15,SKU01236,48,28,8,2025-12-20
ST24,SKU04339,12,41,11,2025-11-27
ST02,SKU04207,97,84,29,2025-11-18
ST01,SKU03026,74,48,17,2025-12-08
ST10,SKU04023,143,84,19,2025-11-03
ST01,SKU00115,172,86,23,2025-11-09
ST08,SKU04103,16,46,15,2025-12-11
ST01,SKU02857,165,81,36,2025-12-01
ST16,SKU01491,137,81,18,2025-11-09
ST23,SKU03631,47,76,36,2025-12-07
ST03,SKU03739,34,35,13,2025-12-13
ST23,SKU03906,0,77,26,2025-12-03
ST08,SKU02767,79,32,13,2025-11-06
ST27,SKU01529,88,37,9,2025-11-22
ST18,SKU02593,119,60,13,2025-12-30
ST19,SKU01757,42,82,37,2025-12-13
ST06,SKU02249,59,27,10,2025-11-25
ST19,SKU02407,6,79,39,2025-12-05
ST01,SKU02382,162,66,26,2025-11-10
ST16,SKU03816,41,49,20,2025-11-08
ST13,SKU00293,55,63,30,2025-11-28
ST28,SKU02861,195,83,34,2025-12-25
ST03,SKU00742,56,29,9,2025-12-25
ST29,SKU02204,54,60,17,2025-12-13
ST15,SKU03726,90,74,25,2025-12-15
ST07,SKU02289,3,89,30,2025-12-08
ST16,SKU01470,145,60,20,2025-11-20
ST21,SKU04454,10,30,10,2025-12-12
ST16,SKU04506,2,26,13,2025-12-14
ST02,SKU00198,240,100,40,2025-12-02
ST01,SKU04034,73,68,20,2025-12-31
ST11,SKU02243,1,75,35,2025-12-20
ST15,SKU00719,138,54,24,2025-11-04
ST18,SKU04204,201,84,23,2025-12-10
ST21,SKU02039,147,67,28,2025-11-24
ST09,SKU01551,214,79,30,2025-12-17
ST14,SKU01609,156,69,22,2025-11-19
ST24,SKU01900,76,34,11,2025-12-27
ST03,SKU04962,121,52,20,2025-11-08
ST11,SKU01849,98,78,37,2025-12-11
ST27,SKU04927,62,30,12,2025-11-14
ST13,SKU03255,249,91,44,2025-11-30
ST05,SKU00244,121,70,27,2025-11-09
ST27,SKU00878,18,52,23,2025-11-29
ST23,SKU02876,268,100,43,2025-11-21
ST02,SKU03088,32,86,40,2025-12-29
ST16,SKU03384,82,59,17,2025-12-10
ST05,SKU03662,162,76,23,2025-12-13
ST17,SKU04901,58,84,29,2025-12-04
ST17,SKU04057,119,64,22,2025-12-12
ST16,SKU04560,142,94,39,2025-11-13
ST04,SKU00860,35,27,7,2025-11-13
ST28,SKU02287,81,71,18,2025-12-14
ST18,SKU02208,156,73,18,2025-12-16
ST17,SKU01163,56,36,14,2025-11-01
ST16,SKU01331,188,85,22,2025-11-11
ST13,SKU01324,80,74,29,2025-11-21
ST20,SKU03649,241,85,39,2025-12-25
ST09,SKU00454,35,45,17,2025-12-21
ST10,SKU01693,174,75,25,2025-11-29
ST16,SKU01637,97,34,8,2025-11-29
ST17,SKU01972,183,66,26,2025-12-12
ST07,SKU01708,121,73,24,2025-11-21
ST13,SKU00848,19,84,29,2025-12-06
ST10,SKU03793,77,76,27,2025-12-28
ST24,SKU01582,62,43,17,2025-12-24
ST06,SKU01875,248,94,46,2025-12-02
ST20,SKU03137,28,52,15,2025-12-19
ST04,SKU04432,31,77,27,2025-12-11
ST26,SKU03155,130,56,15,2025-11-12
ST03,SKU03301,4,62,28,2025-12-21
ST14,SKU02368,1,68,14,2025-11-06
ST13,SKU03688,46,71,19,2025-11-14
ST27,SKU03913,4,26,13,2025-12-27
ST23,SKU02024,147,99,26,2025-12-27
ST15,SKU02357,71,43,21,2025-11-13
ST12,SKU04300,90,69,22,2025-12-03
ST04,SKU00181,125,100,32,2025-11-13
ST08,SKU02162,46,56,22,2025-12-01
ST28,SKU01137,238,90,43,2025-11-29
ST15,SKU03101,96,69,29,2025-11-13
ST20,SKU02785,78,35,11,2025-11-01
ST08,SKU04563,166,79,30,2025-11-14
ST10,SKU03258,8,45,11,2025-12-16
ST28,SKU00866,245,90,29,2025-12-13
ST29,SKU04705,33,28,13,2025-12-11
ST17,SKU02145,79,36,15,2025-12-29
ST12,SKU03306,97,63,20,2025-12-22
ST23,SKU01238,1,29,14,2025-12-01
ST29,SKU03672,208,74,19,2025-12-11
ST26,SKU04410,21,58,28,2025-11-22
ST16,SKU02177,163,70,25,2025-11-17
ST27,SKU03093,229,81,29,2025-12-10
ST16,SKU01786,118,54,24,2025-11-18
ST22,SKU02763,43,27,9,2025-12-22
ST28,SKU04811,69,83,37,2025-12-13
ST26,SKU00185,173,93,41,2025-11-27
ST04,SKU04922,47,51,21,2025-11-09
ST30,SKU02220,64,97,26,2025-11-11
ST11,SKU03388,129,79,38,2025-12-28
ST26,SKU02269,68,100,28,2025-12-14
ST20,SKU01646,154,85,28,2025-11-21
ST09,SKU01018,130,71,32,2025-12-23
ST21,SKU04370,103,78,35,2025-12-30
ST19,SKU03528,185,79,22,2025-11-27
ST21,SKU04914,38,20,7,2025-11-14
ST06,SKU02724,135,49,10,2025-11-13
ST24,SKU01905,41,49,21,2025-11-07
ST09,SKU00497,239,94,25,2025-12-17
ST14,SKU03201,15,26,7,2025-11-13
ST23,SKU00272,0,29,13,2025-12-21
ST08,SKU01282,22,58,14,2025-11-13
ST19,SKU01181,119,47,17,2025-12-26
ST09,SKU04558,97,45,15,2025-12-26
ST24,SKU00504,51,96,32,2025-11-20
ST27,SKU01697,96,33,9,2025-12-24
ST05,SKU03180,105,62,24,2025-12-30
ST01,SKU00930,104,89,35,2025-12-17
ST28,SKU02342,85,78,23,2025-12-22
ST18,SKU04736,131,66,29,2025-12-04
ST21,SKU02991,184,62,25,2025-12-21
ST30,SKU04723,194,77,19,2025-12-05
ST21,SKU02482,1,20,9,2025-11-22
ST23,SKU01195,222,88,19,2025-12-02
ST19,SKU01614,107,40,15,2025-12-29
ST18,SKU03137,19,85,21,2025-11-06
ST04,SKU04965,101,37,11,2025-12-08
ST21,SKU04787,246,91,41,2025-12-23
ST13,SKU02521,84,34,8,2025-11-01
ST03,SKU02316,96,67,18,2025-12-01
ST06,SKU00662,42,55,16,2025-12-17
ST20,SKU02330,50,100,36,2025-11-25
ST04,SKU00650,42,82,24,2025-11-27
ST20,SKU03461,73,25,10,2025-12-03
ST29,SKU04180,107,58,18,2025-11-18
ST23,SKU02257,55,33,11,2025-12-03
ST26,SKU01699,15,87,20,2025-12-26
ST02,SKU03596,84,76,29,2025-11-08
ST14,SKU00934,78,43,19,2025-11-26
ST13,SKU00461,223,83,19,2025-11-05
ST02,SKU00118,82,48,19,2025-12-27
ST06,SKU03711,121,77,31,2025-11-17
ST09,SKU04170,57,86,28,2025-12-19
ST16,SKU02328,9,38,10,2025-12-31
ST10,SKU03747,113,79,23,2025-11-20
ST28,SKU00103,34,24,8,2025-12-16
ST12,SKU02357,54,23,10,2025-12-23
ST11,SKU04880,7,47,11,2025-12-01
ST10,SKU00031,173,60,16,2025-11-13
ST21,SKU02631,25,45,18,2025-12-24
ST18,SKU04333,60,24,5,2025-12-19
ST13,SKU04506,94,75,28,2025-11-14
ST23,SKU01618,233,82,23,2025-12-09
ST04,SKU02345,190,88,42,2025-11-26
ST02,SKU04009,70,58,14,2025-11-23
ST16,SKU04578,294,99,27,2025-12-08
ST06,SKU01043,72,72,34,2025-12-25
ST03,SKU00677,8,75,27,2025-12-27
ST13,SKU01311,5,52,23,2025-11-24
ST07,SKU02336,107,95,23,2025-11-06
ST25,SKU01289,58,22,10,2025-11-06
ST25,SKU00700,18,68,23,2025-11-14
ST14,SKU00736,55,32,12,2025-11-03
ST08,SKU00719,54,37,9,2025-12-11
ST05,SKU03613,74,38,18,2025-11-05
ST17,SKU04597,256,100,27,2025-12-03
ST15,SKU04209,46,23,11,2025-12-11
ST17,SKU02997,13,39,12,2025-11-07
ST17,SKU00810,49,45,11,2025-11-16
ST27,SKU01003,58,34,9,2025-11-12
ST25,SKU02715,68,44,16,2025-12-22
ST14,SKU02123,156,64,32,2025-12-18
ST12,SKU00680,92,83,38,2025-11-01
ST28,SKU00992,57,68,29,2025-11-25
ST16,SKU01425,121,42,21,2025-11-29
ST29,SKU01146,111,81,24,2025-11-01
ST30,SKU02304,179,91,35,2025-11-06
ST24,SKU04785,16,31,11,2025-12-04
ST25,SKU00642,64,40,12,2025-12-04
ST26,SKU00293,74,33,16,2025-11-01
ST07,SKU02711,114,51,10,2025-12-18
ST08,SKU02116,142,52,12,2025-11-07
ST09,SKU01932,98,36,11,2025-11-05
ST02,SKU02284,130,54,13,2025-12-18
ST15,SKU04968,42,76,26,2025-12-31
ST13,SKU01017,70,83,28,2025-12-25
ST06,SKU01807,86,37,10,2025-12-03
ST19,SKU00252,20,72,30,2025-11-29
ST24,SKU01339,18,45,17,2025-12-31
ST14,SKU00738,42,32,16,2025-12-11
ST13,SKU03725,160,81,36,2025-12-18
ST11,SKU04811,80,44,21,2025-11-19
ST29,SKU00646,30,65,29,2025-11-29
ST02,SKU00911,206,100,35,2025-11-01
ST13,SKU00311,87,53,12,2025-11-14
ST02,SKU02813,201,77,19,2025-11-22
ST06,SKU02629,86,96,41,2025-11-19
ST21,SKU04433,31,61,23,2025-11-23
ST26,SKU03001,55,50,11,2025-11-07
ST12,SKU02719,198,90,39,2025-12-20
ST19,SKU04235,70,74,21,2025-12-24
ST23,SKU04404,166,73,15,2025-11-20
ST02,SKU03550,69,79,22,2025-11-07
ST22,SKU00236,59,39,18,2025-11-15
ST16,SKU01573,76,93,40,2025-12-07
ST14,SKU04070,57,99,26,2025-11-06
ST25,SKU03060,35,49,23,2025-12-05
ST13,SKU01769,237,85,40,2025-11-29
ST28,SKU03240,136,47,12,2025-11-06
ST11,SKU00115,128,72,28,2025-11-15
ST12,SKU00294,12,25,11,2025-11-07
ST20,SKU00191,23,73,27,2025-11-04
ST01,SKU04692,33,34,10,2025-12-24
ST25,SKU03757,127,47,21,2025-11-16
ST08,SKU03470,22,46,20,2025-11-09
ST12,SKU02313,81,65,18,2025-11-26
ST16,SKU02616,63,45,9,2025-11-25
ST27,SKU03323,60,23,8,2025-11-09
ST28,SKU02375,67,25,9,2025-11-24
ST26,SKU01199,42,67,33,2025-12-30
ST14,SKU02611,12,28,11,2025-12-13
ST17,SKU03451,15,33,10,2025-11-22
ST23,SKU04020,62,42,11,2025-12-27
ST09,SKU01591,44,27,13,2025-12-25
ST28,SKU01272,41,44,14,2025-11-09
ST30,SKU01492,208,84,18,2025-12-05
ST19,SKU04887,33,22,8,2025-12-12
ST09,SKU01165,154,68,32,2025-11-27
ST24,SKU01295,1,68,33,2025-11-26
ST18,SKU03849,66,61,14,2025-12-06
ST12,SKU04262,89,39,19,2025-12-30
ST09,SKU03472,72,71,33,2025-12-27
ST25,SKU01682,1,54,11,2025-12-05
ST28,SKU00698,63,88,23,2025-12-29
ST28,SKU04671,140,78,34,2025-11-06
ST17,SKU00870,117,75,33,2025-12-29
ST24,SKU01579,4,38,12,2025-11-23
ST14,SKU00519,79,34,8,2025-11-30
ST26,SKU04469,15,74,17,2025-11-18
ST11,SKU04566,2,55,17,2025-12-08
ST06,SKU03772,227,87,26,2025-11-05
ST01,SKU02757,166,59,27,2025-12-12
ST27,SKU00678,270,98,46,2025-11-07
ST14,SKU03665,19,35,14,2025-11-01
ST15,SKU03472,169,65,18,2025-12-28
ST15,SKU04203,17,84,38,2025-12-06
ST30,SKU02679,8,51,17,2025-12-14
ST17,SKU04605,57,21,8,2025-11-02
ST02,SKU00892,99,48,23,2025-12-04
ST07,SKU01185,75,65,31,2025-11-10
ST07,SKU01768,97,49,15,2025-11-06
ST02,SKU04884,208,93,44,2025-12-11
ST15,SKU02716,110,43,20,2025-12-25
ST13,SKU02355,92,69,34,2025-12-19
ST27,SKU04297,150,64,25,2025-11-03
ST14,SKU04465,52,25,7,2025-11-10
ST18,SKU00275,23,37,18,2025-12-29
ST18,SKU03168,173,61,20,2025-12-24
ST29,SKU03536,31,34,14,2025-12-07
ST07,SKU01462,168,85,35,2025-11-24
ST25,SKU00892,37,26,10,2025-11-15
ST02,SKU00381,141,95,33,2025-12-15
ST02,SKU04479,220,77,32,2025-11-12
ST12,SKU02987,25,37,18,2025-11-17
ST07,SKU04865,113,65,15,2025-12-01
ST24,SKU02467,189,73,18,2025-12-26
ST14,SKU01257,54,71,27,2025-11-16
ST09,SKU00760,162,97,39,2025-11-30
ST22,SKU04122,190,87,37,2025-11-16
ST09,SKU00940,192,92,25,2025-11-16
ST25,SKU04718,139,79,20,2025-11-02
ST08,SKU02166,91,96,23,2025-12-11
ST16,SKU03174,117,57,23,2025-11-14
ST30,SKU03879,85,35,16,2025-12-02
ST03,SKU01977,69,35,9,2025-11-09
ST01,SKU02685,49,23,11,2025-11-06
ST25,SKU01223,61,25,12,2025-11-18
ST19,SKU03122,11,91,20,2025-11-11
ST16,SKU01567,10,61,20,2025-11-21
ST05,SKU03271,9,24,7,2025-11-17
ST01,SKU00463,53,33,12,2025-11-04
ST18,SKU00181,58,25,11,2025-12-22
ST23,SKU03915,95,70,18,2025-11-18
ST09,SKU04710,60,41,18,2025-12-07
ST23,SKU00597,12,53,12,2025-12-01
ST27,SKU04417,51,50,25,2025-11-07
ST18,SKU02344,32,38,13,2025-12-31
ST03,SKU00925,211,86,42,2025-11-11
ST20,SKU04110,165,70,29,2025-12-08
ST25,SKU02027,26,67,17,2025-11-11
ST29,SKU02438,214,76,36,2025-12-15
ST10,SKU04638,146,88,32,2025-12-06
ST09,SKU02526,95,51,24,2025-12-04
ST25,SKU04204,50,52,21,2025-12-31
ST19,SKU01401,54,49,21,2025-11-26
ST17,SKU01590,106,84,27,2025-11-04
ST19,SKU02433,24,46,17,2025-11-26
ST14,SKU02916,146,72,31,2025-11-05
ST05,SKU04061,35,29,11,2025-11-02
ST03,SKU00914,127,90,33,2025-11-28
ST26,SKU00901,153,86,34,2025-11-14
ST20,SKU00161,52,27,10,2025-12-24
ST07,SKU02863,32,36,15,2025-12-28
ST10,SKU04237,78,31,7,2025-12-15
ST15,SKU04808,29,39,14,2025-11-10
ST07,SKU00616,78,53,17,2025-11-23
ST09,SKU04165,10,34,13,2025-11-02
ST23,SKU02099,60,85,40,2025-11-04
ST17,SKU01994,187,83,21,2025-11-08
ST12,SKU03689,42,27,7,2025-11-03
ST14,SKU02544,50,57,24,2025-11-07
ST16,SKU04456,8,31,15,2025-12-07
ST17,SKU02664,45,20,4,2025-12-28
ST24,SKU04456,28,21,6,2025-12-09
ST26,SKU01142,107,38,14,2025-12-04
ST20,SKU00094,49,32,8,2025-12-18
ST04,SKU03461,34,41,10,2025-11-15
ST08,SKU01320,91,74,24,2025-11-22
ST14,SKU03092,78,34,14,2025-11-29
ST11,SKU03050,48,65,20,2025-11-22
ST14,SKU02175,70,53,14,2025-11-05
ST16,SKU03669,68,34,8,2025-12-22
ST25,SKU04661,262,91,33,2025-11-07
ST11,SKU04066,191,65,24,2025-11-19
ST29,SKU04986,10,20,10,2025-11-15
ST22,SKU03955,34,37,10,2025-12-24
ST06,SKU01586,85,32,11,2025-12-09
ST08,SKU03265,32,51,15,2025-11-26
ST09,SKU01031,63,47,16,2025-12-31
ST30,SKU00293,27,82,40,2025-11-24
ST25,SKU01865,122,55,13,2025-11-03
ST26,SKU00580,92,76,17,2025-12-03
ST08,SKU01417,101,34,8,2025-11-27
ST25,SKU03077,44,27,8,2025-11-17
ST22,SKU00247,84,60,22,2025-12-01
ST14,SKU00844,109,95,43,2025-12-02
ST21,SKU01342,86,51,15,2025-11-18
ST25,SKU01487,76,47,20,2025-12-09
ST21,SKU04775,86,94,35,2025-11-12
ST13,SKU01360,269,96,35,2025-11-29
ST04,SKU00773,53,21,6,2025-12-26
ST27,SKU04617,5,22,10,2025-11-24
ST25,SKU04513,84,94,44,2025-12-20
ST17,SKU00625,19,65,15,2025-12-09
ST25,SKU04699,110,77,23,2025-12-21
ST10,SKU01753,96,40,11,2025-12-21
ST27,SKU02002,76,32,15,2025-11-22
ST26,SKU02404,120,49,12,2025-11-12
ST17,SKU03650,43,59,26,2025-11-14
ST20,SKU03466,184,66,15,2025-12-13
ST12,SKU03698,259,92,25,2025-11-18
ST11,SKU03740,35,40,12,2025-12-16
ST01,SKU00828,46,38,11,2025-12-19
ST19,SKU02295,101,41,18,2025-11-19
ST13,SKU03675,67,62,19,2025-12-29
ST28,SKU03218,57,56,24,2025-11-10
ST29,SKU02063,156,89,35,2025-11-13
ST24,SKU03687,243,97,22,2025-11-29
ST30,SKU02557,15,28,13,2025-11-26
ST02,SKU01741,138,56,27,2025-11-10
ST23,SKU01944,173,72,30,2025-12-13
ST22,SKU01624,238,85,28,2025-11-18
ST14,SKU03070,17,34,11,2025-11-20
ST22,SKU03683,180,88,19,2025-11-20
ST28,SKU03677,52,24,9,2025-12-02
ST27,SKU00772,4,53,24,2025-11-02
ST22,SKU01422,72,84,28,2025-11-13
ST17,SKU03961,228,85,22,2025-11-02
ST07,SKU02880,42,71,19,2025-12-20
ST26,SKU04923,116,41,15,2025-12-24
ST15,SKU00775,129,89,24,2025-11-08
ST30,SKU01555,11,41,19,2025-11-01
ST20,SKU01472,166,98,36,2025-12-11
ST03,SKU02299,51,62,30,2025-12-03
ST04,SKU00213,77,33,15,2025-11-19
ST17,SKU02528,13,61,19,2025-11-03
ST20,SKU02037,24,40,20,2025-11-20
ST30,SKU01094,103,37,15,2025-12-28
ST17,SKU04269,0,22,6,2025-12-29
ST02,SKU01682,103,56,25,2025-11-14
ST10,SKU01506,135,68,29,2025-11-14
ST19,SKU01044,88,44,13,2025-11-24
ST10,SKU04568,49,49,14,2025-12-12
ST03,SKU01168,35,44,13,2025-12-21
ST01,SKU01764,79,29,9,2025-11-03
ST25,SKU03813,191,72,28,2025-11-22
ST05,SKU01889,66,40,14,2025-12-29
ST28,SKU04702,160,54,13,2025-12-19
ST15,SKU03541,55,70,34,2025-12-22
ST19,SKU03514,159,98,39,2025-12-04
ST14,SKU00265,118,43,13,2025-11-12
ST29,SKU02853,23,35,12,2025-11-12
ST27,SKU01656,61,50,15,2025-12-03
ST29,SKU03919,158,63,13,2025-12-10
ST08,SKU02757,71,25,10,2025-11-02
ST26,SKU01499,0,43,9,2025-12-17
ST13,SKU04718,28,36,9,2025-11-22
ST27,SKU01925,4,57,14,2025-12-24
ST19,SKU02513,100,58,13,2025-12-16
ST30,SKU00007,40,75,25,2025-12-05
ST25,SKU03879,116,61,18,2025-11-29
ST06,SKU00107,127,57,15,2025-12-08
ST17,SKU02282,25,39,19,2025-11-19
ST18,SKU02707,79,49,11,2025-12-11
ST27,SKU03717,20,88,21,2025-11-03
ST17,SKU00228,188,66,15,2025-12-13
ST29,SKU04847,199,98,32,2025-11-23
ST29,SKU01887,53,28,13,2025-11-15
ST17,SKU00159,199,82,23,2025-12-23
ST10,SKU02612,91,37,15,2025-12-13
ST24,SKU04078,14,20,8,2025-11-17
ST24,SKU03512,131,77,37,2025-12-18
ST13,SKU04530,51,57,14,2025-11-19
ST02,SKU03966,109,59,19,2025-11-18
ST14,SKU04667,30,34,16,2025-11-10
ST26,SKU02841,177,92,23,2025-11-22
ST21,SKU04331,170,77,34,2025-11-06
ST25,SKU01579,48,68,21,2025-12-17
ST16,SKU04783,66,27,8,2025-11-08
ST01,SKU04289,26,48,15,2025-11-18
ST14,SKU02978,35,31,10,2025-11-06
ST11,SKU03563,13,68,14,2025-12-24
ST26,SKU02491,21,26,5,2025-11-29
ST29,SKU01946,146,62,27,2025-11-12
ST03,SKU02809,17,62,21,2025-12-27
ST11,SKU02324,20,92,42,2025-12-30
ST30,SKU01925,18,29,9,2025-12-25
ST24,SKU00006,281,99,32,2025-11-08
ST16,SKU02071,76,75,37,2025-11-08
ST02,SKU04853,190,66,18,2025-11-04
ST18,SKU01052,39,27,13,2025-12-21
ST21,SKU00274,21,21,4,2025-12-30
ST21,SKU01735,145,51,19,2025-11-18
ST30,SKU04776,249,89,24,2025-12-31
ST16,SKU03385,262,90,29,2025-11-10
ST28,SKU02562,29,66,26,2025-11-10
ST19,SKU04202,39,45,21,2025-12-05
ST01,SKU03021,172,93,24,2025-12-04
ST25,SKU01347,11,63,27,2025-12-22
ST21,SKU00070,92,34,10,2025-12-26
ST30,SKU04251,61,65,19,2025-12-25
ST02,SKU00801,180,80,38,2025-11-05
ST13,SKU03363,81,68,21,2025-12-11
ST06,SKU01398,38,89,24,2025-12-22
ST02,SKU02841,84,42,15,2025-12-18
ST02,SKU00617,107,66,20,2025-11-10
ST17,SKU02303,75,34,13,2025-12-05
ST11,SKU04295,23,20,5,2025-12-08
ST21,SKU04566,181,88,23,2025-12-08
ST25,SKU04400,276,98,48,2025-11-10
ST13,SKU02651,5,97,42,2025-12-10
ST11,SKU03960,216,80,30,2025-12-03
ST02,SKU01263,273,94,41,2025-11-12
ST30,SKU03903,55,25,6,2025-12-23
ST02,SKU01294,25,24,10,2025-12-23
ST23,SKU04169,77,39,14,2025-11-10
ST26,SKU02227,58,37,18,2025-12-14
ST25,SKU02140,94,58,19,2025-11-23
ST21,SKU04008,105,74,28,2025-12-14
ST15,SKU01113,100,43,14,2025-11-21
ST26,SKU03880,47,33,10,2025-11-27
ST13,SKU00755,138,66,29,2025-11-19
ST03,SKU00349,9,89,37,2025-11-10
ST10,SKU04953,30,96,43,2025-11-01
ST13,SKU02459,218,88,36,2025-11-09
ST12,SKU04602,187,75,22,2025-12-06
ST03,SKU04522,73,35,15,2025-12-02
ST21,SKU00911,36,32,16,2025-12-15
ST10,SKU03007,219,80,33,2025-12-18
ST04,SKU04105,36,41,11,2025-12-02
ST23,SKU01777,46,47,17,2025-12-19
ST09,SKU02270,74,62,24,2025-11-09
ST27,SKU02487,9,79,23,2025-12-21
ST25,SKU00593,62,94,27,2025-11-11
ST20,SKU02570,15,69,30,2025-12-09
ST08,SKU00578,97,61,27,2025-12-05
ST21,SKU00138,75,36,11,2025-11-10
ST12,SKU00706,131,74,18,2025-11-06
ST14,SKU03645,151,76,25,2025-11-22
ST04,SKU02084,154,63,17,2025-11-08
ST15,SKU02406,138,47,11,2025-12-09
ST04,SKU01791,36,97,23,2025-11-05
ST05,SKU00979,26,59,15,2025-11-18
ST30,SKU03579,217,86,38,2025-11-02
ST02,SKU00651,69,41,16,2025-11-04
ST26,SKU02808,171,60,18,2025-11-25
ST18,SKU04162,25,21,5,2025-12-16
ST21,SKU01657,210,95,19,2025-11-10
ST13,SKU01529,52,52,23,2025-12-11
ST13,SKU02296,167,82,38,2025-12-02
ST03,SKU03273,41,22,5,2025-12-25
ST13,SKU01008,118,72,16,2025-11-19
ST26,SKU01394,30,35,15,2025-12-11
ST23,SKU04511,97,38,16,2025-11-02
ST25,SKU04411,31,93,39,2025-11-09
ST19,SKU04698,170,66,24,2025-12-29
ST18,SKU01976,70,91,44,2025-11-29
ST19,SKU01608,88,37,10,2025-11-27
ST26,SKU04743,175,61,25,2025-11-02
ST26,SKU04000,5,23,8,2025-12-05
ST07,SKU01938,93,64,28,2025-12-21
ST03,SKU03703,133,46,10,2025-11-28
ST30,SKU01216,3,64,31,2025-11-25
ST10,SKU01888,5,92,29,2025-11-24
ST20,SKU00417,122,85,17,2025-12-23
ST22,SKU01845,69,44,22,2025-12-22
ST17,SKU01460,121,64,23,2025-11-12
ST29,SKU03526,48,23,11,2025-11-27
ST27,SKU01771,31,65,18,2025-11-03
ST12,SKU02068,53,82,27,2025-12-21
ST09,SKU01804,11,64,13,2025-12-06
ST21,SKU02884,9,93,41,2025-11-01
ST30,SKU01031,66,59,18,2025-11-17
ST26,SKU04445,241,93,35,2025-11-03
ST28,SKU01758,112,65,30,2025-11-06
ST07,SKU04097,71,58,22,2025-12-12
ST11,SKU00175,25,95,22,2025-12-17
ST05,SKU04357,50,23,7,2025-11-15
ST24,SKU03495,118,44,18,2025-12-18
ST21,SKU00949,4,23,6,2025-11-24
ST20,SKU04092,197,96,37,2025-11-19
ST04,SKU03746,171,89,30,2025-12-21
ST21,SKU03006,173,64,20,2025-12-31
ST16,SKU03759,148,92,38,2025-12-03
ST16,SKU02475,19,49,21,2025-12-27
ST09,SKU03610,88,64,16,2025-11-05
ST30,SKU03015,83,29,13,2025-11-05
ST16,SKU03613,91,48,22,2025-12-17
ST13,SKU04672,25,99,27,2025-11-10
ST05,SKU03466,113,75,31,2025-12-13
ST13,SKU02390,103,56,17,2025-12-29
ST29,SKU00687,48,94,44,2025-12-13
ST01,SKU03318,203,83,37,2025-11-24
ST15,SKU03309,12,89,41,2025-11-28
ST26,SKU03365,155,71,17,2025-11-23
ST06,SKU00338,114,83,38,2025-12-28
ST12,SKU02494,46,29,8,2025-11-23
ST14,SKU01155,62,46,21,2025-12-20
ST15,SKU00727,17,32,11,2025-12-15
ST10,SKU02478,49,32,14,2025-12-26
ST19,SKU01996,3,80,36,2025-11-13
ST09,SKU01471,268,92,20,2025-11-07
ST29,SKU03648,41,63,23,2025-11-15
ST23,SKU02812,125,61,24,2025-12-20
ST03,SKU02210,68,45,14,2025-11-15
ST13,SKU02864,22,35,17,2025-12-14
ST08,SKU02156,34,37,8,2025-12-22
ST19,SKU04078,61,93,43,2025-11-25
ST01,SKU03446,244,93,31,2025-12-30
ST09,SKU02963,38,80,21,2025-11-12
ST26,SKU03369,7,35,15,2025-12-19
ST08,SKU01049,37,21,8,2025-12-03
ST12,SKU04527,100,95,23,2025-12-13
ST21,SKU00267,109,85,26,2025-12-24
ST12,SKU02924,108,76,22,2025-12-03
ST28,SKU01194,249,86,30,2025-12-19
ST28,SKU03953,15,43,13,2025-11-30
ST12,SKU03143,5,45,14,2025-11-28
ST06,SKU01867,169,67,14,2025-12-16
ST23,SKU03417,109,51,24,2025-11-04
ST30,SKU02768,40,74,16,2025-12-19
ST11,SKU02214,71,46,15,2025-11-03
ST03,SKU04778,10,48,20,2025-12-03
ST05,SKU04891,50,27,8,2025-12-02
ST24,SKU04664,135,74,33,2025-12-03
ST02,SKU03608,114,59,27,2025-11-13
ST06,SKU04306,48,57,19,2025-11-29
ST22,SKU02054,80,49,18,2025-11-08
ST21,SKU02171,66,37,17,2025-12-11
ST03,SKU01513,34,85,41,2025-11-01
ST08,SKU03137,262,91,41,2025-12-20
ST06,SKU04428,195,77,17,2025-11-30
ST15,SKU03734,95,36,10,2025-11-22
ST28,SKU00028,89,39,10,2025-11-24
ST14,SKU01160,189,80,39,2025-12-19
ST29,SKU04742,74,53,16,2025-11-28
ST14,SKU03404,81,55,19,2025-11-06
ST29,SKU01986,75,30,7,2025-11-03
ST05,SKU00545,12,48,14,2025-12-08
ST16,SKU02619,13,24,8,2025-12-27
ST10,SKU01015,30,28,8,2025-12-03
ST28,SKU02406,59,46,21,2025-12-14
ST29,SKU01205,170,68,17,2025-12-08
ST28,SKU03121,259,88,42,2025-12-26
ST16,SKU01176,167,69,33,2025-11-10
ST20,SKU03948,7,24,7,2025-12-31
ST05,SKU00622,140,86,38,2025-12-30
ST03,SKU02439,155,72,34,2025-12-21
ST19,SKU01132,165,99,47,2025-11-01
ST15,SKU01695,91,69,24,2025-12-18
ST16,SKU03463,25,20,7,2025-12-23
ST01,SKU03859,76,41,14,2025-12-16
ST05,SKU03321,135,71,21,2025-11-10
ST05,SKU00032,60,66,23,2025-12-22
ST08,SKU04138,43,35,16,2025-11-03
ST10,SKU04682,37,82,33,2025-12-05
ST18,SKU03795,212,80,38,2025-11-23
ST18,SKU01937,208,80,21,2025-12-31
ST16,SKU00247,152,77,28,2025-11-16
ST04,SKU04570,93,32,6,2025-12-07
ST13,SKU00805,35,24,7,2025-11-02
ST25,SKU03460,129,49,11,2025-12-05
ST08,SKU03660,51,23,5,2025-11-13
ST29,SKU04284,21,40,18,2025-11-10
ST12,SKU04373,254,98,33,2025-11-04
ST30,SKU03996,50,99,37,2025-12-20
ST06,SKU03679,37,20,7,2025-11-20
ST02,SKU02016,39,76,32,2025-11-11
ST17,SKU04641,123,43,13,2025-12-24
ST09,SKU02658,159,80,16,2025-12-19
ST30,SKU02121,31,83,33,2025-11-08
ST29,SKU01745,10,33,11,2025-11-30
ST07,SKU02111,35,62,16,2025-11-18
ST09,SKU03545,137,84,25,2025-11-10
ST09,SKU03925,5,39,17,2025-11-09
ST02,SKU03339,106,38,13,2025-12-26
ST29,SKU01422,59,99,40,2025-12-02
ST04,SKU03163,50,34,12,2025-11-24
ST05,SKU00872,158,75,21,2025-12-26
ST03,SKU01446,56,25,7,2025-12-24
ST15,SKU00613,82,55,20,2025-12-23
ST04,SKU03326,15,46,18,2025-11-11
ST26,SKU00704,50,90,34,2025-12-10
ST14,SKU01558,163,62,23,2025-12-29
ST12,SKU04608,9,87,40,2025-11-13
ST07,SKU02274,109,90,39,2025-11-01
ST13,SKU00279,76,59,13,2025-12-28
ST04,SKU04430,139,48,16,2025-11-07
ST06,SKU04684,191,79,27,2025-12-30
ST26,SKU00992,122,56,17,2025-12-14
ST05,SKU02245,59,41,9,2025-11-27
ST15,SKU01305,148,73,35,2025-12-29
ST11,SKU03559,21,29,14,2025-12-11
ST01,SKU03719,43,63,16,2025-11-03
ST06,SKU03143,78,38,8,2025-12-16
ST24,SKU01514,53,48,22,2025-12-17
ST21,SKU00842,134,88,36,2025-11-29
ST18,SKU00410,24,29,13,2025-11-09
ST14,SKU04256,14,36,13,2025-12-23
ST04,SKU04437,49,37,14,2025-12-30
ST27,SKU01065,65,22,4,2025-12-23
ST24,SKU01976,26,88,37,2025-11-01
ST20,SKU02278,96,63,26,2025-12-26
ST27,SKU01930,51,59,27,2025-11-05
ST26,SKU04881,44,36,15,2025-12-27
ST10,SKU00244,35,20,7,2025-12-11
ST13,SKU02702,64,54,12,2025-11-16
ST11,SKU04718,10,24,8,2025-11-21
ST24,SKU04728,101,96,38,2025-11-29
ST10,SKU00973,135,83,17,2025-11-30
ST20,SKU04024,177,80,36,2025-11-04
ST01,SKU02817,33,58,23,2025-11-04
ST26,SKU02221,47,29,13,2025-12-17
ST06,SKU01900,174,66,32,2025-11-17
ST09,SKU04803,268,91,40,2025-11-13
ST29,SKU03917,26,28,9,2025-12-16
ST02,SKU00482,14,22,5,2025-11-20
ST07,SKU02879,142,57,13,2025-12-28
ST12,SKU04728,140,49,19,2025-11-12
ST29,SKU04365,105,39,16,2025-12-03
ST14,SKU04642,74,66,28,2025-11-05
ST02,SKU01452,80,37,18,2025-12-10
ST14,SKU02943,56,72,30,2025-12-09
ST13,SKU02426,139,79,39,2025-11-28
ST19,SKU04050,180,95,31,2025-11-05
ST10,SKU03702,182,82,22,2025-12-24
ST04,SKU03370,159,54,19,2025-12-13
ST06,SKU04174,210,93,20,2025-11-12
ST26,SKU02857,0,54,20,2025-11-20
ST13,SKU00278,26,20,7,2025-12-31
ST23,SKU02452,156,72,22,2025-12-31
ST17,SKU02632,247,91,22,2025-12-03
ST14,SKU02882,10,21,7,2025-11-28
ST28,SKU03951,23,83,36,2025-12-31
ST19,SKU02492,84,74,25,2025-11-09
ST19,SKU03003,70,35,10,2025-11-13
ST04,SKU04909,93,50,23,2025-12-07
ST04,SKU00123,23,34,13,2025-11-05
ST25,SKU03731,42,36,15,2025-12-29
ST15,SKU00641,75,36,8,2025-11-25
ST20,SKU02745,66,38,15,2025-12-21
ST15,SKU01900,230,100,31,2025-11-11
ST27,SKU04891,9,28,12,2025-11-07
ST30,SKU01405,133,45,17,2025-12-16
ST03,SKU00129,83,47,17,2025-11-13
ST26,SKU00922,0,40,10,2025-11-26
ST10,SKU01706,156,73,29,2025-12-24
ST11,SKU01632,7,43,9,2025-11-14
ST16,SKU01224,51,86,28,2025-12-26
ST02,SKU01684,77,40,16,2025-12-21
ST10,SKU02792,41,43,12,2025-11-04
ST07,SKU02145,203,79,16,2025-11-10
ST07,SKU03167,159,60,17,2025-11-22
ST17,SKU01071,82,40,12,2025-11-25
ST12,SKU03091,182,67,24,2025-11-23
ST08,SKU00427,8,59,19,2025-12-23
ST27,SKU02764,75,61,25,2025-12-11
ST02,SKU00428,30,21,8,2025-11-04
ST27,SKU03658,93,93,25,2025-12-08
ST19,SKU01545,46,52,11,2025-11-01
ST12,SKU02234,56,70,22,2025-12-17
ST01,SKU01949,115,65,19,2025-11-28
ST06,SKU01955,132,95,29,2025-12-31
ST07,SKU04116,228,95,33,2025-11-21
ST02,SKU04841,112,80,34,2025-11-09
ST09,SKU03758,46,99,21,2025-11-30
ST18,SKU03720,69,31,15,2025-11-01
ST12,SKU03154,10,54,25,2025-11-12
ST27,SKU03893,45,31,13,2025-11-23
ST18,SKU01752,78,98,24,2025-11-28
ST19,SKU01230,159,84,41,2025-12-14
ST17,SKU01817,120,69,21,2025-12-24
ST26,SKU02429,78,91,39,2025-12-05
ST06,SKU02435,45,20,5,2025-12-08
ST15,SKU02863,75,80,34,2025-11-03
ST02,SKU00310,117,55,18,2025-11-25
ST23,SKU00831,10,40,17,2025-11-16
ST01,SKU00783,207,84,17,2025-12-12
ST22,SKU00477,158,58,15,2025-12-12
ST16,SKU00685,4,72,29,2025-12-05
ST11,SKU01650,113,40,14,2025-12-30
ST29,SKU01399,17,20,4,2025-12-24
ST30,SKU00716,51,40,20,2025-11-27
ST30,SKU01904,46,31,8,2025-12-15
ST02,SKU01216,213,88,23,2025-12-26
ST14,SKU00827,25,29,11,2025-11-14
ST01,SKU03383,160,97,25,2025-12-15
ST24,SKU04340,28,57,19,2025-12-15
ST07,SKU03643,103,47,22,2025-12-04
ST14,SKU04159,46,23,7,2025-11-03
ST04,SKU04586,48,33,15,2025-12-08
ST06,SKU03298,189,65,31,2025-11-22
ST09,SKU04841,30,28,10,2025-11-29
ST19,SKU02207,4,28,12,2025-11-16
ST21,SKU00360,116,44,15,2025-12-28
ST02,SKU04317,154,89,29,2025-12-16
ST30,SKU03449,189,70,16,2025-12-06
ST12,SKU03884,215,81,23,2025-12-26
ST08,SKU00819,113,47,17,2025-12-27
ST07,SKU00342,19,82,21,2025-12-18
ST07,SKU00446,240,96,24,2025-11-23
ST24,SKU00454,125,42,13,2025-11-30
ST24,SKU02561,55,29,8,2025-12-08
ST19,SKU03917,74,25,7,2025-11-14
ST05,SKU03288,91,56,14,2025-11-27
ST18,SKU01032,11,96,27,2025-12-21
ST27,SKU01745,90,74,34,2025-11-08
ST22,SKU02636,22,28,11,2025-11-26
ST27,SKU02924,12,52,14,2025-11-23
ST24,SKU03237,86,78,21,2025-11-07
ST01,SKU04533,27,77,24,2025-11-24
ST15,SKU03412,64,39,11,2025-11-13
ST12,SKU02481,114,56,15,2025-11-01
ST05,SKU02795,10,63,31,2025-11-30
ST27,SKU04501,131,82,25,2025-11-19
ST03,SKU00033,136,64,18,2025-12-24
ST05,SKU00707,19,42,12,2025-11-02
ST01,SKU02974,225,79,20,2025-12-04
ST18,SKU03281,252,90,24,2025-12-13
ST21,SKU03853,58,23,8,2025-11-12
ST03,SKU03962,69,34,14,2025-12-11
ST07,SKU02007,74,75,36,2025-12-24
ST03,SKU02252,49,39,12,2025-11-23
ST29,SKU01901,192,72,21,2025-11-27
ST05,SKU03020,50,39,14,2025-12-12
ST13,SKU03818,96,96,21,2025-11-13
ST06,SKU03883,40,26,8,2025-12-02
ST27,SKU02798,151,98,47,2025-12-29
ST21,SKU02018,113,48,22,2025-11-29
ST15,SKU02420,27,24,7,2025-11-22
ST23,SKU00348,79,85,31,2025-11-27
ST01,SKU02357,106,77,31,2025-12-24
ST29,SKU03732,184,76,23,2025-12-28
ST09,SKU04012,82,30,6,2025-11-08
ST29,SKU00221,123,97,37,2025-12-09
ST26,SKU02259,148,97,43,2025-12-18
ST04,SKU03963,131,56,26,2025-12-31
ST23,SKU02271,70,77,18,2025-11-07
ST10,SKU00488,36,61,17,2025-11-01
ST09,SKU02029,78,36,9,2025-11-22
ST06,SKU04152,40,31,7,2025-11-09
ST21,SKU04504,77,89,18,2025-11-07
ST08,SKU03371,27,38,15,2025-12-24
ST19,SKU03972,45,29,13,2025-11-09
ST06,SKU04029,118,94,28,2025-12-18
ST13,SKU03129,283,96,45,2025-12-17
ST24,SKU03294,253,100,49,2025-12-25
ST29,SKU02261,92,35,13,2025-12-09
ST20,SKU04589,211,75,15,2025-12-01
ST24,SKU01892,4,97,24,2025-11-11
ST11,SKU02487,62,45,17,2025-12-07
ST23,SKU02243,25,58,21,2025-11-26
ST12,SKU01262,190,90,32,2025-11-09
ST25,SKU03066,171,73,28,2025-11-10
ST28,SKU00643,22,74,30,2025-11-16
ST09,SKU03203,123,79,23,2025-12-10
ST17,SKU04422,77,39,15,2025-11-21
ST29,SKU01531,87,54,26,2025-12-09
ST25,SKU00018,8,58,14,2025-12-20
ST09,SKU04422,102,98,20,2025-12-13
ST11,SKU02815,132,59,12,2025-11-05
ST16,SKU02051,37,60,15,2025-12-20
ST03,SKU04181,55,97,48,2025-11-02
ST18,SKU03900,157,94,37,2025-12-16
ST05,SKU01158,49,20,5,2025-12-18
ST10,SKU04814,44,20,9,2025-11-13
ST18,SKU03569,47,23,5,2025-12-23
ST14,SKU00039,162,63,17,2025-11-02
ST13,SKU00605,49,27,7,2025-11-20
ST15,SKU04218,93,71,20,2025-12-19
ST14,SKU00312,162,88,39,2025-11-04
ST10,SKU02213,145,76,27,2025-11-21
ST21,SKU01405,61,32,12,2025-12-30
ST21,SKU02450,232,86,35,2025-12-25
ST08,SKU04345,108,37,16,2025-11-02
ST12,SKU04678,103,60,19,2025-12-16
ST28,SKU00630,87,45,11,2025-11-16
ST05,SKU00402,45,72,29,2025-11-28
ST16,SKU03352,90,39,16,2025-11-20
ST27,SKU04056,33,78,35,2025-12-13
ST23,SKU02012,138,93,21,2025-12-25
ST11,SKU03715,16,37,16,2025-11-05
ST26,SKU01333,161,98,35,2025-11-08
ST27,SKU00259,95,59,16,2025-11-01
ST21,SKU03022,77,49,13,2025-11-11
ST08,SKU01508,29,47,15,2025-12-06
ST15,SKU00647,107,66,17,2025-12-05
ST18,SKU04083,191,82,33,2025-11-08
ST21,SKU03502,33,43,14,2025-11-30
ST20,SKU00614,104,68,21,2025-11-23
ST04,SKU04192,200,97,20,2025-11-17
ST08,SKU02413,178,75,25,2025-11-26
ST10,SKU01058,91,48,20,2025-11-27
ST18,SKU00197,58,25,12,2025-12-02
ST29,SKU03307,79,96,33,2025-12-10
ST29,SKU04177,28,31,9,2025-11-16
ST21,SKU00828,33,32,12,2025-11-01
ST08,SKU03811,175,66,20,2025-12-08
ST08,SKU04280,92,45,14,2025-12-14
ST02,SKU03318,84,30,6,2025-11-04
ST10,SKU02702,25,23,9,2025-11-04
ST15,SKU02568,38,30,11,2025-11-29
ST08,SKU00071,113,58,24,2025-11-07
ST25,SKU02048,163,57,19,2025-11-18
ST22,SKU01010,13,21,4,2025-11-11
ST11,SKU01725,91,97,32,2025-11-22
ST28,SKU04683,24,32,9,2025-11-06
ST03,SKU03458,40,38,9,2025-11-25
ST11,SKU01669,105,50,21,2025-11-11
ST19,SKU00782,134,47,22,2025-12-01
ST03,SKU04303,278,95,42,2025-12-22
ST13,SKU04812,72,36,17,2025-12-14
ST01,SKU04326,93,37,13,2025-11-22
ST27,SKU01587,106,61,17,2025-12-19
ST26,SKU02312,63,25,11,2025-12-06
ST28,SKU01159,64,70,15,2025-11-22
ST03,SKU02529,66,81,22,2025-12-20
ST10,SKU03027,21,24,11,2025-11-26
ST07,SKU03918,117,74,29,2025-11-26
ST05,SKU04333,38,71,32,2025-12-25
ST04,SKU04817,222,94,40,2025-11-26
ST13,SKU00421,68,38,17,2025-11-06
ST24,SKU02804,7,88,26,2025-12-10
ST29,SKU03186,7,30,13,2025-11-11
ST06,SKU02725,271,94,20,2025-12-18
ST03,SKU00711,1,62,17,2025-12-27
ST29,SKU02780,160,80,38,2025-12-19
ST25,SKU03715,154,87,37,2025-11-08
ST25,SKU03172,247,90,23,2025-12-26
ST22,SKU03321,66,92,36,2025-12-10
ST30,SKU00302,9,79,25,2025-11-15
ST10,SKU04494,181,69,33,2025-11-22
ST27,SKU01988,177,64,23,2025-12-01
ST14,SKU00059,164,68,14,2025-11-29
ST07,SKU00938,12,25,11,2025-12-11
ST14,SKU02244,117,80,37,2025-12-15
ST30,SKU03788,40,58,21,2025-12-27
ST15,SKU04779,100,59,28,2025-12-28
ST22,SKU00097,145,79,23,2025-11-04
ST30,SKU03980,228,89,39,2025-12-18
ST21,SKU00534,58,56,25,2025-11-26
ST03,SKU01314,23,42,18,2025-12-04
ST19,SKU02448,226,93,20,2025-11-01
ST11,SKU04345,3,25,8,2025-12-25
ST02,SKU00606,77,95,37,2025-11-08
ST21,SKU02931,95,60,29,2025-11-20
ST04,SKU03423,90,50,23,2025-12-20
ST14,SKU02476,170,70,33,2025-12-23
ST12,SKU03247,121,66,30,2025-11-24
ST19,SKU03106,53,59,19,2025-12-10
ST01,SKU03690,41,43,18,2025-11-18
ST12,SKU00458,12,27,12,2025-11-07
ST18,SKU01962,31,65,27,2025-11-29
ST08,SKU00495,59,24,7,2025-12-05
ST09,SKU02632,49,32,11,2025-12-12
ST05,SKU02423,201,70,17,2025-12-08
ST19,SKU03560,77,75,18,2025-12-08
ST21,SKU01543,72,52,15,2025-12-20
ST24,SKU02169,297,100,47,2025-11-11
ST24,SKU03899,71,41,10,2025-11-23
ST21,SKU03182,57,45,12,2025-11-01
ST24,SKU03239,8,20,10,2025-11-04
ST18,SKU01132,9,27,10,2025-12-12
ST25,SKU01293,63,41,17,2025-11-19
ST30,SKU00229,51,21,5,2025-11-29
ST05,SKU03671,234,87,33,2025-11-22
ST09,SKU00662,24,68,21,2025-11-06
ST29,SKU00633,122,71,17,2025-12-02
ST09,SKU02539,109,84,27,2025-11-03
ST02,SKU04516,117,87,32,2025-12-31
ST03,SKU01363,19,27,11,2025-12-04
ST14,SKU02100,150,67,15,2025-12-20
ST21,SKU03808,88,61,18,2025-12-04
ST26,SKU03614,4,50,23,2025-11-28
ST06,SKU04020,56,69,34,2025-11-21
ST20,SKU01944,159,61,26,2025-11-13
ST13,SKU01137,163,81,30,2025-12-20
ST21,SKU04923,109,50,14,2025-11-17
ST15,SKU04340,176,74,35,2025-11-14
ST19,SKU03990,32,40,19,2025-11-07
ST29,SKU00492,47,89,44,2025-11-02
ST26,SKU02855,21,28,11,2025-11-24
ST01,SKU00005,15,91,41,2025-11-07
ST24,SKU01884,215,76,37,2025-12-10
ST07,SKU02825,74,41,16,2025-11-03
ST12,SKU02633,112,70,27,2025-11-30
ST06,SKU04255,121,44,17,2025-11-10
ST03,SKU04024,53,42,15,2025-11-07
ST17,SKU02106,26,25,7,2025-12-21
ST05,SKU02462,5,30,10,2025-11-29
ST20,SKU01379,264,99,41,2025-11-22
ST02,SKU03831,223,89,37,2025-12-27
ST20,SKU03238,19,76,26,2025-11-13
ST01,SKU02297,4,21,10,2025-11-03
ST09,SKU00142,151,98,21,2025-12-29
ST27,SKU03875,128,69,29,2025-11-21
ST06,SKU02312,4,21,10,2025-12-02
ST20,SKU00760,41,21,10,2025-11-17
ST12,SKU01530,91,53,12,2025-12-16
ST16,SKU03276,146,64,29,2025-12-28
ST17,SKU01267,278,100,47,2025-11-25
ST07,SKU03821,40,75,19,2025-11-06
ST12,SKU04044,154,66,24,2025-11-11
ST24,SKU01227,23,31,10,2025-12-05
ST27,SKU04474,201,78,30,2025-12-11
ST12,SKU04605,80,67,33,2025-11-19
ST07,SKU03505,256,93,42,2025-12-20
ST05,SKU04416,173,95,31,2025-12-10
ST25,SKU02396,7,47,12,2025-11-15
ST09,SKU01694,209,81,18,2025-11-27
ST01,SKU00212,61,46,15,2025-12-08
ST02,SKU04101,72,38,11,2025-11-01
ST09,SKU02846,265,92,43,2025-12-01
ST27,SKU00322,95,73,26,2025-11-23
ST05,SKU01619,86,74,16,2025-12-09
ST25,SKU00356,221,78,26,2025-12-29
ST06,SKU01275,37,52,18,2025-11-01
ST03,SKU00368,94,78,29,2025-12-27
ST15,SKU00759,59,26,5,2025-11-30
ST21,SKU02655,128,74,23,2025-11-02
ST21,SKU03879,68,76,23,2025-12-02
ST27,SKU03783,86,68,19,2025-12-15
ST08,SKU02456,245,82,26,2025-11-24
ST22,SKU00648,138,62,28,2025-11-14
ST24,SKU01722,72,25,8,2025-11-01
ST02,SKU00666,17,65,32,2025-12-31
ST03,SKU01246,11,56,24,2025-11-28
ST12,SKU04680,7,68,20,2025-12-13
ST06,SKU00218,116,43,13,2025-11-10
ST19,SKU01057,46,23,5,2025-11-16
ST12,SKU04094,59,77,16,2025-12-09
ST28,SKU01804,60,36,11,2025-12-04
ST16,SKU01848,59,98,37,2025-11-20
ST19,SKU00526,61,34,7,2025-12-09
ST25,SKU04387,34,37,11,2025-11-20
ST11,SKU01840,169,89,30,2025-12-31
ST10,SKU04733,13,35,14,2025-12-21
ST15,SKU03081,34,45,13,2025-11-01
ST07,SKU03140,1,29,12,2025-11-27
ST08,SKU01708,172,70,34,2025-12-24
ST25,SKU02570,221,92,21,2025-11-11
ST15,SKU01859,49,49,24,2025-12-08
ST27,SKU04928,34,70,25,2025-11-08
ST12,SKU02752,10,56,27,2025-12-05
ST24,SKU00926,129,62,30,2025-12-11
ST17,SKU01047,17,42,12,2025-12-16
ST20,SKU03601,60,64,29,2025-11-29
ST18,SKU02047,197,78,30,2025-12-15
ST03,SKU02663,7,58,29,2025-12-28
ST10,SKU00772,49,61,28,2025-11-02
ST09,SKU03518,275,95,33,2025-12-07
ST15,SKU01493,19,56,12,2025-11-01
ST23,SKU02559,27,77,27,2025-12-12
ST17,SKU04852,254,94,25,2025-12-15
ST01,SKU03759,208,77,17,2025-12-16
ST12,SKU04743,175,82,28,2025-11-19
ST24,SKU00047,54,26,12,2025-11-26
ST07,SKU00393,115,60,23,2025-12-21
ST25,SKU01621,185,100,38,2025-11-16
ST15,SKU04603,56,33,9,2025-12-13
ST11,SKU04264,167,60,20,2025-12-08
ST11,SKU01968,56,34,10,2025-12-23
ST12,SKU02926,44,21,6,2025-12-23
ST27,SKU04670,120,74,28,2025-12-28
ST17,SKU03730,112,84,29,2025-12-29
ST30,SKU04586,125,71,29,2025-12-19
ST28,SKU03281,101,77,24,2025-11-06
ST14,SKU01149,32,26,10,2025-12-23
ST06,SKU04750,2,76,37,2025-11-16
ST06,SKU03096,66,41,14,2025-12-10
ST04,SKU03735,106,51,24,2025-12-26
ST29,SKU00242,122,60,15,2025-11-23
ST17,SKU02856,64,62,17,2025-12-19
ST30,SKU02935,82,32,14,2025-12-05
ST26,SKU04556,59,77,38,2025-12-03
ST16,SKU02901,59,69,32,2025-11-05
ST08,SKU00628,42,20,9,2025-12-02
ST01,SKU02748,45,83,39,2025-11-28
ST26,SKU04778,0,44,16,2025-12-09
ST06,SKU03080,116,52,22,2025-11-02
ST22,SKU03433,42,90,36,2025-11-04
ST28,SKU00545,118,91,29,2025-11-07
ST18,SKU00867,49,34,7,2025-12-01
ST05,SKU02581,73,41,17,2025-11-16
ST09,SKU03581,62,48,22,2025-12-04
ST03,SKU01948,25,37,13,2025-11-29
ST09,SKU04489,60,26,6,2025-11-22
ST28,SKU00807,44,58,18,2025-12-03
ST10,SKU02133,56,41,13,2025-12-05
ST20,SKU00872,8,59,23,2025-11-28
ST14,SKU03168,30,57,25,2025-11-06
ST11,SKU01325,18,46,16,2025-12-04
ST02,SKU02641,116,91,29,2025-11-06
ST03,SKU00061,39,32,15,2025-12-27
ST28,SKU00609,37,75,27,2025-11-28
ST21,SKU03860,124,49,14,2025-11-04
ST22,SKU03101,98,66,29,2025-12-17
ST04,SKU04907,151,64,18,2025-12-13
ST14,SKU01486,143,80,37,2025-11-27
ST13,SKU03378,19,97,38,2025-12-19
ST23,SKU03132,123,67,15,2025-11-15
ST18,SKU00017,13,20,9,2025-11-28
ST03,SKU00083,27,27,9,2025-12-09
ST19,SKU04948,135,52,12,2025-12-31
ST07,SKU00411,135,67,23,2025-12-18
ST02,SKU02911,121,76,28,2025-12-11
ST06,SKU00809,35,83,37,2025-11-25
ST11,SKU00099,18,77,34,2025-12-31
ST20,SKU00210,117,84,25,2025-11-20
ST17,SKU04722,87,81,33,2025-11-22
ST14,SKU01102,83,35,12,2025-11-14
ST26,SKU01905,18,46,22,2025-12-26
ST25,SKU00006,74,71,35,2025-12-01
ST08,SKU02904,59,31,9,2025-12-15
ST16,SKU00308,98,35,8,2025-12-24
ST26,SKU04223,8,26,6,2025-12-07
ST04,SKU04507,69,27,8,2025-11-03
ST03,SKU04916,66,28,10,2025-11-04
ST10,SKU00688,46,25,10,2025-11-01
ST04,SKU03508,34,64,30,2025-12-02
ST19,SKU01186,95,63,17,2025-11-02
ST07,SKU03781,135,69,31,2025-11-23
ST17,SKU01887,5,25,6,2025-12-28
ST12,SKU00580,199,85,18,2025-12-16
ST04,SKU02831,57,20,9,2025-11-17
ST01,SKU00585,64,33,10,2025-12-15
ST14,SKU01469,71,60,23,2025-11-08
ST24,SKU04089,137,62,30,2025-12-16
ST30,SKU00787,122,90,27,2025-11-18
ST30,SKU03370,157,91,30,2025-11-15
ST08,SKU04171,5,88,26,2025-11-01
ST03,SKU04343,110,83,26,2025-12-04
ST01,SKU02542,166,56,23,2025-11-13
ST28,SKU04703,9,20,9,2025-12-17
ST08,SKU00727,69,28,13,2025-11-20
ST10,SKU01955,77,69,19,2025-11-23
ST08,SKU02625,52,63,22,2025-11-05
ST14,SKU02684,262,94,41,2025-12-13
ST21,SKU00062,44,32,16,2025-11-29
ST20,SKU00296,230,77,28,2025-11-19
ST23,SKU00973,50,30,10,2025-11-05
ST29,SKU04272,26,20,9,2025-12-18
ST24,SKU04694,25,31,14,2025-12-08
ST08,SKU02801,4,42,15,2025-12-17
ST01,SKU04604,148,64,16,2025-11-19
ST01,SKU03106,76,73,35,2025-12-25
ST01,SKU04164,83,37,11,2025-12-18
ST06,SKU01585,235,87,24,2025-11-23
ST22,SKU01590,47,54,20,2025-11-01
ST26,SKU01255,82,86,21,2025-12-30
ST21,SKU00133,182,61,30,2025-11-17
ST16,SKU04394,86,72,32,2025-12-05
ST13,SKU03885,239,98,27,2025-11-25
ST11,SKU03792,118,63,27,2025-11-14
ST23,SKU04324,3,27,13,2025-11-18
ST26,SKU00772,14,30,6,2025-11-20
ST10,SKU03598,93,48,11,2025-11-27
ST20,SKU01623,110,40,11,2025-12-18
ST05,SKU02895,7,93,46,2025-11-11
ST13,SKU00214,9,77,25,2025-12-17
ST02,SKU04904,39,52,22,2025-11-09
ST30,SKU02015,74,67,23,2025-11-25
ST09,SKU01456,41,66,22,2025-12-28
ST04,SKU00577,19,28,13,2025-11-13
ST16,SKU02612,32,85,23,2025-11-14
ST27,SKU02145,59,61,14,2025-12-25
ST28,SKU04985,110,79,32,2025-12-20
ST21,SKU02323,195,74,31,2025-11-21
ST18,SKU01778,91,74,28,2025-11-17
ST06,SKU03535,267,96,38,2025-11-20
ST27,SKU03358,62,36,10,2025-11-08
ST14,SKU02037,71,36,13,2025-12-07
ST12,SKU00344,201,73,34,2025-12-21
ST21,SKU00594,16,38,9,2025-12-04
ST18,SKU03156,131,83,19,2025-12-08
ST19,SKU04914,86,94,34,2025-12-27
ST29,SKU03967,152,53,21,2025-11-18
ST28,SKU02549,165,61,26,2025-12-12
ST27,SKU02360,152,92,40,2025-11-15
ST20,SKU03883,132,99,45,2025-12-31
ST05,SKU04498,56,65,29,2025-12-01
ST09,SKU00310,106,70,18,2025-11-20
ST23,SKU02115,167,83,38,2025-12-03
ST11,SKU02377,125,76,26,2025-12-29
ST21,SKU01488,70,28,10,2025-12-13
ST25,SKU01352,70,69,17,2025-11-02
ST17,SKU03687,15,34,13,2025-12-08
ST27,SKU03857,259,100,44,2025-11-28
ST30,SKU02647,83,89,24,2025-11-13
ST19,SKU01187,132,61,28,2025-12-20
ST08,SKU04398,5,23,6,2025-12-11
ST30,SKU02676,57,25,8,2025-11-02
ST03,SKU04871,0,25,8,2025-12-05
ST21,SKU00332,7,29,12,2025-12-30
ST12,SKU00478,36,96,39,2025-12-07
ST01,SKU02890,50,34,11,2025-11-10
ST06,SKU00117,12,23,10,2025-11-27
ST05,SKU04146,161,60,28,2025-12-12
ST16,SKU02199,119,68,28,2025-11-21
ST29,SKU01752,29,86,42,2025-12-25
ST25,SKU01471,105,63,26,2025-11-24
ST25,SKU00784,61,45,20,2025-12-17
ST25,SKU02320,165,65,22,2025-12-04
ST09,SKU04001,70,67,29,2025-11-18
ST06,SKU03534,32,72,24,2025-12-07
ST21,SKU02483,71,36,8,2025-12-22
ST09,SKU04296,70,26,7,2025-12-26
ST06,SKU00872,47,25,11,2025-11-30
ST03,SKU04942,213,86,24,2025-11-15
ST10,SKU01546,10,88,22,2025-11-03
ST01,SKU01434,53,70,23,2025-12-25
ST08,SKU02435,73,31,12,2025-11-08
ST07,SKU02121,19,77,31,2025-11-11
ST08,SKU04141,16,72,34,2025-12-06
ST05,SKU00754,196,75,16,2025-12-17
ST28,SKU01146,167,63,23,2025-12-07
ST29,SKU01744,150,58,16,2025-11-21
ST14,SKU00369,54,20,6,2025-12-25
ST22,SKU03485,22,26,6,2025-12-28
ST09,SKU03605,110,86,34,2025-11-28
ST16,SKU02709,75,57,28,2025-11-07
ST07,SKU02748,55,26,6,2025-11-11
ST11,SKU00245,29,72,16,2025-11-28
ST07,SKU00683,78,45,19,2025-11-08
ST03,SKU04254,88,60,29,2025-12-06
ST25,SKU00507,97,39,13,2025-12-09
ST21,SKU03702,16,20,7,2025-11-29
ST15,SKU04502,19,21,10,2025-11-06
ST24,SKU03023,178,96,29,2025-11-26
ST26,SKU01657,53,51,25,2025-11-18
ST14,SKU04985,36,20,6,2025-11-23
ST27,SKU03465,87,56,12,2025-12-25
ST16,SKU02110,107,36,15,2025-12-30
ST15,SKU03132,76,55,26,2025-12-02
ST13,SKU01206,199,92,22,2025-11-09
ST26,SKU04173,34,24,7,2025-11-15
ST30,SKU01429,36,27,6,2025-11-26
ST02,SKU04253,20,54,12,2025-12-29
ST27,SKU02807,166,75,20,2025-12-16
ST29,SKU01547,160,72,17,2025-12-08
ST12,SKU03543,31,66,33,2025-12-19
ST12,SKU04397,55,25,6,2025-12-02
ST10,SKU03533,3,25,11,2025-12-16
ST08,SKU02228,34,52,18,2025-11-27
ST29,SKU02107,13,62,31,2025-12-31
ST25,SKU03125,1,47,12,2025-11-19
ST27,SKU04360,38,59,17,2025-12-06
ST08,SKU03405,71,64,16,2025-11-27
ST26,SKU03515,205,86,21,2025-11-29
ST24,SKU00114,17,42,14,2025-12-26
ST24,SKU00334,33,24,10,2025-11-05
ST05,SKU01121,155,100,27,2025-12-03
ST08,SKU04861,90,48,19,2025-11-06
ST14,SKU00449,20,48,23,2025-11-18
ST11,SKU00962,141,81,30,2025-11-06
ST17,SKU01343,28,46,17,2025-12-31
ST28,SKU00242,138,79,19,2025-11-25
ST21,SKU03890,6,32,9,2025-11-09
ST30,SKU04156,0,64,21,2025-12-22
ST12,SKU02229,77,61,25,2025-11-26
ST27,SKU03654,210,93,29,2025-12-10
ST16,SKU04685,137,76,27,2025-11-12
ST04,SKU04896,152,99,42,2025-11-28
ST28,SKU01639,181,62,16,2025-11-13
ST24,SKU02220,81,43,12,2025-12-04
ST08,SKU01359,30,38,12,2025-11-17
ST12,SKU01253,45,37,15,2025-11-26
ST15,SKU04424,8,81,33,2025-11-11
ST03,SKU03587,99,47,22,2025-12-11
ST29,SKU04462,64,47,17,2025-12-24
ST09,SKU03723,220,100,36,2025-11-10
ST02,SKU04971,66,23,6,2025-12-07
ST02,SKU02600,6,27,11,2025-12-03
ST30,SKU03185,242,90,30,2025-12-23
ST06,SKU04481,52,64,27,2025-12-29
ST04,SKU03456,141,85,27,2025-12-25
ST10,SKU03855,54,23,10,2025-11-01
ST22,SKU02918,73,44,17,2025-12-17
ST08,SKU03971,46,29,7,2025-11-09
ST07,SKU00405,149,75,34,2025-12-03
ST21,SKU00157,18,66,22,2025-11-23
ST26,SKU03423,97,34,7,2025-11-21
ST30,SKU01915,159,77,30,2025-11-06
ST07,SKU01064,70,33,9,2025-12-08
ST13,SKU03601,210,92,40,2025-12-09
ST30,SKU01943,97,54,21,2025-12-05
ST29,SKU01625,156,60,25,2025-12-26
ST12,SKU01868,151,54,26,2025-12-08
ST17,SKU01320,176,70,19,2025-11-09
ST16,SKU03875,40,86,21,2025-12-15
ST02,SKU02816,67,90,38,2025-11-15
ST14,SKU02298,145,77,36,2025-12-22
ST17,SKU04613,46,28,12,2025-12-30
ST27,SKU04571,180,85,17,2025-12-18
ST12,SKU01415,73,83,24,2025-11-06
ST17,SKU02742,104,70,33,2025-11-03
ST05,SKU01630,67,23,11,2025-12-05
ST24,SKU00957,211,87,31,2025-11-14
ST17,SKU02380,63,29,10,2025-12-19
ST02,SKU03963,220,99,35,2025-11-23
ST22,SKU01846,3,29,7,2025-12-25
ST22,SKU04293,15,30,7,2025-11-01
ST05,SKU02142,105,63,28,2025-12-29
ST10,SKU03062,112,78,17,2025-11-16
ST16,SKU04573,63,92,37,2025-11-26
ST30,SKU01791,62,34,15,2025-11-04
ST02,SKU02534,61,28,12,2025-12-18
ST28,SKU01930,9,53,26,2025-12-28
ST12,SKU03005,122,73,18,2025-12-03
ST27,SKU03267,96,62,30,2025-12-10
ST13,SKU03161,41,88,23,2025-12-04
ST01,SKU04026,215,100,23,2025-11-09
ST24,SKU02512,11,50,18,2025-12-29
ST22,SKU04733,88,30,10,2025-12-21
ST14,SKU02016,1,26,12,2025-12-18
ST23,SKU02402,109,55,24,2025-11-26
ST23,SKU01456,52,56,14,2025-11-02
ST16,SKU03046,120,77,27,2025-12-09
ST18,SKU01596,26,29,14,2025-11-27
ST16,SKU03597,146,85,38,2025-11-22
ST19,SKU01358,32,58,25,2025-12-16
ST07,SKU02483,74,42,16,2025-12-04
ST09,SKU03475,253,86,37,2025-11-17
ST29,SKU01549,48,95,37,2025-11-02
ST20,SKU01309,216,92,46,2025-12-15
ST06,SKU04172,145,86,21,2025-11-17
ST09,SKU04223,84,70,25,2025-11-25
ST02,SKU00710,89,51,24,2025-11-10
ST12,SKU00230,93,50,19,2025-12-03
ST27,SKU02606,125,57,27,2025-12-14
ST21,SKU04405,30,56,18,2025-12-26
ST05,SKU00223,148,66,28,2025-12-02
ST06,SKU02436,77,42,18,2025-12-23
ST28,SKU03829,119,47,17,2025-12-25
ST17,SKU02894,18,22,6,2025-12-10
ST01,SKU00438,215,95,46,2025-11-30
ST13,SKU03338,61,81,28,2025-12-05
ST02,SKU00064,150,77,24,2025-11-28
ST30,SKU01774,78,43,13,2025-12-17
ST19,SKU00222,25,35,16,2025-12-31
ST04,SKU02065,137,47,22,2025-12-10
ST07,SKU02362,288,97,33,2025-11-04
ST21,SKU00219,195,68,20,2025-12-16
ST30,SKU00939,227,84,42,2025-11-18
ST28,SKU03538,164,70,18,2025-12-24
ST29,SKU01225,6,91,24,2025-12-06
ST25,SKU04418,40,47,18,2025-11-08
ST22,SKU03700,212,71,19,2025-11-01
ST04,SKU01989,65,35,16,2025-12-03
ST02,SKU04467,105,52,14,2025-11-27
ST24,SKU02649,26,28,8,2025-11-18
ST10,SKU03829,156,76,28,2025-11-22
ST14,SKU00368,92,92,31,2025-11-25
ST26,SKU01988,69,32,12,2025-12-08
ST16,SKU02454,61,22,6,2025-12-20
ST24,SKU03568,78,57,22,2025-11-27
ST03,SKU04985,240,98,20,2025-11-27
ST12,SKU01775,211,77,27,2025-12-28
ST27,SKU01104,24,41,16,2025-12-15
ST15,SKU00396,111,45,16,2025-12-02
ST22,SKU02100,93,47,15,2025-12-31
ST23,SKU00559,42,27,8,2025-12-11
ST20,SKU03130,112,59,18,2025-11-26
ST29,SKU04684,32,93,36,2025-11-01
ST23,SKU01498,193,75,17,2025-12-26
ST29,SKU01248,82,88,42,2025-12-16
ST05,SKU01333,27,27,6,2025-12-20
ST04,SKU00778,180,98,27,2025-12-11
ST17,SKU04957,42,85,31,2025-12-31
ST10,SKU01401,206,72,32,2025-12-15
ST14,SKU01996,65,78,38,2025-12-30
ST15,SKU01927,21,22,9,2025-11-17
ST23,SKU03402,112,61,25,2025-11-17
ST08,SKU00201,53,42,10,2025-12-02
ST05,SKU01554,116,63,31,2025-11-01
ST04,SKU00708,85,37,14,2025-11-07
ST29,SKU03985,11,21,7,2025-11-28
ST29,SKU03005,71,32,14,2025-12-12
ST23,SKU02297,43,56,14,2025-11-09
ST06,SKU00436,72,71,17,2025-11-27
ST18,SKU01861,103,46,20,2025-12-09
ST21,SKU04688,179,95,44,2025-11-30
ST19,SKU04022,86,51,10,2025-12-02
ST10,SKU04189,89,87,18,2025-11-08
ST05,SKU04566,131,97,21,2025-11-17
ST01,SKU04454,110,53,18,2025-11-12
ST16,SKU04282,193,90,41,2025-12-28
ST22,SKU04506,132,47,21,2025-11-09
ST14,SKU00545,127,64,20,2025-11-18
ST15,SKU04277,138,66,18,2025-11-14
ST15,SKU03193,61,41,17,2025-11-24
ST08,SKU01954,102,65,19,2025-11-06
ST20,SKU04151,96,42,8,2025-11-23
ST15,SKU02248,205,84,21,2025-12-28
ST19,SKU01114,45,78,35,2025-11-22
ST16,SKU04331,16,84,29,2025-11-05
ST27,SKU02517,265,94,45,2025-11-03
ST07,SKU00687,12,55,14,2025-12-25
ST03,SKU04350,61,27,7,2025-11-28
ST09,SKU04421,190,75,28,2025-11-20
ST11,SKU02927,97,93,38,2025-12-21
ST12,SKU04944,41,68,25,2025-12-30
ST24,SKU04494,5,62,16,2025-11-27
ST06,SKU00918,95,39,9,2025-11-24
ST20,SKU00581,30,21,7,2025-12-23
ST01,SKU04452,63,91,35,2025-12-29
ST13,SKU00676,69,25,6,2025-12-25
ST12,SKU03828,116,87,29,2025-11-09
ST07,SKU02428,63,82,37,2025-12-09
ST15,SKU02273,21,26,9,2025-12-02
ST12,SKU00141,97,66,16,2025-11-27
ST21,SKU01897,110,58,28,2025-12-29
ST25,SKU02107,131,45,11,2025-12-07
ST20,SKU03855,109,97,33,2025-12-27
ST10,SKU04299,143,74,36,2025-11-29
ST03,SKU03124,94,66,15,2025-12-20
ST02,SKU02154,193,77,25,2025-12-03
ST16,SKU04415,208,80,31,2025-11-03
ST23,SKU03057,6,99,20,2025-12-13
ST08,SKU02198,5,24,10,2025-12-30
ST05,SKU00713,27,47,14,2025-11-30
ST04,SKU03700,12,34,8,2025-12-01
ST24,SKU01218,66,76,28,2025-12-22
ST03,SKU04421,108,37,10,2025-12-31
ST29,SKU01820,155,66,17,2025-12-30
ST18,SKU04069,22,63,29,2025-12-28
ST04,SKU01947,230,81,26,2025-12-11
ST11,SKU03605,176,78,34,2025-11-08
ST15,SKU03686,48,97,44,2025-12-24
ST14,SKU04623,200,73,20,2025-11-09
ST08,SKU00948,37,22,11,2025-11-11
ST15,SKU04470,251,84,33,2025-12-24
ST28,SKU04845,152,54,18,2025-11-22
ST17,SKU02948,93,93,46,2025-11-18
ST04,SKU01941,98,36,8,2025-12-13
ST18,SKU02245,67,39,12,2025-12-21
ST09,SKU04881,53,69,14,2025-11-19
ST04,SKU01689,233,79,37,2025-12-22
ST25,SKU03116,12,84,41,2025-12-03
ST21,SKU00477,59,23,10,2025-11-17
ST06,SKU01548,12,92,29,2025-12-28
ST07,SKU04413,101,58,26,2025-12-12
ST19,SKU00445,142,84,33,2025-11-01
ST25,SKU03316,1,34,15,2025-11-03
ST04,SKU01256,7,75,27,2025-12-25
ST07,SKU03028,41,29,8,2025-11-23
ST25,SKU01569,41,39,18,2025-11-13
ST25,SKU00577,179,64,14,2025-11-19
ST21,SKU03871,171,79,33,2025-12-28
ST17,SKU03463,28,42,17,2025-11-02
ST06,SKU01856,41,49,12,2025-11-22
ST27,SKU03567,158,65,19,2025-12-10
ST20,SKU00288,165,56,17,2025-12-30
ST09,SKU03732,115,86,41,2025-11-13
ST12,SKU00267,61,87,26,2025-12-09
ST12,SKU00633,139,71,23,2025-12-25
ST26,SKU01318,19,66,17,2025-12-12
ST29,SKU02773,74,37,13,2025-11-06
ST24,SKU03012,3,73,30,2025-12-29
ST19,SKU02516,138,48,14,2025-12-09
ST16,SKU01844,9,92,42,2025-12-09
ST09,SKU01459,121,90,31,2025-12-14
ST10,SKU02937,83,47,12,2025-11-09
ST19,SKU04832,62,26,7,2025-11-13
ST12,SKU04120,18,36,9,2025-11-15
ST23,SKU03093,49,27,11,2025-12-27
ST12,SKU04950,45,79,39,2025-11-13
ST10,SKU03784,65,75,37,2025-11-05
ST01,SKU03003,125,65,20,2025-12-08
ST17,SKU03213,9,97,39,2025-12-04
ST29,SKU01203,49,73,34,2025-11-09
ST20,SKU03641,27,73,25,2025-12-01
ST15,SKU02990,30,98,24,2025-11-23
ST06,SKU02402,62,23,11,2025-12-25
ST07,SKU03597,210,96,30,2025-11-14
ST21,SKU00227,29,78,22,2025-12-12
ST13,SKU04878,112,40,10,2025-11-02
ST04,SKU01003,91,60,29,2025-11-06
ST24,SKU02367,122,58,24,2025-11-25
ST17,SKU04699,63,39,11,2025-11-27
ST06,SKU00131,156,54,23,2025-12-08
ST01,SKU01211,37,35,15,2025-11-12
ST07,SKU03468,20,88,44,2025-11-28
ST24,SKU03727,102,45,12,2025-11-24
ST02,SKU01314,82,39,12,2025-12-19
ST16,SKU04300,5,21,4,2025-12-21
ST09,SKU00931,9,25,7,2025-12-21
ST12,SKU03372,110,41,11,2025-12-06
ST02,SKU00430,13,81,23,2025-11-09
ST03,SKU02478,97,90,29,2025-11-15
ST11,SKU01521,204,96,39,2025-12-16
ST22,SKU04336,184,92,35,2025-12-18
ST11,SKU03736,9,28,9,2025-12-20
ST23,SKU00884,53,69,22,2025-11-07
ST05,SKU02860,60,21,6,2025-11-29
ST22,SKU04651,53,34,8,2025-12-12
ST12,SKU02635,152,84,33,2025-11-16
ST08,SKU02828,103,60,27,2025-12-15
ST27,SKU00824,35,91,35,2025-12-24
ST11,SKU04187,69,70,33,2025-11-07
ST10,SKU00070,151,57,22,2025-11-25
ST11,SKU00302,163,89,27,2025-11-23
ST05,SKU03183,47,65,32,2025-11-13
ST07,SKU00705,86,68,15,2025-12-25
ST05,SKU02916,17,60,27,2025-12-10
ST18,SKU02936,104,54,21,2025-12-15
ST09,SKU03419,38,77,32,2025-11-08
ST27,SKU03754,7,86,23,2025-12-20
ST23,SKU03111,133,75,34,2025-12-10
ST09,SKU01061,84,42,10,2025-12-17
ST15,SKU03299,5,24,11,2025-11-16
ST21,SKU02364,38,44,18,2025-11-17
ST03,SKU04340,158,58,28,2025-11-08
ST18,SKU04455,271,98,36,2025-11-16
ST04,SKU04584,103,39,10,2025-12-01
ST03,SKU02981,91,34,9,2025-11-25
ST23,SKU03988,35,46,16,2025-11-06
ST23,SKU00773,120,87,32,2025-11-10
ST22,SKU03367,169,58,26,2025-11-11
ST16,SKU04049,53,44,20,2025-11-23
ST25,SKU03439,43,46,19,2025-12-24
ST13,SKU00722,91,39,10,2025-12-31
ST07,SKU03540,57,32,7,2025-12-22
ST16,SKU04137,55,79,26,2025-12-19
ST23,SKU04733,75,47,10,2025-11-05
ST26,SKU02283,37,34,13,2025-12-08
ST15,SKU01343,57,82,38,2025-12-31
ST05,SKU02766,99,37,13,2025-11-29
ST26,SKU00181,109,70,22,2025-12-24
ST12,SKU03327,105,49,19,2025-12-06
ST21,SKU01425,56,41,17,2025-12-02
ST05,SKU00984,20,23,10,2025-11-27
ST08,SKU01502,218,87,24,2025-11-03
ST23,SKU04841,123,50,17,2025-12-21
ST05,SKU01915,52,94,30,2025-12-04
ST10,SKU02197,14,46,14,2025-11-10
ST06,SKU01001,67,41,11,2025-11-20
ST17,SKU01626,103,67,29,2025-11-29
ST25,SKU00680,29,81,19,2025-12-04
ST11,SKU03591,123,69,26,2025-11-09
ST30,SKU01908,58,22,7,2025-12-30
ST18,SKU00819,238,98,21,2025-11-26
ST12,SKU00865,221,97,27,2025-12-04
ST17,SKU03442,102,40,10,2025-11-21
ST13,SKU02219,8,25,5,2025-11-18
ST13,SKU02874,51,41,19,2025-11-26
ST05,SKU03362,54,91,19,2025-12-21
ST26,SKU02463,225,89,18,2025-11-21
ST22,SKU02912,25,63,20,2025-12-01
ST05,SKU02813,245,92,31,2025-12-18
ST01,SKU02674,134,46,22,2025-12-23
ST20,SKU02446,48,28,11,2025-12-30
ST23,SKU04347,213,99,25,2025-12-30
ST18,SKU00664,9,49,19,2025-11-06
ST15,SKU00939,70,82,25,2025-12-24
ST05,SKU02169,155,63,20,2025-11-11
ST15,SKU01268,203,79,26,2025-11-15
ST17,SKU02858,165,87,41,2025-12-28
ST23,SKU00765,208,75,32,2025-11-12
ST08,SKU02697,4,47,12,2025-12-09
ST13,SKU00811,189,73,21,2025-12-25
ST24,SKU04904,194,67,17,2025-12-30
ST17,SKU01351,163,71,29,2025-12-18
ST23,SKU02272,71,27,10,2025-12-04
ST30,SKU02831,102,85,40,2025-11-06
ST14,SKU00028,166,73,21,2025-12-14
ST26,SKU04500,35,37,17,2025-11-18
ST08,SKU00669,115,69,17,2025-11-18
ST02,SKU00993,64,29,6,2025-12-21
ST11,SKU04458,29,90,19,2025-11-27
ST15,SKU04109,59,63,29,2025-12-25
ST11,SKU00861,24,53,26,2025-12-26
ST08,SKU03665,164,92,29,2025-12-20
ST05,SKU01228,67,30,8,2025-11-26
ST10,SKU04121,29,68,23,2025-12-15
ST04,SKU03487,95,54,19,2025-12-01
ST06,SKU04832,10,69,20,2025-11-26
ST01,SKU03853,14,23,8,2025-11-30
ST22,SKU01623,225,82,33,2025-11-05
ST07,SKU04011,52,78,32,2025-12-25
ST21,SKU03515,177,75,25,2025-11-20
ST09,SKU02358,118,84,24,2025-12-02
ST29,SKU00173,84,32,9,2025-11-22
ST28,SKU01196,100,44,15,2025-12-30
ST29,SKU01546,25,38,18,2025-12-27
ST20,SKU04497,4,80,22,2025-12-18
ST29,SKU02512,127,47,22,2025-12-14
ST25,SKU02525,41,47,22,2025-11-05
ST30,SKU04299,171,88,31,2025-11-18
ST24,SKU01800,45,64,26,2025-12-15
ST17,SKU00242,39,75,23,2025-11-27
ST08,SKU04572,112,58,14,2025-12-07
ST14,SKU00775,130,77,29,2025-11-23
ST28,SKU00921,86,81,26,2025-11-07
ST28,SKU04584,2,41,18,2025-11-26
ST21,SKU02603,73,50,15,2025-11-13
ST03,SKU02284,212,73,27,2025-11-24
ST03,SKU03674,43,49,17,2025-11-14
ST06,SKU04859,152,73,16,2025-11-17
ST13,SKU02010,13,52,21,2025-12-24
ST28,SKU00185,225,82,35,2025-12-17
ST03,SKU03757,26,34,7,2025-12-09
ST27,SKU02702,58,98,31,2025-11-21
ST19,SKU04983,18,50,14,2025-12-18
ST13,SKU03040,250,91,27,2025-11-22
ST07,SKU00337,33,64,18,2025-12-19
ST08,SKU04506,46,73,21,2025-11-20
ST01,SKU02007,204,72,21,2025-12-27
ST04,SKU01249,1,66,22,2025-12-10
ST23,SKU03986,100,41,20,2025-11-15
ST06,SKU00266,68,96,41,2025-12-10
ST07,SKU04703,33,60,16,2025-12-08
ST01,SKU00733,16,50,15,2025-12-14
ST01,SKU00313,128,93,46,2025-11-19
ST06,SKU04091,54,56,26,2025-11-06
ST02,SKU04072,55,81,21,2025-11-09
ST15,SKU00852,24,39,13,2025-12-16
ST28,SKU03495,40,34,12,2025-12-29
ST06,SKU02357,206,80,31,2025-11-13
ST29,SKU00840,243,85,30,2025-11-08
ST30,SKU02556,19,64,15,2025-11-26
ST11,SKU01097,54,65,32,2025-12-19
ST21,SKU00586,17,55,16,2025-11-10
ST06,SKU04071,80,40,12,2025-11-22
ST11,SKU01268,96,38,14,2025-11-27
ST06,SKU04604,2,88,18,2025-11-07
ST13,SKU00162,84,57,20,2025-12-29
ST30,SKU00851,15,81,29,2025-12-02
ST18,SKU01157,193,69,24,2025-11-02
ST13,SKU03203,39,64,20,2025-12-18
ST14,SKU04370,145,76,35,2025-12-11
ST23,SKU00273,87,79,26,2025-12-25
ST01,SKU02487,110,93,28,2025-11-20
ST07,SKU00130,47,47,21,2025-12-20
ST26,SKU04304,61,52,22,2025-12-28
ST24,SKU04551,93,62,18,2025-11-16
ST20,SKU00249,71,44,16,2025-11-09
ST05,SKU01638,52,22,7,2025-11-01
ST28,SKU00492,160,80,29,2025-12-28
ST06,SKU01342,96,47,11,2025-11-26
ST08,SKU01082,131,53,24,2025-12-22
ST15,SKU01029,28,26,8,2025-12-20
ST16,SKU04186,197,69,15,2025-12-21
ST12,SKU02353,151,98,20,2025-12-30
ST10,SKU02674,53,73,31,2025-12-11
ST26,SKU00492,4,29,11,2025-12-20
ST21,SKU02201,56,22,9,2025-12-31
ST15,SKU04383,70,54,22,2025-12-01
ST20,SKU00982,121,80,18,2025-11-06
ST22,SKU01142,11,20,7,2025-12-01
ST26,SKU01819,161,94,44,2025-11-10
ST04,SKU00887,97,81,36,2025-12-16
ST01,SKU00138,33,34,10,2025-12-13
ST23,SKU02371,56,26,10,2025-11-21
ST14,SKU04150,93,74,25,2025-11-19
ST25,SKU03918,136,71,32,2025-11-23
ST06,SKU04792,91,67,32,2025-12-18
ST03,SKU01827,73,30,11,2025-11-08
ST09,SKU04447,71,39,12,2025-11-26
ST15,SKU03377,52,40,12,2025-12-15
ST28,SKU04625,27,32,9,2025-12-29
ST08,SKU01394,64,49,14,2025-12-16
ST10,SKU04837,92,31,10,2025-11-23
ST14,SKU03936,60,59,13,2025-11-27
ST16,SKU01178,1,20,7,2025-12-30
ST21,SKU02083,3,68,17,2025-11-11
ST09,SKU00527,96,51,14,2025-11-12
ST22,SKU00909,5,64,29,2025-11-06
ST21,SKU00450,7,55,19,2025-11-04
ST18,SKU03189,88,44,16,2025-11-14
ST27,SKU03584,115,61,26,2025-12-10
ST16,SKU00337,197,91,28,2025-11-10
ST04,SKU01155,277,100,24,2025-11-12
ST12,SKU01938,67,47,13,2025-12-02
ST05,SKU01049,85,32,10,2025-11-01
ST15,SKU04464,171,98,32,2025-12-13
ST06,SKU01006,213,81,20,2025-12-04
ST07,SKU04930,216,73,34,2025-12-15
ST25,SKU02887,67,97,44,2025-12-27
ST18,SKU00149,87,40,9,2025-11-21
ST27,SKU01940,227,86,28,2025-11-28
ST17,SKU00360,4,52,13,2025-11-17
ST10,SKU03489,1,47,12,2025-12-06
ST11,SKU03811,39,62,30,2025-12-14
ST27,SKU04521,26,54,14,2025-11-05
ST07,SKU01893,118,87,27,2025-12-22
ST14,SKU02010,167,62,27,2025-11-07
ST15,SKU03721,141,53,12,2025-11-15
ST15,SKU04335,28,84,33,2025-11-06
ST23,SKU04544,245,95,38,2025-12-16
ST26,SKU01168,16,35,16,2025-11-22
ST08,SKU04079,70,67,21,2025-12-01
ST25,SKU02442,91,50,19,2025-12-01
ST28,SKU03857,28,34,13,2025-12-27
ST11,SKU04807,47,56,22,2025-11-09
ST18,SKU00490,58,67,26,2025-11-05
ST17,SKU03588,92,69,30,2025-12-21
ST10,SKU04160,3,27,6,2025-12-17
ST30,SKU01445,139,76,17,2025-12-29
ST21,SKU01697,57,51,15,2025-12-16
ST09,SKU01314,105,57,26,2025-12-11
ST20,SKU04463,16,39,10,2025-12-27
ST14,SKU00875,164,76,15,2025-11-23
ST19,SKU00713,93,65,21,2025-11-07
ST23,SKU04630,7,23,6,2025-12-28
ST07,SKU04765,178,90,19,2025-11-03
ST30,SKU03417,114,61,23,2025-11-26
ST01,SKU02424,230,95,28,2025-12-09
ST24,SKU00854,208,77,24,2025-11-19
ST05,SKU00881,188,100,26,2025-12-30
ST28,SKU03904,34,28,12,2025-11-08
ST13,SKU04614,53,23,8,2025-11-09
ST15,SKU02556,173,76,23,2025-11-11
ST27,SKU04701,115,43,19,2025-11-05
ST01,SKU03575,176,77,20,2025-12-06
ST09,SKU03048,89,49,16,2025-11-03
ST14,SKU04845,129,76,28,2025-12-18
ST19,SKU04943,89,52,26,2025-12-19
ST07,SKU00975,140,99,31,2025-12-25
ST13,SKU00418,89,43,18,2025-11-17
ST03,SKU03400,242,93,27,2025-12-01
ST01,SKU02804,45,71,15,2025-12-16
ST02,SKU02798,165,89,29,2025-12-25
ST29,SKU03487,153,80,24,2025-12-17
ST12,SKU00006,58,26,12,2025-11-23
ST03,SKU04802,169,91,33,2025-11-22
ST17,SKU04022,88,97,24,2025-12-20
ST11,SKU01403,18,98,36,2025-11-18
ST30,SKU00226,93,91,33,2025-12-19
ST06,SKU00016,27,26,10,2025-11-24
ST07,SKU03650,117,66,32,2025-12-19
ST11,SKU01619,179,83,33,2025-12-26
ST28,SKU01109,218,83,30,2025-11-28
ST28,SKU00607,27,31,13,2025-12-09
ST15,SKU01315,167,83,32,2025-12-27
ST30,SKU03706,19,33,8,2025-12-01
ST24,SKU04777,3,84,42,2025-11-08
ST11,SKU00488,198,95,47,2025-12-27
ST26,SKU04001,128,76,34,2025-11-06
ST19,SKU01634,138,51,11,2025-12-09
ST02,SKU00035,128,70,23,2025-12-21
ST20,SKU00876,105,41,18,2025-12-09
ST07,SKU00382,193,65,24,2025-12-03
ST25,SKU04520,37,29,7,2025-11-20
ST19,SKU01266,88,80,17,2025-11-03
ST20,SKU03185,12,47,14,2025-11-26
ST28,SKU04805,231,87,24,2025-12-09
ST12,SKU04707,100,35,7,2025-12-06
ST05,SKU00163,179,60,23,2025-11-28
ST21,SKU02558,99,99,40,2025-12-30
ST05,SKU03961,77,57,24,2025-11-27
ST28,SKU04178,30,57,19,2025-11-17
ST19,SKU03984,145,91,45,2025-11-14
ST29,SKU03077,12,20,9,2025-11-16
ST21,SKU00147,14,43,17,2025-12-22
ST25,SKU01968,24,91,22,2025-12-10
ST13,SKU01544,10,22,10,2025-12-19
ST12,SKU01328,73,53,13,2025-11-02
ST14,SKU02811,25,28,7,2025-12-15
ST26,SKU04365,142,83,36,2025-11-02
ST23,SKU03848,83,57,23,2025-12-25
ST15,SKU00306,131,79,23,2025-12-17
ST15,SKU03930,33,28,8,2025-11-01
ST11,SKU00027,4,29,9,2025-11-21
ST30,SKU00135,105,100,45,2025-11-05
ST11,SKU02645,158,91,19,2025-11-26
ST17,SKU03086,94,83,33,2025-11-09
ST04,SKU03802,23,53,15,2025-11-25
ST11,SKU04322,44,43,10,2025-12-17
ST10,SKU01065,16,39,10,2025-11-11
ST05,SKU00885,138,47,16,2025-11-26
ST29,SKU02688,48,34,7,2025-11-04
ST29,SKU02673,144,53,15,2025-11-13
ST19,SKU00719,37,80,40,2025-12-22
ST20,SKU01697,32,26,10,2025-11-08
ST19,SKU00581,119,86,20,2025-11-16
ST06,SKU01905,43,38,16,2025-12-17
ST27,SKU00840,66,73,32,2025-12-30
ST02,SKU01005,37,20,7,2025-12-06
ST29,SKU02825,73,26,10,2025-12-14
ST24,SKU01869,200,77,26,2025-12-28
ST29,SKU03396,43,21,6,2025-12-01
ST26,SKU01692,41,23,11,2025-11-29
ST05,SKU01254,95,86,19,2025-11-02
ST16,SKU02169,60,36,17,2025-11-16
ST04,SKU03506,89,34,16,2025-11-10
ST20,SKU01629,227,83,17,2025-12-02
ST21,SKU04903,69,47,18,2025-11-22
ST07,SKU00242,119,57,26,2025-12-05
ST27,SKU03246,64,38,14,2025-11-07
ST24,SKU00835,0,65,28,2025-12-12
ST16,SKU01405,82,42,16,2025-12-04
ST07,SKU01781,26,76,16,2025-12-15
ST30,SKU01577,35,88,24,2025-12-29
ST22,SKU00785,125,100,43,2025-11-17
ST22,SKU00118,80,33,10,2025-11-21
ST07,SKU04803,41,40,18,2025-12-11
ST12,SKU04440,189,99,25,2025-11-22
ST03,SKU02373,27,55,18,2025-12-30
ST29,SKU03009,225,78,18,2025-11-19
ST16,SKU01849,19,70,17,2025-12-10
ST19,SKU02385,18,31,12,2025-12-22
ST18,SKU03551,95,67,24,2025-11-13
ST05,SKU00364,74,25,10,2025-11-05
ST01,SKU01150,4,20,7,2025-11-25
ST11,SKU00717,114,93,42,2025-12-22
ST19,SKU02442,37,20,8,2025-11-21
ST21,SKU03687,6,95,25,2025-12-12
ST29,SKU01162,132,73,28,2025-11-10
ST07,SKU01635,8,26,6,2025-12-16
ST27,SKU02015,36,27,10,2025-12-24
ST07,SKU02037,48,57,16,2025-12-30
ST18,SKU04199,172,72,17,2025-11-01
ST16,SKU02000,134,86,30,2025-12-07
ST17,SKU04918,134,74,29,2025-12-06
ST03,SKU02051,60,62,29,2025-12-20
ST14,SKU03061,58,91,20,2025-12-21
ST30,SKU02052,42,22,9,2025-11-28
ST25,SKU00424,45,58,24,2025-11-27
ST24,SKU03669,20,64,24,2025-12-19
ST03,SKU03448,33,86,31,2025-11-21
ST27,SKU03716,112,94,19,2025-12-30
ST12,SKU00870,119,51,22,2025-11-22
ST10,SKU04205,127,90,33,2025-11-14
ST11,SKU03187,279,94,31,2025-12-16
ST19,SKU01529,5,23,9,2025-12-09
ST28,SKU04873,13,27,11,2025-12-18
ST22,SKU04649,10,38,9,2025-12-29
ST30,SKU03229,68,62,28,2025-12-27
ST05,SKU01718,32,81,24,2025-12-28
ST04,SKU00603,226,92,33,2025-12-06
ST24,SKU03170,71,91,45,2025-12-10
ST19,SKU01698,20,61,13,2025-11-30
ST05,SKU04639,61,75,21,2025-12-22
ST29,SKU01683,249,85,34,2025-12-25
ST07,SKU01387,129,59,24,2025-11-17
ST07,SKU01188,137,57,13,2025-12-19
ST29,SKU02953,29,85,37,2025-12-22
ST10,SKU01335,132,52,18,2025-12-10
ST11,SKU03147,79,38,11,2025-11-06
ST09,SKU03641,36,68,20,2025-11-05
ST28,SKU00361,153,95,41,2025-11-10
ST24,SKU01468,174,93,33,2025-12-17
ST01,SKU04581,110,80,34,2025-11-20
ST12,SKU04811,25,92,37,2025-11-14
ST21,SKU01429,61,44,10,2025-11-21
ST19,SKU04194,119,78,16,2025-12-15
ST30,SKU01509,90,40,12,2025-12-02
ST24,SKU01365,89,63,31,2025-12-21
ST20,SKU03394,75,52,13,2025-12-15
ST25,SKU02661,56,59,14,2025-12-14
ST09,SKU00254,79,32,9,2025-12-23
ST24,SKU03318,58,54,23,2025-12-26
ST26,SKU04731,107,58,23,2025-12-10
ST11,SKU00916,282,95,41,2025-12-06
ST18,SKU04098,73,52,11,2025-12-11
ST18,SKU01479,182,81,37,2025-12-29
ST15,SKU04989,154,94,31,2025-12-02
ST16,SKU04802,111,41,14,2025-11-29
ST27,SKU04014,54,24,11,2025-11-23
ST13,SKU01107,66,93,45,2025-12-02
ST03,SKU03686,212,80,17,2025-11-29
ST03,SKU00366,23,26,7,2025-11-18
ST02,SKU01020,0,64,13,2025-12-03
ST19,SKU00673,24,29,7,2025-12-30
ST23,SKU02296,86,32,10,2025-11-13
ST25,SKU02136,83,72,17,2025-12-12
ST06,SKU02706,29,89,23,2025-12-04
ST17,SKU00632,11,60,25,2025-11-02
ST29,SKU01571,14,32,15,2025-12-27
ST17,SKU02531,77,46,14,2025-12-02
ST06,SKU03054,16,98,33,2025-12-21
ST12,SKU04157,58,57,14,2025-12-04
ST23,SKU01870,152,94,26,2025-12-18
ST02,SKU04984,150,58,17,2025-11-04
ST28,SKU02889,64,55,14,2025-12-22
ST27,SKU03495,132,75,31,2025-12-02
ST20,SKU02593,57,39,19,2025-12-05
ST19,SKU02418,28,36,17,2025-12-30
ST28,SKU03561,87,37,9,2025-11-12
ST14,SKU00438,125,78,39,2025-12-15
ST01,SKU01533,15,66,14,2025-11-20
ST16,SKU00829,34,69,15,2025-11-13
ST20,SKU02747,101,80,36,2025-12-13
ST20,SKU02238,19,20,9,2025-11-15
ST15,SKU01369,141,74,36,2025-12-13
ST06,SKU04418,126,61,14,2025-12-19
ST20,SKU02663,31,27,13,2025-11-26
ST19,SKU02732,16,26,12,2025-12-16
ST20,SKU01222,12,95,46,2025-12-18
ST26,SKU04717,130,59,27,2025-11-19
ST05,SKU04823,13,31,7,2025-12-30
ST19,SKU00405,117,43,16,2025-12-14
ST06,SKU00125,59,39,9,2025-12-26
ST13,SKU00458,35,62,21,2025-12-17
ST25,SKU00799,208,72,17,2025-11-27
ST01,SKU04873,36,51,16,2025-12-14
ST22,SKU01916,243,95,44,2025-11-10
ST23,SKU02920,107,53,15,2025-12-14
ST23,SKU00566,28,69,18,2025-11-10
ST30,SKU01006,124,50,18,2025-11-02
ST25,SKU02056,105,41,13,2025-12-08
ST01,SKU01756,223,83,41,2025-12-10
ST13,SKU02289,4,57,22,2025-11-19
ST17,SKU00443,105,51,20,2025-12-31
ST20,SKU03899,142,62,17,2025-11-01
ST20,SKU01798,106,56,15,2025-12-11
ST17,SKU00146,225,89,18,2025-11-11
ST08,SKU02345,122,81,36,2025-11-17
ST23,SKU02688,67,36,8,2025-11-09
ST16,SKU03618,126,72,30,2025-12-22
ST12,SKU01108,227,100,36,2025-12-31
ST21,SKU04895,2,34,8,2025-12-01
ST29,SKU02465,91,82,23,2025-12-16
ST25,SKU02378,60,84,21,2025-12-28
ST14,SKU00403,89,82,32,2025-11-03
ST23,SKU00767,161,72,28,2025-12-30
ST29,SKU04504,205,69,16,2025-11-03
ST06,SKU01902,140,61,17,2025-11-24
ST25,SKU00677,56,84,22,2025-11-25
ST24,SKU03433,25,66,30,2025-11-17
ST26,SKU02071,45,84,40,2025-11-19
ST08,SKU04932,38,67,18,2025-12-16
ST26,SKU04543,199,88,38,2025-12-17
ST03,SKU04369,3,58,13,2025-11-24
ST25,SKU03942,70,32,9,2025-12-21
ST08,SKU00681,8,33,10,2025-12-05
ST05,SKU03996,95,70,30,2025-11-05
ST20,SKU00681,125,54,14,2025-12-23
ST01,SKU00542,232,94,44,2025-11-08
ST28,SKU00184,96,33,15,2025-11-17
ST09,SKU03762,34,41,19,2025-12-19
ST10,SKU03290,110,91,42,2025-12-18
ST11,SKU02851,68,30,10,2025-12-12
ST01,SKU03029,231,99,27,2025-11-03
ST04,SKU01793,171,73,36,2025-12-16
ST06,SKU00334,138,86,21,2025-11-30
ST22,SKU02859,101,37,15,2025-11-23
ST03,SKU02944,133,85,23,2025-12-10
ST20,SKU03778,23,25,10,2025-12-13
ST01,SKU00275,9,33,16,2025-11-05
ST30,SKU01242,122,43,14,2025-11-06
ST14,SKU01395,42,43,19,2025-12-19
ST08,SKU04552,154,58,20,2025-12-24
ST24,SKU03613,92,49,21,2025-11-21
ST11,SKU04852,57,73,26,2025-12-01
ST07,SKU03600,141,62,19,2025-12-09
ST18,SKU00321,110,54,18,2025-11-08
ST14,SKU01355,197,71,21,2025-11-03
ST16,SKU01119,54,92,36,2025-11-13
ST01,SKU03447,50,40,20,2025-11-09
ST12,SKU01492,25,47,15,2025-12-18
ST25,SKU02395,121,65,24,2025-11-23
ST30,SKU02716,206,85,23,2025-12-14
ST16,SKU02922,54,78,29,2025-11-21
ST25,SKU00351,151,88,27,2025-12-07
ST15,SKU00266,31,37,18,2025-12-13
ST25,SKU04774,56,35,15,2025-12-01
ST06,SKU04484,261,93,36,2025-12-16
ST16,SKU01437,124,54,19,2025-11-16
ST30,SKU01001,94,58,21,2025-12-19
ST26,SKU04968,60,38,9,2025-11-18
ST17,SKU00069,6,85,18,2025-11-06
ST28,SKU01241,187,70,27,2025-12-31
ST30,SKU03337,142,52,20,2025-12-21
ST10,SKU01110,26,23,6,2025-12-04
ST07,SKU02156,133,57,25,2025-12-28
ST03,SKU00572,198,71,16,2025-12-11
ST05,SKU02927,253,86,36,2025-11-20
ST29,SKU00073,126,60,22,2025-11-13
ST06,SKU02317,42,42,13,2025-11-24
ST11,SKU04475,10,75,35,2025-11-06
ST03,SKU04810,9,31,13,2025-11-13
ST24,SKU03570,111,62,30,2025-12-18
ST17,SKU01028,11,96,28,2025-12-06
ST27,SKU02148,129,50,19,2025-11-24
ST24,SKU00944,52,65,28,2025-12-12
ST29,SKU04360,192,88,31,2025-11-25
ST01,SKU00192,116,47,22,2025-11-18
ST09,SKU00243,53,28,8,2025-11-15
ST02,SKU02923,43,60,24,2025-12-30
ST07,SKU01321,138,80,30,2025-12-19
ST26,SKU01450,38,63,25,2025-11-26
ST21,SKU01772,118,63,22,2025-11-19
ST21,SKU03236,17,78,34,2025-11-06
ST18,SKU02412,17,27,11,2025-12-18
ST27,SKU00684,249,89,33,2025-12-18
ST23,SKU01757,51,77,16,2025-11-30
ST15,SKU00828,114,45,14,2025-12-06
ST20,SKU01114,79,33,8,2025-12-16
ST29,SKU04429,20,58,12,2025-12-05
ST14,SKU03870,228,85,38,2025-12-01
ST24,SKU03830,36,28,8,2025-11-16
ST11,SKU04864,63,28,14,2025-12-01
ST28,SKU04375,116,84,34,2025-11-02
ST15,SKU01334,7,92,21,2025-12-05
ST23,SKU00298,151,51,13,2025-11-24
ST20,SKU03109,14,31,14,2025-11-02
ST02,SKU00351,12,41,14,2025-12-16
ST19,SKU01834,9,43,9,2025-11-19
ST23,SKU04129,175,76,24,2025-12-19
ST11,SKU02216,39,63,25,2025-11-10
ST16,SKU02442,20,73,25,2025-12-23
ST03,SKU02984,54,61,25,2025-12-21
ST17,SKU03850,57,20,5,2025-11-01
ST05,SKU03171,36,30,10,2025-11-01
ST21,SKU04962,166,86,23,2025-12-09
ST15,SKU03655,94,78,27,2025-12-23
ST23,SKU01346,50,44,12,2025-11-11
ST03,SKU01812,55,21,9,2025-11-11
ST28,SKU02917,41,82,16,2025-12-10
ST07,SKU01124,148,87,43,2025-11-10
ST02,SKU04592,156,57,13,2025-11-04
ST24,SKU02048,28,84,35,2025-12-31
ST07,SKU03567,102,40,15,2025-12-30
ST20,SKU03869,46,34,15,2025-12-18
ST21,SKU03020,218,94,45,2025-11-08
ST08,SKU01188,67,45,17,2025-11-20
ST18,SKU02138,43,49,14,2025-12-25
ST27,SKU04422,41,70,20,2025-12-31
ST14,SKU01072,14,96,31,2025-11-08
ST15,SKU00748,54,22,7,2025-12-07
ST21,SKU00606,197,88,39,2025-12-24
ST28,SKU01808,99,87,41,2025-11-04
ST03,SKU02905,56,52,19,2025-12-25
ST15,SKU03810,180,93,27,2025-11-02
ST17,SKU03314,189,80,29,2025-12-10
ST25,SKU01637,11,54,22,2025-11-10
ST26,SKU00441,191,77,37,2025-11-13
ST15,SKU03699,42,86,27,2025-12-22
ST19,SKU03556,15,32,15,2025-12-14
ST18,SKU02597,94,42,16,2025-12-23
ST11,SKU04522,168,61,28,2025-12-13
ST16,SKU02600,105,77,35,2025-11-10
ST30,SKU03971,92,60,17,2025-11-05
ST07,SKU04057,68,86,32,2025-12-26
ST10,SKU01512,30,36,9,2025-12-26
ST13,SKU03862,38,28,11,2025-12-16
ST05,SKU02283,117,87,23,2025-11-18
ST18,SKU04810,5,85,23,2025-12-16
ST04,SKU04614,7,46,13,2025-12-22
ST06,SKU03302,74,50,25,2025-11-21
ST26,SKU03944,107,98,35,2025-12-16
ST05,SKU00326,162,75,23,2025-12-20
ST17,SKU03604,43,51,18,2025-11-20
ST26,SKU03664,36,24,10,2025-12-01
ST15,SKU01183,25,24,8,2025-12-14
ST17,SKU04176,10,25,8,2025-12-31
ST16,SKU01672,106,67,20,2025-11-04
ST13,SKU01747,239,100,34,2025-11-26
ST28,SKU00098,224,83,20,2025-11-27
ST28,SKU03697,59,29,8,2025-11-03
ST25,SKU03222,0,69,24,2025-11-24
ST30,SKU01073,24,35,9,2025-11-12
ST05,SKU03278,17,24,10,2025-12-06
ST01,SKU03821,145,56,13,2025-12-18
ST18,SKU02194,208,84,36,2025-12-20
ST15,SKU02442,135,65,27,2025-12-25
ST18,SKU03736,43,80,38,2025-12-25
ST15,SKU02739,118,42,14,2025-11-05
ST12,SKU03368,90,36,10,2025-12-08
ST12,SKU01323,123,55,22,2025-11-06
ST28,SKU00756,197,80,37,2025-12-20
ST24,SKU04400,54,59,12,2025-11-25
ST17,SKU02800,63,24,8,2025-11-30
ST26,SKU01850,41,64,13,2025-11-12
ST24,SKU04866,125,79,19,2025-11-04
ST14,SKU02766,102,39,15,2025-11-15
ST21,SKU01913,44,49,20,2025-12-01
ST18,SKU04274,176,85,36,2025-12-24
ST26,SKU03117,43,64,30,2025-12-09
ST05,SKU04910,17,36,7,2025-12-11
ST16,SKU04509,19,47,19,2025-12-22
ST14,SKU01406,15,70,19,2025-12-07
ST07,SKU04209,131,59,25,2025-11-28
ST30,SKU03764,123,58,25,2025-11-16
ST15,SKU02132,64,79,22,2025-11-21
ST14,SKU01468,120,97,42,2025-11-14
ST17,SKU00479,57,22,5,2025-12-09
ST10,SKU04368,1,38,18,2025-11-02
ST08,SKU01386,94,92,41,2025-11-28
ST14,SKU00620,215,78,28,2025-11-04
ST24,SKU04005,119,57,23,2025-12-04
ST20,SKU00632,57,40,17,2025-12-27
ST17,SKU03982,116,56,20,2025-12-31
ST07,SKU02931,71,44,9,2025-12-02
ST20,SKU03094,12,53,22,2025-11-17
ST30,SKU04007,25,43,21,2025-11-08
ST08,SKU02734,103,98,20,2025-12-25
ST12,SKU00785,14,43,14,2025-11-26
ST15,SKU00032,52,80,23,2025-12-10
ST24,SKU03083,212,81,27,2025-12-20
ST29,SKU02905,111,88,33,2025-11-21
ST01,SKU02836,70,94,41,2025-12-07
ST25,SKU03887,43,45,15,2025-11-23
ST08,SKU03375,56,30,10,2025-11-27
ST12,SKU00138,10,94,34,2025-11-06
ST13,SKU03652,139,73,36,2025-12-09
ST13,SKU04509,1,62,25,2025-11-12
ST22,SKU02220,8,62,21,2025-12-03
ST03,SKU02109,18,96,47,2025-12-28
ST24,SKU04440,17,85,42,2025-12-30
ST24,SKU00493,22,35,9,2025-12-23
ST24,SKU03549,15,63,29,2025-12-27
ST02,SKU04593,166,94,45,2025-12-29
ST26,SKU04197,154,73,34,2025-11-23
ST27,SKU00582,15,27,12,2025-12-12
ST28,SKU03938,270,91,44,2025-11-02
ST23,SKU03332,161,57,15,2025-11-10
ST23,SKU04274,101,84,26,2025-11-03
ST30,SKU01875,86,30,13,2025-11-22
ST12,SKU01885,31,38,10,2025-11-08
ST09,SKU03689,121,83,23,2025-12-11
ST20,SKU00332,98,33,9,2025-11-09
ST18,SKU01136,78,38,13,2025-12-19
ST11,SKU02816,191,69,28,2025-12-10
ST05,SKU04979,76,50,25,2025-12-23
ST20,SKU01332,18,25,6,2025-12-14
ST08,SKU01692,41,40,8,2025-11-12
ST13,SKU01145,290,98,31,2025-11-13
ST22,SKU01564,21,92,19,2025-12-24
ST18,SKU00829,63,31,8,2025-12-11
ST29,SKU01073,245,85,24,2025-12-24
ST18,SKU00846,188,70,22,2025-12-25
ST05,SKU00882,166,65,15,2025-12-20
ST14,SKU02220,22,71,18,2025-12-22
ST25,SKU04030,235,82,36,2025-12-13
ST16,SKU02798,3,38,18,2025-12-26
ST04,SKU02091,35,38,15,2025-12-14
ST12,SKU00900,225,79,19,2025-11-17
ST30,SKU03140,154,67,23,2025-11-24
ST27,SKU02746,146,51,19,2025-11-17
ST21,SKU01127,39,55,27,2025-12-30
ST03,SKU04065,97,45,21,2025-12-16
ST13,SKU03892,116,51,25,2025-11-29
ST09,SKU04389,233,93,41,2025-11-03
ST27,SKU01982,142,60,18,2025-12-20
ST10,SKU01047,94,63,14,2025-11-03
ST02,SKU04798,1,33,12,2025-11-28
ST27,SKU01190,41,24,9,2025-12-13
ST14,SKU02439,77,31,13,2025-12-29
ST16,SKU01515,116,92,27,2025-12-14
ST01,SKU01082,71,75,33,2025-12-17
ST27,SKU02526,35,33,15,2025-11-23
ST01,SKU01653,89,46,20,2025-12-09
ST04,SKU02290,78,64,15,2025-12-12
ST20,SKU01453,31,23,10,2025-11-13
ST06,SKU01904,119,54,26,2025-12-21
ST13,SKU00960,118,68,34,2025-12-15
ST23,SKU01150,47,27,8,2025-11-24
ST03,SKU04111,104,50,17,2025-11-17
ST05,SKU00251,266,100,25,2025-11-23
ST21,SKU02080,48,35,10,2025-12-04
ST04,SKU03682,17,43,19,2025-11-11
ST24,SKU03264,234,92,37,2025-12-12
ST22,SKU01415,98,72,17,2025-12-23
ST22,SKU01650,179,75,36,2025-12-30
ST26,SKU02767,46,20,8,2025-12-13
ST07,SKU01695,96,98,37,2025-11-10
ST21,SKU02651,129,98,25,2025-12-28
ST10,SKU04077,293,99,26,2025-12-19
ST23,SKU01092,136,82,17,2025-12-21
ST28,SKU03783,23,22,9,2025-12-28
ST05,SKU04959,290,98,48,2025-11-02
ST25,SKU02878,216,92,28,2025-12-03
ST08,SKU02081,2,25,8,2025-12-29
ST10,SKU04081,60,64,15,2025-12-17
ST05,SKU00626,54,26,6,2025-12-11
ST07,SKU00160,76,46,14,2025-12-25
ST10,SKU04499,174,75,16,2025-12-30
ST06,SKU01025,210,99,22,2025-12-10
ST19,SKU03033,165,87,39,2025-12-25
ST29,SKU01357,268,100,25,2025-12-08
ST21,SKU01277,179,89,38,2025-12-05
ST12,SKU02455,130,63,25,2025-11-26
ST01,SKU04684,49,82,20,2025-12-02
ST18,SKU01165,43,47,22,2025-12-12
ST12,SKU01147,86,98,33,2025-11-13
ST17,SKU02397,81,45,15,2025-12-14
ST11,SKU01624,24,48,11,2025-12-07
ST20,SKU00235,33,63,19,2025-12-17
ST03,SKU03666,174,86,37,2025-11-26
ST07,SKU02781,10,67,31,2025-12-08
ST21,SKU04990,47,76,25,2025-12-23
ST04,SKU01031,22,56,25,2025-12-24
ST14,SKU00061,216,93,41,2025-11-17
ST22,SKU04637,39,64,16,2025-11-08
ST12,SKU03513,86,50,13,2025-11-09
ST30,SKU00908,30,47,20,2025-12-16
ST29,SKU04774,42,24,5,2025-12-09
ST09,SKU01760,101,88,32,2025-11-18
ST25,SKU00220,111,79,23,2025-12-16
ST17,SKU01916,81,65,17,2025-11-18
ST23,SKU00216,62,46,16,2025-12-10
ST20,SKU02110,43,49,22,2025-12-29
ST17,SKU03420,104,36,13,2025-12-10
ST25,SKU01007,127,88,43,2025-12-01
ST21,SKU03421,70,68,32,2025-11-19
ST17,SKU04911,24,80,21,2025-11-07
ST30,SKU03868,10,20,7,2025-12-11
ST11,SKU04535,69,79,26,2025-12-31
ST22,SKU04447,47,21,5,2025-11-28
ST04,SKU03099,7,26,7,2025-11-14
ST19,SKU00215,18,85,31,2025-11-19
ST22,SKU01746,118,42,17,2025-12-30
ST07,SKU00624,141,79,29,2025-12-30
ST13,SKU01520,125,55,18,2025-12-16
ST08,SKU04238,85,69,31,2025-12-20
ST11,SKU01582,59,29,13,2025-12-09
ST26,SKU01081,233,79,32,2025-11-27
ST08,SKU00066,48,22,6,2025-12-20
ST12,SKU04675,7,87,26,2025-11-10
ST15,SKU00295,91,41,17,2025-12-04
ST26,SKU01205,8,60,15,2025-12-08
ST04,SKU02957,139,57,12,2025-11-11
ST09,SKU02223,83,52,21,2025-11-20
ST26,SKU00554,2,49,23,2025-12-20
ST17,SKU03670,129,71,17,2025-12-08
ST11,SKU04310,98,89,20,2025-11-27
ST29,SKU02739,207,99,36,2025-11-26
ST09,SKU03731,96,82,39,2025-11-25
ST12,SKU03914,185,96,44,2025-11-12
ST24,SKU04903,39,84,18,2025-12-07
ST20,SKU04478,2,52,12,2025-12-27
ST23,SKU00887,87,32,12,2025-12-18
ST02,SKU00595,187,83,26,2025-12-15
ST20,SKU04572,34,89,21,2025-11-06
ST21,SKU00562,94,72,23,2025-12-08
ST16,SKU04328,9,99,24,2025-12-23
ST11,SKU00249,185,62,14,2025-12-18
ST17,SKU02262,134,53,23,2025-11-19
ST05,SKU04417,52,38,11,2025-12-11
ST16,SKU01819,1,61,14,2025-11-08
ST07,SKU00252,127,55,21,2025-11-05
ST25,SKU04692,28,54,23,2025-11-20
ST29,SKU00778,96,51,14,2025-12-11
ST28,SKU01313,62,37,14,2025-11-07
ST02,SKU04735,56,36,7,2025-12-17
ST03,SKU03418,42,36,11,2025-11-30
ST29,SKU03424,189,82,38,2025-12-27
ST14,SKU03402,89,46,21,2025-11-10
ST24,SKU03534,27,86,34,2025-11-18
ST07,SKU01637,84,48,23,2025-12-28
ST09,SKU04021,43,34,12,2025-11-03
ST14,SKU04682,30,27,8,2025-11-02
ST22,SKU01007,61,57,17,2025-11-02
ST06,SKU04137,36,28,10,2025-11-15
ST30,SKU00423,72,87,18,2025-12-14
ST22,SKU01022,83,70,25,2025-12-26
ST07,SKU03738,46,57,16,2025-11-08
ST26,SKU01689,166,70,19,2025-12-02
ST18,SKU00835,5,22,8,2025-11-08
ST20,SKU04785,66,34,8,2025-11-27
ST24,SKU00283,108,62,19,2025-11-18
ST14,SKU03772,109,39,15,2025-12-22
ST11,SKU04829,166,89,36,2025-11-30
ST03,SKU00232,175,62,19,2025-12-01
ST24,SKU03866,162,84,27,2025-12-01
ST20,SKU01004,209,74,34,2025-12-20
ST15,SKU03456,11,68,26,2025-11-22
ST02,SKU01679,211,96,43,2025-11-11
ST23,SKU02807,85,63,21,2025-12-23
ST12,SKU03650,93,93,28,2025-12-20
ST03,SKU00785,53,23,10,2025-11-20
ST10,SKU02593,10,44,19,2025-11-24
ST22,SKU00197,61,32,16,2025-11-23
ST26,SKU04015,124,43,14,2025-12-23
ST03,SKU03607,18,51,21,2025-12-23
ST03,SKU04929,97,50,21,2025-12-27
ST11,SKU00989,167,85,23,2025-12-21
ST17,SKU02413,105,91,25,2025-11-29
ST15,SKU04943,140,66,14,2025-12-25
ST08,SKU04727,47,36,9,2025-12-06
ST05,SKU00028,45,44,22,2025-11-17
ST29,SKU03995,205,81,35,2025-12-03
ST13,SKU01190,17,21,4,2025-12-08
ST23,SKU03789,110,43,17,2025-12-09
ST21,SKU04289,147,97,24,2025-12-20
ST11,SKU03430,47,62,22,2025-12-14
ST06,SKU04155,74,64,19,2025-12-11
ST04,SKU01416,6,57,28,2025-11-17
ST29,SKU01888,62,91,33,2025-12-02
ST29,SKU02867,189,79,31,2025-11-22
ST04,SKU00494,42,48,20,2025-11-11
ST13,SKU02801,112,74,35,2025-12-07
ST11,SKU02910,146,74,29,2025-11-21
ST13,SKU03193,142,62,21,2025-11-22
ST05,SKU04169,0,27,13,2025-11-02
ST12,SKU04080,186,67,18,2025-11-21
ST30,SKU01865,55,49,24,2025-12-18
ST19,SKU02015,81,70,33,2025-11-24
ST27,SKU03979,223,83,23,2025-12-12
ST13,SKU03273,243,86,22,2025-11-03
ST28,SKU00195,95,95,41,2025-11-10
ST07,SKU03616,41,43,13,2025-11-11
ST13,SKU03477,29,54,18,2025-12-28
ST29,SKU04593,127,55,12,2025-12-16
ST17,SKU03917,9,38,19,2025-12-01
ST11,SKU01606,190,71,30,2025-11-01
ST12,SKU02842,139,86,32,2025-11-23
ST09,SKU04291,191,98,35,2025-11-03
ST29,SKU02941,55,22,7,2025-12-24
ST09,SKU02736,103,82,29,2025-11-25
ST29,SKU02364,8,39,11,2025-11-13
ST05,SKU03755,198,83,33,2025-12-26
ST21,SKU02416,13,39,18,2025-11-05
ST02,SKU02630,95,32,9,2025-12-03
ST30,SKU00285,70,64,18,2025-12-05
ST03,SKU03898,109,77,23,2025-11-13
ST23,SKU00450,73,35,17,2025-12-30
ST18,SKU04018,43,27,11,2025-12-07
ST11,SKU01745,83,69,24,2025-11-06
ST11,SKU01404,16,23,7,2025-12-29
ST29,SKU03119,160,57,14,2025-11-01
ST09,SKU03811,51,55,23,2025-11-02
ST18,SKU00231,53,23,10,2025-11-26
ST03,SKU00157,161,82,23,2025-11-17
ST04,SKU02348,3,22,10,2025-12-15
ST26,SKU04358,10,81,30,2025-12-07
ST16,SKU01100,128,97,44,2025-11-19
ST19,SKU00873,69,36,17,2025-11-12
ST08,SKU04028,204,86,36,2025-12-21
ST09,SKU03859,68,39,18,2025-11-06
ST17,SKU03232,41,69,23,2025-12-07
ST10,SKU02905,115,87,39,2025-11-19
ST13,SKU04306,24,78,34,2025-12-19
ST13,SKU00900,49,77,34,2025-11-09
ST16,SKU00669,96,71,16,2025-12-29
ST09,SKU04032,92,77,29,2025-11-12
ST12,SKU00751,240,87,19,2025-12-29
ST10,SKU02118,1,33,10,2025-11-16
ST12,SKU01228,10,37,9,2025-12-26
ST08,SKU03208,265,94,29,2025-11-09
ST16,SKU03940,33,35,13,2025-11-27
ST20,SKU00391,79,92,27,2025-11-25
ST04,SKU02110,97,33,11,2025-12-24
ST07,SKU04323,37,47,14,2025-11-23
ST02,SKU04320,14,21,5,2025-12-07
ST28,SKU00030,39,74,34,2025-11-24
ST03,SKU02229,135,73,27,2025-11-03
ST24,SKU00742,162,90,19,2025-12-03
ST12,SKU02917,84,82,36,2025-12-17
ST09,SKU04892,116,81,33,2025-12-04
ST28,SKU01944,123,58,19,2025-11-18
ST17,SKU04301,89,62,21,2025-12-28
ST14,SKU01838,180,75,28,2025-12-17
ST21,SKU04395,32,33,7,2025-12-13
ST10,SKU02779,1,34,9,2025-11-23
ST20,SKU02842,15,37,8,2025-11-15
ST09,SKU02295,182,99,35,2025-11-26
ST02,SKU02203,55,41,10,2025-11-14
ST09,SKU02832,139,50,12,2025-11-06
ST19,SKU04170,20,34,12,2025-11-17
ST17,SKU03198,27,61,18,2025-11-21
ST13,SKU00523,137,76,17,2025-11-08
ST19,SKU01299,211,89,34,2025-11-24
ST30,SKU01071,58,36,16,2025-11-23
ST15,SKU03046,40,38,17,2025-12-13
ST28,SKU03470,40,34,9,2025-12-10
ST30,SKU00112,63,46,10,2025-12-26
ST25,SKU01222,141,50,12,2025-11-16
ST12,SKU01877,28,43,18,2025-12-22
ST03,SKU02336,7,24,8,2025-12-14
ST07,SKU03067,129,80,27,2025-11-22
ST01,SKU01092,150,83,35,2025-11-13
ST15,SKU04325,77,32,12,2025-12-19
ST16,SKU00239,203,84,21,2025-12-31
ST13,SKU03824,42,41,19,2025-12-15
ST09,SKU00443,158,74,22,2025-11-22
ST01,SKU02239,148,82,22,2025-11-20
ST05,SKU00301,58,20,9,2025-11-01
ST29,SKU04506,47,50,22,2025-11-24
ST04,SKU03869,98,33,10,2025-12-01
ST12,SKU01321,74,71,29,2025-11-24
ST30,SKU02544,129,97,37,2025-12-07
ST12,SKU03925,7,29,6,2025-12-14
ST03,SKU03503,90,69,22,2025-12-09
ST07,SKU00956,2,53,17,2025-12-19
ST05,SKU04223,70,52,19,2025-12-28
ST17,SKU02242,35,100,40,2025-12-28
ST19,SKU04089,79,73,18,2025-11-02
ST24,SKU01952,80,67,23,2025-11-06
ST17,SKU02606,65,25,6,2025-11-24
ST03,SKU01144,247,93,35,2025-12-26
ST01,SKU01355,0,72,25,2025-12-17
ST11,SKU03290,75,63,18,2025-11-12
ST06,SKU02609,137,99,34,2025-12-05
ST18,SKU01222,175,68,29,2025-12-26
ST12,SKU01560,64,33,10,2025-11-03
ST25,SKU04953,34,24,7,2025-12-12
ST24,SKU03728,62,53,21,2025-12-18
ST23,SKU02544,160,92,25,2025-12-20
ST14,SKU03281,65,46,17,2025-11-17
ST15,SKU04009,90,66,14,2025-11-28
ST24,SKU01450,47,37,16,2025-12-06
ST20,SKU01064,186,75,37,2025-11-24
ST26,SKU00567,22,62,17,2025-12-26
ST04,SKU03038,27,25,9,2025-11-30
ST02,SKU00633,265,97,22,2025-11-16
ST19,SKU01282,201,70,17,2025-12-12
ST30,SKU00668,137,61,20,2025-12-09
ST18,SKU04975,10,23,6,2025-11-25
ST16,SKU01121,0,21,9,2025-12-27
ST09,SKU02341,83,29,14,2025-11-15
ST15,SKU01716,147,83,35,2025-12-18
ST23,SKU04997,181,74,31,2025-11-01
ST13,SKU01095,170,79,36,2025-12-30
ST27,SKU04605,78,28,8,2025-12-13
ST14,SKU01505,237,80,39,2025-11-30
ST07,SKU00230,44,54,12,2025-12-06
ST26,SKU03659,265,98,37,2025-12-13
ST05,SKU04698,57,72,24,2025-12-31
ST09,SKU00827,190,90,27,2025-12-19
ST06,SKU00347,75,45,20,2025-12-21
ST22,SKU00424,48,59,15,2025-12-21
ST11,SKU03397,1,28,6,2025-12-28
ST03,SKU01465,52,59,22,2025-11-20
ST23,SKU01430,77,40,19,2025-11-15
ST02,SKU02461,38,24,10,2025-11-01
ST29,SKU03065,90,41,18,2025-12-24
ST14,SKU01607,113,72,27,2025-11-27
ST27,SKU02961,99,80,30,2025-12-08
ST20,SKU01595,127,49,21,2025-11-06
ST15,SKU00584,220,88,41,2025-11-03
ST28,SKU04421,103,80,19,2025-12-17
ST23,SKU02826,202,91,23,2025-12-14
ST08,SKU04513,121,67,27,2025-12-15
ST01,SKU03686,177,85,42,2025-11-03
ST29,SKU00629,62,55,25,2025-11-16
ST03,SKU04342,95,41,18,2025-11-09
ST24,SKU00005,104,66,19,2025-11-06
ST12,SKU03180,70,25,9,2025-12-10
ST08,SKU01440,18,42,14,2025-11-19
ST14,SKU01606,2,82,32,2025-12-18
ST10,SKU04971,147,53,18,2025-12-05
ST09,SKU01208,196,88,33,2025-12-15
ST16,SKU04891,117,45,21,2025-11-13
ST22,SKU00714,19,44,14,2025-11-21
ST25,SKU04472,149,86,19,2025-11-16
ST01,SKU01667,243,94,26,2025-12-15
ST25,SKU01228,60,30,12,2025-11-27
ST01,SKU04582,110,37,17,2025-12-09
ST16,SKU03029,196,74,22,2025-11-20
ST22,SKU02464,85,29,6,2025-12-02
ST26,SKU00078,69,30,14,2025-11-15
ST25,SKU00011,3,35,17,2025-11-11
ST30,SKU01183,39,55,27,2025-11-13
ST04,SKU02337,91,51,25,2025-12-01
ST24,SKU02388,47,42,19,2025-11-13
ST30,SKU01804,49,24,11,2025-11-19
ST18,SKU01107,252,94,26,2025-12-11
ST18,SKU04344,1,22,11,2025-12-01
ST27,SKU04003,22,67,27,2025-12-04
ST15,SKU03402,60,84,21,2025-12-26
ST11,SKU00629,15,66,30,2025-12-14
ST30,SKU03657,62,88,21,2025-12-28
ST29,SKU04615,43,76,29,2025-12-21
ST16,SKU04177,134,64,16,2025-12-26
ST04,SKU00752,50,70,29,2025-11-05
ST10,SKU01999,69,40,20,2025-11-23
ST05,SKU01768,60,26,9,2025-12-05
ST28,SKU04334,33,39,11,2025-11-11
ST18,SKU00391,202,68,26,2025-11-12
ST08,SKU02235,34,50,21,2025-12-14
ST04,SKU02171,97,84,36,2025-12-22
ST16,SKU02573,198,97,26,2025-12-11
ST14,SKU00597,47,96,24,2025-11-26
ST19,SKU01889,35,36,16,2025-12-29
ST14,SKU04199,57,30,10,2025-11-18
ST25,SKU02652,147,62,26,2025-12-23
ST08,SKU00939,73,28,11,2025-12-17
ST22,SKU01494,61,79,31,2025-12-26
ST23,SKU01125,22,88,30,2025-12-25
ST10,SKU00159,201,83,21,2025-12-08
ST17,SKU01893,61,33,16,2025-12-23
ST02,SKU01148,64,29,11,2025-12-25
ST11,SKU04645,2,24,10,2025-12-30
ST16,SKU00409,107,46,21,2025-11-15
ST10,SKU01123,201,70,16,2025-12-14
ST23,SKU04431,67,24,6,2025-12-13
ST08,SKU03009,26,47,16,2025-11-12
ST24,SKU04581,259,88,25,2025-11-10
ST26,SKU02623,103,95,27,2025-12-26
ST26,SKU02906,176,79,20,2025-11-03
ST06,SKU00707,44,21,8,2025-11-15
ST04,SKU03984,21,24,9,2025-12-29
ST04,SKU03563,121,57,26,2025-11-21
ST05,SKU03720,154,69,25,2025-11-03
ST11,SKU00850,83,28,11,2025-11-05
ST17,SKU01155,36,61,20,2025-12-25
ST27,SKU02522,225,80,25,2025-12-13
ST08,SKU04087,118,51,23,2025-12-22
ST30,SKU00576,11,100,50,2025-12-02
ST17,SKU01902,86,45,9,2025-12-15
ST09,SKU03852,143,80,32,2025-12-30
ST15,SKU01862,23,41,11,2025-11-25
ST23,SKU04391,117,40,11,2025-11-01
ST19,SKU04186,143,56,22,2025-12-03
ST21,SKU00195,26,24,6,2025-12-24
ST17,SKU00983,188,74,37,2025-11-03
ST06,SKU03350,30,22,11,2025-11-26
ST27,SKU04188,68,65,19,2025-12-19
ST06,SKU04833,11,76,30,2025-12-11
ST05,SKU01309,138,69,16,2025-11-27
ST11,SKU04201,135,72,15,2025-12-06
ST01,SKU01610,176,66,17,2025-11-29
ST28,SKU03519,82,74,16,2025-11-03
ST05,SKU00491,110,76,15,2025-12-25
ST07,SKU04772,117,93,21,2025-11-17
ST13,SKU01176,157,88,18,2025-12-19
ST20,SKU00044,47,29,8,2025-11-27
ST26,SKU01575,75,55,24,2025-11-03
ST10,SKU00249,92,85,37,2025-11-20
ST22,SKU00122,24,23,6,2025-12-11
ST29,SKU02711,54,74,20,2025-11-02
ST14,SKU04448,41,39,14,2025-12-26
ST10,SKU00949,115,56,23,2025-12-01
ST16,SKU01234,42,25,6,2025-12-09
ST21,SKU04773,7,25,9,2025-11-18
ST25,SKU02742,185,63,14,2025-12-17
ST13,SKU03670,110,54,14,2025-12-22
ST09,SKU02373,52,32,8,2025-12-26
ST29,SKU02222,8,39,11,2025-11-05
ST26,SKU03976,123,46,19,2025-11-14
ST06,SKU01351,179,85,30,2025-12-21
ST01,SKU03503,158,66,29,2025-12-11
ST09,SKU01305,50,75,35,2025-12-20
ST17,SKU00234,12,29,11,2025-11-13
ST12,SKU04733,132,55,22,2025-11-15
ST04,SKU04058,67,89,18,2025-12-31
ST17,SKU01733,58,80,35,2025-12-02
ST04,SKU04370,77,45,13,2025-12-13
ST30,SKU02636,93,50,21,2025-11-20
ST21,SKU03620,56,31,13,2025-12-14
ST16,SKU03010,159,62,14,2025-11-07
ST03,SKU00727,123,50,21,2025-11-13
ST06,SKU00584,92,31,12,2025-11-22
ST25,SKU01641,41,22,8,2025-11-20
ST24,SKU01700,92,63,29,2025-12-19
ST06,SKU04420,15,21,6,2025-12-19
ST09,SKU00917,172,97,35,2025-11-05
ST23,SKU00365,88,66,17,2025-12-03
ST29,SKU00684,7,94,39,2025-12-01
ST03,SKU00351,13,43,21,2025-12-26
ST27,SKU01602,68,57,12,2025-11-03
ST13,SKU00912,114,50,14,2025-11-17
ST08,SKU02318,80,58,23,2025-11-13
ST30,SKU01305,25,72,30,2025-12-29
ST24,SKU03381,101,39,18,2025-11-15
ST11,SKU00037,230,90,40,2025-12-23
ST11,SKU04411,200,86,37,2025-11-09
ST14,SKU01984,107,48,21,2025-12-20
ST14,SKU04001,74,27,9,2025-11-22
ST21,SKU04037,128,70,24,2025-11-30
ST03,SKU00713,118,100,25,2025-12-20
ST29,SKU02841,158,58,14,2025-11-21
ST12,SKU04878,70,73,36,2025-12-30
ST24,SKU02011,63,53,13,2025-11-18
ST11,SKU04129,106,48,13,2025-11-03
ST04,SKU03300,102,50,13,2025-11-28
ST30,SKU00949,20,72,29,2025-11-29
ST21,SKU03469,86,85,17,2025-12-24
ST24,SKU04049,214,91,38,2025-12-20
ST14,SKU03323,91,56,26,2025-11-20
ST07,SKU00306,56,82,27,2025-11-17
ST18,SKU03887,69,33,11,2025-11-26
ST13,SKU00431,4,32,7,2025-12-30
ST06,SKU01402,144,81,18,2025-11-30
ST12,SKU01613,74,60,26,2025-11-27
ST23,SKU03186,153,66,27,2025-11-07
ST26,SKU02434,169,63,26,2025-12-10
ST21,SKU04838,77,57,24,2025-12-26
ST18,SKU00056,4,61,19,2025-12-12
ST29,SKU00423,45,38,16,2025-11-21
ST12,SKU03148,37,26,8,2025-11-23
ST01,SKU03677,28,32,7,2025-12-26
ST08,SKU04668,68,26,7,2025-11-11
ST09,SKU01393,103,72,22,2025-11-07
ST01,SKU02931,83,90,19,2025-11-10
ST21,SKU02689,31,27,10,2025-11-19
ST07,SKU02690,12,33,12,2025-12-29
ST09,SKU04369,24,20,6,2025-11-04
ST29,SKU04695,11,37,14,2025-12-06
ST15,SKU04133,51,43,13,2025-11-21
ST21,SKU01731,102,50,24,2025-11-17
ST13,SKU04492,24,70,34,2025-11-17
ST13,SKU04493,112,86,30,2025-11-04
ST18,SKU04965,81,36,8,2025-12-25
ST15,SKU00070,20,46,13,2025-11-03
ST18,SKU01465,181,69,27,2025-11-29
ST07,SKU00895,96,38,11,2025-11-01
ST09,SKU00315,72,29,13,2025-11-18
ST01,SKU00889,275,100,33,2025-11-14
ST01,SKU02824,159,64,19,2025-12-26
ST05,SKU01599,156,91,35,2025-11-02
ST25,SKU03081,43,93,39,2025-12-26
ST18,SKU02263,56,20,5,2025-12-24
ST24,SKU03248,10,56,25,2025-12-24
ST07,SKU02738,65,61,17,2025-11-11
ST05,SKU00415,146,52,19,2025-12-05
ST11,SKU02496,156,63,21,2025-11-20
ST20,SKU00648,73,51,18,2025-11-07
ST19,SKU04555,35,58,14,2025-12-27
ST12,SKU04311,205,95,34,2025-11-28
ST09,SKU02919,124,46,12,2025-11-25
ST05,SKU00851,50,46,13,2025-12-28
ST11,SKU03118,171,77,35,2025-12-10
ST17,SKU02563,2,57,24,2025-11-26
ST23,SKU00585,64,50,20,2025-12-15
ST05,SKU01885,82,46,19,2025-12-27
ST11,SKU02577,79,82,35,2025-12-28
ST03,SKU03895,31,29,6,2025-12-06
ST26,SKU04446,35,23,7,2025-12-13
ST26,SKU02743,122,49,12,2025-11-24
ST24,SKU01128,105,41,19,2025-12-17
ST03,SKU02371,76,83,33,2025-11-17
ST11,SKU03871,78,46,16,2025-12-01
ST11,SKU04364,276,94,43,2025-12-24
ST23,SKU00431,48,21,5,2025-11-29
ST14,SKU04398,12,50,10,2025-12-24
ST03,SKU01052,16,39,9,2025-11-11
ST17,SKU00519,56,28,8,2025-11-28
ST16,SKU02714,5,74,24,2025-11-01
ST30,SKU04240,66,42,10,2025-12-16
ST22,SKU03319,62,33,12,2025-11-12
ST18,SKU02050,51,98,38,2025-11-11
ST10,SKU01536,239,80,28,2025-12-17
ST06,SKU02363,233,84,27,2025-11-23
ST12,SKU04435,149,99,42,2025-11-08
ST04,SKU00097,232,93,40,2025-12-02
ST16,SKU02605,119,60,17,2025-11-07
ST11,SKU01092,72,70,16,2025-12-25
ST07,SKU00496,21,34,10,2025-11-22
ST19,SKU00591,19,94,38,2025-11-28
ST01,SKU02613,132,67,14,2025-12-23
