sku_id,sku_name,category,subcategory,unit_price,cost_price,brand
SKU00001,NutriPlus Cookware Large,Home & Kitchen,Cookware,813.41,619.77,NutriPlus
SKU00002,CrispKing Bread Family Pack,Dairy & Bakery,Bread,70.38,49.57,CrispKing
SKU00003,SoftTouch Notebooks 2L,Stationery & Office,Notebooks,151.28,83.67,SoftTouch
SKU00004,SunriseFoods Eggs Large,Dairy & Bakery,Eggs,233.64,156.32,SunriseFoods
SKU00005,SunriseFoods Pest Control Pack of 6,Home Care,Pest Control,138.5,83.46,SunriseFoods
SKU00006,UrbanBite OTC Medicine 100g,Health & Wellness,OTC Medicine,1413.92,830.81,UrbanBite
SKU00007,GreenValley Energy Drinks Pack of 12,Beverages,Energy Drinks,129.75,78.97,GreenValley
SKU00008,CleanWave Frozen Vegetables 100g,Frozen Foods,Frozen Vegetables,492.11,358.31,CleanWave
SKU00009,SmartBuy Frozen Vegetables Medium,Frozen Foods,Frozen Vegetables,251.86,178.03,SmartBuy
SKU00010,SparkleClean Footwear 250ml,Apparel & Footwear,Footwear,1602.79,1096.65,SparkleClean
SKU00011,PremiumSelect Writing Instruments 500g,Stationery & Office,Writing Instruments,123.36,83.12,PremiumSelect
SKU00012,HomeStyle Vitamins & Supplements 1kg,Health & Wellness,Vitamins & Supplements,813.52,526.59,HomeStyle
SKU00013,PrimeCare Hair Care Pack of 12,Personal Care,Hair Care,521.95,402.76,PrimeCare
SKU00014,EliteHome Men's Grooming Medium,Personal Care,Men's Grooming,161.5,126.47,EliteHome
SKU00015,EverydayPlus Dishwashing 2L,Home Care,Dishwashing,277.24,205.47,EverydayPlus
SKU00016,PrimeCare Men's Wear 500g,Apparel & Footwear,Men's Wear,3478.65,2163.92,PrimeCare
SKU00017,CleanWave Eggs Large,Dairy & Bakery,Eggs,280.39,218.27,CleanWave
SKU00018,PurePlus Chips & Crisps Small,Snacks & Confectionery,Chips & Crisps,93.88,70.86,PurePlus
SKU00019,PremiumSelect Hair Care 500ml,Personal Care,Hair Care,394.36,229.13,PremiumSelect
SKU00020,SmartBuy Rice & Grains 2L,Grocery,Rice & Grains,109.5,69.58,SmartBuy
SKU00021,DailyBest Tea Family Pack,Beverages,Tea,116.7,73.74,DailyBest
SKU00022,PrimeCare Bottled Water 250ml,Beverages,Bottled Water,201.01,147.24,PrimeCare
SKU00023,MetroBrand Footwear 100g,Apparel & Footwear,Footwear,2028.91,1381.64,MetroBrand
SKU00024,HealthFirst Batteries 500g,Electronics & Accessories,Batteries,2711.05,1671.96,HealthFirst
SKU00025,CityFresh Mobile Accessories Pack of 6,Electronics & Accessories,Mobile Accessories,2441.35,1483.61,CityFresh
SKU00026,PrimeCare Laundry Family Pack,Home Care,Laundry,287.47,190.99,PrimeCare
SKU00027,TrueTaste Mobile Accessories Small,Electronics & Accessories,Mobile Accessories,608.24,435.8,TrueTaste
SKU00028,NatureBlend Bottled Water Pack of 6,Beverages,Bottled Water,94.45,63.96,NatureBlend
SKU00029,BasicNeeds Cookware 2kg,Home & Kitchen,Cookware,1987.18,1222.63,BasicNeeds
SKU00030,FreshFarm Frozen Meat 500ml,Frozen Foods,Frozen Meat,402.34,283.65,FreshFarm
SKU00031,BasicNeeds Office Supplies 100g,Stationery & Office,Office Supplies,151.46,121.13,BasicNeeds
SKU00032,PrimeCare Coffee 250ml,Beverages,Coffee,51.91,30.84,PrimeCare
SKU00033,NovaFresh Air Fresheners Pack of 6,Home Care,Air Fresheners,164.5,112.21,NovaFresh
SKU00034,TrueTaste Small Appliances Large,Electronics & Accessories,Small Appliances,2105.17,1355.55,TrueTaste
SKU00035,PremiumSelect Air Fresheners Large,Home Care,Air Fresheners,215.32,130.18,PremiumSelect
SKU00036,CleanWave Air Fresheners Medium,Home Care,Air Fresheners,188.79,145.16,CleanWave
SKU00037,EverydayPlus Energy Drinks 100g,Beverages,Energy Drinks,109.86,86.73,EverydayPlus
SKU00038,CleanWave Skin Care Medium,Personal Care,Skin Care,377.52,240.69,CleanWave
SKU00039,GreenValley Candy 1kg,Snacks & Confectionery,Candy,124.83,79.49,GreenValley
SKU00040,CityFresh Cheese Pack of 6,Dairy & Bakery,Cheese,206.7,118.43,CityFresh
SKU00041,NovaFresh Small Appliances Family Pack,Electronics & Accessories,Small Appliances,2490.74,1754.57,NovaFresh
SKU00042,ValueChoice OTC Medicine Large,Health & Wellness,OTC Medicine,1110.09,617.92,ValueChoice
SKU00043,NovaFresh First Aid Pack of 6,Health & Wellness,First Aid,615.37,414.79,NovaFresh
SKU00044,PureLife Skin Care 2kg,Personal Care,Skin Care,525.77,309.26,PureLife
SKU00045,SmartBuy Writing Instruments 1L,Stationery & Office,Writing Instruments,352.71,253.27,SmartBuy
SKU00046,QuickBite Bottled Water Pack of 12,Beverages,Bottled Water,154.0,120.46,QuickBite
SKU00047,NutriPlus Men's Grooming 1L,Personal Care,Men's Grooming,289.44,165.62,NutriPlus
SKU00048,BasicNeeds Energy Drinks 500ml,Beverages,Energy Drinks,111.68,83.14,BasicNeeds
SKU00049,CityFresh Oral Care 500ml,Personal Care,Oral Care,584.25,442.65,CityFresh
SKU00050,PremiumSelect Office Supplies 2L,Stationery & Office,Office Supplies,34.08,20.25,PremiumSelect
SKU00051,CrispKing Oral Care 100g,Personal Care,Oral Care,336.75,262.89,CrispKing
SKU00052,ValueChoice Storage & Containers Family Pack,Home & Kitchen,Storage & Containers,1372.15,967.68,ValueChoice
SKU00053,BasicNeeds Pest Control 250g,Home Care,Pest Control,322.02,220.18,BasicNeeds
SKU00054,FreshFarm Small Appliances Family Pack,Electronics & Accessories,Small Appliances,2079.97,1493.11,FreshFarm
SKU00055,PureLife Surface Cleaners 100g,Home Care,Surface Cleaners,409.38,254.65,PureLife
SKU00056,NovaFresh Butter & Ghee 1L,Dairy & Bakery,Butter & Ghee,79.8,44.4,NovaFresh
SKU00057,FamilyChoice Kids Wear 500ml,Apparel & Footwear,Kids Wear,2287.08,1510.65,FamilyChoice
SKU00058,NutriPlus Office Supplies 2L,Stationery & Office,Office Supplies,95.03,69.93,NutriPlus
SKU00059,TrueTaste Butter & Ghee 500ml,Dairy & Bakery,Butter & Ghee,122.45,95.47,TrueTaste
SKU00060,BasicNeeds Men's Wear Large,Apparel & Footwear,Men's Wear,724.16,476.15,BasicNeeds
SKU00061,CrispKing Milk 100g,Dairy & Bakery,Milk,249.85,153.89,CrispKing
SKU00062,EverydayPlus Mobile Accessories Family Pack,Electronics & Accessories,Mobile Accessories,499.45,291.09,EverydayPlus
SKU00063,PremiumSelect Women's Wear Pack of 12,Apparel & Footwear,Women's Wear,1612.54,1264.03,PremiumSelect
SKU00064,UrbanBite Air Fresheners Small,Home Care,Air Fresheners,214.86,130.58,UrbanBite
SKU00065,BasicNeeds Small Appliances 500g,Electronics & Accessories,Small Appliances,964.12,749.86,BasicNeeds
SKU00066,FreshFarm Cheese 100g,Dairy & Bakery,Cheese,222.25,132.45,FreshFarm
SKU00067,EliteHome Spices & Seasoning 250ml,Grocery,Spices & Seasoning,492.46,273.09,EliteHome
SKU00068,MetroBrand Tea 2kg,Beverages,Tea,266.94,161.78,MetroBrand
SKU00069,PureLife Laundry Small,Home Care,Laundry,258.89,174.28,PureLife
SKU00070,PremiumSelect Storage & Containers Large,Home & Kitchen,Storage & Containers,738.95,470.84,PremiumSelect
SKU00071,CleanWave Juices 500ml,Beverages,Juices,273.19,212.25,CleanWave
SKU00072,HomeStyle Pest Control Small,Home Care,Pest Control,327.25,224.58,HomeStyle
SKU00073,PrimeCare Small Appliances 100g,Electronics & Accessories,Small Appliances,1216.02,704.61,PrimeCare
SKU00074,NutriPlus Candy Small,Snacks & Confectionery,Candy,197.5,139.5,NutriPlus
SKU00075,TrueTaste Batteries 250g,Electronics & Accessories,Batteries,3697.58,2393.21,TrueTaste
SKU00076,TrueTaste Butter & Ghee Pack of 12,Dairy & Bakery,Butter & Ghee,306.25,220.42,TrueTaste
SKU00077,CleanWave Women's Wear 250ml,Apparel & Footwear,Women's Wear,1562.82,1166.71,CleanWave
SKU00078,NatureBlend Ready Meals 500ml,Frozen Foods,Ready Meals,820.53,653.46,NatureBlend
SKU00079,DailyBest Frozen Vegetables 2kg,Frozen Foods,Frozen Vegetables,197.9,137.37,DailyBest
SKU00080,GreenValley Biscuits & Cookies 500ml,Snacks & Confectionery,Biscuits & Cookies,85.23,54.69,GreenValley
SKU00081,NovaFresh Laundry Large,Home Care,Laundry,115.69,76.17,NovaFresh
SKU00082,SmartBuy Storage & Containers Medium,Home & Kitchen,Storage & Containers,480.16,312.42,SmartBuy
SKU00083,HomeStyle Pulses & Lentils 250ml,Grocery,Pulses & Lentils,333.54,221.02,HomeStyle
SKU00084,NutriPlus Men's Wear 2kg,Apparel & Footwear,Men's Wear,1308.64,729.59,NutriPlus
SKU00085,BasicNeeds Dishwashing 1L,Home Care,Dishwashing,372.68,228.02,BasicNeeds
SKU00086,HealthFirst Small Appliances Pack of 12,Electronics & Accessories,Small Appliances,2786.01,2220.28,HealthFirst
SKU00087,NatureBlend First Aid 500g,Health & Wellness,First Aid,231.1,180.72,NatureBlend
SKU00088,PurePlus Pest Control Pack of 12,Home Care,Pest Control,148.62,83.54,PurePlus
SKU00089,PrimeCare Yogurt Family Pack,Dairy & Bakery,Yogurt,316.27,251.4,PrimeCare
SKU00090,MetroBrand OTC Medicine Medium,Health & Wellness,OTC Medicine,618.63,462.73,MetroBrand
SKU00091,PureLife Bottled Water 2L,Beverages,Bottled Water,223.64,123.16,PureLife
SKU00092,NutriPlus OTC Medicine 2kg,Health & Wellness,OTC Medicine,809.88,630.38,NutriPlus
SKU00093,ValueChoice Energy Drinks 2kg,Beverages,Energy Drinks,216.52,171.07,ValueChoice
SKU00094,ZestyCo OTC Medicine Small,Health & Wellness,OTC Medicine,1069.07,756.04,ZestyCo
SKU00095,GreenValley First Aid 500ml,Health & Wellness,First Aid,696.82,520.58,GreenValley
SKU00096,PrimeCare Juices 250g,Beverages,Juices,210.25,133.12,PrimeCare
SKU00097,GoldenHarvest Kids Wear Pack of 12,Apparel & Footwear,Kids Wear,1103.71,764.96,GoldenHarvest
SKU00098,ValueChoice Men's Grooming 500g,Personal Care,Men's Grooming,306.0,224.26,ValueChoice
SKU00099,HealthFirst Footwear Family Pack,Apparel & Footwear,Footwear,1671.99,1154.2,HealthFirst
SKU00100,ValueChoice Flour & Atta 500ml,Grocery,Flour & Atta,465.53,291.49,ValueChoice
SKU00101,EliteHome Chips & Crisps 250ml,Snacks & Confectionery,Chips & Crisps,122.57,87.31,EliteHome
SKU00102,PurePlus Surface Cleaners 100g,Home Care,Surface Cleaners,111.77,84.9,PurePlus
SKU00103,QuickBite Namkeen 500g,Snacks & Confectionery,Namkeen,179.7,136.39,QuickBite
SKU00104,EverydayPlus Bread Family Pack,Dairy & Bakery,Bread,389.89,227.32,EverydayPlus
SKU00105,GreenValley First Aid 2L,Health & Wellness,First Aid,503.0,332.66,GreenValley
SKU00106,CrispKing Bottled Water Large,Beverages,Bottled Water,200.8,112.38,CrispKing
SKU00107,HealthFirst Mobile Accessories Family Pack,Electronics & Accessories,Mobile Accessories,2511.78,1778.82,HealthFirst
SKU00108,SmartBuy Juices 100g,Beverages,Juices,82.07,50.11,SmartBuy
SKU00109,MetroBrand Namkeen 250ml,Snacks & Confectionery,Namkeen,102.67,80.35,MetroBrand
SKU00110,CityFresh Vitamins & Supplements Medium,Health & Wellness,Vitamins & Supplements,286.87,202.12,CityFresh
SKU00111,HomeStyle Footwear 1L,Apparel & Footwear,Footwear,2316.85,1506.31,HomeStyle
SKU00112,FreshFarm Chips & Crisps 1L,Snacks & Confectionery,Chips & Crisps,218.89,160.42,FreshFarm
SKU00113,SmartBuy Bread 2L,Dairy & Bakery,Bread,136.55,82.18,SmartBuy
SKU00114,HomeStyle Writing Instruments Pack of 12,Stationery & Office,Writing Instruments,169.83,97.29,HomeStyle
SKU00115,QuickBite Office Supplies Family Pack,Stationery & Office,Office Supplies,45.82,26.2,QuickBite
SKU00116,CrispKing Ready Meals Large,Frozen Foods,Ready Meals,317.12,220.62,CrispKing
SKU00117,ZestyCo Surface Cleaners Pack of 6,Home Care,Surface Cleaners,258.96,199.97,ZestyCo
SKU00118,SunriseFoods Bath & Body 2L,Personal Care,Bath & Body,289.69,175.46,SunriseFoods
SKU00119,CleanWave OTC Medicine 250ml,Health & Wellness,OTC Medicine,963.94,713.33,CleanWave
SKU00120,FamilyChoice First Aid 250g,Health & Wellness,First Aid,492.32,275.41,FamilyChoice
SKU00121,CityFresh Cheese Pack of 12,Dairy & Bakery,Cheese,195.28,124.65,CityFresh
SKU00122,MetroBrand Cooking Oil 100g,Grocery,Cooking Oil,159.98,114.13,MetroBrand
SKU00123,MetroBrand Juices Pack of 12,Beverages,Juices,99.13,75.0,MetroBrand
SKU00124,PurePlus Writing Instruments 1L,Stationery & Office,Writing Instruments,345.68,271.63,PurePlus
SKU00125,GoldenHarvest Air Fresheners Small,Home Care,Air Fresheners,477.75,338.32,GoldenHarvest
SKU00126,PurePlus Dishwashing Family Pack,Home Care,Dishwashing,253.44,168.71,PurePlus
SKU00127,PremiumSelect Dishwashing 2L,Home Care,Dishwashing,223.69,126.42,PremiumSelect
SKU00128,CrispKing Footwear 2L,Apparel & Footwear,Footwear,741.97,459.21,CrispKing
SKU00129,CleanWave Cooking Oil 1L,Grocery,Cooking Oil,217.18,169.57,CleanWave
SKU00130,PremiumSelect Pulses & Lentils 250ml,Grocery,Pulses & Lentils,362.18,251.98,PremiumSelect
SKU00131,SparkleClean Eggs 250g,Dairy & Bakery,Eggs,119.24,75.8,SparkleClean
SKU00132,NutriPlus Air Fresheners 100g,Home Care,Air Fresheners,459.06,281.04,NutriPlus
SKU00133,PurePlus Small Appliances Pack of 12,Electronics & Accessories,Small Appliances,1722.93,996.57,PurePlus
SKU00134,ValueChoice Air Fresheners Large,Home Care,Air Fresheners,199.86,147.48,ValueChoice
SKU00135,ValueChoice Pest Control 100g,Home Care,Pest Control,191.52,125.08,ValueChoice
SKU00136,ZestyCo Writing Instruments 2kg,Stationery & Office,Writing Instruments,497.37,390.01,ZestyCo
SKU00137,TrueTaste Juices Pack of 6,Beverages,Juices,145.43,96.51,TrueTaste
SKU00138,SmartBuy Ready Meals Pack of 12,Frozen Foods,Ready Meals,668.4,504.37,SmartBuy
SKU00139,GoldenHarvest Frozen Meat Small,Frozen Foods,Frozen Meat,790.82,460.7,GoldenHarvest
SKU00140,ZestyCo Dishwashing Pack of 12,Home Care,Dishwashing,148.11,87.05,ZestyCo
SKU00141,ZestyCo Footwear 250g,Apparel & Footwear,Footwear,2602.93,1609.4,ZestyCo
SKU00142,PremiumSelect Yogurt 1kg,Dairy & Bakery,Yogurt,135.03,80.72,PremiumSelect
SKU00143,DailyBest Writing Instruments 1L,Stationery & Office,Writing Instruments,64.0,50.83,DailyBest
SKU00144,FamilyChoice Eggs 100g,Dairy & Bakery,Eggs,186.78,140.47,FamilyChoice
SKU00145,HealthFirst Ready Meals 250ml,Frozen Foods,Ready Meals,478.26,304.7,HealthFirst
SKU00146,SunriseFoods Ready Meals 250ml,Frozen Foods,Ready Meals,703.46,478.32,SunriseFoods
SKU00147,EliteHome Cookware Family Pack,Home & Kitchen,Cookware,778.79,532.16,EliteHome
SKU00148,FamilyChoice Air Fresheners 2kg,Home Care,Air Fresheners,357.28,250.74,FamilyChoice
SKU00149,HealthFirst Cheese Family Pack,Dairy & Bakery,Cheese,149.69,86.21,HealthFirst
SKU00150,FreshFarm Sugar & Salt Pack of 12,Grocery,Sugar & Salt,266.14,169.6,FreshFarm
SKU00151,PurePlus Skin Care Pack of 12,Personal Care,Skin Care,201.86,115.36,PurePlus
SKU00152,QuickBite Footwear Medium,Apparel & Footwear,Footwear,1830.31,1427.21,QuickBite
SKU00153,UrbanBite Pulses & Lentils Medium,Grocery,Pulses & Lentils,184.25,119.92,UrbanBite
SKU00154,DailyBest Storage & Containers 1kg,Home & Kitchen,Storage & Containers,2279.38,1667.95,DailyBest
SKU00155,CityFresh Frozen Vegetables 500ml,Frozen Foods,Frozen Vegetables,585.78,457.03,CityFresh
SKU00156,SunriseFoods Coffee 1L,Beverages,Coffee,164.3,103.08,SunriseFoods
SKU00157,QuickBite Butter & Ghee Family Pack,Dairy & Bakery,Butter & Ghee,118.76,67.93,QuickBite
SKU00158,CrispKing Ice Cream 100g,Frozen Foods,Ice Cream,487.98,309.41,CrispKing
SKU00159,GreenValley Milk 1L,Dairy & Bakery,Milk,230.93,165.75,GreenValley
SKU00160,PurePlus Bottled Water 1kg,Beverages,Bottled Water,202.06,136.38,PurePlus
SKU00161,CleanWave OTC Medicine 1kg,Health & Wellness,OTC Medicine,501.77,285.38,CleanWave
SKU00162,NovaFresh Small Appliances Small,Electronics & Accessories,Small Appliances,2780.26,1577.93,NovaFresh
SKU00163,PrimeCare Juices 1kg,Beverages,Juices,151.67,109.94,PrimeCare
SKU00164,ZestyCo Butter & Ghee Small,Dairy & Bakery,Butter & Ghee,113.99,83.68,ZestyCo
SKU00165,MetroBrand Chocolates Family Pack,Snacks & Confectionery,Chocolates,85.81,49.54,MetroBrand
SKU00166,EliteHome First Aid Small,Health & Wellness,First Aid,830.77,621.98,EliteHome
SKU00167,ZestyCo Batteries 500g,Electronics & Accessories,Batteries,2596.95,1652.67,ZestyCo
SKU00168,EverydayPlus Mobile Accessories 500g,Electronics & Accessories,Mobile Accessories,2234.32,1266.98,EverydayPlus
SKU00169,DailyBest Office Supplies 500ml,Stationery & Office,Office Supplies,95.37,60.41,DailyBest
SKU00170,ZestyCo Men's Wear 2L,Apparel & Footwear,Men's Wear,1241.29,909.39,ZestyCo
SKU00171,CityFresh Cheese Small,Dairy & Bakery,Cheese,253.93,181.29,CityFresh
SKU00172,CityFresh Energy Drinks 500ml,Beverages,Energy Drinks,112.18,75.2,CityFresh
SKU00173,SunriseFoods OTC Medicine 500g,Health & Wellness,OTC Medicine,1096.68,679.85,SunriseFoods
SKU00174,NatureBlend Storage & Containers Family Pack,Home & Kitchen,Storage & Containers,638.72,418.03,NatureBlend
SKU00175,MetroBrand Office Supplies Large,Stationery & Office,Office Supplies,182.36,117.7,MetroBrand
SKU00176,GreenValley Biscuits & Cookies Pack of 6,Snacks & Confectionery,Biscuits & Cookies,45.08,29.19,GreenValley
SKU00177,FamilyChoice Chocolates Pack of 12,Snacks & Confectionery,Chocolates,114.65,77.09,FamilyChoice
SKU00178,PrimeCare Pulses & Lentils Family Pack,Grocery,Pulses & Lentils,527.32,350.05,PrimeCare
SKU00179,NutriPlus Juices 1L,Beverages,Juices,85.36,49.13,NutriPlus
SKU00180,QuickBite Frozen Meat 500g,Frozen Foods,Frozen Meat,770.72,479.81,QuickBite
SKU00181,ZestyCo Ice Cream Pack of 6,Frozen Foods,Ice Cream,314.95,183.39,ZestyCo
SKU00182,TrueTaste Men's Grooming 500ml,Personal Care,Men's Grooming,178.74,125.21,TrueTaste
SKU00183,MetroBrand Butter & Ghee Small,Dairy & Bakery,Butter & Ghee,252.07,165.28,MetroBrand
SKU00184,CleanWave Footwear Small,Apparel & Footwear,Footwear,899.55,645.86,CleanWave
SKU00185,FreshFarm Air Fresheners 1L,Home Care,Air Fresheners,484.73,277.22,FreshFarm
SKU00186,TrueTaste Men's Wear 250ml,Apparel & Footwear,Men's Wear,1862.84,1185.19,TrueTaste
SKU00187,GoldenHarvest Office Supplies 500ml,Stationery & Office,Office Supplies,252.44,150.22,GoldenHarvest
SKU00188,GreenValley Bread Pack of 6,Dairy & Bakery,Bread,201.41,115.41,GreenValley
SKU00189,FamilyChoice Biscuits & Cookies Pack of 6,Snacks & Confectionery,Biscuits & Cookies,69.3,51.51,FamilyChoice
SKU00190,ZestyCo Writing Instruments 1L,Stationery & Office,Writing Instruments,145.42,84.74,ZestyCo
SKU00191,QuickBite Vitamins & Supplements 1L,Health & Wellness,Vitamins & Supplements,590.87,350.82,QuickBite
SKU00192,SparkleClean Bread Family Pack,Dairy & Bakery,Bread,165.78,106.38,SparkleClean
SKU00193,PremiumSelect First Aid 1kg,Health & Wellness,First Aid,308.55,192.29,PremiumSelect
SKU00194,NutriPlus Frozen Meat 500g,Frozen Foods,Frozen Meat,524.73,409.27,NutriPlus
SKU00195,SparkleClean Cookware Small,Home & Kitchen,Cookware,1139.65,908.49,SparkleClean
SKU00196,PremiumSelect Butter & Ghee Family Pack,Dairy & Bakery,Butter & Ghee,90.98,59.65,PremiumSelect
SKU00197,NatureBlend Writing Instruments Pack of 6,Stationery & Office,Writing Instruments,330.62,198.47,NatureBlend
SKU00198,PurePlus Writing Instruments 500ml,Stationery & Office,Writing Instruments,340.46,229.65,PurePlus
SKU00199,TrueTaste Biscuits & Cookies 250ml,Snacks & Confectionery,Biscuits & Cookies,62.08,41.84,TrueTaste
SKU00200,HomeStyle Tea 1L,Beverages,Tea,134.99,89.97,HomeStyle
SKU00201,FamilyChoice Frozen Vegetables 100g,Frozen Foods,Frozen Vegetables,848.32,470.89,FamilyChoice
SKU00202,PurePlus Flour & Atta 1L,Grocery,Flour & Atta,349.86,203.65,PurePlus
SKU00203,GoldenHarvest Milk 2kg,Dairy & Bakery,Milk,181.68,106.33,GoldenHarvest
SKU00204,HomeStyle Surface Cleaners 1kg,Home Care,Surface Cleaners,613.21,391.19,HomeStyle
SKU00205,NutriPlus Office Supplies 2L,Stationery & Office,Office Supplies,222.89,154.95,NutriPlus
SKU00206,NovaFresh Office Supplies Family Pack,Stationery & Office,Office Supplies,217.76,167.56,NovaFresh
SKU00207,NovaFresh Coffee 1kg,Beverages,Coffee,97.45,59.04,NovaFresh
SKU00208,MetroBrand Home Decor Large,Home & Kitchen,Home Decor,1162.94,863.83,MetroBrand
SKU00209,CityFresh Soft Drinks 1L,Beverages,Soft Drinks,88.63,53.76,CityFresh
SKU00210,MetroBrand Batteries Family Pack,Electronics & Accessories,Batteries,3556.85,1985.27,MetroBrand
SKU00211,EverydayPlus Storage & Containers 250ml,Home & Kitchen,Storage & Containers,1189.16,847.23,EverydayPlus
SKU00212,QuickBite Home Decor Family Pack,Home & Kitchen,Home Decor,348.98,210.66,QuickBite
SKU00213,ValueChoice Chocolates Pack of 6,Snacks & Confectionery,Chocolates,115.76,90.28,ValueChoice
SKU00214,SoftTouch Home Decor Pack of 12,Home & Kitchen,Home Decor,392.18,307.22,SoftTouch
SKU00215,EliteHome Juices 2L,Beverages,Juices,102.03,58.8,EliteHome
SKU00216,NovaFresh Frozen Vegetables 500ml,Frozen Foods,Frozen Vegetables,678.4,406.14,NovaFresh
SKU00217,GoldenHarvest Laundry 1L,Home Care,Laundry,290.33,174.95,GoldenHarvest
SKU00218,PureLife Bread Medium,Dairy & Bakery,Bread,229.94,178.86,PureLife
SKU00219,CleanWave Flour & Atta Small,Grocery,Flour & Atta,141.0,80.3,CleanWave
SKU00220,PurePlus Women's Wear 100g,Apparel & Footwear,Women's Wear,733.09,540.87,PurePlus
SKU00221,GreenValley Bath & Body Pack of 12,Personal Care,Bath & Body,578.16,359.57,GreenValley
SKU00222,PremiumSelect OTC Medicine Medium,Health & Wellness,OTC Medicine,492.26,342.42,PremiumSelect
SKU00223,ZestyCo Hair Care Small,Personal Care,Hair Care,217.42,129.22,ZestyCo
SKU00224,NovaFresh Hair Care 1L,Personal Care,Hair Care,161.86,121.66,NovaFresh
SKU00225,SparkleClean Home Decor 250ml,Home & Kitchen,Home Decor,1233.58,885.33,SparkleClean
SKU00226,MetroBrand Coffee Pack of 12,Beverages,Coffee,74.28,41.25,MetroBrand
SKU00227,EverydayPlus Mobile Accessories Pack of 6,Electronics & Accessories,Mobile Accessories,2851.22,1737.2,EverydayPlus
SKU00228,FamilyChoice Mobile Accessories 250ml,Electronics & Accessories,Mobile Accessories,2956.05,1970.47,FamilyChoice
SKU00229,ZestyCo Oral Care 500ml,Personal Care,Oral Care,421.82,288.02,ZestyCo
SKU00230,EliteHome Bread 250ml,Dairy & Bakery,Bread,116.56,88.21,EliteHome
SKU00231,TrueTaste Rice & Grains 100g,Grocery,Rice & Grains,153.98,99.59,TrueTaste
SKU00232,NutriPlus Office Supplies 100g,Stationery & Office,Office Supplies,96.13,75.15,NutriPlus
SKU00233,CrispKing Writing Instruments 250g,Stationery & Office,Writing Instruments,120.84,72.32,CrispKing
SKU00234,PureLife Biscuits & Cookies 500ml,Snacks & Confectionery,Biscuits & Cookies,100.0,76.44,PureLife
SKU00235,TrueTaste Rice & Grains 1L,Grocery,Rice & Grains,159.72,123.95,TrueTaste
SKU00236,GreenValley Energy Drinks 500ml,Beverages,Energy Drinks,104.24,73.66,GreenValley
SKU00237,UrbanBite Pulses & Lentils Family Pack,Grocery,Pulses & Lentils,95.24,75.42,UrbanBite
SKU00238,PureLife Footwear 1kg,Apparel & Footwear,Footwear,1766.09,1152.63,PureLife
SKU00239,GreenValley Storage & Containers 250ml,Home & Kitchen,Storage & Containers,1079.74,782.62,GreenValley
SKU00240,FamilyChoice Energy Drinks 1kg,Beverages,Energy Drinks,143.08,79.06,FamilyChoice
SKU00241,GreenValley Mobile Accessories 2kg,Electronics & Accessories,Mobile Accessories,1710.6,1058.3,GreenValley
SKU00242,CityFresh Chips & Crisps 2L,Snacks & Confectionery,Chips & Crisps,218.49,151.11,CityFresh
SKU00243,PureLife Men's Grooming 2kg,Personal Care,Men's Grooming,483.9,372.11,PureLife
SKU00244,EverydayPlus OTC Medicine 2kg,Health & Wellness,OTC Medicine,750.15,591.29,EverydayPlus
SKU00245,FreshFarm Batteries Pack of 12,Electronics & Accessories,Batteries,4025.26,2796.99,FreshFarm
SKU00246,CleanWave Cookware Medium,Home & Kitchen,Cookware,1021.22,780.18,CleanWave
SKU00247,TrueTaste Sugar & Salt 1kg,Grocery,Sugar & Salt,240.33,180.2,TrueTaste
SKU00248,TrueTaste Biscuits & Cookies 250g,Snacks & Confectionery,Biscuits & Cookies,56.31,41.86,TrueTaste
SKU00249,CrispKing Yogurt 1kg,Dairy & Bakery,Yogurt,243.38,140.64,CrispKing
SKU00250,ValueChoice Yogurt 2L,Dairy & Bakery,Yogurt,322.41,215.9,ValueChoice
SKU00251,CityFresh Office Supplies Family Pack,Stationery & Office,Office Supplies,143.83,96.59,CityFresh
SKU00252,GoldenHarvest Kids Wear 500g,Apparel & Footwear,Kids Wear,2006.03,1498.23,GoldenHarvest
SKU00253,PureLife Eggs 100g,Dairy & Bakery,Eggs,279.38,194.6,PureLife
SKU00254,HomeStyle Writing Instruments 1L,Stationery & Office,Writing Instruments,105.55,79.69,HomeStyle
SKU00255,PremiumSelect Laundry Family Pack,Home Care,Laundry,158.86,125.36,PremiumSelect
SKU00256,HomeStyle Frozen Meat 2L,Frozen Foods,Frozen Meat,772.17,531.77,HomeStyle
SKU00257,FreshFarm Air Fresheners Large,Home Care,Air Fresheners,307.75,230.17,FreshFarm
SKU00258,EverydayPlus Coffee Pack of 6,Beverages,Coffee,91.98,63.48,EverydayPlus
SKU00259,SoftTouch Writing Instruments 100g,Stationery & Office,Writing Instruments,249.48,176.24,SoftTouch
SKU00260,HomeStyle Spices & Seasoning 500ml,Grocery,Spices & Seasoning,139.74,93.49,HomeStyle
SKU00261,QuickBite Chips & Crisps Small,Snacks & Confectionery,Chips & Crisps,62.18,49.12,QuickBite
SKU00262,NovaFresh Chocolates 1L,Snacks & Confectionery,Chocolates,170.92,128.94,NovaFresh
SKU00263,CityFresh Bread 500g,Dairy & Bakery,Bread,443.51,327.3,CityFresh
SKU00264,PurePlus Energy Drinks 500g,Beverages,Energy Drinks,242.74,153.51,PurePlus
SKU00265,CleanWave Pulses & Lentils Pack of 6,Grocery,Pulses & Lentils,246.23,165.31,CleanWave
SKU00266,SmartBuy Mobile Accessories 500ml,Electronics & Accessories,Mobile Accessories,4319.42,3307.5,SmartBuy
SKU00267,UrbanBite Writing Instruments 2L,Stationery & Office,Writing Instruments,126.55,99.23,UrbanBite
SKU00268,DailyBest Juices 250ml,Beverages,Juices,165.9,132.62,DailyBest
SKU00269,TrueTaste Bread 250ml,Dairy & Bakery,Bread,170.73,125.25,TrueTaste
SKU00270,DailyBest Ice Cream Pack of 6,Frozen Foods,Ice Cream,521.54,382.14,DailyBest
SKU00271,FamilyChoice Office Supplies 100g,Stationery & Office,Office Supplies,70.38,40.36,FamilyChoice
SKU00272,EverydayPlus Small Appliances 500ml,Electronics & Accessories,Small Appliances,1227.28,905.59,EverydayPlus
SKU00273,FamilyChoice Men's Wear 250ml,Apparel & Footwear,Men's Wear,403.23,256.73,FamilyChoice
SKU00274,GoldenHarvest Frozen Vegetables Small,Frozen Foods,Frozen Vegetables,1066.8,817.34,GoldenHarvest
SKU00275,UrbanBite Dishwashing Pack of 12,Home Care,Dishwashing,188.3,104.09,UrbanBite
SKU00276,NatureBlend Biscuits & Cookies 500ml,Snacks & Confectionery,Biscuits & Cookies,50.27,39.39,NatureBlend
SKU00277,TrueTaste Home Decor 1kg,Home & Kitchen,Home Decor,585.64,392.95,TrueTaste
SKU00278,SmartBuy Men's Wear 1kg,Apparel & Footwear,Men's Wear,1807.84,1052.14,SmartBuy
SKU00279,ZestyCo Rice & Grains 1kg,Grocery,Rice & Grains,109.8,76.89,ZestyCo
SKU00280,PrimeCare Small Appliances 2kg,Electronics & Accessories,Small Appliances,469.64,339.55,PrimeCare
SKU00281,EliteHome Energy Drinks Small,Beverages,Energy Drinks,176.07,131.16,EliteHome
SKU00282,EverydayPlus Mobile Accessories 100g,Electronics & Accessories,Mobile Accessories,3095.83,2245.91,EverydayPlus
SKU00283,GoldenHarvest Women's Wear 100g,Apparel & Footwear,Women's Wear,560.13,385.56,GoldenHarvest
SKU00284,SoftTouch Tea 2L,Beverages,Tea,139.51,79.59,SoftTouch
SKU00285,NutriPlus Surface Cleaners 1kg,Home Care,Surface Cleaners,505.67,387.2,NutriPlus
SKU00286,PurePlus Energy Drinks Medium,Beverages,Energy Drinks,64.45,51.29,PurePlus
SKU00287,CleanWave Frozen Meat Small,Frozen Foods,Frozen Meat,881.37,656.18,CleanWave
SKU00288,FreshFarm Notebooks Small,Stationery & Office,Notebooks,109.0,60.9,FreshFarm
SKU00289,DailyBest Cooking Oil 500ml,Grocery,Cooking Oil,539.37,398.55,DailyBest
SKU00290,GreenValley Oral Care 500ml,Personal Care,Oral Care,235.81,145.59,GreenValley
SKU00291,SunriseFoods Writing Instruments 500ml,Stationery & Office,Writing Instruments,190.44,150.55,SunriseFoods
SKU00292,GreenValley Bread 500g,Dairy & Bakery,Bread,210.98,119.39,GreenValley
SKU00293,CleanWave Energy Drinks 2L,Beverages,Energy Drinks,132.02,75.66,CleanWave
SKU00294,ValueChoice Pest Control Medium,Home Care,Pest Control,235.02,139.92,ValueChoice
SKU00295,FamilyChoice Frozen Meat 1kg,Frozen Foods,Frozen Meat,1026.78,758.06,FamilyChoice
SKU00296,DailyBest First Aid 100g,Health & Wellness,First Aid,685.29,488.51,DailyBest
SKU00297,EverydayPlus Eggs 2L,Dairy & Bakery,Eggs,172.52,126.25,EverydayPlus
SKU00298,GreenValley Writing Instruments 250ml,Stationery & Office,Writing Instruments,383.06,244.57,GreenValley
SKU00299,PrimeCare Frozen Meat Small,Frozen Foods,Frozen Meat,842.06,648.3,PrimeCare
SKU00300,SunriseFoods Cheese Medium,Dairy & Bakery,Cheese,100.55,66.52,SunriseFoods
SKU00301,HealthFirst Notebooks Family Pack,Stationery & Office,Notebooks,316.89,184.91,HealthFirst
SKU00302,EverydayPlus Office Supplies 250ml,Stationery & Office,Office Supplies,299.91,222.49,EverydayPlus
SKU00303,NatureBlend Pest Control Large,Home Care,Pest Control,257.35,175.61,NatureBlend
SKU00304,UrbanBite Spices & Seasoning 250g,Grocery,Spices & Seasoning,377.93,263.93,UrbanBite
SKU00305,PurePlus Vitamins & Supplements 250ml,Health & Wellness,Vitamins & Supplements,493.11,318.69,PurePlus
SKU00306,NovaFresh Frozen Vegetables 1kg,Frozen Foods,Frozen Vegetables,300.86,218.93,NovaFresh
SKU00307,CleanWave Soft Drinks Large,Beverages,Soft Drinks,209.82,117.27,CleanWave
SKU00308,HomeStyle First Aid Pack of 6,Health & Wellness,First Aid,341.35,229.66,HomeStyle
SKU00309,DailyBest Storage & Containers 250ml,Home & Kitchen,Storage & Containers,1579.63,1037.48,DailyBest
SKU00310,GoldenHarvest Energy Drinks 500g,Beverages,Energy Drinks,77.52,57.1,GoldenHarvest
SKU00311,CityFresh Small Appliances Small,Electronics & Accessories,Small Appliances,2295.88,1415.33,CityFresh
SKU00312,BasicNeeds Soft Drinks Pack of 6,Beverages,Soft Drinks,61.56,37.45,BasicNeeds
SKU00313,NovaFresh Small Appliances Medium,Electronics & Accessories,Small Appliances,878.76,553.58,NovaFresh
SKU00314,SmartBuy Dishwashing 500ml,Home Care,Dishwashing,407.17,272.86,SmartBuy
SKU00315,CrispKing Pulses & Lentils 500g,Grocery,Pulses & Lentils,384.54,231.67,CrispKing
SKU00316,PrimeCare Writing Instruments 250ml,Stationery & Office,Writing Instruments,126.16,90.97,PrimeCare
SKU00317,ZestyCo Soft Drinks Pack of 6,Beverages,Soft Drinks,110.59,69.99,ZestyCo
SKU00318,PrimeCare First Aid 1kg,Health & Wellness,First Aid,826.51,541.68,PrimeCare
SKU00319,TrueTaste Chocolates 250g,Snacks & Confectionery,Chocolates,129.05,88.97,TrueTaste
SKU00320,SparkleClean Notebooks Medium,Stationery & Office,Notebooks,136.66,88.04,SparkleClean
SKU00321,EliteHome Batteries 1L,Electronics & Accessories,Batteries,736.71,534.34,EliteHome
SKU00322,NutriPlus Women's Wear 250ml,Apparel & Footwear,Women's Wear,358.99,256.34,NutriPlus
SKU00323,SparkleClean Air Fresheners 2L,Home Care,Air Fresheners,270.82,200.19,SparkleClean
SKU00324,HomeStyle Laundry Small,Home Care,Laundry,498.27,339.2,HomeStyle
SKU00325,SoftTouch Vitamins & Supplements 100g,Health & Wellness,Vitamins & Supplements,631.5,405.33,SoftTouch
SKU00326,GreenValley Kids Wear 500ml,Apparel & Footwear,Kids Wear,1341.29,805.15,GreenValley
SKU00327,SparkleClean Cookware 1kg,Home & Kitchen,Cookware,465.24,306.7,SparkleClean
SKU00328,EverydayPlus Spices & Seasoning 250g,Grocery,Spices & Seasoning,204.97,157.47,EverydayPlus
SKU00329,QuickBite Vitamins & Supplements 100g,Health & Wellness,Vitamins & Supplements,1198.32,695.33,QuickBite
SKU00330,ValueChoice Tea 500ml,Beverages,Tea,87.32,52.73,ValueChoice
SKU00331,FreshFarm Yogurt 2L,Dairy & Bakery,Yogurt,150.41,107.74,FreshFarm
SKU00332,UrbanBite Men's Wear 1L,Apparel & Footwear,Men's Wear,1670.05,1158.58,UrbanBite
SKU00333,CityFresh Cheese Small,Dairy & Bakery,Cheese,61.52,47.93,CityFresh
SKU00334,FreshFarm Footwear 500ml,Apparel & Footwear,Footwear,1477.45,823.32,FreshFarm
SKU00335,GreenValley Surface Cleaners 2L,Home Care,Surface Cleaners,268.31,206.5,GreenValley
SKU00336,ZestyCo Chips & Crisps Medium,Snacks & Confectionery,Chips & Crisps,53.08,38.82,ZestyCo
SKU00337,SmartBuy Hair Care Pack of 6,Personal Care,Hair Care,376.07,279.75,SmartBuy
SKU00338,GoldenHarvest Ready Meals Large,Frozen Foods,Ready Meals,741.21,477.83,GoldenHarvest
SKU00339,CityFresh Footwear 1kg,Apparel & Footwear,Footwear,1884.44,1181.23,CityFresh
SKU00340,EverydayPlus First Aid Small,Health & Wellness,First Aid,234.66,129.91,EverydayPlus
SKU00341,PremiumSelect Writing Instruments Pack of 12,Stationery & Office,Writing Instruments,95.64,71.43,PremiumSelect
SKU00342,QuickBite Home Decor 2L,Home & Kitchen,Home Decor,229.07,135.24,QuickBite
SKU00343,PurePlus Men's Wear 100g,Apparel & Footwear,Men's Wear,2593.67,1573.14,PurePlus
SKU00344,MetroBrand Vitamins & Supplements 2L,Health & Wellness,Vitamins & Supplements,608.7,376.87,MetroBrand
SKU00345,PrimeCare Eggs Medium,Dairy & Bakery,Eggs,289.92,222.49,PrimeCare
SKU00346,CrispKing Skin Care Pack of 6,Personal Care,Skin Care,379.17,235.83,CrispKing
SKU00347,ValueChoice Coffee 100g,Beverages,Coffee,154.46,101.39,ValueChoice
SKU00348,GreenValley Oral Care 2kg,Personal Care,Oral Care,686.28,505.68,GreenValley
SKU00349,PureLife Office Supplies 2L,Stationery & Office,Office Supplies,240.42,185.86,PureLife
SKU00350,BasicNeeds Laundry Medium,Home Care,Laundry,492.43,368.24,BasicNeeds
SKU00351,DailyBest Energy Drinks 500ml,Beverages,Energy Drinks,113.72,77.77,DailyBest
SKU00352,SunriseFoods Vitamins & Supplements Medium,Health & Wellness,Vitamins & Supplements,816.17,449.34,SunriseFoods
SKU00353,QuickBite Notebooks Small,Stationery & Office,Notebooks,69.57,41.01,QuickBite
SKU00354,PurePlus Home Decor 2kg,Home & Kitchen,Home Decor,1108.74,680.1,PurePlus
SKU00355,SoftTouch Bread 500g,Dairy & Bakery,Bread,144.21,94.23,SoftTouch
SKU00356,GoldenHarvest Pest Control Large,Home Care,Pest Control,335.1,214.65,GoldenHarvest
SKU00357,PurePlus Frozen Vegetables 2L,Frozen Foods,Frozen Vegetables,395.07,268.1,PurePlus
SKU00358,BasicNeeds Chips & Crisps Medium,Snacks & Confectionery,Chips & Crisps,165.98,108.39,BasicNeeds
SKU00359,EverydayPlus Bread Large,Dairy & Bakery,Bread,210.99,154.34,EverydayPlus
SKU00360,TrueTaste Candy 500ml,Snacks & Confectionery,Candy,86.25,48.56,TrueTaste
SKU00361,EliteHome Writing Instruments 100g,Stationery & Office,Writing Instruments,150.12,119.9,EliteHome
SKU00362,FamilyChoice Small Appliances Large,Electronics & Accessories,Small Appliances,1778.33,1352.89,FamilyChoice
SKU00363,CityFresh Home Decor 2L,Home & Kitchen,Home Decor,1103.75,699.49,CityFresh
SKU00364,NutriPlus Footwear 250g,Apparel & Footwear,Footwear,2618.33,1699.82,NutriPlus
SKU00365,CleanWave Writing Instruments 1L,Stationery & Office,Writing Instruments,78.0,61.69,CleanWave
SKU00366,PrimeCare Coffee 100g,Beverages,Coffee,197.31,154.68,PrimeCare
SKU00367,BasicNeeds Storage & Containers 2kg,Home & Kitchen,Storage & Containers,1853.07,1201.33,BasicNeeds
SKU00368,PrimeCare Spices & Seasoning 250ml,Grocery,Spices & Seasoning,255.9,144.56,PrimeCare
SKU00369,MetroBrand Surface Cleaners 500ml,Home Care,Surface Cleaners,368.93,294.03,MetroBrand
SKU00370,HomeStyle First Aid 2L,Health & Wellness,First Aid,680.89,485.77,HomeStyle
SKU00371,CityFresh Oral Care Medium,Personal Care,Oral Care,515.75,373.02,CityFresh
SKU00372,QuickBite Tea 250ml,Beverages,Tea,44.47,27.51,QuickBite
SKU00373,ZestyCo Namkeen Small,Snacks & Confectionery,Namkeen,84.32,63.63,ZestyCo
SKU00374,EliteHome Footwear Family Pack,Apparel & Footwear,Footwear,1189.97,820.33,EliteHome
SKU00375,PrimeCare Bread Small,Dairy & Bakery,Bread,115.0,76.77,PrimeCare
SKU00376,UrbanBite Milk 1kg,Dairy & Bakery,Milk,207.45,152.54,UrbanBite
SKU00377,FamilyChoice Writing Instruments Pack of 12,Stationery & Office,Writing Instruments,209.39,134.63,FamilyChoice
SKU00378,FamilyChoice Juices 2kg,Beverages,Juices,224.48,147.56,FamilyChoice
SKU00379,PremiumSelect Cookware 1L,Home & Kitchen,Cookware,1000.76,713.62,PremiumSelect
SKU00380,SoftTouch Notebooks Pack of 6,Stationery & Office,Notebooks,293.11,208.08,SoftTouch
SKU00381,GoldenHarvest First Aid 2kg,Health & Wellness,First Aid,879.76,697.47,GoldenHarvest
SKU00382,PurePlus Energy Drinks 100g,Beverages,Energy Drinks,104.56,72.22,PurePlus
SKU00383,SparkleClean Tea Medium,Beverages,Tea,124.69,78.59,SparkleClean
SKU00384,ZestyCo Butter & Ghee Pack of 12,Dairy & Bakery,Butter & Ghee,190.85,118.68,ZestyCo
SKU00385,FamilyChoice Frozen Vegetables 250g,Frozen Foods,Frozen Vegetables,380.41,260.01,FamilyChoice
SKU00386,FamilyChoice Coffee 250ml,Beverages,Coffee,139.48,80.88,FamilyChoice
SKU00387,GreenValley Laundry 1kg,Home Care,Laundry,632.96,441.19,GreenValley
SKU00388,SmartBuy Energy Drinks Family Pack,Beverages,Energy Drinks,63.62,41.2,SmartBuy
SKU00389,UrbanBite Ready Meals Family Pack,Frozen Foods,Ready Meals,644.49,411.18,UrbanBite
SKU00390,SunriseFoods Sugar & Salt Pack of 12,Grocery,Sugar & Salt,437.62,261.75,SunriseFoods
SKU00391,SunriseFoods Mobile Accessories 500ml,Electronics & Accessories,Mobile Accessories,1207.83,813.9,SunriseFoods
SKU00392,NatureBlend Rice & Grains 100g,Grocery,Rice & Grains,495.32,277.09,NatureBlend
SKU00393,QuickBite Biscuits & Cookies 1kg,Snacks & Confectionery,Biscuits & Cookies,88.75,62.28,QuickBite
SKU00394,FamilyChoice Namkeen 250g,Snacks & Confectionery,Namkeen,102.95,63.97,FamilyChoice
SKU00395,EliteHome Men's Wear Small,Apparel & Footwear,Men's Wear,1103.12,856.32,EliteHome
SKU00396,BasicNeeds Sugar & Salt 250g,Grocery,Sugar & Salt,394.96,269.2,BasicNeeds
SKU00397,PremiumSelect Laundry Pack of 12,Home Care,Laundry,120.96,90.13,PremiumSelect
SKU00398,PremiumSelect Vitamins & Supplements Family Pack,Health & Wellness,Vitamins & Supplements,522.36,398.45,PremiumSelect
SKU00399,PrimeCare Frozen Vegetables 2kg,Frozen Foods,Frozen Vegetables,499.36,384.38,PrimeCare
SKU00400,SoftTouch Small Appliances Pack of 12,Electronics & Accessories,Small Appliances,1799.17,1381.15,SoftTouch
SKU00401,CityFresh Kids Wear Large,Apparel & Footwear,Kids Wear,1129.62,684.96,CityFresh
SKU00402,TrueTaste Hair Care 500ml,Personal Care,Hair Care,723.68,452.9,TrueTaste
SKU00403,SmartBuy Kids Wear 500ml,Apparel & Footwear,Kids Wear,878.1,638.37,SmartBuy
SKU00404,EliteHome Bread 1kg,Dairy & Bakery,Bread,230.08,157.47,EliteHome
SKU00405,SmartBuy Writing Instruments 500ml,Stationery & Office,Writing Instruments,125.94,88.45,SmartBuy
SKU00406,SparkleClean Ice Cream Large,Frozen Foods,Ice Cream,373.11,268.43,SparkleClean
SKU00407,TrueTaste Mobile Accessories Pack of 6,Electronics & Accessories,Mobile Accessories,2769.83,1602.52,TrueTaste
SKU00408,HomeStyle Cookware 1kg,Home & Kitchen,Cookware,1499.98,888.1,HomeStyle
SKU00409,EliteHome Kids Wear 1L,Apparel & Footwear,Kids Wear,1557.01,1104.63,EliteHome
SKU00410,SparkleClean Cookware Pack of 12,Home & Kitchen,Cookware,1081.09,763.62,SparkleClean
SKU00411,TrueTaste Frozen Meat 250g,Frozen Foods,Frozen Meat,239.07,180.34,TrueTaste
SKU00412,NatureBlend Rice & Grains Small,Grocery,Rice & Grains,627.15,453.71,NatureBlend
SKU00413,ZestyCo Air Fresheners 1kg,Home Care,Air Fresheners,173.64,104.52,ZestyCo
SKU00414,ZestyCo Chips & Crisps 2kg,Snacks & Confectionery,Chips & Crisps,47.09,26.72,ZestyCo
SKU00415,CityFresh Cookware 500ml,Home & Kitchen,Cookware,1769.39,1146.13,CityFresh
SKU00416,CityFresh Namkeen 1L,Snacks & Confectionery,Namkeen,75.12,48.29,CityFresh
SKU00417,HomeStyle Biscuits & Cookies Large,Snacks & Confectionery,Biscuits & Cookies,40.43,29.99,HomeStyle
SKU00418,SoftTouch Biscuits & Cookies 1kg,Snacks & Confectionery,Biscuits & Cookies,55.14,39.58,SoftTouch
SKU00419,NatureBlend Vitamins & Supplements 1kg,Health & Wellness,Vitamins & Supplements,509.64,391.43,NatureBlend
SKU00420,HomeStyle Frozen Vegetables 250ml,Frozen Foods,Frozen Vegetables,438.73,296.61,HomeStyle
SKU00421,HealthFirst Office Supplies Medium,Stationery & Office,Office Supplies,52.21,32.48,HealthFirst
SKU00422,GreenValley Bath & Body Family Pack,Personal Care,Bath & Body,276.63,187.02,GreenValley
SKU00423,HomeStyle Cheese 500ml,Dairy & Bakery,Cheese,109.08,65.87,HomeStyle
SKU00424,HealthFirst Spices & Seasoning Pack of 12,Grocery,Spices & Seasoning,389.99,220.4,HealthFirst
SKU00425,NutriPlus Spices & Seasoning Large,Grocery,Spices & Seasoning,209.07,141.11,NutriPlus
SKU00426,ValueChoice Oral Care Medium,Personal Care,Oral Care,605.61,395.71,ValueChoice
SKU00427,PremiumSelect Writing Instruments Pack of 12,Stationery & Office,Writing Instruments,290.82,162.29,PremiumSelect
SKU00428,ZestyCo Ready Meals 2L,Frozen Foods,Ready Meals,754.79,551.24,ZestyCo
SKU00429,MetroBrand Storage & Containers Family Pack,Home & Kitchen,Storage & Containers,582.88,414.48,MetroBrand
SKU00430,NutriPlus Bottled Water 1kg,Beverages,Bottled Water,146.59,83.33,NutriPlus
SKU00431,TrueTaste Tea 250ml,Beverages,Tea,123.61,89.93,TrueTaste
SKU00432,ZestyCo Home Decor Pack of 12,Home & Kitchen,Home Decor,1977.65,1128.66,ZestyCo
SKU00433,QuickBite Coffee 100g,Beverages,Coffee,147.9,100.49,QuickBite
SKU00434,EverydayPlus Rice & Grains 1L,Grocery,Rice & Grains,206.78,145.9,EverydayPlus
SKU00435,ValueChoice Oral Care Medium,Personal Care,Oral Care,384.45,259.41,ValueChoice
SKU00436,PremiumSelect Office Supplies 500g,Stationery & Office,Office Supplies,146.23,107.75,PremiumSelect
SKU00437,SoftTouch Mobile Accessories Medium,Electronics & Accessories,Mobile Accessories,509.53,329.36,SoftTouch
SKU00438,PureLife Energy Drinks 500ml,Beverages,Energy Drinks,90.72,54.73,PureLife
SKU00439,NatureBlend Home Decor Medium,Home & Kitchen,Home Decor,786.51,528.22,NatureBlend
SKU00440,TrueTaste Home Decor Pack of 6,Home & Kitchen,Home Decor,398.41,253.21,TrueTaste
SKU00441,CityFresh Men's Wear 500g,Apparel & Footwear,Men's Wear,2730.45,1605.01,CityFresh
SKU00442,EliteHome Storage & Containers Small,Home & Kitchen,Storage & Containers,1105.86,738.46,EliteHome
SKU00443,FreshFarm Chocolates 100g,Snacks & Confectionery,Chocolates,89.0,53.43,FreshFarm
SKU00444,CityFresh Writing Instruments 1kg,Stationery & Office,Writing Instruments,165.41,110.42,CityFresh
SKU00445,QuickBite Yogurt Large,Dairy & Bakery,Yogurt,87.15,60.84,QuickBite
SKU00446,GoldenHarvest Women's Wear Large,Apparel & Footwear,Women's Wear,2586.83,1928.61,GoldenHarvest
SKU00447,ZestyCo Ice Cream 100g,Frozen Foods,Ice Cream,198.19,151.28,ZestyCo
SKU00448,GoldenHarvest Kids Wear 250ml,Apparel & Footwear,Kids Wear,1318.48,945.4,GoldenHarvest
SKU00449,PremiumSelect OTC Medicine 250g,Health & Wellness,OTC Medicine,1254.12,969.92,PremiumSelect
SKU00450,DailyBest OTC Medicine 2kg,Health & Wellness,OTC Medicine,828.83,571.43,DailyBest
SKU00451,TrueTaste First Aid Family Pack,Health & Wellness,First Aid,1079.22,785.25,TrueTaste
SKU00452,ValueChoice Footwear 500g,Apparel & Footwear,Footwear,957.94,711.36,ValueChoice
SKU00453,DailyBest Mobile Accessories Pack of 6,Electronics & Accessories,Mobile Accessories,382.55,289.29,DailyBest
SKU00454,NutriPlus Bottled Water Medium,Beverages,Bottled Water,79.58,58.73,NutriPlus
SKU00455,TrueTaste Kids Wear Large,Apparel & Footwear,Kids Wear,1343.21,1041.8,TrueTaste
SKU00456,SparkleClean Frozen Vegetables 250ml,Frozen Foods,Frozen Vegetables,291.76,194.96,SparkleClean
SKU00457,MetroBrand Butter & Ghee Pack of 12,Dairy & Bakery,Butter & Ghee,265.45,209.27,MetroBrand
SKU00458,CleanWave Ice Cream 1L,Frozen Foods,Ice Cream,452.69,294.28,CleanWave
SKU00459,UrbanBite Writing Instruments 250g,Stationery & Office,Writing Instruments,147.1,83.49,UrbanBite
SKU00460,NovaFresh Cookware 1kg,Home & Kitchen,Cookware,1558.84,928.33,NovaFresh
SKU00461,CleanWave Cookware Small,Home & Kitchen,Cookware,695.12,479.33,CleanWave
SKU00462,NutriPlus Dishwashing Pack of 12,Home Care,Dishwashing,241.55,133.73,NutriPlus
SKU00463,PurePlus Kids Wear 1L,Apparel & Footwear,Kids Wear,1727.58,1018.15,PurePlus
SKU00464,CityFresh Hair Care Small,Personal Care,Hair Care,443.86,285.63,CityFresh
SKU00465,EliteHome Batteries Pack of 12,Electronics & Accessories,Batteries,1563.0,1103.59,EliteHome
SKU00466,FreshFarm OTC Medicine 250ml,Health & Wellness,OTC Medicine,1233.12,729.25,FreshFarm
SKU00467,NatureBlend Namkeen 2kg,Snacks & Confectionery,Namkeen,90.38,62.7,NatureBlend
SKU00468,HomeStyle Cheese Family Pack,Dairy & Bakery,Cheese,100.74,72.11,HomeStyle
SKU00469,NatureBlend Sugar & Salt Family Pack,Grocery,Sugar & Salt,152.95,113.32,NatureBlend
SKU00470,FreshFarm Soft Drinks 100g,Beverages,Soft Drinks,50.55,36.15,FreshFarm
SKU00471,SoftTouch Laundry Small,Home Care,Laundry,344.74,211.16,SoftTouch
SKU00472,PrimeCare Laundry 250g,Home Care,Laundry,342.83,274.04,PrimeCare
SKU00473,CityFresh Juices Medium,Beverages,Juices,111.63,86.19,CityFresh
SKU00474,GoldenHarvest Pest Control 2L,Home Care,Pest Control,102.76,66.11,GoldenHarvest
SKU00475,CityFresh Vitamins & Supplements Pack of 12,Health & Wellness,Vitamins & Supplements,685.08,381.79,CityFresh
SKU00476,CleanWave Namkeen Pack of 12,Snacks & Confectionery,Namkeen,206.08,140.58,CleanWave
SKU00477,FreshFarm Oral Care Pack of 6,Personal Care,Oral Care,131.43,100.71,FreshFarm
SKU00478,QuickBite Skin Care 1kg,Personal Care,Skin Care,449.91,339.9,QuickBite
SKU00479,PureLife Frozen Meat Medium,Frozen Foods,Frozen Meat,660.82,511.73,PureLife
SKU00480,CleanWave Skin Care 2L,Personal Care,Skin Care,217.56,172.39,CleanWave
SKU00481,UrbanBite Batteries 2L,Electronics & Accessories,Batteries,1346.77,980.79,UrbanBite
SKU00482,SoftTouch Bread 2kg,Dairy & Bakery,Bread,212.18,125.31,SoftTouch
SKU00483,ValueChoice Surface Cleaners 100g,Home Care,Surface Cleaners,180.8,101.09,ValueChoice
SKU00484,PurePlus Hair Care 2L,Personal Care,Hair Care,179.04,105.25,PurePlus
SKU00485,DailyBest Namkeen 250ml,Snacks & Confectionery,Namkeen,50.23,30.15,DailyBest
SKU00486,SmartBuy Batteries Pack of 6,Electronics & Accessories,Batteries,2425.84,1371.44,SmartBuy
SKU00487,PurePlus Biscuits & Cookies 250ml,Snacks & Confectionery,Biscuits & Cookies,209.96,139.28,PurePlus
SKU00488,PrimeCare Butter & Ghee Family Pack,Dairy & Bakery,Butter & Ghee,289.84,216.21,PrimeCare
SKU00489,TrueTaste Men's Wear Pack of 12,Apparel & Footwear,Men's Wear,1823.85,1005.06,TrueTaste
SKU00490,ZestyCo Office Supplies 500ml,Stationery & Office,Office Supplies,240.88,180.88,ZestyCo
SKU00491,SunriseFoods Small Appliances Pack of 12,Electronics & Accessories,Small Appliances,801.0,625.84,SunriseFoods
SKU00492,DailyBest Cookware Pack of 6,Home & Kitchen,Cookware,1126.69,662.49,DailyBest
SKU00493,HealthFirst Home Decor Pack of 6,Home & Kitchen,Home Decor,391.9,217.64,HealthFirst
SKU00494,QuickBite Air Fresheners 2L,Home Care,Air Fresheners,320.97,215.0,QuickBite
SKU00495,PremiumSelect Kids Wear Large,Apparel & Footwear,Kids Wear,1685.32,1292.86,PremiumSelect
SKU00496,PremiumSelect Milk 2kg,Dairy & Bakery,Milk,313.44,230.13,PremiumSelect
SKU00497,CleanWave Pest Control 500ml,Home Care,Pest Control,399.27,223.06,CleanWave
SKU00498,PurePlus Ready Meals 1kg,Frozen Foods,Ready Meals,564.17,405.25,PurePlus
SKU00499,CleanWave Office Supplies 2L,Stationery & Office,Office Supplies,110.32,83.23,CleanWave
SKU00500,UrbanBite Home Decor Family Pack,Home & Kitchen,Home Decor,1264.58,781.21,UrbanBite
SKU00501,MetroBrand Pest Control Pack of 6,Home Care,Pest Control,399.18,284.76,MetroBrand
SKU00502,UrbanBite OTC Medicine 1kg,Health & Wellness,OTC Medicine,898.08,604.85,UrbanBite
SKU00503,SmartBuy Chips & Crisps Large,Snacks & Confectionery,Chips & Crisps,114.18,68.67,SmartBuy
SKU00504,NutriPlus Women's Wear Small,Apparel & Footwear,Women's Wear,1466.31,1136.94,NutriPlus
SKU00505,GoldenHarvest Frozen Vegetables 500ml,Frozen Foods,Frozen Vegetables,353.96,214.41,GoldenHarvest
SKU00506,SmartBuy Frozen Vegetables 500g,Frozen Foods,Frozen Vegetables,319.73,243.03,SmartBuy
SKU00507,HealthFirst Footwear 500ml,Apparel & Footwear,Footwear,1588.92,1152.62,HealthFirst
SKU00508,EverydayPlus OTC Medicine Medium,Health & Wellness,OTC Medicine,567.86,343.68,EverydayPlus
SKU00509,UrbanBite Flour & Atta 2L,Grocery,Flour & Atta,238.23,173.39,UrbanBite
SKU00510,CleanWave Eggs 500g,Dairy & Bakery,Eggs,208.61,116.09,CleanWave
SKU00511,EliteHome Chips & Crisps 500g,Snacks & Confectionery,Chips & Crisps,172.85,105.28,EliteHome
SKU00512,TrueTaste Mobile Accessories Family Pack,Electronics & Accessories,Mobile Accessories,2201.13,1367.67,TrueTaste
SKU00513,GoldenHarvest Sugar & Salt 500ml,Grocery,Sugar & Salt,234.2,180.87,GoldenHarvest
SKU00514,TrueTaste Chocolates Pack of 12,Snacks & Confectionery,Chocolates,105.37,82.07,TrueTaste
SKU00515,FreshFarm First Aid 250ml,Health & Wellness,First Aid,1273.91,786.96,FreshFarm
SKU00516,GoldenHarvest Batteries 250g,Electronics & Accessories,Batteries,2155.25,1441.14,GoldenHarvest
SKU00517,EverydayPlus Frozen Vegetables 500ml,Frozen Foods,Frozen Vegetables,465.51,370.27,EverydayPlus
SKU00518,UrbanBite Home Decor Pack of 12,Home & Kitchen,Home Decor,374.69,268.46,UrbanBite
SKU00519,PrimeCare Office Supplies 250ml,Stationery & Office,Office Supplies,71.95,40.83,PrimeCare
SKU00520,CleanWave Coffee Pack of 6,Beverages,Coffee,47.04,30.48,CleanWave
SKU00521,FreshFarm Writing Instruments 500ml,Stationery & Office,Writing Instruments,288.5,189.07,FreshFarm
SKU00522,HealthFirst First Aid 250ml,Health & Wellness,First Aid,140.65,88.13,HealthFirst
SKU00523,ZestyCo OTC Medicine 1kg,Health & Wellness,OTC Medicine,370.6,252.0,ZestyCo
SKU00524,PureLife Tea 1kg,Beverages,Tea,353.73,259.64,PureLife
SKU00525,SparkleClean First Aid 1kg,Health & Wellness,First Aid,950.93,687.4,SparkleClean
SKU00526,QuickBite Mobile Accessories Pack of 12,Electronics & Accessories,Mobile Accessories,2874.88,1833.85,QuickBite
SKU00527,FreshFarm Ice Cream 250ml,Frozen Foods,Ice Cream,763.4,560.46,FreshFarm
SKU00528,BasicNeeds Bottled Water Small,Beverages,Bottled Water,210.21,143.68,BasicNeeds
SKU00529,GoldenHarvest Ice Cream 2kg,Frozen Foods,Ice Cream,604.91,449.07,GoldenHarvest
SKU00530,FreshFarm Notebooks 2kg,Stationery & Office,Notebooks,66.34,38.38,FreshFarm
SKU00531,FamilyChoice Mobile Accessories Large,Electronics & Accessories,Mobile Accessories,2949.96,1920.98,FamilyChoice
SKU00532,CleanWave Coffee Large,Beverages,Coffee,94.81,61.5,CleanWave
SKU00533,PureLife Writing Instruments 500ml,Stationery & Office,Writing Instruments,114.47,73.03,PureLife
SKU00534,PurePlus Writing Instruments 2kg,Stationery & Office,Writing Instruments,171.95,124.58,PurePlus
SKU00535,NutriPlus Chocolates Pack of 12,Snacks & Confectionery,Chocolates,189.1,130.34,NutriPlus
SKU00536,FamilyChoice Women's Wear 250g,Apparel & Footwear,Women's Wear,3347.29,2163.93,FamilyChoice
SKU00537,SparkleClean Bath & Body 500ml,Personal Care,Bath & Body,183.18,125.31,SparkleClean
SKU00538,EliteHome Vitamins & Supplements 2L,Health & Wellness,Vitamins & Supplements,1101.07,799.48,EliteHome
SKU00539,PremiumSelect Air Fresheners Pack of 12,Home Care,Air Fresheners,199.63,143.49,PremiumSelect
SKU00540,FreshFarm Men's Wear 250g,Apparel & Footwear,Men's Wear,3406.69,2521.52,FreshFarm
SKU00541,SoftTouch Writing Instruments 100g,Stationery & Office,Writing Instruments,161.25,123.01,SoftTouch
SKU00542,DailyBest Kids Wear 2kg,Apparel & Footwear,Kids Wear,1367.3,1004.76,DailyBest
SKU00543,PureLife Office Supplies 250g,Stationery & Office,Office Supplies,346.85,206.39,PureLife
SKU00544,SparkleClean Notebooks 1L,Stationery & Office,Notebooks,198.03,150.83,SparkleClean
SKU00545,TrueTaste Tea Large,Beverages,Tea,88.18,55.82,TrueTaste
SKU00546,TrueTaste Milk 2kg,Dairy & Bakery,Milk,130.86,93.76,TrueTaste
SKU00547,GreenValley Mobile Accessories 500ml,Electronics & Accessories,Mobile Accessories,1170.39,933.67,GreenValley
SKU00548,QuickBite OTC Medicine 1kg,Health & Wellness,OTC Medicine,910.03,567.55,QuickBite
SKU00549,TrueTaste Spices & Seasoning 100g,Grocery,Spices & Seasoning,161.24,99.57,TrueTaste
SKU00550,CrispKing Bottled Water Pack of 12,Beverages,Bottled Water,141.29,84.14,CrispKing
SKU00551,SunriseFoods Ice Cream 1kg,Frozen Foods,Ice Cream,771.74,614.32,SunriseFoods
SKU00552,SmartBuy First Aid 2L,Health & Wellness,First Aid,775.4,509.23,SmartBuy
SKU00553,PrimeCare Biscuits & Cookies Pack of 12,Snacks & Confectionery,Biscuits & Cookies,159.88,119.27,PrimeCare
SKU00554,TrueTaste Chocolates Medium,Snacks & Confectionery,Chocolates,88.32,49.66,TrueTaste
SKU00555,MetroBrand Juices 500g,Beverages,Juices,77.66,46.22,MetroBrand
SKU00556,QuickBite Ready Meals 2L,Frozen Foods,Ready Meals,883.8,500.05,QuickBite
SKU00557,NutriPlus Cooking Oil Large,Grocery,Cooking Oil,296.24,223.34,NutriPlus
SKU00558,QuickBite Frozen Meat 1L,Frozen Foods,Frozen Meat,917.53,529.08,QuickBite
SKU00559,HealthFirst Surface Cleaners 100g,Home Care,Surface Cleaners,118.81,92.77,HealthFirst
SKU00560,SmartBuy Air Fresheners 1kg,Home Care,Air Fresheners,329.64,236.0,SmartBuy
SKU00561,FreshFarm Mobile Accessories Small,Electronics & Accessories,Mobile Accessories,1956.31,1520.81,FreshFarm
SKU00562,SmartBuy Ready Meals Small,Frozen Foods,Ready Meals,483.35,315.25,SmartBuy
SKU00563,NutriPlus Batteries 2kg,Electronics & Accessories,Batteries,1115.59,760.18,NutriPlus
SKU00564,EliteHome Kids Wear 500g,Apparel & Footwear,Kids Wear,1332.43,742.02,EliteHome
SKU00565,ZestyCo Office Supplies 2kg,Stationery & Office,Office Supplies,336.31,224.14,ZestyCo
SKU00566,PrimeCare Women's Wear 1kg,Apparel & Footwear,Women's Wear,1220.47,851.5,PrimeCare
SKU00567,QuickBite Frozen Vegetables Small,Frozen Foods,Frozen Vegetables,530.96,305.38,QuickBite
SKU00568,CleanWave Air Fresheners Medium,Home Care,Air Fresheners,194.42,154.62,CleanWave
SKU00569,FreshFarm Chips & Crisps 100g,Snacks & Confectionery,Chips & Crisps,44.86,24.72,FreshFarm
SKU00570,BasicNeeds First Aid Small,Health & Wellness,First Aid,768.86,474.28,BasicNeeds
SKU00571,PrimeCare Energy Drinks Small,Beverages,Energy Drinks,256.2,180.34,PrimeCare
SKU00572,QuickBite Writing Instruments Pack of 6,Stationery & Office,Writing Instruments,299.2,201.78,QuickBite
SKU00573,NovaFresh Home Decor Large,Home & Kitchen,Home Decor,247.12,150.69,NovaFresh
SKU00574,DailyBest Tea 100g,Beverages,Tea,120.48,95.99,DailyBest
SKU00575,PremiumSelect Men's Wear Pack of 12,Apparel & Footwear,Men's Wear,2920.7,1744.3,PremiumSelect
SKU00576,UrbanBite Juices 250g,Beverages,Juices,126.16,87.31,UrbanBite
SKU00577,HealthFirst Batteries Large,Electronics & Accessories,Batteries,1637.0,947.78,HealthFirst
SKU00578,SmartBuy Soft Drinks 1L,Beverages,Soft Drinks,114.92,64.82,SmartBuy
SKU00579,SunriseFoods Surface Cleaners 250g,Home Care,Surface Cleaners,376.03,252.68,SunriseFoods
SKU00580,FamilyChoice First Aid Small,Health & Wellness,First Aid,998.77,750.25,FamilyChoice
SKU00581,PrimeCare Small Appliances Small,Electronics & Accessories,Small Appliances,1265.07,863.83,PrimeCare
SKU00582,NatureBlend Laundry 500ml,Home Care,Laundry,115.54,72.03,NatureBlend
SKU00583,GoldenHarvest Office Supplies 2kg,Stationery & Office,Office Supplies,249.78,138.42,GoldenHarvest
SKU00584,PrimeCare Women's Wear 100g,Apparel & Footwear,Women's Wear,2331.51,1830.55,PrimeCare
SKU00585,SoftTouch Namkeen Large,Snacks & Confectionery,Namkeen,34.85,21.01,SoftTouch
SKU00586,HealthFirst Batteries 500g,Electronics & Accessories,Batteries,2458.28,1705.17,HealthFirst
SKU00587,PurePlus Mobile Accessories Medium,Electronics & Accessories,Mobile Accessories,4540.18,2514.72,PurePlus
SKU00588,BasicNeeds Men's Grooming 2L,Personal Care,Men's Grooming,189.7,108.94,BasicNeeds
SKU00589,NovaFresh Mobile Accessories Pack of 12,Electronics & Accessories,Mobile Accessories,529.72,313.88,NovaFresh
SKU00590,ZestyCo Cookware Pack of 12,Home & Kitchen,Cookware,412.67,238.56,ZestyCo
SKU00591,EliteHome Footwear Medium,Apparel & Footwear,Footwear,721.88,492.82,EliteHome
SKU00592,UrbanBite Kids Wear 100g,Apparel & Footwear,Kids Wear,2203.73,1430.8,UrbanBite
SKU00593,SunriseFoods OTC Medicine Family Pack,Health & Wellness,OTC Medicine,760.94,570.95,SunriseFoods
SKU00594,CityFresh Butter & Ghee 100g,Dairy & Bakery,Butter & Ghee,307.64,178.14,CityFresh
SKU00595,BasicNeeds Men's Wear Family Pack,Apparel & Footwear,Men's Wear,2693.97,1772.0,BasicNeeds
SKU00596,NovaFresh Skin Care 1kg,Personal Care,Skin Care,468.99,308.16,NovaFresh
SKU00597,EliteHome Frozen Meat Medium,Frozen Foods,Frozen Meat,655.29,398.22,EliteHome
SKU00598,EliteHome Cheese 250g,Dairy & Bakery,Cheese,155.38,89.19,EliteHome
SKU00599,DailyBest Yogurt 500ml,Dairy & Bakery,Yogurt,46.97,25.96,DailyBest
SKU00600,QuickBite Soft Drinks 2L,Beverages,Soft Drinks,107.83,59.81,QuickBite
SKU00601,MetroBrand Office Supplies Family Pack,Stationery & Office,Office Supplies,208.17,135.24,MetroBrand
SKU00602,PureLife Juices 250g,Beverages,Juices,122.87,69.25,PureLife
SKU00603,FreshFarm Soft Drinks 100g,Beverages,Soft Drinks,89.72,58.2,FreshFarm
SKU00604,GoldenHarvest Notebooks Pack of 6,Stationery & Office,Notebooks,79.52,52.43,GoldenHarvest
SKU00605,TrueTaste Frozen Vegetables 100g,Frozen Foods,Frozen Vegetables,420.44,278.06,TrueTaste
SKU00606,SparkleClean Surface Cleaners Small,Home Care,Surface Cleaners,566.73,338.86,SparkleClean
SKU00607,UrbanBite Mobile Accessories 100g,Electronics & Accessories,Mobile Accessories,2740.58,1849.01,UrbanBite
SKU00608,CrispKing Oral Care Family Pack,Personal Care,Oral Care,613.29,397.46,CrispKing
SKU00609,EliteHome Tea 1L,Beverages,Tea,136.86,109.13,EliteHome
SKU00610,BasicNeeds Mobile Accessories Family Pack,Electronics & Accessories,Mobile Accessories,1954.6,1097.2,BasicNeeds
SKU00611,CrispKing Chips & Crisps 250g,Snacks & Confectionery,Chips & Crisps,114.26,64.38,CrispKing
SKU00612,CrispKing Frozen Vegetables 2kg,Frozen Foods,Frozen Vegetables,842.03,636.69,CrispKing
SKU00613,BasicNeeds Notebooks 500ml,Stationery & Office,Notebooks,37.48,23.11,BasicNeeds
SKU00614,PureLife Notebooks 100g,Stationery & Office,Notebooks,255.31,152.15,PureLife
SKU00615,SmartBuy Hair Care 250g,Personal Care,Hair Care,620.84,477.19,SmartBuy
SKU00616,HealthFirst Kids Wear 2kg,Apparel & Footwear,Kids Wear,2580.43,1762.9,HealthFirst
SKU00617,NatureBlend Vitamins & Supplements Small,Health & Wellness,Vitamins & Supplements,1071.33,754.16,NatureBlend
SKU00618,HomeStyle Dishwashing Pack of 12,Home Care,Dishwashing,132.27,73.01,HomeStyle
SKU00619,FreshFarm Bottled Water 250g,Beverages,Bottled Water,263.71,162.23,FreshFarm
SKU00620,GoldenHarvest Oral Care 100g,Personal Care,Oral Care,273.51,168.15,GoldenHarvest
SKU00621,PurePlus Vitamins & Supplements Pack of 6,Health & Wellness,Vitamins & Supplements,1030.92,763.11,PurePlus
SKU00622,HealthFirst Notebooks 250ml,Stationery & Office,Notebooks,82.36,53.24,HealthFirst
SKU00623,QuickBite Cooking Oil Small,Grocery,Cooking Oil,297.85,206.81,QuickBite
SKU00624,DailyBest Mobile Accessories 2kg,Electronics & Accessories,Mobile Accessories,2367.38,1853.6,DailyBest
SKU00625,HomeStyle Storage & Containers 250ml,Home & Kitchen,Storage & Containers,362.43,288.56,HomeStyle
SKU00626,HomeStyle Office Supplies 1kg,Stationery & Office,Office Supplies,261.08,151.9,HomeStyle
SKU00627,PrimeCare Dishwashing 1kg,Home Care,Dishwashing,218.84,150.77,PrimeCare
SKU00628,EverydayPlus Soft Drinks Pack of 12,Beverages,Soft Drinks,135.8,98.43,EverydayPlus
SKU00629,FreshFarm Eggs 1L,Dairy & Bakery,Eggs,227.4,169.53,FreshFarm
SKU00630,SmartBuy Cookware Pack of 6,Home & Kitchen,Cookware,1408.73,1098.85,SmartBuy
SKU00631,CrispKing Cookware 250g,Home & Kitchen,Cookware,1304.33,954.88,CrispKing
SKU00632,ValueChoice Vitamins & Supplements 2L,Health & Wellness,Vitamins & Supplements,1003.77,725.21,ValueChoice
SKU00633,EverydayPlus Energy Drinks 500ml,Beverages,Energy Drinks,189.01,106.51,EverydayPlus
SKU00634,SoftTouch Energy Drinks Large,Beverages,Energy Drinks,64.42,44.21,SoftTouch
SKU00635,BasicNeeds Surface Cleaners 500ml,Home Care,Surface Cleaners,153.34,107.29,BasicNeeds
SKU00636,CityFresh First Aid 250g,Health & Wellness,First Aid,1096.28,793.84,CityFresh
SKU00637,NovaFresh Flour & Atta Pack of 12,Grocery,Flour & Atta,228.39,158.92,NovaFresh
SKU00638,EverydayPlus Batteries 500g,Electronics & Accessories,Batteries,995.83,649.64,EverydayPlus
SKU00639,GreenValley Ice Cream Large,Frozen Foods,Ice Cream,853.59,573.5,GreenValley
SKU00640,EverydayPlus Sugar & Salt 250ml,Grocery,Sugar & Salt,180.34,142.8,EverydayPlus
SKU00641,NutriPlus Coffee Small,Beverages,Coffee,164.18,103.81,NutriPlus
SKU00642,PrimeCare Laundry Pack of 6,Home Care,Laundry,417.52,311.52,PrimeCare
SKU00643,ZestyCo Batteries 500ml,Electronics & Accessories,Batteries,490.78,344.46,ZestyCo
SKU00644,ZestyCo Footwear 2L,Apparel & Footwear,Footwear,942.82,623.16,ZestyCo
SKU00645,FreshFarm Surface Cleaners 500g,Home Care,Surface Cleaners,292.66,191.28,FreshFarm
SKU00646,ZestyCo Cheese 250g,Dairy & Bakery,Cheese,232.5,159.1,ZestyCo
SKU00647,SoftTouch Office Supplies Small,Stationery & Office,Office Supplies,232.47,174.34,SoftTouch
SKU00648,PureLife Air Fresheners Family Pack,Home Care,Air Fresheners,216.47,125.67,PureLife
SKU00649,DailyBest Bread Medium,Dairy & Bakery,Bread,330.24,256.82,DailyBest
SKU00650,PurePlus Surface Cleaners 2kg,Home Care,Surface Cleaners,282.54,210.08,PurePlus
SKU00651,MetroBrand Rice & Grains 250ml,Grocery,Rice & Grains,353.71,225.4,MetroBrand
SKU00652,PureLife Butter & Ghee 250ml,Dairy & Bakery,Butter & Ghee,107.32,59.3,PureLife
SKU00653,GoldenHarvest Frozen Meat Pack of 12,Frozen Foods,Frozen Meat,820.27,472.73,GoldenHarvest
SKU00654,CrispKing Office Supplies Pack of 6,Stationery & Office,Office Supplies,72.62,42.56,CrispKing
SKU00655,NutriPlus Mobile Accessories Small,Electronics & Accessories,Mobile Accessories,1171.75,674.8,NutriPlus
SKU00656,SoftTouch Men's Wear Family Pack,Apparel & Footwear,Men's Wear,1870.7,1076.95,SoftTouch
SKU00657,TrueTaste Frozen Meat 250ml,Frozen Foods,Frozen Meat,520.54,411.25,TrueTaste
SKU00658,UrbanBite Energy Drinks Pack of 6,Beverages,Energy Drinks,151.65,108.37,UrbanBite
SKU00659,GreenValley Oral Care 1L,Personal Care,Oral Care,286.94,216.69,GreenValley
SKU00660,ValueChoice Writing Instruments Family Pack,Stationery & Office,Writing Instruments,304.22,210.13,ValueChoice
SKU00661,SoftTouch Spices & Seasoning 250ml,Grocery,Spices & Seasoning,91.97,64.83,SoftTouch
SKU00662,SparkleClean Storage & Containers 500g,Home & Kitchen,Storage & Containers,366.53,282.32,SparkleClean
SKU00663,MetroBrand Mobile Accessories 250ml,Electronics & Accessories,Mobile Accessories,1094.0,673.35,MetroBrand
SKU00664,CleanWave Yogurt Pack of 6,Dairy & Bakery,Yogurt,186.94,135.28,CleanWave
SKU00665,UrbanBite Kids Wear Family Pack,Apparel & Footwear,Kids Wear,1191.57,923.26,UrbanBite
SKU00666,UrbanBite Cookware Medium,Home & Kitchen,Cookware,1825.63,1431.43,UrbanBite
SKU00667,TrueTaste Cooking Oil 100g,Grocery,Cooking Oil,573.95,379.39,TrueTaste
SKU00668,CrispKing Energy Drinks 1L,Beverages,Energy Drinks,219.45,167.7,CrispKing
SKU00669,MetroBrand First Aid 500g,Health & Wellness,First Aid,631.77,427.05,MetroBrand
SKU00670,BasicNeeds Writing Instruments 250ml,Stationery & Office,Writing Instruments,108.81,66.86,BasicNeeds
SKU00671,FamilyChoice Flour & Atta Family Pack,Grocery,Flour & Atta,315.04,193.04,FamilyChoice
SKU00672,FreshFarm OTC Medicine Family Pack,Health & Wellness,OTC Medicine,756.53,501.54,FreshFarm
SKU00673,GreenValley Energy Drinks 500g,Beverages,Energy Drinks,139.56,85.76,GreenValley
SKU00674,HealthFirst Vitamins & Supplements 500g,Health & Wellness,Vitamins & Supplements,736.02,410.33,HealthFirst
SKU00675,PureLife First Aid Pack of 12,Health & Wellness,First Aid,942.87,543.46,PureLife
SKU00676,ZestyCo Tea 500ml,Beverages,Tea,85.72,65.34,ZestyCo
SKU00677,EliteHome Mobile Accessories 500ml,Electronics & Accessories,Mobile Accessories,3238.81,2495.92,EliteHome
SKU00678,HomeStyle Home Decor Large,Home & Kitchen,Home Decor,627.15,481.81,HomeStyle
SKU00679,SparkleClean Cookware Large,Home & Kitchen,Cookware,443.04,305.0,SparkleClean
SKU00680,SparkleClean Cooking Oil Large,Grocery,Cooking Oil,154.23,120.89,SparkleClean
SKU00681,FreshFarm Biscuits & Cookies Small,Snacks & Confectionery,Biscuits & Cookies,80.86,54.56,FreshFarm
SKU00682,SunriseFoods Chips & Crisps Family Pack,Snacks & Confectionery,Chips & Crisps,138.95,92.49,SunriseFoods
SKU00683,CleanWave Pest Control Pack of 12,Home Care,Pest Control,247.21,165.28,CleanWave
SKU00684,NovaFresh Juices Large,Beverages,Juices,116.87,71.7,NovaFresh
SKU00685,GreenValley Cookware 2L,Home & Kitchen,Cookware,2583.23,1816.98,GreenValley
SKU00686,NatureBlend Footwear 100g,Apparel & Footwear,Footwear,1242.49,822.82,NatureBlend
SKU00687,EverydayPlus Footwear Medium,Apparel & Footwear,Footwear,1165.09,924.69,EverydayPlus
SKU00688,UrbanBite Chips & Crisps Large,Snacks & Confectionery,Chips & Crisps,220.16,130.55,UrbanBite
SKU00689,PurePlus Pulses & Lentils 2kg,Grocery,Pulses & Lentils,140.28,79.84,PurePlus
SKU00690,CleanWave Home Decor 500ml,Home & Kitchen,Home Decor,492.94,314.39,CleanWave
SKU00691,CityFresh Eggs 2L,Dairy & Bakery,Eggs,368.73,222.67,CityFresh
SKU00692,SoftTouch OTC Medicine Pack of 6,Health & Wellness,OTC Medicine,235.52,187.94,SoftTouch
SKU00693,CityFresh Storage & Containers Pack of 12,Home & Kitchen,Storage & Containers,1047.53,722.42,CityFresh
SKU00694,SunriseFoods Rice & Grains 250ml,Grocery,Rice & Grains,179.71,115.0,SunriseFoods
SKU00695,TrueTaste Sugar & Salt Medium,Grocery,Sugar & Salt,264.5,187.98,TrueTaste
SKU00696,HealthFirst Rice & Grains Medium,Grocery,Rice & Grains,246.47,163.48,HealthFirst
SKU00697,NovaFresh Soft Drinks Family Pack,Beverages,Soft Drinks,178.49,107.49,NovaFresh
SKU00698,NovaFresh Spices & Seasoning 2L,Grocery,Spices & Seasoning,231.37,150.07,NovaFresh
SKU00699,SmartBuy Kids Wear 250g,Apparel & Footwear,Kids Wear,562.89,349.89,SmartBuy
SKU00700,SmartBuy Vitamins & Supplements Medium,Health & Wellness,Vitamins & Supplements,811.54,575.7,SmartBuy
SKU00701,GreenValley Notebooks 250g,Stationery & Office,Notebooks,39.24,29.59,GreenValley
SKU00702,QuickBite Kids Wear 500g,Apparel & Footwear,Kids Wear,1621.05,997.99,QuickBite
SKU00703,SmartBuy Notebooks 2kg,Stationery & Office,Notebooks,154.86,109.23,SmartBuy
SKU00704,NatureBlend Namkeen 500g,Snacks & Confectionery,Namkeen,141.05,102.56,NatureBlend
SKU00705,FreshFarm Butter & Ghee Pack of 12,Dairy & Bakery,Butter & Ghee,86.46,55.55,FreshFarm
SKU00706,BasicNeeds Storage & Containers 500ml,Home & Kitchen,Storage & Containers,997.3,670.07,BasicNeeds
SKU00707,QuickBite Chocolates 1kg,Snacks & Confectionery,Chocolates,56.56,36.18,QuickBite
SKU00708,SmartBuy Cooking Oil 100g,Grocery,Cooking Oil,110.74,71.23,SmartBuy
SKU00709,UrbanBite Batteries 1kg,Electronics & Accessories,Batteries,2238.13,1480.64,UrbanBite
SKU00710,NutriPlus Kids Wear Pack of 12,Apparel & Footwear,Kids Wear,1549.12,966.43,NutriPlus
SKU00711,NovaFresh Writing Instruments Small,Stationery & Office,Writing Instruments,107.95,72.55,NovaFresh
SKU00712,CleanWave Writing Instruments 2kg,Stationery & Office,Writing Instruments,248.58,183.47,CleanWave
SKU00713,NovaFresh Tea 250g,Beverages,Tea,158.65,102.9,NovaFresh
SKU00714,EverydayPlus Men's Wear 2L,Apparel & Footwear,Men's Wear,1659.76,1305.17,EverydayPlus
SKU00715,BasicNeeds Home Decor Small,Home & Kitchen,Home Decor,1566.97,947.23,BasicNeeds
SKU00716,QuickBite Batteries 250g,Electronics & Accessories,Batteries,1636.45,1083.95,QuickBite
SKU00717,ZestyCo Kids Wear Small,Apparel & Footwear,Kids Wear,2112.64,1479.74,ZestyCo
SKU00718,PrimeCare Home Decor 500g,Home & Kitchen,Home Decor,1014.08,695.47,PrimeCare
SKU00719,SoftTouch Pest Control 1kg,Home Care,Pest Control,238.41,187.57,SoftTouch
SKU00720,SparkleClean Spices & Seasoning Pack of 6,Grocery,Spices & Seasoning,334.44,211.06,SparkleClean
SKU00721,GoldenHarvest Air Fresheners 100g,Home Care,Air Fresheners,182.86,117.84,GoldenHarvest
SKU00722,DailyBest Chocolates 2kg,Snacks & Confectionery,Chocolates,70.93,49.57,DailyBest
SKU00723,MetroBrand Coffee 500g,Beverages,Coffee,220.06,153.84,MetroBrand
SKU00724,BasicNeeds Juices 1kg,Beverages,Juices,69.99,52.27,BasicNeeds
SKU00725,SunriseFoods Small Appliances Small,Electronics & Accessories,Small Appliances,1737.91,1301.05,SunriseFoods
SKU00726,CrispKing Frozen Vegetables 1kg,Frozen Foods,Frozen Vegetables,974.67,538.72,CrispKing
SKU00727,PurePlus Ready Meals 100g,Frozen Foods,Ready Meals,584.82,433.38,PurePlus
SKU00728,NatureBlend Mobile Accessories 1kg,Electronics & Accessories,Mobile Accessories,3555.73,2593.79,NatureBlend
SKU00729,TrueTaste Ice Cream 250g,Frozen Foods,Ice Cream,242.64,168.98,TrueTaste
SKU00730,UrbanBite Vitamins & Supplements Pack of 6,Health & Wellness,Vitamins & Supplements,1174.55,739.08,UrbanBite
SKU00731,DailyBest Soft Drinks Family Pack,Beverages,Soft Drinks,83.14,64.58,DailyBest
SKU00732,GreenValley Home Decor 500g,Home & Kitchen,Home Decor,819.74,602.14,GreenValley
SKU00733,SoftTouch Pest Control Pack of 12,Home Care,Pest Control,434.34,266.82,SoftTouch
SKU00734,BasicNeeds Juices 250ml,Beverages,Juices,55.41,34.7,BasicNeeds
SKU00735,UrbanBite Men's Wear 250g,Apparel & Footwear,Men's Wear,2570.53,1870.35,UrbanBite
SKU00736,BasicNeeds Small Appliances Pack of 12,Electronics & Accessories,Small Appliances,1866.25,1454.58,BasicNeeds
SKU00737,NovaFresh Sugar & Salt 1kg,Grocery,Sugar & Salt,436.92,293.89,NovaFresh
SKU00738,TrueTaste Chips & Crisps 1L,Snacks & Confectionery,Chips & Crisps,109.27,84.12,TrueTaste
SKU00739,FreshFarm Flour & Atta 1L,Grocery,Flour & Atta,332.0,214.32,FreshFarm
SKU00740,NatureBlend Cheese 2L,Dairy & Bakery,Cheese,152.31,98.82,NatureBlend
SKU00741,SunriseFoods Coffee 500g,Beverages,Coffee,114.04,82.28,SunriseFoods
SKU00742,FreshFarm Batteries 1kg,Electronics & Accessories,Batteries,2557.02,1438.67,FreshFarm
SKU00743,GoldenHarvest Frozen Vegetables Small,Frozen Foods,Frozen Vegetables,759.3,443.99,GoldenHarvest
SKU00744,BasicNeeds Notebooks Large,Stationery & Office,Notebooks,185.96,136.14,BasicNeeds
SKU00745,PrimeCare Batteries 100g,Electronics & Accessories,Batteries,3612.82,2205.7,PrimeCare
SKU00746,CleanWave OTC Medicine 500ml,Health & Wellness,OTC Medicine,1030.75,612.03,CleanWave
SKU00747,TrueTaste Frozen Vegetables Large,Frozen Foods,Frozen Vegetables,807.23,461.95,TrueTaste
SKU00748,ValueChoice Sugar & Salt 2kg,Grocery,Sugar & Salt,438.67,265.93,ValueChoice
SKU00749,QuickBite Flour & Atta 500ml,Grocery,Flour & Atta,148.59,91.03,QuickBite
SKU00750,EverydayPlus OTC Medicine Large,Health & Wellness,OTC Medicine,1027.66,652.86,EverydayPlus
SKU00751,PurePlus Sugar & Salt Family Pack,Grocery,Sugar & Salt,91.09,71.47,PurePlus
SKU00752,NovaFresh Rice & Grains Pack of 6,Grocery,Rice & Grains,417.09,296.62,NovaFresh
SKU00753,PurePlus Chips & Crisps Pack of 12,Snacks & Confectionery,Chips & Crisps,180.02,130.21,PurePlus
SKU00754,EliteHome Home Decor Pack of 6,Home & Kitchen,Home Decor,2674.24,1559.58,EliteHome
SKU00755,MetroBrand Laundry 2kg,Home Care,Laundry,120.36,72.0,MetroBrand
SKU00756,TrueTaste Mobile Accessories Large,Electronics & Accessories,Mobile Accessories,2637.39,2043.1,TrueTaste
SKU00757,FamilyChoice Oral Care 100g,Personal Care,Oral Care,196.4,139.16,FamilyChoice
SKU00758,HomeStyle Candy 100g,Snacks & Confectionery,Candy,109.39,82.31,HomeStyle
SKU00759,NatureBlend Bath & Body Pack of 6,Personal Care,Bath & Body,481.66,307.96,NatureBlend
SKU00760,SmartBuy Tea Medium,Beverages,Tea,54.33,37.72,SmartBuy
SKU00761,NutriPlus Men's Wear Medium,Apparel & Footwear,Men's Wear,530.05,358.08,NutriPlus
SKU00762,MetroBrand Biscuits & Cookies Pack of 12,Snacks & Confectionery,Biscuits & Cookies,169.42,101.88,MetroBrand
SKU00763,HomeStyle Bath & Body 250ml,Personal Care,Bath & Body,371.03,280.57,HomeStyle
SKU00764,HomeStyle Notebooks 250ml,Stationery & Office,Notebooks,31.66,20.05,HomeStyle
SKU00765,NovaFresh First Aid 500ml,Health & Wellness,First Aid,877.06,584.76,NovaFresh
SKU00766,QuickBite Laundry 1kg,Home Care,Laundry,295.07,172.1,QuickBite
SKU00767,PrimeCare Frozen Meat 500ml,Frozen Foods,Frozen Meat,296.5,210.39,PrimeCare
SKU00768,HomeStyle Men's Wear 250g,Apparel & Footwear,Men's Wear,831.66,621.9,HomeStyle
SKU00769,UrbanBite Eggs 2kg,Dairy & Bakery,Eggs,241.93,157.88,UrbanBite
SKU00770,PurePlus OTC Medicine Family Pack,Health & Wellness,OTC Medicine,994.68,790.31,PurePlus
SKU00771,QuickBite Cookware Pack of 12,Home & Kitchen,Cookware,512.74,315.03,QuickBite
SKU00772,PureLife Ready Meals 500g,Frozen Foods,Ready Meals,289.73,222.59,PureLife
SKU00773,NutriPlus Air Fresheners 2kg,Home Care,Air Fresheners,139.16,101.63,NutriPlus
SKU00774,GreenValley Energy Drinks 1kg,Beverages,Energy Drinks,94.61,73.97,GreenValley
SKU00775,PurePlus Candy 2kg,Snacks & Confectionery,Candy,52.62,38.68,PurePlus
SKU00776,GreenValley Notebooks Pack of 12,Stationery & Office,Notebooks,94.31,63.54,GreenValley
SKU00777,TrueTaste Ice Cream Large,Frozen Foods,Ice Cream,392.29,256.31,TrueTaste
SKU00778,TrueTaste Bread Pack of 12,Dairy & Bakery,Bread,296.04,224.21,TrueTaste
SKU00779,FreshFarm Laundry 1L,Home Care,Laundry,664.45,505.04,FreshFarm
SKU00780,PurePlus Frozen Meat 500g,Frozen Foods,Frozen Meat,575.16,401.02,PurePlus
SKU00781,ZestyCo Ready Meals 500g,Frozen Foods,Ready Meals,459.08,333.08,ZestyCo
SKU00782,BasicNeeds Batteries Medium,Electronics & Accessories,Batteries,1731.92,1152.96,BasicNeeds
SKU00783,UrbanBite Butter & Ghee Pack of 12,Dairy & Bakery,Butter & Ghee,196.79,118.98,UrbanBite
SKU00784,HealthFirst Vitamins & Supplements 1L,Health & Wellness,Vitamins & Supplements,397.04,223.33,HealthFirst
SKU00785,EverydayPlus Pest Control 2L,Home Care,Pest Control,269.35,192.16,EverydayPlus
SKU00786,UrbanBite Notebooks Medium,Stationery & Office,Notebooks,392.95,281.86,UrbanBite
SKU00787,NatureBlend Soft Drinks Medium,Beverages,Soft Drinks,134.46,96.32,NatureBlend
SKU00788,MetroBrand Tea 250g,Beverages,Tea,88.38,61.04,MetroBrand
SKU00789,PureLife Pest Control 250ml,Home Care,Pest Control,361.91,230.03,PureLife
SKU00790,DailyBest Frozen Vegetables 100g,Frozen Foods,Frozen Vegetables,433.16,264.45,DailyBest
SKU00791,SoftTouch Mobile Accessories 250ml,Electronics & Accessories,Mobile Accessories,565.04,320.05,SoftTouch
SKU00792,NutriPlus Oral Care Pack of 6,Personal Care,Oral Care,665.85,390.86,NutriPlus
SKU00793,QuickBite Cookware 1kg,Home & Kitchen,Cookware,1050.17,742.55,QuickBite
SKU00794,PurePlus Air Fresheners 500g,Home Care,Air Fresheners,120.35,89.3,PurePlus
SKU00795,NutriPlus Juices 1L,Beverages,Juices,51.36,39.9,NutriPlus
SKU00796,NatureBlend Soft Drinks 1L,Beverages,Soft Drinks,103.4,59.04,NatureBlend
SKU00797,HealthFirst Notebooks Pack of 12,Stationery & Office,Notebooks,118.14,89.02,HealthFirst
SKU00798,CrispKing Energy Drinks 100g,Beverages,Energy Drinks,138.98,97.2,CrispKing
SKU00799,SmartBuy Office Supplies 1kg,Stationery & Office,Office Supplies,164.49,102.86,SmartBuy
SKU00800,PureLife Bread Small,Dairy & Bakery,Bread,207.83,152.02,PureLife
SKU00801,PurePlus Bottled Water Pack of 12,Beverages,Bottled Water,83.92,66.91,PurePlus
SKU00802,GreenValley Eggs Large,Dairy & Bakery,Eggs,196.6,126.78,GreenValley
SKU00803,SmartBuy Vitamins & Supplements Medium,Health & Wellness,Vitamins & Supplements,1383.89,978.22,SmartBuy
SKU00804,CrispKing Air Fresheners Medium,Home Care,Air Fresheners,120.97,74.42,CrispKing
SKU00805,DailyBest Kids Wear 1L,Apparel & Footwear,Kids Wear,959.48,576.89,DailyBest
SKU00806,EverydayPlus OTC Medicine Family Pack,Health & Wellness,OTC Medicine,186.07,109.28,EverydayPlus
SKU00807,MetroBrand Hair Care 500ml,Personal Care,Hair Care,426.13,237.8,MetroBrand
SKU00808,EliteHome OTC Medicine Large,Health & Wellness,OTC Medicine,1221.51,892.87,EliteHome
SKU00809,QuickBite Writing Instruments 250ml,Stationery & Office,Writing Instruments,54.18,31.78,QuickBite
SKU00810,CityFresh Men's Grooming 500ml,Personal Care,Men's Grooming,218.62,157.2,CityFresh
SKU00811,TrueTaste Juices Pack of 12,Beverages,Juices,112.67,86.46,TrueTaste
SKU00812,NovaFresh Bath & Body 250ml,Personal Care,Bath & Body,799.7,609.09,NovaFresh
SKU00813,DailyBest Home Decor 500g,Home & Kitchen,Home Decor,1860.66,1162.43,DailyBest
SKU00814,NovaFresh Biscuits & Cookies Large,Snacks & Confectionery,Biscuits & Cookies,76.67,44.55,NovaFresh
SKU00815,SoftTouch Office Supplies 500ml,Stationery & Office,Office Supplies,43.87,28.99,SoftTouch
SKU00816,CleanWave Vitamins & Supplements Large,Health & Wellness,Vitamins & Supplements,169.52,100.92,CleanWave
SKU00817,NatureBlend OTC Medicine 250ml,Health & Wellness,OTC Medicine,1401.77,901.87,NatureBlend
SKU00818,CleanWave Bread Family Pack,Dairy & Bakery,Bread,363.79,251.82,CleanWave
SKU00819,NovaFresh Notebooks Pack of 6,Stationery & Office,Notebooks,187.97,133.66,NovaFresh
SKU00820,FamilyChoice Rice & Grains Small,Grocery,Rice & Grains,487.11,294.5,FamilyChoice
SKU00821,GoldenHarvest Eggs Small,Dairy & Bakery,Eggs,206.41,125.25,GoldenHarvest
SKU00822,SmartBuy Dishwashing 1kg,Home Care,Dishwashing,344.04,263.7,SmartBuy
SKU00823,HealthFirst Surface Cleaners Medium,Home Care,Surface Cleaners,183.03,143.9,HealthFirst
SKU00824,FamilyChoice Laundry Family Pack,Home Care,Laundry,391.75,278.38,FamilyChoice
SKU00825,BasicNeeds Energy Drinks Pack of 6,Beverages,Energy Drinks,79.31,54.66,BasicNeeds
SKU00826,UrbanBite Chocolates Family Pack,Snacks & Confectionery,Chocolates,186.38,133.17,UrbanBite
SKU00827,NutriPlus Energy Drinks Medium,Beverages,Energy Drinks,194.95,113.49,NutriPlus
SKU00828,PrimeCare Frozen Vegetables Pack of 6,Frozen Foods,Frozen Vegetables,552.83,428.03,PrimeCare
SKU00829,NutriPlus Hair Care 1L,Personal Care,Hair Care,648.89,390.73,NutriPlus
SKU00830,TrueTaste Ice Cream Medium,Frozen Foods,Ice Cream,290.01,208.06,TrueTaste
SKU00831,MetroBrand First Aid 500g,Health & Wellness,First Aid,950.49,575.51,MetroBrand
SKU00832,ZestyCo Small Appliances 2L,Electronics & Accessories,Small Appliances,946.53,687.6,ZestyCo
SKU00833,SmartBuy Ready Meals Medium,Frozen Foods,Ready Meals,325.22,240.13,SmartBuy
SKU00834,QuickBite OTC Medicine Family Pack,Health & Wellness,OTC Medicine,754.91,555.06,QuickBite
SKU00835,FamilyChoice Vitamins & Supplements 2kg,Health & Wellness,Vitamins & Supplements,837.84,550.61,FamilyChoice
SKU00836,GoldenHarvest Vitamins & Supplements 250g,Health & Wellness,Vitamins & Supplements,765.01,536.85,GoldenHarvest
SKU00837,PremiumSelect OTC Medicine 250ml,Health & Wellness,OTC Medicine,141.0,98.63,PremiumSelect
SKU00838,ZestyCo Bread Medium,Dairy & Bakery,Bread,300.1,219.1,ZestyCo
SKU00839,EverydayPlus Candy 1L,Snacks & Confectionery,Candy,83.64,56.44,EverydayPlus
SKU00840,PremiumSelect Kids Wear 100g,Apparel & Footwear,Kids Wear,2808.27,1900.7,PremiumSelect
SKU00841,CleanWave Skin Care 250g,Personal Care,Skin Care,604.4,435.83,CleanWave
SKU00842,GoldenHarvest Frozen Meat 250ml,Frozen Foods,Frozen Meat,219.97,130.34,GoldenHarvest
SKU00843,SmartBuy Candy 250ml,Snacks & Confectionery,Candy,121.04,86.32,SmartBuy
SKU00844,NatureBlend Air Fresheners 500g,Home Care,Air Fresheners,246.71,144.83,NatureBlend
SKU00845,ZestyCo Frozen Vegetables 1L,Frozen Foods,Frozen Vegetables,670.83,490.52,ZestyCo
SKU00846,ZestyCo Vitamins & Supplements 1L,Health & Wellness,Vitamins & Supplements,685.87,443.91,ZestyCo
SKU00847,CrispKing Ready Meals 500g,Frozen Foods,Ready Meals,398.86,303.09,CrispKing
SKU00848,NovaFresh Men's Grooming 1kg,Personal Care,Men's Grooming,704.92,403.29,NovaFresh
SKU00849,ValueChoice Office Supplies Pack of 6,Stationery & Office,Office Supplies,106.11,70.58,ValueChoice
SKU00850,GoldenHarvest Frozen Vegetables Family Pack,Frozen Foods,Frozen Vegetables,840.4,497.35,GoldenHarvest
SKU00851,PremiumSelect Kids Wear Family Pack,Apparel & Footwear,Kids Wear,2160.89,1657.87,PremiumSelect
SKU00852,HomeStyle Small Appliances 2L,Electronics & Accessories,Small Appliances,872.61,507.26,HomeStyle
SKU00853,QuickBite Ice Cream 100g,Frozen Foods,Ice Cream,798.7,536.17,QuickBite
SKU00854,MetroBrand Storage & Containers Large,Home & Kitchen,Storage & Containers,1449.64,835.45,MetroBrand
SKU00855,NutriPlus Bottled Water Family Pack,Beverages,Bottled Water,141.42,105.98,NutriPlus
SKU00856,GreenValley Notebooks 2kg,Stationery & Office,Notebooks,127.62,79.19,GreenValley
SKU00857,EverydayPlus Cookware 500ml,Home & Kitchen,Cookware,449.3,313.84,EverydayPlus
SKU00858,NutriPlus Ice Cream 100g,Frozen Foods,Ice Cream,702.78,416.42,NutriPlus
SKU00859,CleanWave Mobile Accessories Medium,Electronics & Accessories,Mobile Accessories,2293.14,1462.8,CleanWave
SKU00860,FamilyChoice Frozen Vegetables Small,Frozen Foods,Frozen Vegetables,680.17,393.43,FamilyChoice
SKU00861,MetroBrand Butter & Ghee 100g,Dairy & Bakery,Butter & Ghee,194.86,134.01,MetroBrand
SKU00862,CleanWave Footwear Pack of 12,Apparel & Footwear,Footwear,1745.5,961.53,CleanWave
SKU00863,NovaFresh Namkeen 500ml,Snacks & Confectionery,Namkeen,183.57,146.54,NovaFresh
SKU00864,HomeStyle Bread 2L,Dairy & Bakery,Bread,223.39,146.11,HomeStyle
SKU00865,SunriseFoods Ice Cream 1kg,Frozen Foods,Ice Cream,357.37,252.79,SunriseFoods
SKU00866,PrimeCare Cookware Medium,Home & Kitchen,Cookware,1323.47,822.8,PrimeCare
SKU00867,FamilyChoice Hair Care 500ml,Personal Care,Hair Care,192.87,118.29,FamilyChoice
SKU00868,HealthFirst Laundry Medium,Home Care,Laundry,139.73,106.41,HealthFirst
SKU00869,UrbanBite Spices & Seasoning 500g,Grocery,Spices & Seasoning,202.64,149.86,UrbanBite
SKU00870,EliteHome Coffee 2L,Beverages,Coffee,272.85,193.95,EliteHome
SKU00871,EverydayPlus Pulses & Lentils 2kg,Grocery,Pulses & Lentils,407.35,300.66,EverydayPlus
SKU00872,GreenValley Pulses & Lentils Family Pack,Grocery,Pulses & Lentils,215.12,127.74,GreenValley
SKU00873,QuickBite Cookware 2L,Home & Kitchen,Cookware,1732.6,1357.53,QuickBite
SKU00874,ValueChoice Home Decor Pack of 12,Home & Kitchen,Home Decor,872.01,578.74,ValueChoice
SKU00875,DailyBest Women's Wear 250g,Apparel & Footwear,Women's Wear,1556.21,1193.89,DailyBest
SKU00876,SunriseFoods Spices & Seasoning Pack of 12,Grocery,Spices & Seasoning,92.51,67.9,SunriseFoods
SKU00877,SparkleClean Cooking Oil 250g,Grocery,Cooking Oil,157.68,98.0,SparkleClean
SKU00878,ZestyCo Eggs 250ml,Dairy & Bakery,Eggs,92.39,63.96,ZestyCo
SKU00879,CleanWave Ice Cream 1kg,Frozen Foods,Ice Cream,655.37,518.83,CleanWave
SKU00880,GreenValley Hair Care 100g,Personal Care,Hair Care,550.09,307.65,GreenValley
SKU00881,CrispKing Pest Control 2L,Home Care,Pest Control,398.92,261.94,CrispKing
SKU00882,CityFresh Namkeen 1kg,Snacks & Confectionery,Namkeen,72.68,51.25,CityFresh
SKU00883,NutriPlus Small Appliances 1L,Electronics & Accessories,Small Appliances,3121.32,1981.96,NutriPlus
SKU00884,HomeStyle Yogurt Small,Dairy & Bakery,Yogurt,202.79,127.65,HomeStyle
SKU00885,SunriseFoods Pulses & Lentils 500g,Grocery,Pulses & Lentils,188.68,139.09,SunriseFoods
SKU00886,HomeStyle Mobile Accessories Pack of 12,Electronics & Accessories,Mobile Accessories,1510.84,1177.07,HomeStyle
SKU00887,EverydayPlus Storage & Containers 2kg,Home & Kitchen,Storage & Containers,470.11,321.75,EverydayPlus
SKU00888,UrbanBite Pulses & Lentils 2kg,Grocery,Pulses & Lentils,244.92,192.76,UrbanBite
SKU00889,NutriPlus Surface Cleaners 2L,Home Care,Surface Cleaners,437.44,251.67,NutriPlus
SKU00890,EliteHome Men's Wear Pack of 6,Apparel & Footwear,Men's Wear,539.8,327.59,EliteHome
SKU00891,QuickBite Batteries Pack of 6,Electronics & Accessories,Batteries,900.14,514.82,QuickBite
SKU00892,EverydayPlus Storage & Containers 500g,Home & Kitchen,Storage & Containers,1679.83,1106.81,EverydayPlus
SKU00893,FreshFarm Hair Care 2L,Personal Care,Hair Care,690.66,488.07,FreshFarm
SKU00894,GoldenHarvest Bath & Body 1kg,Personal Care,Bath & Body,353.19,211.96,GoldenHarvest
SKU00895,CrispKing Batteries 2kg,Electronics & Accessories,Batteries,2043.22,1352.89,CrispKing
SKU00896,PrimeCare Bottled Water Family Pack,Beverages,Bottled Water,194.43,140.2,PrimeCare
SKU00897,EverydayPlus Chips & Crisps 250g,Snacks & Confectionery,Chips & Crisps,88.62,62.91,EverydayPlus
SKU00898,PureLife First Aid 500ml,Health & Wellness,First Aid,964.85,682.46,PureLife
SKU00899,PurePlus Mobile Accessories 500ml,Electronics & Accessories,Mobile Accessories,2040.92,1431.72,PurePlus
SKU00900,FreshFarm Juices 1kg,Beverages,Juices,85.01,67.72,FreshFarm
SKU00901,PremiumSelect Frozen Meat Small,Frozen Foods,Frozen Meat,653.7,476.21,PremiumSelect
SKU00902,SmartBuy Skin Care 1L,Personal Care,Skin Care,535.55,416.08,SmartBuy
SKU00903,SmartBuy Frozen Meat Pack of 12,Frozen Foods,Frozen Meat,413.75,326.01,SmartBuy
SKU00904,ZestyCo Notebooks 250ml,Stationery & Office,Notebooks,161.57,123.59,ZestyCo
SKU00905,UrbanBite Sugar & Salt Large,Grocery,Sugar & Salt,247.57,142.05,UrbanBite
SKU00906,HomeStyle Office Supplies Pack of 12,Stationery & Office,Office Supplies,101.64,69.35,HomeStyle
SKU00907,GreenValley Laundry 2kg,Home Care,Laundry,365.98,236.2,GreenValley
SKU00908,NatureBlend Kids Wear Family Pack,Apparel & Footwear,Kids Wear,2108.67,1210.94,NatureBlend
SKU00909,FamilyChoice Air Fresheners Medium,Home Care,Air Fresheners,403.57,278.89,FamilyChoice
SKU00910,BasicNeeds Butter & Ghee 2L,Dairy & Bakery,Butter & Ghee,313.65,189.2,BasicNeeds
SKU00911,SparkleClean Women's Wear 100g,Apparel & Footwear,Women's Wear,1548.8,1077.09,SparkleClean
SKU00912,CleanWave Small Appliances 2L,Electronics & Accessories,Small Appliances,1248.26,941.62,CleanWave
SKU00913,SunriseFoods Bottled Water Pack of 12,Beverages,Bottled Water,77.47,50.24,SunriseFoods
SKU00914,PremiumSelect Mobile Accessories 250ml,Electronics & Accessories,Mobile Accessories,3426.97,2698.59,PremiumSelect
SKU00915,BasicNeeds Women's Wear 500g,Apparel & Footwear,Women's Wear,771.32,572.02,BasicNeeds
SKU00916,MetroBrand Hair Care 2L,Personal Care,Hair Care,268.02,201.3,MetroBrand
SKU00917,PremiumSelect Writing Instruments Medium,Stationery & Office,Writing Instruments,182.25,105.35,PremiumSelect
SKU00918,CleanWave Vitamins & Supplements 2kg,Health & Wellness,Vitamins & Supplements,1559.59,1225.01,CleanWave
SKU00919,PrimeCare Skin Care 500ml,Personal Care,Skin Care,576.32,321.95,PrimeCare
SKU00920,PremiumSelect Sugar & Salt 100g,Grocery,Sugar & Salt,114.73,87.31,PremiumSelect
SKU00921,SoftTouch Mobile Accessories Pack of 12,Electronics & Accessories,Mobile Accessories,3363.82,1875.04,SoftTouch
SKU00922,TrueTaste Namkeen Medium,Snacks & Confectionery,Namkeen,60.32,35.63,TrueTaste
SKU00923,EverydayPlus Kids Wear Small,Apparel & Footwear,Kids Wear,1212.74,762.61,EverydayPlus
SKU00924,FreshFarm Ice Cream 500ml,Frozen Foods,Ice Cream,401.13,294.61,FreshFarm
SKU00925,CrispKing Pest Control 100g,Home Care,Pest Control,196.68,152.4,CrispKing
SKU00926,NutriPlus Soft Drinks 1L,Beverages,Soft Drinks,285.44,204.55,NutriPlus
SKU00927,SunriseFoods Mobile Accessories Family Pack,Electronics & Accessories,Mobile Accessories,1598.84,1170.26,SunriseFoods
SKU00928,SoftTouch Juices 250g,Beverages,Juices,125.37,78.04,SoftTouch
SKU00929,TrueTaste Surface Cleaners 1kg,Home Care,Surface Cleaners,158.05,125.47,TrueTaste
SKU00930,NovaFresh Storage & Containers Medium,Home & Kitchen,Storage & Containers,553.98,361.16,NovaFresh
SKU00931,DailyBest Office Supplies 2L,Stationery & Office,Office Supplies,373.2,290.43,DailyBest
SKU00932,NatureBlend Writing Instruments 500g,Stationery & Office,Writing Instruments,197.19,146.87,NatureBlend
SKU00933,QuickBite Notebooks 100g,Stationery & Office,Notebooks,108.95,69.93,QuickBite
SKU00934,ValueChoice Ready Meals 500ml,Frozen Foods,Ready Meals,1037.02,659.32,ValueChoice
SKU00935,NovaFresh Namkeen 2L,Snacks & Confectionery,Namkeen,108.32,77.98,NovaFresh
SKU00936,EliteHome Home Decor Medium,Home & Kitchen,Home Decor,1788.45,1404.14,EliteHome
SKU00937,EverydayPlus Women's Wear Large,Apparel & Footwear,Women's Wear,767.81,551.35,EverydayPlus
SKU00938,EliteHome Writing Instruments 500ml,Stationery & Office,Writing Instruments,47.74,36.49,EliteHome
SKU00939,PurePlus First Aid 500ml,Health & Wellness,First Aid,747.3,591.54,PurePlus
SKU00940,ValueChoice Coffee Large,Beverages,Coffee,148.78,94.1,ValueChoice
SKU00941,EliteHome Frozen Vegetables Small,Frozen Foods,Frozen Vegetables,681.89,466.84,EliteHome
SKU00942,FreshFarm Pest Control 1kg,Home Care,Pest Control,172.9,121.42,FreshFarm
SKU00943,PurePlus Cookware Pack of 12,Home & Kitchen,Cookware,2090.49,1263.27,PurePlus
SKU00944,CityFresh Oral Care Pack of 12,Personal Care,Oral Care,717.92,538.0,CityFresh
SKU00945,SparkleClean Cheese 1kg,Dairy & Bakery,Cheese,131.35,80.84,SparkleClean
SKU00946,NutriPlus Flour & Atta Family Pack,Grocery,Flour & Atta,415.87,302.22,NutriPlus
SKU00947,HealthFirst Home Decor 2kg,Home & Kitchen,Home Decor,634.05,431.76,HealthFirst
SKU00948,PureLife Footwear 2L,Apparel & Footwear,Footwear,2060.9,1564.57,PureLife
SKU00949,UrbanBite Spices & Seasoning 1L,Grocery,Spices & Seasoning,210.68,142.82,UrbanBite
SKU00950,EverydayPlus Dishwashing Pack of 12,Home Care,Dishwashing,227.07,158.19,EverydayPlus
SKU00951,FamilyChoice Dishwashing Large,Home Care,Dishwashing,511.08,304.23,FamilyChoice
SKU00952,FreshFarm Pest Control 250ml,Home Care,Pest Control,288.12,216.68,FreshFarm
SKU00953,CityFresh Writing Instruments 250ml,Stationery & Office,Writing Instruments,273.99,178.24,CityFresh
SKU00954,PurePlus Soft Drinks Small,Beverages,Soft Drinks,209.16,145.35,PurePlus
SKU00955,ZestyCo Eggs Family Pack,Dairy & Bakery,Eggs,364.87,277.85,ZestyCo
SKU00956,CleanWave Namkeen Large,Snacks & Confectionery,Namkeen,78.37,52.5,CleanWave
SKU00957,NutriPlus Chips & Crisps Small,Snacks & Confectionery,Chips & Crisps,159.22,98.5,NutriPlus
SKU00958,HomeStyle Home Decor Pack of 12,Home & Kitchen,Home Decor,313.45,193.2,HomeStyle
SKU00959,CrispKing Writing Instruments Small,Stationery & Office,Writing Instruments,33.01,22.83,CrispKing
SKU00960,QuickBite Flour & Atta Family Pack,Grocery,Flour & Atta,173.87,108.29,QuickBite
SKU00961,FreshFarm OTC Medicine 100g,Health & Wellness,OTC Medicine,605.41,384.22,FreshFarm
SKU00962,FamilyChoice Chocolates 2L,Snacks & Confectionery,Chocolates,121.58,74.01,FamilyChoice
SKU00963,FamilyChoice Chocolates 100g,Snacks & Confectionery,Chocolates,108.45,71.75,FamilyChoice
SKU00964,ZestyCo Bread 2L,Dairy & Bakery,Bread,229.0,152.63,ZestyCo
SKU00965,ValueChoice Chips & Crisps 250ml,Snacks & Confectionery,Chips & Crisps,92.42,62.98,ValueChoice
SKU00966,ZestyCo Laundry 2kg,Home Care,Laundry,361.28,252.25,ZestyCo
SKU00967,CleanWave Office Supplies Large,Stationery & Office,Office Supplies,64.98,45.29,CleanWave
SKU00968,PureLife Vitamins & Supplements Pack of 12,Health & Wellness,Vitamins & Supplements,178.22,114.38,PureLife
SKU00969,FreshFarm Batteries 2L,Electronics & Accessories,Batteries,1961.81,1520.74,FreshFarm
SKU00970,UrbanBite Dishwashing Large,Home Care,Dishwashing,354.04,240.01,UrbanBite
SKU00971,GoldenHarvest Pulses & Lentils 250g,Grocery,Pulses & Lentils,168.09,127.42,GoldenHarvest
SKU00972,SmartBuy Tea Pack of 6,Beverages,Tea,232.47,160.25,SmartBuy
SKU00973,GoldenHarvest Eggs 500g,Dairy & Bakery,Eggs,150.35,96.62,GoldenHarvest
SKU00974,CleanWave Chocolates 1kg,Snacks & Confectionery,Chocolates,47.34,34.78,CleanWave
SKU00975,NutriPlus Cookware 500g,Home & Kitchen,Cookware,2037.35,1210.67,NutriPlus
SKU00976,GreenValley Cookware 2L,Home & Kitchen,Cookware,268.42,212.7,GreenValley
SKU00977,FreshFarm Cookware Pack of 6,Home & Kitchen,Cookware,921.45,638.63,FreshFarm
SKU00978,HomeStyle OTC Medicine Small,Health & Wellness,OTC Medicine,524.42,302.09,HomeStyle
SKU00979,SmartBuy Frozen Meat 500ml,Frozen Foods,Frozen Meat,393.05,257.58,SmartBuy
SKU00980,SmartBuy First Aid Family Pack,Health & Wellness,First Aid,726.14,528.73,SmartBuy
SKU00981,TrueTaste Skin Care 250ml,Personal Care,Skin Care,330.37,187.33,TrueTaste
SKU00982,GoldenHarvest Batteries 500g,Electronics & Accessories,Batteries,1475.54,907.97,GoldenHarvest
SKU00983,NutriPlus Footwear 100g,Apparel & Footwear,Footwear,1292.33,1009.43,NutriPlus
SKU00984,QuickBite Women's Wear 250g,Apparel & Footwear,Women's Wear,1782.02,1138.8,QuickBite
SKU00985,FamilyChoice First Aid 500ml,Health & Wellness,First Aid,1003.36,591.77,FamilyChoice
SKU00986,UrbanBite Pulses & Lentils 500ml,Grocery,Pulses & Lentils,101.6,58.38,UrbanBite
SKU00987,TrueTaste Mobile Accessories Medium,Electronics & Accessories,Mobile Accessories,1614.69,1137.98,TrueTaste
SKU00988,HomeStyle Bath & Body 250g,Personal Care,Bath & Body,227.17,156.64,HomeStyle
SKU00989,EliteHome Mobile Accessories 1kg,Electronics & Accessories,Mobile Accessories,1774.79,1263.54,EliteHome
SKU00990,FamilyChoice Frozen Meat Family Pack,Frozen Foods,Frozen Meat,485.43,383.25,FamilyChoice
SKU00991,PurePlus Cookware 100g,Home & Kitchen,Cookware,226.46,127.96,PurePlus
SKU00992,UrbanBite Skin Care 500ml,Personal Care,Skin Care,188.51,113.0,UrbanBite
SKU00993,BasicNeeds Writing Instruments 500g,Stationery & Office,Writing Instruments,230.79,140.43,BasicNeeds
SKU00994,NovaFresh Home Decor 2L,Home & Kitchen,Home Decor,602.13,395.46,NovaFresh
SKU00995,PureLife Milk Family Pack,Dairy & Bakery,Milk,237.56,137.85,PureLife
SKU00996,MetroBrand Pest Control 1kg,Home Care,Pest Control,117.61,76.74,MetroBrand
SKU00997,CleanWave Ice Cream 250ml,Frozen Foods,Ice Cream,284.15,214.26,CleanWave
SKU00998,PremiumSelect Kids Wear 500ml,Apparel & Footwear,Kids Wear,2284.54,1349.97,PremiumSelect
SKU00999,PremiumSelect Mobile Accessories Small,Electronics & Accessories,Mobile Accessories,845.52,658.78,PremiumSelect
SKU01000,ZestyCo Home Decor Family Pack,Home & Kitchen,Home Decor,415.22,322.96,ZestyCo
SKU01001,NovaFresh Skin Care 250g,Personal Care,Skin Care,496.66,336.86,NovaFresh
SKU01002,GreenValley Ready Meals 1L,Frozen Foods,Ready Meals,252.83,193.42,GreenValley
SKU01003,GreenValley Air Fresheners Small,Home Care,Air Fresheners,324.39,236.12,GreenValley
SKU01004,CityFresh Storage & Containers 100g,Home & Kitchen,Storage & Containers,2343.18,1497.72,CityFresh
SKU01005,EliteHome Milk Medium,Dairy & Bakery,Milk,211.75,146.2,EliteHome
SKU01006,PureLife First Aid 1kg,Health & Wellness,First Aid,416.38,241.15,PureLife
SKU01007,CrispKing Soft Drinks 1L,Beverages,Soft Drinks,107.05,72.15,CrispKing
SKU01008,PremiumSelect Storage & Containers Family Pack,Home & Kitchen,Storage & Containers,830.92,629.42,PremiumSelect
SKU01009,SparkleClean Bath & Body Pack of 6,Personal Care,Bath & Body,223.42,155.57,SparkleClean
SKU01010,TrueTaste Hair Care Family Pack,Personal Care,Hair Care,439.53,283.72,TrueTaste
SKU01011,SunriseFoods Frozen Vegetables Pack of 6,Frozen Foods,Frozen Vegetables,546.32,391.1,SunriseFoods
SKU01012,PureLife Dishwashing 1kg,Home Care,Dishwashing,100.05,79.46,PureLife
SKU01013,ValueChoice Cookware Pack of 12,Home & Kitchen,Cookware,964.27,546.62,ValueChoice
SKU01014,SoftTouch Frozen Vegetables Pack of 6,Frozen Foods,Frozen Vegetables,274.5,173.65,SoftTouch
SKU01015,EliteHome Frozen Vegetables 2kg,Frozen Foods,Frozen Vegetables,427.87,252.01,EliteHome
SKU01016,ZestyCo Tea 250g,Beverages,Tea,98.16,77.47,ZestyCo
SKU01017,NatureBlend Pulses & Lentils Pack of 6,Grocery,Pulses & Lentils,410.69,281.93,NatureBlend
SKU01018,SparkleClean Bath & Body 2L,Personal Care,Bath & Body,242.43,141.2,SparkleClean
SKU01019,TrueTaste Office Supplies Small,Stationery & Office,Office Supplies,287.61,202.2,TrueTaste
SKU01020,SparkleClean Office Supplies 250g,Stationery & Office,Office Supplies,152.7,103.09,SparkleClean
SKU01021,EverydayPlus First Aid 2L,Health & Wellness,First Aid,1243.47,702.35,EverydayPlus
SKU01022,NatureBlend Vitamins & Supplements Medium,Health & Wellness,Vitamins & Supplements,859.9,658.79,NatureBlend
SKU01023,CrispKing Men's Grooming Large,Personal Care,Men's Grooming,526.16,382.68,CrispKing
SKU01024,EliteHome Biscuits & Cookies Family Pack,Snacks & Confectionery,Biscuits & Cookies,156.04,86.03,EliteHome
SKU01025,DailyBest Cooking Oil 1kg,Grocery,Cooking Oil,119.84,94.66,DailyBest
SKU01026,FreshFarm Oral Care 500g,Personal Care,Oral Care,397.94,234.71,FreshFarm
SKU01027,EliteHome Eggs 2L,Dairy & Bakery,Eggs,82.61,45.44,EliteHome
SKU01028,SunriseFoods Chocolates 500ml,Snacks & Confectionery,Chocolates,120.24,78.98,SunriseFoods
SKU01029,NatureBlend Eggs 1kg,Dairy & Bakery,Eggs,90.75,53.11,NatureBlend
SKU01030,NutriPlus Sugar & Salt 250g,Grocery,Sugar & Salt,224.5,155.47,NutriPlus
SKU01031,PrimeCare First Aid 500g,Health & Wellness,First Aid,668.1,419.47,PrimeCare
SKU01032,PrimeCare Office Supplies 250ml,Stationery & Office,Office Supplies,242.61,144.67,PrimeCare
SKU01033,NutriPlus Mobile Accessories Small,Electronics & Accessories,Mobile Accessories,1645.61,1310.46,NutriPlus
SKU01034,HealthFirst Pest Control 100g,Home Care,Pest Control,313.23,198.33,HealthFirst
SKU01035,FreshFarm Laundry 250g,Home Care,Laundry,360.87,235.89,FreshFarm
SKU01036,EliteHome Yogurt 1kg,Dairy & Bakery,Yogurt,132.2,82.43,EliteHome
SKU01037,EliteHome Bottled Water Large,Beverages,Bottled Water,178.07,135.2,EliteHome
SKU01038,NovaFresh OTC Medicine Family Pack,Health & Wellness,OTC Medicine,1338.59,802.08,NovaFresh
SKU01039,SmartBuy Frozen Vegetables 500ml,Frozen Foods,Frozen Vegetables,418.6,243.59,SmartBuy
SKU01040,EliteHome Cooking Oil 100g,Grocery,Cooking Oil,381.35,293.78,EliteHome
SKU01041,GoldenHarvest Men's Grooming 100g,Personal Care,Men's Grooming,395.7,235.77,GoldenHarvest
SKU01042,QuickBite Milk Medium,Dairy & Bakery,Milk,77.89,59.55,QuickBite
SKU01043,PureLife Biscuits & Cookies 500ml,Snacks & Confectionery,Biscuits & Cookies,89.02,61.83,PureLife
SKU01044,SmartBuy Mobile Accessories 250g,Electronics & Accessories,Mobile Accessories,2603.87,1968.12,SmartBuy
SKU01045,PurePlus Frozen Meat Medium,Frozen Foods,Frozen Meat,451.29,256.12,PurePlus
SKU01046,PrimeCare First Aid 1L,Health & Wellness,First Aid,708.58,560.42,PrimeCare
SKU01047,HomeStyle Batteries 250ml,Electronics & Accessories,Batteries,778.4,486.45,HomeStyle
SKU01048,EliteHome Notebooks 500ml,Stationery & Office,Notebooks,96.18,54.31,EliteHome
SKU01049,MetroBrand Men's Wear 1kg,Apparel & Footwear,Men's Wear,884.98,655.97,MetroBrand
SKU01050,SunriseFoods Vitamins & Supplements Large,Health & Wellness,Vitamins & Supplements,1245.06,740.33,SunriseFoods
SKU01051,CityFresh Home Decor Small,Home & Kitchen,Home Decor,1119.25,713.83,CityFresh
SKU01052,MetroBrand Pest Control 500g,Home Care,Pest Control,205.27,143.41,MetroBrand
SKU01053,PrimeCare Notebooks Small,Stationery & Office,Notebooks,52.87,29.99,PrimeCare
SKU01054,DailyBest Men's Wear 500g,Apparel & Footwear,Men's Wear,583.57,350.42,DailyBest
SKU01055,FreshFarm Vitamins & Supplements 500ml,Health & Wellness,Vitamins & Supplements,916.38,616.05,FreshFarm
SKU01056,FamilyChoice Home Decor Small,Home & Kitchen,Home Decor,2441.35,1600.25,FamilyChoice
SKU01057,EverydayPlus Ice Cream 100g,Frozen Foods,Ice Cream,251.59,173.44,EverydayPlus
SKU01058,SmartBuy Small Appliances Pack of 12,Electronics & Accessories,Small Appliances,642.99,470.77,SmartBuy
SKU01059,MetroBrand Cheese 1kg,Dairy & Bakery,Cheese,176.99,112.96,MetroBrand
SKU01060,ValueChoice Writing Instruments Pack of 12,Stationery & Office,Writing Instruments,173.38,112.89,ValueChoice
SKU01061,PrimeCare Vitamins & Supplements 1L,Health & Wellness,Vitamins & Supplements,797.99,493.23,PrimeCare
SKU01062,ValueChoice Kids Wear 100g,Apparel & Footwear,Kids Wear,585.23,371.58,ValueChoice
SKU01063,DailyBest Surface Cleaners Small,Home Care,Surface Cleaners,103.23,58.09,DailyBest
SKU01064,PurePlus Cookware 1kg,Home & Kitchen,Cookware,211.61,147.08,PurePlus
SKU01065,SunriseFoods Spices & Seasoning Family Pack,Grocery,Spices & Seasoning,104.37,61.91,SunriseFoods
SKU01066,EliteHome Tea Medium,Beverages,Tea,50.68,36.95,EliteHome
SKU01067,ValueChoice Frozen Meat 500g,Frozen Foods,Frozen Meat,429.35,240.67,ValueChoice
SKU01068,PrimeCare Mobile Accessories Pack of 6,Electronics & Accessories,Mobile Accessories,2201.06,1243.53,PrimeCare
SKU01069,FreshFarm Men's Wear 250ml,Apparel & Footwear,Men's Wear,1801.49,1119.04,FreshFarm
SKU01070,SparkleClean Pest Control Pack of 6,Home Care,Pest Control,202.07,133.29,SparkleClean
SKU01071,NutriPlus Vitamins & Supplements 2L,Health & Wellness,Vitamins & Supplements,673.91,487.51,NutriPlus
SKU01072,PurePlus Frozen Meat 2kg,Frozen Foods,Frozen Meat,827.35,598.21,PurePlus
SKU01073,EverydayPlus Office Supplies Pack of 6,Stationery & Office,Office Supplies,332.78,264.01,EverydayPlus
SKU01074,SparkleClean Vitamins & Supplements 1kg,Health & Wellness,Vitamins & Supplements,287.03,183.1,SparkleClean
SKU01075,HealthFirst Dishwashing Large,Home Care,Dishwashing,382.05,215.8,HealthFirst
SKU01076,FreshFarm Office Supplies Family Pack,Stationery & Office,Office Supplies,172.63,132.12,FreshFarm
SKU01077,SmartBuy Tea 500g,Beverages,Tea,126.83,92.92,SmartBuy
SKU01078,QuickBite Writing Instruments Pack of 12,Stationery & Office,Writing Instruments,243.34,137.98,QuickBite
SKU01079,EverydayPlus Soft Drinks Large,Beverages,Soft Drinks,125.88,71.86,EverydayPlus
SKU01080,NutriPlus Butter & Ghee 250g,Dairy & Bakery,Butter & Ghee,167.2,111.88,NutriPlus
SKU01081,FamilyChoice Women's Wear Small,Apparel & Footwear,Women's Wear,2680.16,1703.0,FamilyChoice
SKU01082,CrispKing Batteries Family Pack,Electronics & Accessories,Batteries,513.43,358.94,CrispKing
SKU01083,UrbanBite Notebooks 1kg,Stationery & Office,Notebooks,421.04,254.64,UrbanBite
SKU01084,EverydayPlus Mobile Accessories 2L,Electronics & Accessories,Mobile Accessories,2259.43,1784.58,EverydayPlus
SKU01085,DailyBest OTC Medicine Small,Health & Wellness,OTC Medicine,263.64,178.76,DailyBest
SKU01086,PremiumSelect Bath & Body 250ml,Personal Care,Bath & Body,123.82,91.34,PremiumSelect
SKU01087,CityFresh Spices & Seasoning 1kg,Grocery,Spices & Seasoning,231.99,134.89,CityFresh
SKU01088,NutriPlus Juices 250ml,Beverages,Juices,183.33,129.11,NutriPlus
SKU01089,CityFresh Yogurt 250ml,Dairy & Bakery,Yogurt,134.77,103.27,CityFresh
SKU01090,DailyBest Pulses & Lentils Pack of 12,Grocery,Pulses & Lentils,261.96,145.58,DailyBest
SKU01091,NutriPlus Ice Cream 250ml,Frozen Foods,Ice Cream,650.81,445.8,NutriPlus
SKU01092,EverydayPlus Men's Wear 250ml,Apparel & Footwear,Men's Wear,1883.52,1152.13,EverydayPlus
SKU01093,FreshFarm Office Supplies Family Pack,Stationery & Office,Office Supplies,90.9,60.87,FreshFarm
SKU01094,ZestyCo Dishwashing 2L,Home Care,Dishwashing,210.83,158.97,ZestyCo
SKU01095,ValueChoice Home Decor Large,Home & Kitchen,Home Decor,1277.56,923.06,ValueChoice
SKU01096,QuickBite Notebooks Pack of 12,Stationery & Office,Notebooks,79.71,58.88,QuickBite
SKU01097,UrbanBite Home Decor Large,Home & Kitchen,Home Decor,1366.05,823.62,UrbanBite
SKU01098,NutriPlus Surface Cleaners 500g,Home Care,Surface Cleaners,69.89,52.99,NutriPlus
SKU01099,SmartBuy Milk Family Pack,Dairy & Bakery,Milk,192.67,135.54,SmartBuy
SKU01100,NovaFresh Notebooks Family Pack,Stationery & Office,Notebooks,170.38,96.66,NovaFresh
SKU01101,FamilyChoice Namkeen 100g,Snacks & Confectionery,Namkeen,126.22,96.64,FamilyChoice
SKU01102,NutriPlus Skin Care 250ml,Personal Care,Skin Care,340.37,191.95,NutriPlus
SKU01103,CleanWave Pulses & Lentils 500ml,Grocery,Pulses & Lentils,222.82,124.15,CleanWave
SKU01104,TrueTaste Kids Wear 500ml,Apparel & Footwear,Kids Wear,1089.39,826.23,TrueTaste
SKU01105,NutriPlus Vitamins & Supplements Small,Health & Wellness,Vitamins & Supplements,718.64,397.59,NutriPlus
SKU01106,HealthFirst Soft Drinks Pack of 12,Beverages,Soft Drinks,115.88,66.3,HealthFirst
SKU01107,DailyBest Namkeen 1kg,Snacks & Confectionery,Namkeen,67.08,37.18,DailyBest
SKU01108,PurePlus Ice Cream Pack of 6,Frozen Foods,Ice Cream,482.5,371.56,PurePlus
SKU01109,QuickBite Ice Cream Family Pack,Frozen Foods,Ice Cream,486.1,272.79,QuickBite
SKU01110,ZestyCo Footwear 500ml,Apparel & Footwear,Footwear,1608.9,1034.8,ZestyCo
SKU01111,GoldenHarvest Milk Large,Dairy & Bakery,Milk,301.5,182.18,GoldenHarvest
SKU01112,PrimeCare Writing Instruments Pack of 6,Stationery & Office,Writing Instruments,148.59,94.42,PrimeCare
SKU01113,SparkleClean Dishwashing Large,Home Care,Dishwashing,298.97,186.15,SparkleClean
SKU01114,HomeStyle Footwear Large,Apparel & Footwear,Footwear,554.93,428.39,HomeStyle
SKU01115,CityFresh Chocolates 100g,Snacks & Confectionery,Chocolates,124.25,92.22,CityFresh
SKU01116,PrimeCare Rice & Grains Medium,Grocery,Rice & Grains,297.88,229.74,PrimeCare
SKU01117,UrbanBite Spices & Seasoning 500g,Grocery,Spices & Seasoning,157.6,115.05,UrbanBite
SKU01118,DailyBest Skin Care Medium,Personal Care,Skin Care,510.49,322.93,DailyBest
SKU01119,PremiumSelect Notebooks Medium,Stationery & Office,Notebooks,181.19,108.07,PremiumSelect
SKU01120,GreenValley Spices & Seasoning 1kg,Grocery,Spices & Seasoning,213.08,145.42,GreenValley
SKU01121,PrimeCare Oral Care 100g,Personal Care,Oral Care,316.47,202.28,PrimeCare
SKU01122,PureLife Coffee 500ml,Beverages,Coffee,145.52,103.44,PureLife
SKU01123,MetroBrand Writing Instruments 2kg,Stationery & Office,Writing Instruments,97.2,54.41,MetroBrand
SKU01124,GoldenHarvest Small Appliances 2L,Electronics & Accessories,Small Appliances,1664.53,1212.19,GoldenHarvest
SKU01125,GreenValley Kids Wear 250g,Apparel & Footwear,Kids Wear,1145.77,715.98,GreenValley
SKU01126,SparkleClean Mobile Accessories 100g,Electronics & Accessories,Mobile Accessories,1716.23,1142.25,SparkleClean
SKU01127,SunriseFoods Vitamins & Supplements 500ml,Health & Wellness,Vitamins & Supplements,817.54,649.66,SunriseFoods
SKU01128,PurePlus Footwear Small,Apparel & Footwear,Footwear,2811.97,1698.13,PurePlus
SKU01129,HomeStyle Rice & Grains 2kg,Grocery,Rice & Grains,329.67,191.02,HomeStyle
SKU01130,ValueChoice Storage & Containers 2kg,Home & Kitchen,Storage & Containers,1764.9,1063.27,ValueChoice
SKU01131,HomeStyle Mobile Accessories 500g,Electronics & Accessories,Mobile Accessories,1745.98,1113.72,HomeStyle
SKU01132,SoftTouch Mobile Accessories 2kg,Electronics & Accessories,Mobile Accessories,327.79,224.23,SoftTouch
SKU01133,GreenValley Oral Care 2kg,Personal Care,Oral Care,347.45,276.24,GreenValley
SKU01134,HealthFirst Men's Wear 1kg,Apparel & Footwear,Men's Wear,1312.85,1007.57,HealthFirst
SKU01135,NutriPlus Oral Care 250ml,Personal Care,Oral Care,184.19,134.23,NutriPlus
SKU01136,HealthFirst Sugar & Salt 2kg,Grocery,Sugar & Salt,306.5,223.79,HealthFirst
SKU01137,PurePlus Cookware Pack of 12,Home & Kitchen,Cookware,1286.53,798.87,PurePlus
SKU01138,SoftTouch Chips & Crisps 250ml,Snacks & Confectionery,Chips & Crisps,181.15,141.66,SoftTouch
SKU01139,FreshFarm Juices Small,Beverages,Juices,137.5,94.17,FreshFarm
SKU01140,NutriPlus OTC Medicine Pack of 6,Health & Wellness,OTC Medicine,467.27,275.98,NutriPlus
SKU01141,BasicNeeds Chocolates Pack of 6,Snacks & Confectionery,Chocolates,110.22,86.81,BasicNeeds
SKU01142,CrispKing Storage & Containers 2L,Home & Kitchen,Storage & Containers,424.49,287.22,CrispKing
SKU01143,HealthFirst Laundry Large,Home Care,Laundry,410.89,241.96,HealthFirst
SKU01144,EliteHome Spices & Seasoning 1kg,Grocery,Spices & Seasoning,215.74,158.31,EliteHome
SKU01145,BasicNeeds Notebooks Family Pack,Stationery & Office,Notebooks,34.0,20.69,BasicNeeds
SKU01146,DailyBest Ice Cream 1kg,Frozen Foods,Ice Cream,212.51,126.85,DailyBest
SKU01147,CityFresh Milk 500g,Dairy & Bakery,Milk,249.35,153.82,CityFresh
SKU01148,EverydayPlus Small Appliances Medium,Electronics & Accessories,Small Appliances,1716.82,1192.45,EverydayPlus
SKU01149,FreshFarm Frozen Meat Large,Frozen Foods,Frozen Meat,500.46,311.86,FreshFarm
SKU01150,HomeStyle Pulses & Lentils 250g,Grocery,Pulses & Lentils,279.57,156.62,HomeStyle
SKU01151,CityFresh Women's Wear 2L,Apparel & Footwear,Women's Wear,1839.22,1189.74,CityFresh
SKU01152,FamilyChoice Skin Care 1L,Personal Care,Skin Care,486.03,295.8,FamilyChoice
SKU01153,GreenValley Mobile Accessories 1kg,Electronics & Accessories,Mobile Accessories,897.4,608.31,GreenValley
SKU01154,EverydayPlus Storage & Containers 1L,Home & Kitchen,Storage & Containers,1547.75,1029.08,EverydayPlus
SKU01155,TrueTaste Vitamins & Supplements Pack of 12,Health & Wellness,Vitamins & Supplements,996.18,567.35,TrueTaste
SKU01156,EliteHome Batteries 2L,Electronics & Accessories,Batteries,2106.88,1288.0,EliteHome
SKU01157,HomeStyle Eggs 1L,Dairy & Bakery,Eggs,228.88,141.99,HomeStyle
SKU01158,CleanWave Chips & Crisps Large,Snacks & Confectionery,Chips & Crisps,90.44,60.7,CleanWave
SKU01159,SoftTouch Hair Care 1kg,Personal Care,Hair Care,361.28,272.97,SoftTouch
SKU01160,FreshFarm Cookware Pack of 6,Home & Kitchen,Cookware,762.62,461.12,FreshFarm
SKU01161,NatureBlend Frozen Meat 2kg,Frozen Foods,Frozen Meat,440.73,259.83,NatureBlend
SKU01162,CrispKing Hair Care Family Pack,Personal Care,Hair Care,154.8,85.18,CrispKing
SKU01163,SparkleClean Men's Wear 1kg,Apparel & Footwear,Men's Wear,3396.91,2383.36,SparkleClean
SKU01164,SmartBuy Cookware Large,Home & Kitchen,Cookware,241.81,152.68,SmartBuy
SKU01165,HealthFirst Home Decor Pack of 6,Home & Kitchen,Home Decor,996.52,715.04,HealthFirst
SKU01166,HealthFirst Milk 1kg,Dairy & Bakery,Milk,388.66,280.82,HealthFirst
SKU01167,UrbanBite Small Appliances Small,Electronics & Accessories,Small Appliances,1837.34,1031.07,UrbanBite
SKU01168,GreenValley OTC Medicine 1kg,Health & Wellness,OTC Medicine,269.77,176.59,GreenValley
SKU01169,HealthFirst Surface Cleaners 1kg,Home Care,Surface Cleaners,146.46,116.0,HealthFirst
SKU01170,TrueTaste Hair Care 250ml,Personal Care,Hair Care,365.5,226.17,TrueTaste
SKU01171,TrueTaste Coffee Pack of 12,Beverages,Coffee,83.0,56.64,TrueTaste
SKU01172,PrimeCare Yogurt 250ml,Dairy & Bakery,Yogurt,302.18,206.83,PrimeCare
SKU01173,MetroBrand Frozen Vegetables 2L,Frozen Foods,Frozen Vegetables,346.97,213.43,MetroBrand
SKU01174,NovaFresh Home Decor 2L,Home & Kitchen,Home Decor,1964.02,1462.83,NovaFresh
SKU01175,FreshFarm Home Decor 500g,Home & Kitchen,Home Decor,618.29,340.63,FreshFarm
SKU01176,MetroBrand Chips & Crisps 1kg,Snacks & Confectionery,Chips & Crisps,95.51,57.95,MetroBrand
SKU01177,GreenValley Mobile Accessories 2kg,Electronics & Accessories,Mobile Accessories,1402.34,979.02,GreenValley
SKU01178,GreenValley Coffee 1kg,Beverages,Coffee,95.91,74.74,GreenValley
SKU01179,PurePlus Mobile Accessories Large,Electronics & Accessories,Mobile Accessories,1331.57,735.54,PurePlus
SKU01180,CrispKing Bath & Body 250ml,Personal Care,Bath & Body,450.33,315.33,CrispKing
SKU01181,CityFresh Laundry 500ml,Home Care,Laundry,437.11,240.78,CityFresh
SKU01182,PureLife Small Appliances Pack of 12,Electronics & Accessories,Small Appliances,2365.65,1669.45,PureLife
SKU01183,NatureBlend Dishwashing Small,Home Care,Dishwashing,228.38,149.11,NatureBlend
SKU01184,GoldenHarvest Men's Wear Pack of 12,Apparel & Footwear,Men's Wear,891.4,587.09,GoldenHarvest
SKU01185,EliteHome Frozen Vegetables 2L,Frozen Foods,Frozen Vegetables,446.89,353.88,EliteHome
SKU01186,FamilyChoice Notebooks Family Pack,Stationery & Office,Notebooks,109.5,78.9,FamilyChoice
SKU01187,CleanWave First Aid Large,Health & Wellness,First Aid,629.38,377.06,CleanWave
SKU01188,QuickBite Milk 1kg,Dairy & Bakery,Milk,281.05,224.65,QuickBite
SKU01189,PureLife Footwear 500g,Apparel & Footwear,Footwear,2299.8,1412.47,PureLife
SKU01190,BasicNeeds Bath & Body 250ml,Personal Care,Bath & Body,346.48,249.98,BasicNeeds
SKU01191,CityFresh Frozen Meat Medium,Frozen Foods,Frozen Meat,672.51,484.26,CityFresh
SKU01192,NutriPlus Energy Drinks Family Pack,Beverages,Energy Drinks,149.22,113.77,NutriPlus
SKU01193,EliteHome Tea Pack of 12,Beverages,Tea,253.89,164.96,EliteHome
SKU01194,FamilyChoice Ice Cream Pack of 12,Frozen Foods,Ice Cream,620.84,449.48,FamilyChoice
SKU01195,PureLife Chips & Crisps 1kg,Snacks & Confectionery,Chips & Crisps,191.61,135.37,PureLife
SKU01196,CleanWave Office Supplies 2L,Stationery & Office,Office Supplies,124.22,81.87,CleanWave
SKU01197,NutriPlus Storage & Containers 500g,Home & Kitchen,Storage & Containers,2209.52,1721.19,NutriPlus
SKU01198,ValueChoice Small Appliances 2L,Electronics & Accessories,Small Appliances,3669.7,2249.46,ValueChoice
SKU01199,CrispKing Batteries 500g,Electronics & Accessories,Batteries,2539.08,1538.86,CrispKing
SKU01200,MetroBrand OTC Medicine 250g,Health & Wellness,OTC Medicine,973.91,689.14,MetroBrand
SKU01201,NutriPlus Cooking Oil Family Pack,Grocery,Cooking Oil,133.28,79.64,NutriPlus
SKU01202,SmartBuy Skin Care Large,Personal Care,Skin Care,330.45,250.32,SmartBuy
SKU01203,EliteHome Laundry Pack of 12,Home Care,Laundry,505.24,320.79,EliteHome
SKU01204,UrbanBite Home Decor Pack of 6,Home & Kitchen,Home Decor,2364.73,1549.55,UrbanBite
SKU01205,CityFresh Namkeen 1kg,Snacks & Confectionery,Namkeen,71.98,51.87,CityFresh
SKU01206,EliteHome Dishwashing 2L,Home Care,Dishwashing,405.83,313.01,EliteHome
SKU01207,FreshFarm Bath & Body Small,Personal Care,Bath & Body,437.42,316.03,FreshFarm
SKU01208,TrueTaste Soft Drinks 2L,Beverages,Soft Drinks,116.35,66.73,TrueTaste
SKU01209,SoftTouch Soft Drinks 2kg,Beverages,Soft Drinks,99.4,63.07,SoftTouch
SKU01210,SoftTouch Oral Care 250ml,Personal Care,Oral Care,279.72,206.3,SoftTouch
SKU01211,PremiumSelect Flour & Atta Medium,Grocery,Flour & Atta,261.45,203.13,PremiumSelect
SKU01212,FamilyChoice Sugar & Salt 1kg,Grocery,Sugar & Salt,240.47,170.36,FamilyChoice
SKU01213,MetroBrand Bath & Body Family Pack,Personal Care,Bath & Body,423.96,296.36,MetroBrand
SKU01214,SoftTouch Biscuits & Cookies Small,Snacks & Confectionery,Biscuits & Cookies,92.73,59.79,SoftTouch
SKU01215,PremiumSelect Ready Meals Large,Frozen Foods,Ready Meals,268.96,180.07,PremiumSelect
SKU01216,HomeStyle Cooking Oil 1L,Grocery,Cooking Oil,609.83,401.3,HomeStyle
SKU01217,TrueTaste Eggs 1kg,Dairy & Bakery,Eggs,184.17,103.83,TrueTaste
SKU01218,EliteHome Laundry 100g,Home Care,Laundry,375.09,208.35,EliteHome
SKU01219,PremiumSelect Notebooks 2L,Stationery & Office,Notebooks,317.89,223.91,PremiumSelect
SKU01220,PrimeCare Vitamins & Supplements 250ml,Health & Wellness,Vitamins & Supplements,872.06,590.79,PrimeCare
SKU01221,BasicNeeds Home Decor 250g,Home & Kitchen,Home Decor,2043.23,1248.87,BasicNeeds
SKU01222,NovaFresh Skin Care Large,Personal Care,Skin Care,670.78,518.64,NovaFresh
SKU01223,TrueTaste Pest Control Family Pack,Home Care,Pest Control,271.98,163.64,TrueTaste
SKU01224,DailyBest Air Fresheners 250ml,Home Care,Air Fresheners,282.15,204.59,DailyBest
SKU01225,QuickBite Cookware Pack of 12,Home & Kitchen,Cookware,1771.96,1323.81,QuickBite
SKU01226,HomeStyle Office Supplies 500ml,Stationery & Office,Office Supplies,148.05,112.53,HomeStyle
SKU01227,NatureBlend Notebooks 1L,Stationery & Office,Notebooks,401.78,305.31,NatureBlend
SKU01228,HealthFirst Men's Wear Pack of 6,Apparel & Footwear,Men's Wear,1373.33,1028.0,HealthFirst
SKU01229,GreenValley Ice Cream 500ml,Frozen Foods,Ice Cream,492.86,327.48,GreenValley
SKU01230,FamilyChoice Frozen Meat Medium,Frozen Foods,Frozen Meat,687.23,485.17,FamilyChoice
SKU01231,GoldenHarvest Notebooks 500g,Stationery & Office,Notebooks,300.33,229.58,GoldenHarvest
SKU01232,ValueChoice Cheese Pack of 12,Dairy & Bakery,Cheese,416.45,272.8,ValueChoice
SKU01233,DailyBest Bath & Body Family Pack,Personal Care,Bath & Body,468.0,335.89,DailyBest
SKU01234,GreenValley Cookware Medium,Home & Kitchen,Cookware,2427.07,1431.69,GreenValley
SKU01235,GoldenHarvest Hair Care 100g,Personal Care,Hair Care,283.19,195.73,GoldenHarvest
SKU01236,ValueChoice Chocolates 250g,Snacks & Confectionery,Chocolates,109.0,63.79,ValueChoice
SKU01237,ValueChoice Frozen Meat Pack of 6,Frozen Foods,Frozen Meat,974.68,696.97,ValueChoice
SKU01238,PremiumSelect Eggs Large,Dairy & Bakery,Eggs,176.71,113.84,PremiumSelect
SKU01239,UrbanBite Cookware Medium,Home & Kitchen,Cookware,2148.74,1304.2,UrbanBite
SKU01240,TrueTaste Storage & Containers Large,Home & Kitchen,Storage & Containers,1130.44,723.69,TrueTaste
SKU01241,NovaFresh Eggs 500g,Dairy & Bakery,Eggs,192.42,139.57,NovaFresh
SKU01242,FreshFarm Frozen Meat 1L,Frozen Foods,Frozen Meat,414.93,322.4,FreshFarm
SKU01243,HomeStyle Notebooks Pack of 12,Stationery & Office,Notebooks,208.57,115.3,HomeStyle
SKU01244,GreenValley Batteries Pack of 6,Electronics & Accessories,Batteries,2224.69,1316.93,GreenValley
SKU01245,EliteHome Chocolates Small,Snacks & Confectionery,Chocolates,38.18,27.74,EliteHome
SKU01246,SmartBuy Vitamins & Supplements 1kg,Health & Wellness,Vitamins & Supplements,526.86,364.68,SmartBuy
SKU01247,PureLife First Aid 500ml,Health & Wellness,First Aid,828.82,521.99,PureLife
SKU01248,PremiumSelect Vitamins & Supplements 500ml,Health & Wellness,Vitamins & Supplements,381.79,272.19,PremiumSelect
SKU01249,EliteHome Flour & Atta Family Pack,Grocery,Flour & Atta,112.21,86.04,EliteHome
SKU01250,PurePlus Yogurt 1kg,Dairy & Bakery,Yogurt,56.55,34.75,PurePlus
SKU01251,CleanWave Storage & Containers 2kg,Home & Kitchen,Storage & Containers,2613.85,1754.99,CleanWave
SKU01252,BasicNeeds Namkeen 100g,Snacks & Confectionery,Namkeen,95.29,52.9,BasicNeeds
SKU01253,PurePlus Cheese 500g,Dairy & Bakery,Cheese,228.57,179.77,PurePlus
SKU01254,DailyBest Yogurt Family Pack,Dairy & Bakery,Yogurt,116.86,87.69,DailyBest
SKU01255,PremiumSelect Candy Medium,Snacks & Confectionery,Candy,182.77,123.6,PremiumSelect
SKU01256,PurePlus Energy Drinks 1kg,Beverages,Energy Drinks,156.9,125.21,PurePlus
SKU01257,NatureBlend Bath & Body Pack of 12,Personal Care,Bath & Body,362.06,219.07,NatureBlend
SKU01258,TrueTaste Storage & Containers 2L,Home & Kitchen,Storage & Containers,2146.77,1580.01,TrueTaste
SKU01259,QuickBite Flour & Atta Large,Grocery,Flour & Atta,371.59,275.86,QuickBite
SKU01260,ValueChoice Yogurt 2kg,Dairy & Bakery,Yogurt,356.47,270.1,ValueChoice
SKU01261,DailyBest Sugar & Salt Family Pack,Grocery,Sugar & Salt,327.98,236.56,DailyBest
SKU01262,PrimeCare Frozen Meat 250ml,Frozen Foods,Frozen Meat,592.69,354.22,PrimeCare
SKU01263,BasicNeeds Milk Pack of 12,Dairy & Bakery,Milk,185.0,105.97,BasicNeeds
SKU01264,SmartBuy Men's Wear 250ml,Apparel & Footwear,Men's Wear,1108.95,659.92,SmartBuy
SKU01265,EverydayPlus Vitamins & Supplements Pack of 12,Health & Wellness,Vitamins & Supplements,1099.45,840.62,EverydayPlus
SKU01266,PremiumSelect Men's Wear 250ml,Apparel & Footwear,Men's Wear,875.0,569.19,PremiumSelect
SKU01267,HealthFirst Vitamins & Supplements Medium,Health & Wellness,Vitamins & Supplements,974.77,669.22,HealthFirst
SKU01268,PurePlus Laundry Pack of 6,Home Care,Laundry,336.73,187.34,PurePlus
SKU01269,NutriPlus Home Decor 2kg,Home & Kitchen,Home Decor,2876.02,1935.15,NutriPlus
SKU01270,NutriPlus Laundry Family Pack,Home Care,Laundry,282.8,184.48,NutriPlus
SKU01271,ValueChoice Writing Instruments Pack of 12,Stationery & Office,Writing Instruments,230.92,157.87,ValueChoice
SKU01272,HealthFirst Writing Instruments 500ml,Stationery & Office,Writing Instruments,386.08,248.57,HealthFirst
SKU01273,FamilyChoice Vitamins & Supplements 500g,Health & Wellness,Vitamins & Supplements,672.35,382.47,FamilyChoice
SKU01274,ValueChoice Small Appliances Family Pack,Electronics & Accessories,Small Appliances,558.36,313.23,ValueChoice
SKU01275,ZestyCo Yogurt Small,Dairy & Bakery,Yogurt,96.57,76.04,ZestyCo
SKU01276,CityFresh Footwear Pack of 12,Apparel & Footwear,Footwear,1990.24,1395.07,CityFresh
SKU01277,NatureBlend Small Appliances Medium,Electronics & Accessories,Small Appliances,1564.08,1111.82,NatureBlend
SKU01278,PureLife Storage & Containers Pack of 6,Home & Kitchen,Storage & Containers,1156.55,900.78,PureLife
SKU01279,QuickBite Eggs 1kg,Dairy & Bakery,Eggs,159.69,109.82,QuickBite
SKU01280,GreenValley Men's Wear 1kg,Apparel & Footwear,Men's Wear,593.19,417.54,GreenValley
SKU01281,PrimeCare Pest Control 250g,Home Care,Pest Control,181.51,123.56,PrimeCare
SKU01282,HomeStyle Namkeen 100g,Snacks & Confectionery,Namkeen,39.37,23.39,HomeStyle
SKU01283,MetroBrand Biscuits & Cookies Pack of 12,Snacks & Confectionery,Biscuits & Cookies,70.13,44.03,MetroBrand
SKU01284,BasicNeeds Frozen Meat Medium,Frozen Foods,Frozen Meat,265.24,204.52,BasicNeeds
SKU01285,CrispKing Bread 500g,Dairy & Bakery,Bread,370.92,245.17,CrispKing
SKU01286,CityFresh Soft Drinks 2L,Beverages,Soft Drinks,85.48,51.38,CityFresh
SKU01287,GreenValley Pest Control 250g,Home Care,Pest Control,399.07,302.1,GreenValley
SKU01288,DailyBest Vitamins & Supplements 500ml,Health & Wellness,Vitamins & Supplements,393.1,224.78,DailyBest
SKU01289,CityFresh Milk Small,Dairy & Bakery,Milk,257.68,182.92,CityFresh
SKU01290,GreenValley Notebooks Medium,Stationery & Office,Notebooks,86.62,62.8,GreenValley
SKU01291,TrueTaste Footwear Family Pack,Apparel & Footwear,Footwear,629.45,394.0,TrueTaste
SKU01292,TrueTaste Frozen Meat 2kg,Frozen Foods,Frozen Meat,601.93,356.17,TrueTaste
SKU01293,ZestyCo Writing Instruments Family Pack,Stationery & Office,Writing Instruments,228.78,151.47,ZestyCo
SKU01294,PurePlus Pest Control Small,Home Care,Pest Control,441.87,326.44,PurePlus
SKU01295,ZestyCo Soft Drinks 250ml,Beverages,Soft Drinks,148.61,114.68,ZestyCo
SKU01296,DailyBest Spices & Seasoning 2kg,Grocery,Spices & Seasoning,84.47,63.68,DailyBest
SKU01297,PureLife Notebooks 250g,Stationery & Office,Notebooks,280.29,161.83,PureLife
SKU01298,FamilyChoice Office Supplies Large,Stationery & Office,Office Supplies,187.71,113.69,FamilyChoice
SKU01299,CityFresh Mobile Accessories 1kg,Electronics & Accessories,Mobile Accessories,2565.74,1806.91,CityFresh
SKU01300,BasicNeeds Soft Drinks 2kg,Beverages,Soft Drinks,134.05,97.52,BasicNeeds
SKU01301,HealthFirst Eggs 500ml,Dairy & Bakery,Eggs,478.27,264.09,HealthFirst
SKU01302,FamilyChoice Spices & Seasoning 500g,Grocery,Spices & Seasoning,251.67,147.39,FamilyChoice
SKU01303,HealthFirst Sugar & Salt Medium,Grocery,Sugar & Salt,413.39,237.08,HealthFirst
SKU01304,QuickBite Namkeen Pack of 12,Snacks & Confectionery,Namkeen,76.18,48.4,QuickBite
SKU01305,CityFresh Frozen Meat 500g,Frozen Foods,Frozen Meat,741.4,533.96,CityFresh
SKU01306,ZestyCo Pulses & Lentils 500g,Grocery,Pulses & Lentils,271.58,213.41,ZestyCo
SKU01307,PrimeCare Notebooks 100g,Stationery & Office,Notebooks,141.42,80.95,PrimeCare
SKU01308,SmartBuy Air Fresheners Family Pack,Home Care,Air Fresheners,105.47,71.35,SmartBuy
SKU01309,ZestyCo Butter & Ghee 500ml,Dairy & Bakery,Butter & Ghee,474.17,304.95,ZestyCo
SKU01310,FreshFarm Frozen Meat Pack of 6,Frozen Foods,Frozen Meat,735.63,477.85,FreshFarm
SKU01311,UrbanBite Men's Wear 500g,Apparel & Footwear,Men's Wear,889.85,504.56,UrbanBite
SKU01312,FreshFarm Butter & Ghee 1kg,Dairy & Bakery,Butter & Ghee,152.76,95.03,FreshFarm
SKU01313,EliteHome Pulses & Lentils 2L,Grocery,Pulses & Lentils,438.16,268.64,EliteHome
SKU01314,FamilyChoice Rice & Grains 1kg,Grocery,Rice & Grains,325.53,237.5,FamilyChoice
SKU01315,UrbanBite Cookware Pack of 6,Home & Kitchen,Cookware,1695.35,1204.49,UrbanBite
SKU01316,PureLife Tea Large,Beverages,Tea,190.6,135.15,PureLife
SKU01317,TrueTaste First Aid 2kg,Health & Wellness,First Aid,644.83,438.36,TrueTaste
SKU01318,FamilyChoice Skin Care Pack of 6,Personal Care,Skin Care,348.04,221.19,FamilyChoice
SKU01319,TrueTaste Kids Wear Large,Apparel & Footwear,Kids Wear,2048.66,1251.62,TrueTaste
SKU01320,UrbanBite Rice & Grains Large,Grocery,Rice & Grains,228.08,126.09,UrbanBite
SKU01321,SunriseFoods Cookware 100g,Home & Kitchen,Cookware,1107.76,650.24,SunriseFoods
SKU01322,NatureBlend Mobile Accessories 250g,Electronics & Accessories,Mobile Accessories,905.89,548.04,NatureBlend
SKU01323,SmartBuy Surface Cleaners Family Pack,Home Care,Surface Cleaners,300.51,238.57,SmartBuy
SKU01324,NutriPlus Candy Large,Snacks & Confectionery,Candy,63.63,50.43,NutriPlus
SKU01325,NatureBlend Notebooks 2kg,Stationery & Office,Notebooks,267.7,198.61,NatureBlend
SKU01326,PureLife Cheese 1L,Dairy & Bakery,Cheese,248.26,174.42,PureLife
SKU01327,PurePlus Dishwashing 2L,Home Care,Dishwashing,416.18,298.49,PurePlus
SKU01328,SmartBuy Hair Care Pack of 12,Personal Care,Hair Care,433.14,303.26,SmartBuy
SKU01329,HomeStyle Namkeen Small,Snacks & Confectionery,Namkeen,61.78,43.97,HomeStyle
SKU01330,SoftTouch Hair Care 250ml,Personal Care,Hair Care,183.49,110.98,SoftTouch
SKU01331,GoldenHarvest Tea Large,Beverages,Tea,87.75,69.69,GoldenHarvest
SKU01332,SparkleClean Sugar & Salt 100g,Grocery,Sugar & Salt,66.62,49.24,SparkleClean
SKU01333,NovaFresh Yogurt 100g,Dairy & Bakery,Yogurt,87.58,53.3,NovaFresh
SKU01334,QuickBite Tea Family Pack,Beverages,Tea,115.01,78.02,QuickBite
SKU01335,PremiumSelect Bath & Body 500g,Personal Care,Bath & Body,236.44,176.69,PremiumSelect
SKU01336,HealthFirst Home Decor Family Pack,Home & Kitchen,Home Decor,804.43,625.68,HealthFirst
SKU01337,ZestyCo Coffee 2kg,Beverages,Coffee,226.99,146.63,ZestyCo
SKU01338,FamilyChoice Pulses & Lentils 250ml,Grocery,Pulses & Lentils,354.64,237.94,FamilyChoice
SKU01339,CleanWave Soft Drinks 100g,Beverages,Soft Drinks,241.91,151.79,CleanWave
SKU01340,PureLife Frozen Vegetables Family Pack,Frozen Foods,Frozen Vegetables,704.19,453.6,PureLife
SKU01341,MetroBrand Yogurt 250ml,Dairy & Bakery,Yogurt,51.95,31.53,MetroBrand
SKU01342,DailyBest Surface Cleaners 500g,Home Care,Surface Cleaners,357.71,199.42,DailyBest
SKU01343,NovaFresh Pulses & Lentils 1L,Grocery,Pulses & Lentils,332.15,217.25,NovaFresh
SKU01344,HomeStyle Butter & Ghee 500g,Dairy & Bakery,Butter & Ghee,219.4,146.48,HomeStyle
SKU01345,NatureBlend Hair Care Small,Personal Care,Hair Care,344.03,256.29,NatureBlend
SKU01346,NatureBlend Pest Control 250g,Home Care,Pest Control,308.88,210.24,NatureBlend
SKU01347,PrimeCare Ice Cream 1L,Frozen Foods,Ice Cream,496.45,313.56,PrimeCare
SKU01348,CityFresh Footwear 250ml,Apparel & Footwear,Footwear,1179.87,785.57,CityFresh
SKU01349,PurePlus Dishwashing 100g,Home Care,Dishwashing,342.9,256.84,PurePlus
SKU01350,CityFresh Storage & Containers 100g,Home & Kitchen,Storage & Containers,1403.21,940.48,CityFresh
SKU01351,CrispKing Frozen Vegetables 1L,Frozen Foods,Frozen Vegetables,488.78,336.67,CrispKing
SKU01352,PurePlus Yogurt 250ml,Dairy & Bakery,Yogurt,149.83,88.89,PurePlus
SKU01353,TrueTaste Chocolates 250g,Snacks & Confectionery,Chocolates,79.89,44.09,TrueTaste
SKU01354,SoftTouch Bread 500g,Dairy & Bakery,Bread,99.58,77.91,SoftTouch
SKU01355,FreshFarm First Aid Medium,Health & Wellness,First Aid,1326.65,818.53,FreshFarm
SKU01356,TrueTaste Biscuits & Cookies Pack of 12,Snacks & Confectionery,Biscuits & Cookies,188.2,119.86,TrueTaste
SKU01357,ZestyCo Home Decor Pack of 6,Home & Kitchen,Home Decor,1062.03,614.61,ZestyCo
SKU01358,TrueTaste Surface Cleaners Medium,Home Care,Surface Cleaners,180.03,122.11,TrueTaste
SKU01359,HomeStyle Home Decor 250g,Home & Kitchen,Home Decor,303.38,222.76,HomeStyle
SKU01360,DailyBest Mobile Accessories Pack of 12,Electronics & Accessories,Mobile Accessories,1309.57,944.88,DailyBest
SKU01361,ZestyCo Hair Care Small,Personal Care,Hair Care,728.62,556.59,ZestyCo
SKU01362,NutriPlus Candy 1kg,Snacks & Confectionery,Candy,56.5,35.12,NutriPlus
SKU01363,CrispKing Mobile Accessories 2L,Electronics & Accessories,Mobile Accessories,3184.6,2002.05,CrispKing
SKU01364,UrbanBite Milk Small,Dairy & Bakery,Milk,127.95,101.26,UrbanBite
SKU01365,TrueTaste Candy Pack of 6,Snacks & Confectionery,Candy,57.76,38.36,TrueTaste
SKU01366,SunriseFoods Notebooks 1kg,Stationery & Office,Notebooks,221.2,167.81,SunriseFoods
SKU01367,PrimeCare Dishwashing Pack of 6,Home Care,Dishwashing,673.36,473.29,PrimeCare
SKU01368,GoldenHarvest Flour & Atta Small,Grocery,Flour & Atta,532.15,316.74,GoldenHarvest
SKU01369,NovaFresh Laundry 100g,Home Care,Laundry,137.32,108.39,NovaFresh
SKU01370,PurePlus Laundry 2L,Home Care,Laundry,195.01,123.07,PurePlus
SKU01371,PureLife Cookware 1L,Home & Kitchen,Cookware,1277.61,907.68,PureLife
SKU01372,DailyBest Mobile Accessories 250ml,Electronics & Accessories,Mobile Accessories,1572.73,965.07,DailyBest
SKU01373,GoldenHarvest Chips & Crisps 100g,Snacks & Confectionery,Chips & Crisps,74.0,51.35,GoldenHarvest
SKU01374,SmartBuy Coffee 250g,Beverages,Coffee,77.09,52.83,SmartBuy
SKU01375,CleanWave Vitamins & Supplements Small,Health & Wellness,Vitamins & Supplements,383.13,235.72,CleanWave
SKU01376,TrueTaste Rice & Grains Medium,Grocery,Rice & Grains,448.86,357.83,TrueTaste
SKU01377,CleanWave Milk 500ml,Dairy & Bakery,Milk,131.24,76.8,CleanWave
SKU01378,SmartBuy Bottled Water Family Pack,Beverages,Bottled Water,153.18,101.21,SmartBuy
SKU01379,BasicNeeds Sugar & Salt Large,Grocery,Sugar & Salt,193.26,107.81,BasicNeeds
SKU01380,SunriseFoods Writing Instruments Pack of 6,Stationery & Office,Writing Instruments,261.81,188.68,SunriseFoods
SKU01381,PureLife Soft Drinks 2L,Beverages,Soft Drinks,294.56,196.04,PureLife
SKU01382,PrimeCare Pulses & Lentils Family Pack,Grocery,Pulses & Lentils,356.73,246.15,PrimeCare
SKU01383,NatureBlend Writing Instruments Pack of 6,Stationery & Office,Writing Instruments,201.63,146.11,NatureBlend
SKU01384,CleanWave Chips & Crisps Family Pack,Snacks & Confectionery,Chips & Crisps,223.56,165.66,CleanWave
SKU01385,PremiumSelect Footwear Family Pack,Apparel & Footwear,Footwear,988.91,782.68,PremiumSelect
SKU01386,NutriPlus Spices & Seasoning 500g,Grocery,Spices & Seasoning,276.58,211.86,NutriPlus
SKU01387,QuickBite Bottled Water Pack of 6,Beverages,Bottled Water,236.41,149.16,QuickBite
SKU01388,CleanWave Energy Drinks Pack of 12,Beverages,Energy Drinks,163.36,119.55,CleanWave
SKU01389,BasicNeeds Mobile Accessories Medium,Electronics & Accessories,Mobile Accessories,3609.79,2053.94,BasicNeeds
SKU01390,TrueTaste Vitamins & Supplements 250ml,Health & Wellness,Vitamins & Supplements,692.78,404.62,TrueTaste
SKU01391,BasicNeeds Pest Control Medium,Home Care,Pest Control,346.5,230.39,BasicNeeds
SKU01392,BasicNeeds Candy 1L,Snacks & Confectionery,Candy,130.77,86.95,BasicNeeds
SKU01393,UrbanBite Juices 250ml,Beverages,Juices,126.23,85.39,UrbanBite
SKU01394,FamilyChoice Ice Cream 500g,Frozen Foods,Ice Cream,559.28,374.05,FamilyChoice
SKU01395,PremiumSelect Chips & Crisps 2kg,Snacks & Confectionery,Chips & Crisps,122.37,86.92,PremiumSelect
SKU01396,GoldenHarvest First Aid Family Pack,Health & Wellness,First Aid,131.89,104.01,GoldenHarvest
SKU01397,CityFresh Small Appliances Pack of 12,Electronics & Accessories,Small Appliances,4181.58,2480.4,CityFresh
SKU01398,MetroBrand Home Decor Pack of 12,Home & Kitchen,Home Decor,648.34,414.53,MetroBrand
SKU01399,ZestyCo Surface Cleaners Large,Home Care,Surface Cleaners,278.2,158.18,ZestyCo
SKU01400,CrispKing Spices & Seasoning 2kg,Grocery,Spices & Seasoning,181.09,108.65,CrispKing
SKU01401,CleanWave Bread Pack of 6,Dairy & Bakery,Bread,200.09,159.44,CleanWave
SKU01402,PurePlus Home Decor 250ml,Home & Kitchen,Home Decor,1239.24,693.84,PurePlus
SKU01403,PureLife Frozen Vegetables Medium,Frozen Foods,Frozen Vegetables,734.76,443.37,PureLife
SKU01404,SparkleClean First Aid 500ml,Health & Wellness,First Aid,1213.28,796.67,SparkleClean
SKU01405,PureLife Surface Cleaners Medium,Home Care,Surface Cleaners,579.34,361.03,PureLife
SKU01406,ValueChoice Tea Small,Beverages,Tea,135.53,93.02,ValueChoice
SKU01407,CleanWave Cookware Small,Home & Kitchen,Cookware,1357.33,1082.62,CleanWave
SKU01408,SparkleClean Women's Wear Large,Apparel & Footwear,Women's Wear,2419.63,1756.61,SparkleClean
SKU01409,FamilyChoice Office Supplies Small,Stationery & Office,Office Supplies,197.5,128.66,FamilyChoice
SKU01410,DailyBest Cookware 2kg,Home & Kitchen,Cookware,1331.17,959.42,DailyBest
SKU01411,SoftTouch Bread 1L,Dairy & Bakery,Bread,218.18,167.58,SoftTouch
SKU01412,CityFresh Bread 1L,Dairy & Bakery,Bread,193.3,117.38,CityFresh
SKU01413,PremiumSelect Chocolates 100g,Snacks & Confectionery,Chocolates,182.61,133.17,PremiumSelect
SKU01414,CityFresh Notebooks 2L,Stationery & Office,Notebooks,193.44,136.08,CityFresh
SKU01415,HomeStyle Frozen Vegetables 500ml,Frozen Foods,Frozen Vegetables,621.27,455.67,HomeStyle
SKU01416,EverydayPlus Dishwashing 250ml,Home Care,Dishwashing,183.25,104.64,EverydayPlus
SKU01417,GreenValley Notebooks 250g,Stationery & Office,Notebooks,186.97,137.09,GreenValley
SKU01418,PremiumSelect Vitamins & Supplements 1L,Health & Wellness,Vitamins & Supplements,1090.09,814.3,PremiumSelect
SKU01419,MetroBrand Cookware 2L,Home & Kitchen,Cookware,699.31,504.77,MetroBrand
SKU01420,GoldenHarvest Notebooks 250g,Stationery & Office,Notebooks,213.65,128.04,GoldenHarvest
SKU01421,DailyBest Sugar & Salt Pack of 6,Grocery,Sugar & Salt,248.59,146.75,DailyBest
SKU01422,TrueTaste Bath & Body 500g,Personal Care,Bath & Body,309.79,227.57,TrueTaste
SKU01423,BasicNeeds Mobile Accessories 500g,Electronics & Accessories,Mobile Accessories,2866.27,2040.58,BasicNeeds
SKU01424,FamilyChoice Kids Wear 500ml,Apparel & Footwear,Kids Wear,592.37,471.47,FamilyChoice
SKU01425,CityFresh Soft Drinks 250ml,Beverages,Soft Drinks,43.38,28.79,CityFresh
SKU01426,BasicNeeds Butter & Ghee Large,Dairy & Bakery,Butter & Ghee,276.15,167.71,BasicNeeds
SKU01427,HealthFirst Frozen Vegetables 250g,Frozen Foods,Frozen Vegetables,956.01,709.77,HealthFirst
SKU01428,BasicNeeds Men's Wear 250ml,Apparel & Footwear,Men's Wear,2772.39,2043.62,BasicNeeds
SKU01429,CityFresh Soft Drinks Small,Beverages,Soft Drinks,73.13,49.78,CityFresh
SKU01430,EverydayPlus First Aid 1kg,Health & Wellness,First Aid,641.12,472.19,EverydayPlus
SKU01431,TrueTaste Butter & Ghee Family Pack,Dairy & Bakery,Butter & Ghee,305.88,191.99,TrueTaste
SKU01432,BasicNeeds Biscuits & Cookies Small,Snacks & Confectionery,Biscuits & Cookies,78.81,47.6,BasicNeeds
SKU01433,GreenValley Ice Cream Family Pack,Frozen Foods,Ice Cream,794.12,461.8,GreenValley
SKU01434,PureLife Bath & Body Family Pack,Personal Care,Bath & Body,730.42,454.77,PureLife
SKU01435,CleanWave OTC Medicine 250g,Health & Wellness,OTC Medicine,1037.9,740.69,CleanWave
SKU01436,GreenValley Bread 500ml,Dairy & Bakery,Bread,168.64,103.65,GreenValley
SKU01437,HomeStyle Kids Wear Small,Apparel & Footwear,Kids Wear,1550.38,1195.13,HomeStyle
SKU01438,GreenValley Cooking Oil 100g,Grocery,Cooking Oil,298.01,182.51,GreenValley
SKU01439,FamilyChoice Cookware 500ml,Home & Kitchen,Cookware,987.75,712.28,FamilyChoice
SKU01440,HealthFirst Cooking Oil Pack of 12,Grocery,Cooking Oil,183.65,125.23,HealthFirst
SKU01441,GreenValley Mobile Accessories Small,Electronics & Accessories,Mobile Accessories,773.63,466.41,GreenValley
SKU01442,NutriPlus Men's Grooming 500ml,Personal Care,Men's Grooming,370.49,255.29,NutriPlus
SKU01443,QuickBite Hair Care Medium,Personal Care,Hair Care,174.67,137.76,QuickBite
SKU01444,MetroBrand Spices & Seasoning Pack of 12,Grocery,Spices & Seasoning,346.92,272.69,MetroBrand
SKU01445,NutriPlus Small Appliances 100g,Electronics & Accessories,Small Appliances,3469.54,2161.17,NutriPlus
SKU01446,SmartBuy Bottled Water 2kg,Beverages,Bottled Water,192.93,131.99,SmartBuy
SKU01447,MetroBrand OTC Medicine Family Pack,Health & Wellness,OTC Medicine,1121.92,659.37,MetroBrand
SKU01448,QuickBite Batteries 100g,Electronics & Accessories,Batteries,668.35,445.96,QuickBite
SKU01449,EliteHome Cookware 250g,Home & Kitchen,Cookware,2232.35,1407.21,EliteHome
SKU01450,SoftTouch Mobile Accessories 250ml,Electronics & Accessories,Mobile Accessories,2031.9,1589.7,SoftTouch
SKU01451,FamilyChoice Milk Family Pack,Dairy & Bakery,Milk,119.56,84.67,FamilyChoice
SKU01452,PrimeCare Small Appliances Pack of 12,Electronics & Accessories,Small Appliances,1517.49,904.78,PrimeCare
SKU01453,HealthFirst Women's Wear 500g,Apparel & Footwear,Women's Wear,1258.86,1004.68,HealthFirst
SKU01454,NutriPlus Cheese 250ml,Dairy & Bakery,Cheese,115.42,83.51,NutriPlus
SKU01455,PureLife Bottled Water Family Pack,Beverages,Bottled Water,98.09,57.25,PureLife
SKU01456,TrueTaste Cookware 1kg,Home & Kitchen,Cookware,1082.17,811.51,TrueTaste
SKU01457,TrueTaste Energy Drinks 2L,Beverages,Energy Drinks,108.29,74.65,TrueTaste
SKU01458,ValueChoice OTC Medicine 500ml,Health & Wellness,OTC Medicine,551.81,358.71,ValueChoice
SKU01459,NutriPlus Chips & Crisps Small,Snacks & Confectionery,Chips & Crisps,93.99,56.31,NutriPlus
SKU01460,MetroBrand Coffee Small,Beverages,Coffee,86.67,53.69,MetroBrand
SKU01461,CleanWave Women's Wear Medium,Apparel & Footwear,Women's Wear,717.03,424.35,CleanWave
SKU01462,SparkleClean Soft Drinks 250g,Beverages,Soft Drinks,64.6,48.5,SparkleClean
SKU01463,FamilyChoice Small Appliances 500ml,Electronics & Accessories,Small Appliances,1637.46,1012.35,FamilyChoice
SKU01464,SparkleClean Mobile Accessories Pack of 12,Electronics & Accessories,Mobile Accessories,2371.71,1583.09,SparkleClean
SKU01465,HealthFirst Pulses & Lentils 500ml,Grocery,Pulses & Lentils,260.03,205.94,HealthFirst
SKU01466,BasicNeeds Chips & Crisps Pack of 12,Snacks & Confectionery,Chips & Crisps,34.29,27.39,BasicNeeds
SKU01467,SoftTouch Women's Wear Pack of 6,Apparel & Footwear,Women's Wear,1516.97,1134.42,SoftTouch
SKU01468,PurePlus Ice Cream 250ml,Frozen Foods,Ice Cream,645.85,484.21,PurePlus
SKU01469,CleanWave Juices 250g,Beverages,Juices,69.23,54.43,CleanWave
SKU01470,TrueTaste Notebooks Family Pack,Stationery & Office,Notebooks,138.68,103.9,TrueTaste
SKU01471,BasicNeeds Milk Medium,Dairy & Bakery,Milk,98.1,65.01,BasicNeeds
SKU01472,MetroBrand Sugar & Salt Large,Grocery,Sugar & Salt,452.74,255.83,MetroBrand
SKU01473,HealthFirst Office Supplies 2kg,Stationery & Office,Office Supplies,67.8,40.82,HealthFirst
SKU01474,DailyBest Sugar & Salt 2kg,Grocery,Sugar & Salt,242.2,160.13,DailyBest
SKU01475,QuickBite Ice Cream 2kg,Frozen Foods,Ice Cream,789.28,486.47,QuickBite
SKU01476,PureLife Writing Instruments 100g,Stationery & Office,Writing Instruments,259.28,163.94,PureLife
SKU01477,MetroBrand Ready Meals 500g,Frozen Foods,Ready Meals,296.17,167.26,MetroBrand
SKU01478,SparkleClean First Aid 2kg,Health & Wellness,First Aid,842.96,579.98,SparkleClean
SKU01479,SunriseFoods Oral Care Family Pack,Personal Care,Oral Care,425.66,271.53,SunriseFoods
SKU01480,MetroBrand Juices 1kg,Beverages,Juices,136.33,83.8,MetroBrand
SKU01481,NutriPlus Frozen Meat 1L,Frozen Foods,Frozen Meat,746.72,524.64,NutriPlus
SKU01482,HealthFirst Cookware 2L,Home & Kitchen,Cookware,1578.89,977.64,HealthFirst
SKU01483,GoldenHarvest Juices 250ml,Beverages,Juices,152.56,102.07,GoldenHarvest
SKU01484,ZestyCo Home Decor Large,Home & Kitchen,Home Decor,575.12,351.74,ZestyCo
SKU01485,PrimeCare Men's Grooming 250g,Personal Care,Men's Grooming,476.18,342.91,PrimeCare
SKU01486,CrispKing Frozen Vegetables Large,Frozen Foods,Frozen Vegetables,571.01,435.99,CrispKing
SKU01487,CleanWave Soft Drinks Small,Beverages,Soft Drinks,63.13,36.01,CleanWave
SKU01488,CleanWave Vitamins & Supplements 2kg,Health & Wellness,Vitamins & Supplements,612.26,462.23,CleanWave
SKU01489,ZestyCo Namkeen Small,Snacks & Confectionery,Namkeen,110.32,84.17,ZestyCo
SKU01490,PrimeCare Cheese 500ml,Dairy & Bakery,Cheese,82.43,65.22,PrimeCare
SKU01491,MetroBrand Mobile Accessories Family Pack,Electronics & Accessories,Mobile Accessories,848.79,642.5,MetroBrand
SKU01492,PureLife Rice & Grains 100g,Grocery,Rice & Grains,117.46,80.82,PureLife
SKU01493,ZestyCo Pest Control 100g,Home Care,Pest Control,197.84,112.29,ZestyCo
SKU01494,PremiumSelect First Aid 2L,Health & Wellness,First Aid,1136.73,646.36,PremiumSelect
SKU01495,SunriseFoods Coffee Large,Beverages,Coffee,97.4,58.36,SunriseFoods
SKU01496,SparkleClean Eggs 100g,Dairy & Bakery,Eggs,101.65,67.27,SparkleClean
SKU01497,GreenValley Skin Care Small,Personal Care,Skin Care,442.63,349.17,GreenValley
SKU01498,HomeStyle OTC Medicine Family Pack,Health & Wellness,OTC Medicine,385.28,228.79,HomeStyle
SKU01499,EverydayPlus Writing Instruments 1L,Stationery & Office,Writing Instruments,317.24,217.21,EverydayPlus
SKU01500,CleanWave Storage & Containers Large,Home & Kitchen,Storage & Containers,1061.91,849.02,CleanWave
SKU01501,SunriseFoods Biscuits & Cookies Small,Snacks & Confectionery,Biscuits & Cookies,99.7,55.18,SunriseFoods
SKU01502,UrbanBite Sugar & Salt 1kg,Grocery,Sugar & Salt,293.53,164.89,UrbanBite
SKU01503,SunriseFoods Sugar & Salt Medium,Grocery,Sugar & Salt,335.94,207.44,SunriseFoods
SKU01504,PureLife First Aid Pack of 12,Health & Wellness,First Aid,1287.11,780.36,PureLife
SKU01505,SparkleClean Soft Drinks 100g,Beverages,Soft Drinks,96.81,65.31,SparkleClean
SKU01506,GoldenHarvest Candy 2L,Snacks & Confectionery,Candy,160.9,105.41,GoldenHarvest
SKU01507,CleanWave Home Decor Pack of 6,Home & Kitchen,Home Decor,220.84,153.68,CleanWave
SKU01508,MetroBrand Storage & Containers Medium,Home & Kitchen,Storage & Containers,2295.38,1346.86,MetroBrand
SKU01509,MetroBrand Storage & Containers Small,Home & Kitchen,Storage & Containers,1268.69,915.31,MetroBrand
SKU01510,HealthFirst Cheese 1L,Dairy & Bakery,Cheese,89.78,54.2,HealthFirst
SKU01511,SoftTouch Vitamins & Supplements 2kg,Health & Wellness,Vitamins & Supplements,499.25,331.0,SoftTouch
SKU01512,PureLife OTC Medicine 500g,Health & Wellness,OTC Medicine,375.88,209.87,PureLife
SKU01513,FamilyChoice Chocolates 250g,Snacks & Confectionery,Chocolates,58.86,44.11,FamilyChoice
SKU01514,FreshFarm Frozen Meat Pack of 6,Frozen Foods,Frozen Meat,870.11,614.97,FreshFarm
SKU01515,BasicNeeds Ice Cream Family Pack,Frozen Foods,Ice Cream,478.96,288.43,BasicNeeds
SKU01516,ZestyCo Skin Care 250g,Personal Care,Skin Care,309.06,216.48,ZestyCo
SKU01517,CleanWave Men's Wear Pack of 12,Apparel & Footwear,Men's Wear,796.86,525.33,CleanWave
SKU01518,QuickBite Mobile Accessories 2L,Electronics & Accessories,Mobile Accessories,2930.01,2216.75,QuickBite
SKU01519,NutriPlus Frozen Meat 500g,Frozen Foods,Frozen Meat,441.41,351.33,NutriPlus
SKU01520,ValueChoice Batteries 1kg,Electronics & Accessories,Batteries,1113.71,647.21,ValueChoice
SKU01521,CrispKing Men's Wear 2kg,Apparel & Footwear,Men's Wear,2407.72,1619.26,CrispKing
SKU01522,DailyBest Frozen Meat Pack of 12,Frozen Foods,Frozen Meat,856.11,526.08,DailyBest
SKU01523,SmartBuy Butter & Ghee 2kg,Dairy & Bakery,Butter & Ghee,291.48,214.94,SmartBuy
SKU01524,FamilyChoice Kids Wear Medium,Apparel & Footwear,Kids Wear,1864.17,1041.35,FamilyChoice
SKU01525,FamilyChoice Batteries 250ml,Electronics & Accessories,Batteries,1885.36,1293.63,FamilyChoice
SKU01526,MetroBrand Office Supplies 250g,Stationery & Office,Office Supplies,199.18,152.23,MetroBrand
SKU01527,FamilyChoice Coffee 250g,Beverages,Coffee,82.54,53.43,FamilyChoice
SKU01528,SunriseFoods Dishwashing 500ml,Home Care,Dishwashing,157.61,119.7,SunriseFoods
SKU01529,DailyBest Office Supplies 500ml,Stationery & Office,Office Supplies,112.23,65.85,DailyBest
SKU01530,HomeStyle Ice Cream Small,Frozen Foods,Ice Cream,295.91,230.69,HomeStyle
SKU01531,FreshFarm Notebooks 1L,Stationery & Office,Notebooks,230.82,172.62,FreshFarm
SKU01532,SoftTouch Cooking Oil 500g,Grocery,Cooking Oil,196.08,127.02,SoftTouch
SKU01533,NatureBlend Spices & Seasoning 1kg,Grocery,Spices & Seasoning,276.23,160.95,NatureBlend
SKU01534,ZestyCo Footwear 2L,Apparel & Footwear,Footwear,2964.57,2016.22,ZestyCo
SKU01535,NutriPlus Hair Care 250ml,Personal Care,Hair Care,296.6,212.84,NutriPlus
SKU01536,FreshFarm Frozen Vegetables Pack of 12,Frozen Foods,Frozen Vegetables,440.4,256.41,FreshFarm
SKU01537,QuickBite Laundry Large,Home Care,Laundry,499.72,391.43,QuickBite
SKU01538,EliteHome Skin Care 250ml,Personal Care,Skin Care,384.58,284.85,EliteHome
SKU01539,UrbanBite Office Supplies 2L,Stationery & Office,Office Supplies,347.54,273.83,UrbanBite
SKU01540,EverydayPlus Tea Medium,Beverages,Tea,115.29,72.03,EverydayPlus
SKU01541,GreenValley Women's Wear 1kg,Apparel & Footwear,Women's Wear,932.0,613.59,GreenValley
SKU01542,FamilyChoice Home Decor 1L,Home & Kitchen,Home Decor,2612.73,1593.84,FamilyChoice
SKU01543,SparkleClean OTC Medicine 2kg,Health & Wellness,OTC Medicine,1328.2,821.42,SparkleClean
SKU01544,NatureBlend Bath & Body Pack of 6,Personal Care,Bath & Body,131.34,77.01,NatureBlend
SKU01545,FamilyChoice Soft Drinks Small,Beverages,Soft Drinks,186.61,108.48,FamilyChoice
SKU01546,CrispKing Batteries 500g,Electronics & Accessories,Batteries,562.85,403.96,CrispKing
SKU01547,SparkleClean Pest Control 500g,Home Care,Pest Control,165.64,97.6,SparkleClean
SKU01548,GreenValley Coffee 100g,Beverages,Coffee,146.21,85.29,GreenValley
SKU01549,NatureBlend Hair Care 100g,Personal Care,Hair Care,235.17,160.77,NatureBlend
SKU01550,HealthFirst Writing Instruments 100g,Stationery & Office,Writing Instruments,34.48,25.03,HealthFirst
SKU01551,PureLife Yogurt Pack of 12,Dairy & Bakery,Yogurt,179.55,133.68,PureLife
SKU01552,CityFresh Chips & Crisps Large,Snacks & Confectionery,Chips & Crisps,215.66,149.9,CityFresh
SKU01553,PremiumSelect Batteries 500ml,Electronics & Accessories,Batteries,1178.57,707.6,PremiumSelect
SKU01554,PremiumSelect Chips & Crisps Large,Snacks & Confectionery,Chips & Crisps,228.02,158.09,PremiumSelect
SKU01555,GreenValley Office Supplies Pack of 12,Stationery & Office,Office Supplies,110.36,77.96,GreenValley
SKU01556,NovaFresh Cookware Medium,Home & Kitchen,Cookware,1701.38,1045.54,NovaFresh
SKU01557,NatureBlend Notebooks Small,Stationery & Office,Notebooks,93.65,54.89,NatureBlend
SKU01558,GoldenHarvest Cookware 500g,Home & Kitchen,Cookware,541.45,423.1,GoldenHarvest
SKU01559,PrimeCare Biscuits & Cookies 1L,Snacks & Confectionery,Biscuits & Cookies,82.07,47.11,PrimeCare
SKU01560,PurePlus Chocolates 1L,Snacks & Confectionery,Chocolates,41.4,25.64,PurePlus
SKU01561,NutriPlus Hair Care Pack of 6,Personal Care,Hair Care,642.41,390.5,NutriPlus
SKU01562,BasicNeeds Dishwashing Small,Home Care,Dishwashing,474.21,366.56,BasicNeeds
SKU01563,PremiumSelect Storage & Containers 250g,Home & Kitchen,Storage & Containers,2485.52,1678.94,PremiumSelect
SKU01564,EliteHome Batteries Pack of 12,Electronics & Accessories,Batteries,886.79,699.81,EliteHome
SKU01565,QuickBite OTC Medicine Medium,Health & Wellness,OTC Medicine,1076.02,814.61,QuickBite
SKU01566,MetroBrand Storage & Containers 250g,Home & Kitchen,Storage & Containers,369.71,273.11,MetroBrand
SKU01567,EverydayPlus First Aid 500ml,Health & Wellness,First Aid,950.45,564.75,EverydayPlus
SKU01568,ValueChoice Bath & Body Large,Personal Care,Bath & Body,363.73,231.36,ValueChoice
SKU01569,NatureBlend Skin Care 100g,Personal Care,Skin Care,441.1,333.06,NatureBlend
SKU01570,GoldenHarvest Ice Cream 500g,Frozen Foods,Ice Cream,760.34,605.14,GoldenHarvest
SKU01571,SunriseFoods Energy Drinks Medium,Beverages,Energy Drinks,109.55,84.3,SunriseFoods
SKU01572,NutriPlus Mobile Accessories 500g,Electronics & Accessories,Mobile Accessories,1183.62,931.63,NutriPlus
SKU01573,EliteHome Vitamins & Supplements Pack of 12,Health & Wellness,Vitamins & Supplements,847.69,602.25,EliteHome
SKU01574,NovaFresh Batteries Large,Electronics & Accessories,Batteries,1362.67,913.95,NovaFresh
SKU01575,FreshFarm Frozen Meat 1L,Frozen Foods,Frozen Meat,500.0,339.34,FreshFarm
SKU01576,QuickBite Kids Wear 1L,Apparel & Footwear,Kids Wear,709.54,471.58,QuickBite
SKU01577,PureLife Office Supplies 500ml,Stationery & Office,Office Supplies,67.67,39.84,PureLife
SKU01578,TrueTaste Ice Cream 250ml,Frozen Foods,Ice Cream,540.35,338.5,TrueTaste
SKU01579,CityFresh Laundry 250ml,Home Care,Laundry,384.09,219.93,CityFresh
SKU01580,PureLife Juices 2L,Beverages,Juices,132.1,75.58,PureLife
SKU01581,EliteHome Kids Wear Large,Apparel & Footwear,Kids Wear,791.77,497.2,EliteHome
SKU01582,ZestyCo Cookware Family Pack,Home & Kitchen,Cookware,1469.26,1052.77,ZestyCo
SKU01583,SoftTouch Batteries Medium,Electronics & Accessories,Batteries,1167.4,821.18,SoftTouch
SKU01584,BasicNeeds Home Decor 250g,Home & Kitchen,Home Decor,1356.9,936.08,BasicNeeds
SKU01585,SunriseFoods Cookware 2kg,Home & Kitchen,Cookware,1147.66,846.09,SunriseFoods
SKU01586,SparkleClean Kids Wear Small,Apparel & Footwear,Kids Wear,3685.13,2416.24,SparkleClean
SKU01587,GreenValley Frozen Meat 2L,Frozen Foods,Frozen Meat,939.45,620.53,GreenValley
SKU01588,GreenValley Soft Drinks 250ml,Beverages,Soft Drinks,206.46,140.29,GreenValley
SKU01589,CrispKing Cooking Oil 2kg,Grocery,Cooking Oil,136.14,77.14,CrispKing
SKU01590,HomeStyle Chocolates 250g,Snacks & Confectionery,Chocolates,92.68,64.45,HomeStyle
SKU01591,NutriPlus Laundry 2kg,Home Care,Laundry,239.52,176.66,NutriPlus
SKU01592,QuickBite Small Appliances 500ml,Electronics & Accessories,Small Appliances,1748.08,1076.66,QuickBite
SKU01593,ValueChoice Surface Cleaners 500ml,Home Care,Surface Cleaners,225.82,172.46,ValueChoice
SKU01594,FreshFarm Rice & Grains 2L,Grocery,Rice & Grains,210.84,129.99,FreshFarm
SKU01595,EliteHome Candy 2kg,Snacks & Confectionery,Candy,170.68,115.77,EliteHome
SKU01596,GreenValley Office Supplies 1kg,Stationery & Office,Office Supplies,251.23,193.1,GreenValley
SKU01597,SunriseFoods Notebooks Large,Stationery & Office,Notebooks,327.23,240.36,SunriseFoods
SKU01598,UrbanBite Skin Care 500ml,Personal Care,Skin Care,333.41,231.4,UrbanBite
SKU01599,DailyBest Women's Wear 1kg,Apparel & Footwear,Women's Wear,1657.47,1169.65,DailyBest
SKU01600,UrbanBite Batteries Pack of 6,Electronics & Accessories,Batteries,419.03,241.87,UrbanBite
SKU01601,GreenValley Office Supplies 2L,Stationery & Office,Office Supplies,137.22,99.46,GreenValley
SKU01602,SunriseFoods Storage & Containers 2L,Home & Kitchen,Storage & Containers,614.85,432.23,SunriseFoods
SKU01603,ValueChoice First Aid 1kg,Health & Wellness,First Aid,1540.86,880.04,ValueChoice
SKU01604,NutriPlus Skin Care Pack of 12,Personal Care,Skin Care,127.93,74.34,NutriPlus
SKU01605,EverydayPlus First Aid 500g,Health & Wellness,First Aid,821.82,651.5,EverydayPlus
SKU01606,HomeStyle Yogurt Medium,Dairy & Bakery,Yogurt,187.87,111.69,HomeStyle
SKU01607,NovaFresh Oral Care 500ml,Personal Care,Oral Care,269.24,208.38,NovaFresh
SKU01608,SparkleClean First Aid 500ml,Health & Wellness,First Aid,171.7,106.28,SparkleClean
SKU01609,CityFresh Frozen Meat 250ml,Frozen Foods,Frozen Meat,600.87,389.98,CityFresh
SKU01610,FreshFarm Ready Meals 500ml,Frozen Foods,Ready Meals,579.62,399.28,FreshFarm
SKU01611,CrispKing Skin Care Pack of 6,Personal Care,Skin Care,628.95,444.33,CrispKing
SKU01612,ZestyCo Hair Care 1L,Personal Care,Hair Care,151.28,102.03,ZestyCo
SKU01613,CrispKing Rice & Grains 250g,Grocery,Rice & Grains,176.32,112.34,CrispKing
SKU01614,CrispKing OTC Medicine 2L,Health & Wellness,OTC Medicine,1232.96,831.84,CrispKing
SKU01615,SunriseFoods Frozen Meat 2kg,Frozen Foods,Frozen Meat,449.46,325.94,SunriseFoods
SKU01616,HealthFirst Office Supplies 250g,Stationery & Office,Office Supplies,63.66,41.32,HealthFirst
SKU01617,SparkleClean Ice Cream Medium,Frozen Foods,Ice Cream,182.51,125.26,SparkleClean
SKU01618,NatureBlend Surface Cleaners 2kg,Home Care,Surface Cleaners,283.48,182.79,NatureBlend
SKU01619,CleanWave Flour & Atta 2L,Grocery,Flour & Atta,237.98,150.52,CleanWave
SKU01620,SunriseFoods Biscuits & Cookies 500g,Snacks & Confectionery,Biscuits & Cookies,197.37,123.3,SunriseFoods
SKU01621,SoftTouch Oral Care 250ml,Personal Care,Oral Care,876.03,530.86,SoftTouch
SKU01622,PurePlus Bath & Body 250ml,Personal Care,Bath & Body,565.05,418.25,PurePlus
SKU01623,SoftTouch Men's Grooming 500g,Personal Care,Men's Grooming,443.72,353.19,SoftTouch
SKU01624,GoldenHarvest Oral Care Family Pack,Personal Care,Oral Care,498.35,277.7,GoldenHarvest
SKU01625,SunriseFoods Footwear 2kg,Apparel & Footwear,Footwear,1672.86,1002.07,SunriseFoods
SKU01626,UrbanBite Energy Drinks 2L,Beverages,Energy Drinks,137.3,108.61,UrbanBite
SKU01627,TrueTaste Bread 2L,Dairy & Bakery,Bread,112.01,71.18,TrueTaste
SKU01628,PremiumSelect Bottled Water 500ml,Beverages,Bottled Water,156.18,101.09,PremiumSelect
SKU01629,NatureBlend Milk 2L,Dairy & Bakery,Milk,94.03,67.3,NatureBlend
SKU01630,DailyBest Mobile Accessories 2L,Electronics & Accessories,Mobile Accessories,1994.81,1273.03,DailyBest
SKU01631,GreenValley Sugar & Salt 250g,Grocery,Sugar & Salt,301.59,203.02,GreenValley
SKU01632,NatureBlend Skin Care Pack of 12,Personal Care,Skin Care,354.51,274.81,NatureBlend
SKU01633,PremiumSelect Cooking Oil 250g,Grocery,Cooking Oil,515.21,356.11,PremiumSelect
SKU01634,EliteHome Office Supplies 500ml,Stationery & Office,Office Supplies,174.34,124.95,EliteHome
SKU01635,ZestyCo Mobile Accessories 250ml,Electronics & Accessories,Mobile Accessories,1048.53,633.6,ZestyCo
SKU01636,MetroBrand Candy 500ml,Snacks & Confectionery,Candy,179.26,110.31,MetroBrand
SKU01637,ValueChoice Namkeen 250g,Snacks & Confectionery,Namkeen,193.01,149.18,ValueChoice
SKU01638,PremiumSelect Soft Drinks Pack of 12,Beverages,Soft Drinks,94.61,73.74,PremiumSelect
SKU01639,MetroBrand Dishwashing 500ml,Home Care,Dishwashing,367.95,276.6,MetroBrand
SKU01640,NovaFresh Kids Wear 100g,Apparel & Footwear,Kids Wear,1332.63,773.61,NovaFresh
SKU01641,PureLife OTC Medicine 100g,Health & Wellness,OTC Medicine,759.85,573.41,PureLife
SKU01642,HealthFirst Home Decor 2L,Home & Kitchen,Home Decor,2898.52,1608.12,HealthFirst
SKU01643,FreshFarm Men's Grooming Pack of 6,Personal Care,Men's Grooming,672.44,470.13,FreshFarm
SKU01644,GreenValley Milk 2L,Dairy & Bakery,Milk,68.26,49.07,GreenValley
SKU01645,UrbanBite Air Fresheners Pack of 12,Home Care,Air Fresheners,448.03,294.18,UrbanBite
SKU01646,PremiumSelect Chips & Crisps Small,Snacks & Confectionery,Chips & Crisps,55.49,37.17,PremiumSelect
SKU01647,EverydayPlus Notebooks Large,Stationery & Office,Notebooks,247.03,181.68,EverydayPlus
SKU01648,MetroBrand Namkeen Family Pack,Snacks & Confectionery,Namkeen,46.69,36.12,MetroBrand
SKU01649,NatureBlend Surface Cleaners Large,Home Care,Surface Cleaners,433.36,258.86,NatureBlend
SKU01650,PurePlus Ice Cream Small,Frozen Foods,Ice Cream,183.35,107.19,PurePlus
SKU01651,CrispKing Sugar & Salt 500ml,Grocery,Sugar & Salt,107.72,76.21,CrispKing
SKU01652,BasicNeeds Laundry 1L,Home Care,Laundry,193.07,117.33,BasicNeeds
SKU01653,ValueChoice Surface Cleaners Pack of 6,Home Care,Surface Cleaners,550.27,329.37,ValueChoice
SKU01654,NovaFresh Yogurt 500g,Dairy & Bakery,Yogurt,147.18,88.44,NovaFresh
SKU01655,SparkleClean Bottled Water Pack of 12,Beverages,Bottled Water,62.18,37.26,SparkleClean
SKU01656,UrbanBite Flour & Atta 2L,Grocery,Flour & Atta,553.42,370.39,UrbanBite
SKU01657,HealthFirst Cooking Oil 1L,Grocery,Cooking Oil,230.15,182.07,HealthFirst
SKU01658,HealthFirst Pest Control Medium,Home Care,Pest Control,238.38,180.46,HealthFirst
SKU01659,BasicNeeds Soft Drinks Pack of 12,Beverages,Soft Drinks,39.17,26.86,BasicNeeds
SKU01660,EverydayPlus Office Supplies Large,Stationery & Office,Office Supplies,138.0,78.7,EverydayPlus
SKU01661,FreshFarm Candy Family Pack,Snacks & Confectionery,Candy,63.89,45.89,FreshFarm
SKU01662,FamilyChoice OTC Medicine Medium,Health & Wellness,OTC Medicine,495.84,328.64,FamilyChoice
SKU01663,ValueChoice Batteries 2kg,Electronics & Accessories,Batteries,2718.53,2024.19,ValueChoice
SKU01664,QuickBite Surface Cleaners 500g,Home Care,Surface Cleaners,436.52,293.99,QuickBite
SKU01665,UrbanBite Storage & Containers 2kg,Home & Kitchen,Storage & Containers,2278.76,1634.03,UrbanBite
SKU01666,NutriPlus Juices Pack of 12,Beverages,Juices,94.34,56.61,NutriPlus
SKU01667,EliteHome Candy Medium,Snacks & Confectionery,Candy,161.47,122.44,EliteHome
SKU01668,FreshFarm Bread Large,Dairy & Bakery,Bread,212.25,158.1,FreshFarm
SKU01669,HealthFirst Coffee Pack of 12,Beverages,Coffee,133.62,85.98,HealthFirst
SKU01670,UrbanBite Milk Pack of 12,Dairy & Bakery,Milk,280.78,222.07,UrbanBite
SKU01671,SparkleClean Eggs Family Pack,Dairy & Bakery,Eggs,102.7,60.6,SparkleClean
SKU01672,NatureBlend Kids Wear Pack of 12,Apparel & Footwear,Kids Wear,2494.85,1384.65,NatureBlend
SKU01673,EliteHome Yogurt 500g,Dairy & Bakery,Yogurt,150.17,111.24,EliteHome
SKU01674,GreenValley Cookware 1L,Home & Kitchen,Cookware,1707.75,1195.67,GreenValley
SKU01675,ValueChoice Kids Wear 250ml,Apparel & Footwear,Kids Wear,922.38,532.89,ValueChoice
SKU01676,MetroBrand Storage & Containers Pack of 6,Home & Kitchen,Storage & Containers,2232.74,1317.04,MetroBrand
SKU01677,ValueChoice Tea Pack of 6,Beverages,Tea,127.3,74.18,ValueChoice
SKU01678,FreshFarm Notebooks 2kg,Stationery & Office,Notebooks,227.83,134.81,FreshFarm
SKU01679,NutriPlus First Aid 2kg,Health & Wellness,First Aid,1739.03,1157.07,NutriPlus
SKU01680,GoldenHarvest Notebooks 250g,Stationery & Office,Notebooks,163.36,91.93,GoldenHarvest
SKU01681,ValueChoice Bath & Body 2kg,Personal Care,Bath & Body,544.45,370.14,ValueChoice
SKU01682,EliteHome Notebooks Medium,Stationery & Office,Notebooks,254.03,178.16,EliteHome
SKU01683,QuickBite First Aid Pack of 6,Health & Wellness,First Aid,513.45,375.76,QuickBite
SKU01684,HealthFirst Flour & Atta Family Pack,Grocery,Flour & Atta,170.29,133.93,HealthFirst
SKU01685,FamilyChoice Skin Care Large,Personal Care,Skin Care,135.27,77.19,FamilyChoice
SKU01686,HealthFirst Coffee Medium,Beverages,Coffee,54.03,30.19,HealthFirst
SKU01687,HealthFirst Office Supplies 500g,Stationery & Office,Office Supplies,284.88,166.59,HealthFirst
SKU01688,FamilyChoice Milk 250ml,Dairy & Bakery,Milk,158.65,100.64,FamilyChoice
SKU01689,GoldenHarvest Chips & Crisps 100g,Snacks & Confectionery,Chips & Crisps,170.77,116.35,GoldenHarvest
SKU01690,FreshFarm Ready Meals 250g,Frozen Foods,Ready Meals,721.65,397.68,FreshFarm
SKU01691,MetroBrand Dishwashing 1kg,Home Care,Dishwashing,242.67,175.47,MetroBrand
SKU01692,EverydayPlus Energy Drinks 2kg,Beverages,Energy Drinks,74.16,58.53,EverydayPlus
SKU01693,SparkleClean Women's Wear 100g,Apparel & Footwear,Women's Wear,1483.29,908.43,SparkleClean
SKU01694,NovaFresh Storage & Containers Medium,Home & Kitchen,Storage & Containers,985.32,544.09,NovaFresh
SKU01695,UrbanBite Mobile Accessories 1L,Electronics & Accessories,Mobile Accessories,1323.43,977.1,UrbanBite
SKU01696,TrueTaste First Aid Pack of 6,Health & Wellness,First Aid,246.47,183.01,TrueTaste
SKU01697,BasicNeeds Skin Care Pack of 6,Personal Care,Skin Care,306.11,171.69,BasicNeeds
SKU01698,ZestyCo Frozen Meat Family Pack,Frozen Foods,Frozen Meat,343.81,242.16,ZestyCo
SKU01699,ZestyCo Frozen Meat 500g,Frozen Foods,Frozen Meat,228.35,139.46,ZestyCo
SKU01700,ValueChoice Soft Drinks 250ml,Beverages,Soft Drinks,162.9,115.37,ValueChoice
SKU01701,SunriseFoods Cooking Oil 2kg,Grocery,Cooking Oil,420.92,307.94,SunriseFoods
SKU01702,HomeStyle Bread 2L,Dairy & Bakery,Bread,252.98,153.23,HomeStyle
SKU01703,MetroBrand Air Fresheners 1L,Home Care,Air Fresheners,386.64,237.86,MetroBrand
SKU01704,BasicNeeds Soft Drinks Small,Beverages,Soft Drinks,119.92,84.29,BasicNeeds
SKU01705,SparkleClean Energy Drinks 2L,Beverages,Energy Drinks,158.38,110.16,SparkleClean
SKU01706,BasicNeeds Home Decor 1kg,Home & Kitchen,Home Decor,1068.65,824.51,BasicNeeds
SKU01707,QuickBite Bath & Body 2L,Personal Care,Bath & Body,352.2,238.65,QuickBite
SKU01708,FamilyChoice OTC Medicine Family Pack,Health & Wellness,OTC Medicine,720.51,540.34,FamilyChoice
SKU01709,GoldenHarvest Frozen Meat 2L,Frozen Foods,Frozen Meat,465.38,341.12,GoldenHarvest
SKU01710,PurePlus Small Appliances 2L,Electronics & Accessories,Small Appliances,2094.77,1500.75,PurePlus
SKU01711,GreenValley Small Appliances 500g,Electronics & Accessories,Small Appliances,867.52,518.73,GreenValley
SKU01712,CityFresh Bread 100g,Dairy & Bakery,Bread,264.48,163.74,CityFresh
SKU01713,QuickBite Cookware 1kg,Home & Kitchen,Cookware,744.29,514.82,QuickBite
SKU01714,GoldenHarvest Oral Care 100g,Personal Care,Oral Care,336.72,190.75,GoldenHarvest
SKU01715,PremiumSelect Home Decor 500ml,Home & Kitchen,Home Decor,2315.8,1299.77,PremiumSelect
SKU01716,ZestyCo Men's Grooming Large,Personal Care,Men's Grooming,621.03,349.3,ZestyCo
SKU01717,EliteHome Bottled Water 500ml,Beverages,Bottled Water,289.99,226.29,EliteHome
SKU01718,GoldenHarvest Men's Wear Pack of 6,Apparel & Footwear,Men's Wear,1752.89,1265.97,GoldenHarvest
SKU01719,DailyBest Spices & Seasoning Medium,Grocery,Spices & Seasoning,460.32,349.47,DailyBest
SKU01720,FreshFarm Men's Wear Small,Apparel & Footwear,Men's Wear,2353.73,1861.46,FreshFarm
SKU01721,CrispKing Rice & Grains Pack of 6,Grocery,Rice & Grains,505.25,366.43,CrispKing
SKU01722,ValueChoice Chocolates Small,Snacks & Confectionery,Chocolates,159.4,108.21,ValueChoice
SKU01723,NovaFresh OTC Medicine 2kg,Health & Wellness,OTC Medicine,156.57,104.86,NovaFresh
SKU01724,GoldenHarvest Notebooks 500ml,Stationery & Office,Notebooks,291.92,215.0,GoldenHarvest
SKU01725,EliteHome Oral Care 250ml,Personal Care,Oral Care,237.47,182.13,EliteHome
SKU01726,SoftTouch Juices Small,Beverages,Juices,126.0,95.43,SoftTouch
SKU01727,QuickBite Chocolates 500ml,Snacks & Confectionery,Chocolates,108.74,73.21,QuickBite
SKU01728,QuickBite Cookware Family Pack,Home & Kitchen,Cookware,1907.83,1418.24,QuickBite
SKU01729,NatureBlend Batteries 500g,Electronics & Accessories,Batteries,2438.69,1631.84,NatureBlend
SKU01730,PremiumSelect Tea 500g,Beverages,Tea,100.9,65.19,PremiumSelect
SKU01731,CrispKing Hair Care Pack of 12,Personal Care,Hair Care,224.15,139.96,CrispKing
SKU01732,PureLife Cheese Small,Dairy & Bakery,Cheese,402.29,226.75,PureLife
SKU01733,NutriPlus Namkeen Pack of 12,Snacks & Confectionery,Namkeen,41.71,25.04,NutriPlus
SKU01734,EliteHome Cookware 2kg,Home & Kitchen,Cookware,2832.13,2074.54,EliteHome
SKU01735,HealthFirst Vitamins & Supplements 100g,Health & Wellness,Vitamins & Supplements,997.19,591.26,HealthFirst
SKU01736,UrbanBite Chips & Crisps 2kg,Snacks & Confectionery,Chips & Crisps,73.58,57.05,UrbanBite
SKU01737,SoftTouch OTC Medicine 500ml,Health & Wellness,OTC Medicine,768.37,437.7,SoftTouch
SKU01738,BasicNeeds Hair Care 500ml,Personal Care,Hair Care,676.75,380.86,BasicNeeds
SKU01739,FamilyChoice Rice & Grains Large,Grocery,Rice & Grains,501.28,335.99,FamilyChoice
SKU01740,PurePlus Pest Control Medium,Home Care,Pest Control,535.95,324.61,PurePlus
SKU01741,SunriseFoods Chips & Crisps Small,Snacks & Confectionery,Chips & Crisps,153.81,88.55,SunriseFoods
SKU01742,GoldenHarvest Biscuits & Cookies 100g,Snacks & Confectionery,Biscuits & Cookies,65.38,36.94,GoldenHarvest
SKU01743,HomeStyle Cookware 250g,Home & Kitchen,Cookware,1398.86,953.78,HomeStyle
SKU01744,PurePlus Small Appliances 500ml,Electronics & Accessories,Small Appliances,1152.42,708.58,PurePlus
SKU01745,ValueChoice Coffee Pack of 6,Beverages,Coffee,122.25,84.22,ValueChoice
SKU01746,PureLife Home Decor Pack of 12,Home & Kitchen,Home Decor,1073.45,630.2,PureLife
SKU01747,MetroBrand Frozen Meat 2kg,Frozen Foods,Frozen Meat,705.35,392.25,MetroBrand
SKU01748,SoftTouch Cookware 250g,Home & Kitchen,Cookware,750.21,417.73,SoftTouch
SKU01749,HealthFirst Small Appliances 2kg,Electronics & Accessories,Small Appliances,1682.32,972.66,HealthFirst
SKU01750,QuickBite Men's Grooming Small,Personal Care,Men's Grooming,225.67,169.03,QuickBite
SKU01751,SmartBuy Frozen Vegetables Family Pack,Frozen Foods,Frozen Vegetables,459.81,304.45,SmartBuy
SKU01752,CleanWave Ice Cream Family Pack,Frozen Foods,Ice Cream,459.19,324.17,CleanWave
SKU01753,GoldenHarvest Small Appliances 2L,Electronics & Accessories,Small Appliances,2122.2,1631.44,GoldenHarvest
SKU01754,EverydayPlus Chocolates 250g,Snacks & Confectionery,Chocolates,85.71,51.7,EverydayPlus
SKU01755,MetroBrand Bread Family Pack,Dairy & Bakery,Bread,158.5,121.7,MetroBrand
SKU01756,EverydayPlus Chips & Crisps 500g,Snacks & Confectionery,Chips & Crisps,147.79,108.83,EverydayPlus
SKU01757,BasicNeeds Milk 2kg,Dairy & Bakery,Milk,92.06,67.41,BasicNeeds
SKU01758,PurePlus Soft Drinks Family Pack,Beverages,Soft Drinks,127.26,97.7,PurePlus
SKU01759,MetroBrand Rice & Grains 1L,Grocery,Rice & Grains,94.8,55.12,MetroBrand
SKU01760,PrimeCare Office Supplies 500g,Stationery & Office,Office Supplies,257.59,176.48,PrimeCare
SKU01761,CrispKing Flour & Atta 1L,Grocery,Flour & Atta,308.43,206.92,CrispKing
SKU01762,QuickBite Home Decor 250g,Home & Kitchen,Home Decor,2255.17,1614.7,QuickBite
SKU01763,BasicNeeds Pulses & Lentils 2kg,Grocery,Pulses & Lentils,275.28,167.78,BasicNeeds
SKU01764,ValueChoice Footwear Family Pack,Apparel & Footwear,Footwear,2017.27,1173.71,ValueChoice
SKU01765,DailyBest Cheese 2kg,Dairy & Bakery,Cheese,184.81,146.62,DailyBest
SKU01766,DailyBest Ready Meals Large,Frozen Foods,Ready Meals,1036.35,690.64,DailyBest
SKU01767,PrimeCare Milk 2L,Dairy & Bakery,Milk,219.82,133.65,PrimeCare
SKU01768,PureLife Laundry Pack of 6,Home Care,Laundry,361.67,210.55,PureLife
SKU01769,ZestyCo Laundry Pack of 12,Home Care,Laundry,576.91,402.91,ZestyCo
SKU01770,ZestyCo Ready Meals 2L,Frozen Foods,Ready Meals,318.52,186.95,ZestyCo
SKU01771,PremiumSelect Hair Care 100g,Personal Care,Hair Care,336.08,200.22,PremiumSelect
SKU01772,NovaFresh Frozen Meat Large,Frozen Foods,Frozen Meat,252.57,199.03,NovaFresh
SKU01773,DailyBest Women's Wear 1L,Apparel & Footwear,Women's Wear,2961.29,1650.3,DailyBest
SKU01774,UrbanBite Air Fresheners Pack of 6,Home Care,Air Fresheners,129.33,77.17,UrbanBite
SKU01775,CityFresh Hair Care 2L,Personal Care,Hair Care,204.15,146.54,CityFresh
SKU01776,SunriseFoods Soft Drinks Pack of 6,Beverages,Soft Drinks,149.32,90.22,SunriseFoods
SKU01777,UrbanBite Hair Care 250ml,Personal Care,Hair Care,485.89,289.34,UrbanBite
SKU01778,ZestyCo Juices Medium,Beverages,Juices,125.27,86.33,ZestyCo
SKU01779,CityFresh Namkeen 1kg,Snacks & Confectionery,Namkeen,130.19,94.26,CityFresh
SKU01780,PureLife Office Supplies Pack of 6,Stationery & Office,Office Supplies,378.86,249.16,PureLife
SKU01781,CrispKing Soft Drinks 2L,Beverages,Soft Drinks,260.71,194.31,CrispKing
SKU01782,GoldenHarvest Air Fresheners 1L,Home Care,Air Fresheners,247.79,186.78,GoldenHarvest
SKU01783,DailyBest Cookware 100g,Home & Kitchen,Cookware,396.76,280.02,DailyBest
SKU01784,HealthFirst Writing Instruments 250ml,Stationery & Office,Writing Instruments,168.81,117.23,HealthFirst
SKU01785,UrbanBite Bottled Water 100g,Beverages,Bottled Water,110.74,83.51,UrbanBite
SKU01786,FreshFarm Juices 1L,Beverages,Juices,299.03,165.59,FreshFarm
SKU01787,CleanWave Oral Care Pack of 12,Personal Care,Oral Care,444.45,301.19,CleanWave
SKU01788,NutriPlus Frozen Meat 1L,Frozen Foods,Frozen Meat,627.45,365.29,NutriPlus
SKU01789,NutriPlus Office Supplies Small,Stationery & Office,Office Supplies,168.03,101.72,NutriPlus
SKU01790,HealthFirst Candy 250ml,Snacks & Confectionery,Candy,128.94,101.51,HealthFirst
SKU01791,FreshFarm Coffee 2kg,Beverages,Coffee,129.55,71.37,FreshFarm
SKU01792,SoftTouch Butter & Ghee 500ml,Dairy & Bakery,Butter & Ghee,400.01,250.71,SoftTouch
SKU01793,SoftTouch Storage & Containers 1kg,Home & Kitchen,Storage & Containers,2230.84,1313.05,SoftTouch
SKU01794,PurePlus Cooking Oil Medium,Grocery,Cooking Oil,397.99,275.65,PurePlus
SKU01795,TrueTaste Bath & Body Medium,Personal Care,Bath & Body,262.01,199.41,TrueTaste
SKU01796,ValueChoice Tea 500ml,Beverages,Tea,75.33,48.79,ValueChoice
SKU01797,SunriseFoods Bottled Water Small,Beverages,Bottled Water,74.29,56.41,SunriseFoods
SKU01798,CityFresh Writing Instruments 100g,Stationery & Office,Writing Instruments,146.72,96.84,CityFresh
SKU01799,HomeStyle Cooking Oil 500g,Grocery,Cooking Oil,244.14,189.76,HomeStyle
SKU01800,CityFresh Bread 2kg,Dairy & Bakery,Bread,144.95,110.41,CityFresh
SKU01801,PureLife Home Decor 250ml,Home & Kitchen,Home Decor,948.83,564.27,PureLife
SKU01802,CrispKing First Aid 1kg,Health & Wellness,First Aid,813.93,627.76,CrispKing
SKU01803,PureLife Spices & Seasoning 1L,Grocery,Spices & Seasoning,316.1,189.07,PureLife
SKU01804,TrueTaste Pest Control Small,Home Care,Pest Control,220.92,148.59,TrueTaste
SKU01805,CleanWave Writing Instruments 500ml,Stationery & Office,Writing Instruments,158.18,94.75,CleanWave
SKU01806,CleanWave Men's Grooming 500ml,Personal Care,Men's Grooming,308.15,199.25,CleanWave
SKU01807,PremiumSelect Frozen Vegetables 100g,Frozen Foods,Frozen Vegetables,288.3,229.6,PremiumSelect
SKU01808,UrbanBite Ready Meals 2kg,Frozen Foods,Ready Meals,225.82,167.4,UrbanBite
SKU01809,NovaFresh Vitamins & Supplements Medium,Health & Wellness,Vitamins & Supplements,1072.06,738.13,NovaFresh
SKU01810,QuickBite Chocolates Medium,Snacks & Confectionery,Chocolates,129.49,101.5,QuickBite
SKU01811,SmartBuy Cookware 250g,Home & Kitchen,Cookware,1351.94,865.14,SmartBuy
SKU01812,MetroBrand Writing Instruments 100g,Stationery & Office,Writing Instruments,351.24,208.39,MetroBrand
SKU01813,UrbanBite Bottled Water Medium,Beverages,Bottled Water,154.92,117.31,UrbanBite
SKU01814,ValueChoice Kids Wear 500g,Apparel & Footwear,Kids Wear,887.42,490.78,ValueChoice
SKU01815,GoldenHarvest Men's Wear 2L,Apparel & Footwear,Men's Wear,1240.67,931.93,GoldenHarvest
SKU01816,BasicNeeds Small Appliances Medium,Electronics & Accessories,Small Appliances,3324.34,1846.55,BasicNeeds
SKU01817,NutriPlus Men's Grooming Small,Personal Care,Men's Grooming,321.17,199.48,NutriPlus
SKU01818,CleanWave Surface Cleaners 2L,Home Care,Surface Cleaners,472.39,301.8,CleanWave
SKU01819,NutriPlus Storage & Containers 250ml,Home & Kitchen,Storage & Containers,1045.44,658.24,NutriPlus
SKU01820,PureLife Coffee Small,Beverages,Coffee,89.1,54.43,PureLife
SKU01821,PureLife Men's Wear Pack of 12,Apparel & Footwear,Men's Wear,2543.99,1468.0,PureLife
SKU01822,CleanWave Office Supplies Medium,Stationery & Office,Office Supplies,191.35,105.39,CleanWave
SKU01823,EliteHome Mobile Accessories 1L,Electronics & Accessories,Mobile Accessories,1248.39,928.4,EliteHome
SKU01824,PurePlus Bath & Body Family Pack,Personal Care,Bath & Body,324.93,215.83,PurePlus
SKU01825,PrimeCare Frozen Meat Small,Frozen Foods,Frozen Meat,688.73,406.69,PrimeCare
SKU01826,SoftTouch Spices & Seasoning 100g,Grocery,Spices & Seasoning,156.74,89.43,SoftTouch
SKU01827,ValueChoice Office Supplies 2kg,Stationery & Office,Office Supplies,270.58,167.65,ValueChoice
SKU01828,NatureBlend Hair Care Small,Personal Care,Hair Care,523.52,334.32,NatureBlend
SKU01829,NatureBlend Flour & Atta 250g,Grocery,Flour & Atta,385.77,256.67,NatureBlend
SKU01830,SunriseFoods Women's Wear Pack of 12,Apparel & Footwear,Women's Wear,1563.44,899.39,SunriseFoods
SKU01831,QuickBite Vitamins & Supplements 250ml,Health & Wellness,Vitamins & Supplements,341.82,271.74,QuickBite
SKU01832,GreenValley First Aid 1kg,Health & Wellness,First Aid,193.39,119.36,GreenValley
SKU01833,SunriseFoods Sugar & Salt 2L,Grocery,Sugar & Salt,62.59,41.33,SunriseFoods
SKU01834,PureLife Men's Wear Large,Apparel & Footwear,Men's Wear,2159.15,1570.25,PureLife
SKU01835,PureLife OTC Medicine Large,Health & Wellness,OTC Medicine,1074.02,674.0,PureLife
SKU01836,NatureBlend Footwear 500ml,Apparel & Footwear,Footwear,1656.58,945.28,NatureBlend
SKU01837,EverydayPlus Kids Wear 100g,Apparel & Footwear,Kids Wear,1716.89,1105.91,EverydayPlus
SKU01838,SmartBuy Namkeen Large,Snacks & Confectionery,Namkeen,125.59,86.43,SmartBuy
SKU01839,CityFresh Biscuits & Cookies Large,Snacks & Confectionery,Biscuits & Cookies,153.87,117.01,CityFresh
SKU01840,EliteHome Notebooks Pack of 6,Stationery & Office,Notebooks,117.69,75.55,EliteHome
SKU01841,DailyBest Ice Cream Pack of 6,Frozen Foods,Ice Cream,478.63,369.68,DailyBest
SKU01842,SoftTouch Pest Control 1L,Home Care,Pest Control,348.33,239.14,SoftTouch
SKU01843,TrueTaste Cheese 100g,Dairy & Bakery,Cheese,407.44,297.18,TrueTaste
SKU01844,EliteHome OTC Medicine 500g,Health & Wellness,OTC Medicine,897.46,500.37,EliteHome
SKU01845,NatureBlend Kids Wear 500g,Apparel & Footwear,Kids Wear,626.06,484.53,NatureBlend
SKU01846,BasicNeeds Spices & Seasoning Large,Grocery,Spices & Seasoning,189.44,114.3,BasicNeeds
SKU01847,PurePlus Frozen Meat 100g,Frozen Foods,Frozen Meat,723.74,457.02,PurePlus
SKU01848,PremiumSelect Writing Instruments 2L,Stationery & Office,Writing Instruments,274.37,186.82,PremiumSelect
SKU01849,CleanWave Butter & Ghee 250ml,Dairy & Bakery,Butter & Ghee,145.96,115.3,CleanWave
SKU01850,BasicNeeds Yogurt 100g,Dairy & Bakery,Yogurt,218.29,138.92,BasicNeeds
SKU01851,MetroBrand Home Decor Large,Home & Kitchen,Home Decor,1282.27,775.93,MetroBrand
SKU01852,EverydayPlus Cooking Oil 100g,Grocery,Cooking Oil,142.19,112.36,EverydayPlus
SKU01853,DailyBest Men's Grooming Medium,Personal Care,Men's Grooming,206.97,155.67,DailyBest
SKU01854,GreenValley Surface Cleaners Small,Home Care,Surface Cleaners,225.3,161.28,GreenValley
SKU01855,EliteHome Women's Wear Small,Apparel & Footwear,Women's Wear,1938.76,1264.86,EliteHome
SKU01856,EliteHome Soft Drinks 500g,Beverages,Soft Drinks,195.51,128.08,EliteHome
SKU01857,ValueChoice Air Fresheners Large,Home Care,Air Fresheners,250.66,197.44,ValueChoice
SKU01858,UrbanBite Tea 2L,Beverages,Tea,74.37,42.19,UrbanBite
SKU01859,MetroBrand Footwear 500ml,Apparel & Footwear,Footwear,1895.5,1401.49,MetroBrand
SKU01860,PurePlus OTC Medicine Pack of 12,Health & Wellness,OTC Medicine,211.67,148.23,PurePlus
SKU01861,UrbanBite Laundry 250ml,Home Care,Laundry,632.49,501.0,UrbanBite
SKU01862,SunriseFoods Oral Care 2kg,Personal Care,Oral Care,439.89,303.35,SunriseFoods
SKU01863,NutriPlus Coffee 2kg,Beverages,Coffee,56.57,35.08,NutriPlus
SKU01864,QuickBite Writing Instruments 2L,Stationery & Office,Writing Instruments,228.71,170.38,QuickBite
SKU01865,CityFresh First Aid Pack of 6,Health & Wellness,First Aid,1649.45,1313.63,CityFresh
SKU01866,PremiumSelect Eggs 1kg,Dairy & Bakery,Eggs,264.81,205.72,PremiumSelect
SKU01867,SoftTouch Bath & Body 1kg,Personal Care,Bath & Body,102.2,63.74,SoftTouch
SKU01868,HealthFirst Small Appliances Family Pack,Electronics & Accessories,Small Appliances,924.01,588.21,HealthFirst
SKU01869,DailyBest Batteries 1L,Electronics & Accessories,Batteries,1753.31,1295.18,DailyBest
SKU01870,PremiumSelect Dishwashing Medium,Home Care,Dishwashing,226.16,158.21,PremiumSelect
SKU01871,SoftTouch Bread 2kg,Dairy & Bakery,Bread,155.25,85.84,SoftTouch
SKU01872,TrueTaste OTC Medicine 2kg,Health & Wellness,OTC Medicine,577.52,338.12,TrueTaste
SKU01873,CityFresh First Aid 2kg,Health & Wellness,First Aid,747.67,427.2,CityFresh
SKU01874,SparkleClean OTC Medicine 1L,Health & Wellness,OTC Medicine,409.33,243.42,SparkleClean
SKU01875,SmartBuy Rice & Grains Small,Grocery,Rice & Grains,290.33,181.81,SmartBuy
SKU01876,NovaFresh Pest Control 1L,Home Care,Pest Control,282.4,223.6,NovaFresh
SKU01877,HomeStyle Vitamins & Supplements 2kg,Health & Wellness,Vitamins & Supplements,1306.98,939.87,HomeStyle
SKU01878,NutriPlus Office Supplies Family Pack,Stationery & Office,Office Supplies,98.98,55.79,NutriPlus
SKU01879,ValueChoice Frozen Meat 2L,Frozen Foods,Frozen Meat,415.75,291.79,ValueChoice
SKU01880,GreenValley Men's Grooming 250ml,Personal Care,Men's Grooming,509.53,335.86,GreenValley
SKU01881,SparkleClean Ready Meals 100g,Frozen Foods,Ready Meals,261.78,193.33,SparkleClean
SKU01882,PurePlus Namkeen 2L,Snacks & Confectionery,Namkeen,69.32,53.44,PurePlus
SKU01883,CityFresh Energy Drinks Pack of 6,Beverages,Energy Drinks,62.74,35.53,CityFresh
SKU01884,UrbanBite Batteries Large,Electronics & Accessories,Batteries,1125.1,894.44,UrbanBite
SKU01885,EverydayPlus Office Supplies 1kg,Stationery & Office,Office Supplies,307.39,173.51,EverydayPlus
SKU01886,BasicNeeds Cookware 500g,Home & Kitchen,Cookware,1996.89,1463.91,BasicNeeds
SKU01887,MetroBrand Vitamins & Supplements Family Pack,Health & Wellness,Vitamins & Supplements,1220.54,946.87,MetroBrand
SKU01888,TrueTaste Flour & Atta 2L,Grocery,Flour & Atta,105.0,77.48,TrueTaste
SKU01889,SparkleClean Office Supplies 100g,Stationery & Office,Office Supplies,83.31,48.96,SparkleClean
SKU01890,NatureBlend Air Fresheners 250g,Home Care,Air Fresheners,119.43,71.9,NatureBlend
SKU01891,EverydayPlus Bread 1L,Dairy & Bakery,Bread,62.17,34.83,EverydayPlus
SKU01892,CityFresh Storage & Containers Pack of 6,Home & Kitchen,Storage & Containers,231.9,135.14,CityFresh
SKU01893,MetroBrand Batteries 1kg,Electronics & Accessories,Batteries,2926.57,1654.26,MetroBrand
SKU01894,FamilyChoice Small Appliances 250ml,Electronics & Accessories,Small Appliances,620.89,349.82,FamilyChoice
SKU01895,SparkleClean Yogurt Small,Dairy & Bakery,Yogurt,95.13,65.69,SparkleClean
SKU01896,GreenValley Notebooks Family Pack,Stationery & Office,Notebooks,83.38,47.46,GreenValley
SKU01897,QuickBite Surface Cleaners 1L,Home Care,Surface Cleaners,492.22,323.03,QuickBite
SKU01898,FamilyChoice Frozen Meat 500ml,Frozen Foods,Frozen Meat,304.55,221.53,FamilyChoice
SKU01899,GreenValley Footwear 250ml,Apparel & Footwear,Footwear,752.97,416.98,GreenValley
SKU01900,PremiumSelect First Aid 500g,Health & Wellness,First Aid,330.24,234.38,PremiumSelect
SKU01901,GreenValley Candy 100g,Snacks & Confectionery,Candy,102.51,75.79,GreenValley
SKU01902,FamilyChoice Butter & Ghee Medium,Dairy & Bakery,Butter & Ghee,65.43,44.77,FamilyChoice
SKU01903,HealthFirst Bath & Body 100g,Personal Care,Bath & Body,359.99,240.8,HealthFirst
SKU01904,UrbanBite Notebooks Medium,Stationery & Office,Notebooks,280.72,205.69,UrbanBite
SKU01905,SparkleClean Small Appliances 1kg,Electronics & Accessories,Small Appliances,2021.49,1379.53,SparkleClean
SKU01906,GreenValley Skin Care Pack of 12,Personal Care,Skin Care,153.28,103.82,GreenValley
SKU01907,EliteHome Batteries Family Pack,Electronics & Accessories,Batteries,1736.27,1302.99,EliteHome
SKU01908,SmartBuy Small Appliances Small,Electronics & Accessories,Small Appliances,2110.37,1602.59,SmartBuy
SKU01909,CrispKing Men's Grooming Pack of 12,Personal Care,Men's Grooming,321.25,206.28,CrispKing
SKU01910,HomeStyle Oral Care 1kg,Personal Care,Oral Care,303.88,198.7,HomeStyle
SKU01911,PrimeCare Storage & Containers 2L,Home & Kitchen,Storage & Containers,1116.98,837.95,PrimeCare
SKU01912,SoftTouch Frozen Vegetables Pack of 6,Frozen Foods,Frozen Vegetables,806.73,553.59,SoftTouch
SKU01913,PurePlus Energy Drinks 500ml,Beverages,Energy Drinks,208.36,150.37,PurePlus
SKU01914,EverydayPlus Mobile Accessories 100g,Electronics & Accessories,Mobile Accessories,1531.95,871.36,EverydayPlus
SKU01915,GoldenHarvest Vitamins & Supplements Large,Health & Wellness,Vitamins & Supplements,677.32,388.67,GoldenHarvest
SKU01916,GreenValley Frozen Meat 500g,Frozen Foods,Frozen Meat,572.96,391.3,GreenValley
SKU01917,FreshFarm Mobile Accessories Family Pack,Electronics & Accessories,Mobile Accessories,986.08,744.3,FreshFarm
SKU01918,NovaFresh Cookware Large,Home & Kitchen,Cookware,529.69,333.25,NovaFresh
SKU01919,SmartBuy Bread 100g,Dairy & Bakery,Bread,88.6,70.01,SmartBuy
SKU01920,CityFresh Air Fresheners Small,Home Care,Air Fresheners,314.41,232.69,CityFresh
SKU01921,SoftTouch Biscuits & Cookies Pack of 6,Snacks & Confectionery,Biscuits & Cookies,64.75,48.27,SoftTouch
SKU01922,FamilyChoice OTC Medicine 1kg,Health & Wellness,OTC Medicine,810.44,614.73,FamilyChoice
SKU01923,EverydayPlus Bath & Body Medium,Personal Care,Bath & Body,403.84,247.81,EverydayPlus
SKU01924,SmartBuy Hair Care 250g,Personal Care,Hair Care,104.76,66.27,SmartBuy
SKU01925,HomeStyle Small Appliances 1kg,Electronics & Accessories,Small Appliances,1164.18,674.77,HomeStyle
SKU01926,FreshFarm Oral Care Family Pack,Personal Care,Oral Care,641.51,413.83,FreshFarm
SKU01927,TrueTaste Pest Control Small,Home Care,Pest Control,234.12,130.86,TrueTaste
SKU01928,CrispKing Laundry 250g,Home Care,Laundry,198.45,146.43,CrispKing
SKU01929,BasicNeeds Cheese 500g,Dairy & Bakery,Cheese,79.85,59.94,BasicNeeds
SKU01930,PrimeCare Juices 1kg,Beverages,Juices,60.28,36.37,PrimeCare
SKU01931,PrimeCare Women's Wear 250g,Apparel & Footwear,Women's Wear,1441.93,969.66,PrimeCare
SKU01932,EverydayPlus Energy Drinks 500g,Beverages,Energy Drinks,181.98,130.66,EverydayPlus
SKU01933,HealthFirst Eggs 2L,Dairy & Bakery,Eggs,226.4,166.55,HealthFirst
SKU01934,NovaFresh Batteries 100g,Electronics & Accessories,Batteries,671.56,532.12,NovaFresh
SKU01935,TrueTaste Tea 2kg,Beverages,Tea,161.94,97.19,TrueTaste
SKU01936,HealthFirst OTC Medicine 2kg,Health & Wellness,OTC Medicine,539.02,329.71,HealthFirst
SKU01937,BasicNeeds Batteries Family Pack,Electronics & Accessories,Batteries,1685.23,1286.62,BasicNeeds
SKU01938,CityFresh Vitamins & Supplements Family Pack,Health & Wellness,Vitamins & Supplements,1070.48,614.78,CityFresh
SKU01939,HealthFirst Milk Medium,Dairy & Bakery,Milk,297.93,222.4,HealthFirst
SKU01940,MetroBrand Pulses & Lentils 250ml,Grocery,Pulses & Lentils,127.72,74.5,MetroBrand
SKU01941,EverydayPlus Storage & Containers 1L,Home & Kitchen,Storage & Containers,546.17,363.81,EverydayPlus
SKU01942,SoftTouch Butter & Ghee 1L,Dairy & Bakery,Butter & Ghee,85.64,59.78,SoftTouch
SKU01943,BasicNeeds Women's Wear Medium,Apparel & Footwear,Women's Wear,1053.43,781.61,BasicNeeds
SKU01944,SoftTouch Chocolates Small,Snacks & Confectionery,Chocolates,36.52,21.13,SoftTouch
SKU01945,EliteHome Energy Drinks Large,Beverages,Energy Drinks,212.86,160.93,EliteHome
SKU01946,DailyBest Footwear 2L,Apparel & Footwear,Footwear,3073.34,2343.85,DailyBest
SKU01947,ZestyCo Notebooks Large,Stationery & Office,Notebooks,132.92,99.47,ZestyCo
SKU01948,GoldenHarvest Cookware Small,Home & Kitchen,Cookware,1592.06,1248.7,GoldenHarvest
SKU01949,EverydayPlus Men's Wear Small,Apparel & Footwear,Men's Wear,1243.2,954.85,EverydayPlus
SKU01950,MetroBrand Candy Pack of 6,Snacks & Confectionery,Candy,104.93,77.86,MetroBrand
SKU01951,SparkleClean Storage & Containers 250ml,Home & Kitchen,Storage & Containers,996.14,692.15,SparkleClean
SKU01952,PrimeCare Small Appliances Pack of 6,Electronics & Accessories,Small Appliances,1332.06,1001.92,PrimeCare
SKU01953,UrbanBite Namkeen 250ml,Snacks & Confectionery,Namkeen,309.85,245.97,UrbanBite
SKU01954,ValueChoice Tea Pack of 6,Beverages,Tea,206.88,146.75,ValueChoice
SKU01955,PurePlus Cookware 1kg,Home & Kitchen,Cookware,375.68,229.41,PurePlus
SKU01956,PremiumSelect Butter & Ghee Small,Dairy & Bakery,Butter & Ghee,260.31,159.3,PremiumSelect
SKU01957,HealthFirst Men's Wear 2L,Apparel & Footwear,Men's Wear,550.16,412.07,HealthFirst
SKU01958,CrispKing Tea Pack of 12,Beverages,Tea,94.8,75.59,CrispKing
SKU01959,GoldenHarvest Cheese 1kg,Dairy & Bakery,Cheese,108.22,65.21,GoldenHarvest
SKU01960,NovaFresh Cheese Small,Dairy & Bakery,Cheese,98.1,77.75,NovaFresh
SKU01961,CleanWave Milk Medium,Dairy & Bakery,Milk,250.71,154.71,CleanWave
SKU01962,PurePlus Small Appliances 500g,Electronics & Accessories,Small Appliances,1750.03,1143.12,PurePlus
SKU01963,NatureBlend Home Decor 250ml,Home & Kitchen,Home Decor,522.2,405.77,NatureBlend
SKU01964,UrbanBite Storage & Containers Pack of 12,Home & Kitchen,Storage & Containers,1160.91,917.65,UrbanBite
SKU01965,QuickBite Batteries Large,Electronics & Accessories,Batteries,1260.69,872.07,QuickBite
SKU01966,EliteHome Candy Small,Snacks & Confectionery,Candy,110.6,87.1,EliteHome
SKU01967,GoldenHarvest Writing Instruments 1L,Stationery & Office,Writing Instruments,206.98,157.43,GoldenHarvest
SKU01968,BasicNeeds Ice Cream 2kg,Frozen Foods,Ice Cream,599.03,459.22,BasicNeeds
SKU01969,GreenValley Frozen Meat Large,Frozen Foods,Frozen Meat,488.89,375.01,GreenValley
SKU01970,FamilyChoice Batteries Large,Electronics & Accessories,Batteries,1472.18,951.86,FamilyChoice
SKU01971,TrueTaste Kids Wear Large,Apparel & Footwear,Kids Wear,2455.1,1369.13,TrueTaste
SKU01972,QuickBite Office Supplies 2kg,Stationery & Office,Office Supplies,81.24,48.03,QuickBite
SKU01973,FamilyChoice Ice Cream 500ml,Frozen Foods,Ice Cream,317.96,180.8,FamilyChoice
SKU01974,PrimeCare First Aid 1kg,Health & Wellness,First Aid,998.87,609.91,PrimeCare
SKU01975,FreshFarm Mobile Accessories Family Pack,Electronics & Accessories,Mobile Accessories,2559.26,1442.97,FreshFarm
SKU01976,UrbanBite Yogurt Large,Dairy & Bakery,Yogurt,355.82,220.34,UrbanBite
SKU01977,SmartBuy Yogurt 500g,Dairy & Bakery,Yogurt,107.84,75.19,SmartBuy
SKU01978,PrimeCare Vitamins & Supplements 1kg,Health & Wellness,Vitamins & Supplements,314.35,183.98,PrimeCare
SKU01979,BasicNeeds Pulses & Lentils 2L,Grocery,Pulses & Lentils,174.01,109.44,BasicNeeds
SKU01980,ZestyCo Yogurt 500ml,Dairy & Bakery,Yogurt,183.36,111.12,ZestyCo
SKU01981,NatureBlend Mobile Accessories 500ml,Electronics & Accessories,Mobile Accessories,788.09,452.19,NatureBlend
SKU01982,FamilyChoice Office Supplies 250ml,Stationery & Office,Office Supplies,88.35,63.53,FamilyChoice
SKU01983,ZestyCo Ready Meals Pack of 12,Frozen Foods,Ready Meals,530.92,410.54,ZestyCo
SKU01984,SunriseFoods Men's Grooming Large,Personal Care,Men's Grooming,254.86,185.79,SunriseFoods
SKU01985,HealthFirst Laundry Large,Home Care,Laundry,284.04,204.81,HealthFirst
SKU01986,CrispKing Batteries 500ml,Electronics & Accessories,Batteries,2055.6,1635.75,CrispKing
SKU01987,NovaFresh Ice Cream Medium,Frozen Foods,Ice Cream,1078.02,789.99,NovaFresh
SKU01988,FreshFarm Sugar & Salt Pack of 12,Grocery,Sugar & Salt,331.12,186.02,FreshFarm
SKU01989,EliteHome Frozen Vegetables 500g,Frozen Foods,Frozen Vegetables,367.67,222.28,EliteHome
SKU01990,UrbanBite Hair Care Small,Personal Care,Hair Care,161.94,114.87,UrbanBite
SKU01991,CleanWave Mobile Accessories 250ml,Electronics & Accessories,Mobile Accessories,2731.16,1938.47,CleanWave
SKU01992,SmartBuy Home Decor Pack of 6,Home & Kitchen,Home Decor,394.66,299.21,SmartBuy
SKU01993,DailyBest Office Supplies Pack of 12,Stationery & Office,Office Supplies,142.17,83.84,DailyBest
SKU01994,PurePlus Vitamins & Supplements Family Pack,Health & Wellness,Vitamins & Supplements,1289.58,1025.61,PurePlus
SKU01995,PrimeCare Hair Care Family Pack,Personal Care,Hair Care,293.37,199.22,PrimeCare
SKU01996,NovaFresh Dishwashing Medium,Home Care,Dishwashing,333.67,260.3,NovaFresh
SKU01997,NovaFresh Candy 1L,Snacks & Confectionery,Candy,78.84,53.8,NovaFresh
SKU01998,HomeStyle Writing Instruments 500ml,Stationery & Office,Writing Instruments,92.68,55.3,HomeStyle
SKU01999,GreenValley Cookware 500ml,Home & Kitchen,Cookware,1844.71,1176.47,GreenValley
SKU02000,BasicNeeds Cookware Family Pack,Home & Kitchen,Cookware,2827.7,1711.58,BasicNeeds
SKU02001,GreenValley Bread 1kg,Dairy & Bakery,Bread,79.68,49.09,GreenValley
SKU02002,MetroBrand Butter & Ghee 1L,Dairy & Bakery,Butter & Ghee,251.48,194.29,MetroBrand
SKU02003,SparkleClean Cookware Pack of 12,Home & Kitchen,Cookware,607.33,391.33,SparkleClean
SKU02004,NutriPlus Ready Meals 100g,Frozen Foods,Ready Meals,925.67,551.39,NutriPlus
SKU02005,QuickBite Batteries Pack of 6,Electronics & Accessories,Batteries,788.62,505.61,QuickBite
SKU02006,CleanWave Dishwashing 1kg,Home Care,Dishwashing,80.67,56.82,CleanWave
SKU02007,FamilyChoice Air Fresheners 2kg,Home Care,Air Fresheners,237.34,142.46,FamilyChoice
SKU02008,DailyBest OTC Medicine Pack of 6,Health & Wellness,OTC Medicine,935.7,526.56,DailyBest
SKU02009,GreenValley Men's Wear 100g,Apparel & Footwear,Men's Wear,1970.46,1513.37,GreenValley
SKU02010,PremiumSelect Skin Care 500g,Personal Care,Skin Care,301.95,184.13,PremiumSelect
SKU02011,DailyBest Men's Wear 500ml,Apparel & Footwear,Men's Wear,1226.41,961.62,DailyBest
SKU02012,HomeStyle Namkeen 2L,Snacks & Confectionery,Namkeen,71.6,40.22,HomeStyle
SKU02013,HomeStyle Bath & Body 250g,Personal Care,Bath & Body,239.82,170.92,HomeStyle
SKU02014,NovaFresh Home Decor 250ml,Home & Kitchen,Home Decor,675.08,483.57,NovaFresh
SKU02015,GreenValley Writing Instruments 2kg,Stationery & Office,Writing Instruments,104.06,61.29,GreenValley
SKU02016,EliteHome Writing Instruments 2L,Stationery & Office,Writing Instruments,194.97,139.66,EliteHome
SKU02017,QuickBite Bread 2kg,Dairy & Bakery,Bread,105.32,68.13,QuickBite
SKU02018,DailyBest Home Decor 100g,Home & Kitchen,Home Decor,1042.89,673.13,DailyBest
SKU02019,NatureBlend Writing Instruments 1L,Stationery & Office,Writing Instruments,326.69,251.35,NatureBlend
SKU02020,DailyBest Office Supplies Medium,Stationery & Office,Office Supplies,143.5,113.09,DailyBest
SKU02021,PureLife Sugar & Salt 2L,Grocery,Sugar & Salt,296.61,175.75,PureLife
SKU02022,BasicNeeds Small Appliances 250ml,Electronics & Accessories,Small Appliances,1330.54,959.35,BasicNeeds
SKU02023,MetroBrand Office Supplies 1L,Stationery & Office,Office Supplies,133.8,78.77,MetroBrand
SKU02024,SunriseFoods Women's Wear 500g,Apparel & Footwear,Women's Wear,1610.6,899.92,SunriseFoods
SKU02025,GreenValley Chips & Crisps 1kg,Snacks & Confectionery,Chips & Crisps,210.28,123.51,GreenValley
SKU02026,GoldenHarvest Women's Wear 500ml,Apparel & Footwear,Women's Wear,1823.87,1292.51,GoldenHarvest
SKU02027,PremiumSelect Coffee 2L,Beverages,Coffee,152.04,111.23,PremiumSelect
SKU02028,CleanWave Air Fresheners 1L,Home Care,Air Fresheners,349.07,236.24,CleanWave
SKU02029,PurePlus First Aid Family Pack,Health & Wellness,First Aid,463.23,364.99,PurePlus
SKU02030,SparkleClean Dishwashing Pack of 6,Home Care,Dishwashing,339.2,251.36,SparkleClean
SKU02031,PureLife Batteries 100g,Electronics & Accessories,Batteries,1821.78,1075.59,PureLife
SKU02032,PurePlus Candy 1L,Snacks & Confectionery,Candy,90.84,54.68,PurePlus
SKU02033,PurePlus Vitamins & Supplements 2L,Health & Wellness,Vitamins & Supplements,939.05,656.42,PurePlus
SKU02034,GreenValley Vitamins & Supplements 100g,Health & Wellness,Vitamins & Supplements,751.83,476.15,GreenValley
SKU02035,PurePlus Vitamins & Supplements 250ml,Health & Wellness,Vitamins & Supplements,900.31,495.37,PurePlus
SKU02036,NutriPlus Eggs Large,Dairy & Bakery,Eggs,207.39,115.32,NutriPlus
SKU02037,GreenValley Butter & Ghee 250ml,Dairy & Bakery,Butter & Ghee,223.51,145.73,GreenValley
SKU02038,NutriPlus Milk 500ml,Dairy & Bakery,Milk,83.56,56.9,NutriPlus
SKU02039,HomeStyle Dishwashing 1kg,Home Care,Dishwashing,351.73,250.9,HomeStyle
SKU02040,CityFresh Vitamins & Supplements 250g,Health & Wellness,Vitamins & Supplements,1563.18,1157.98,CityFresh
SKU02041,SparkleClean Oral Care 2kg,Personal Care,Oral Care,237.24,187.94,SparkleClean
SKU02042,SoftTouch Men's Grooming Small,Personal Care,Men's Grooming,128.72,97.79,SoftTouch
SKU02043,PrimeCare Bread Family Pack,Dairy & Bakery,Bread,212.81,135.98,PrimeCare
SKU02044,PurePlus Candy Pack of 6,Snacks & Confectionery,Candy,169.73,116.04,PurePlus
SKU02045,PurePlus OTC Medicine Medium,Health & Wellness,OTC Medicine,1073.39,648.31,PurePlus
SKU02046,ValueChoice Footwear Pack of 6,Apparel & Footwear,Footwear,2009.47,1591.88,ValueChoice
SKU02047,NovaFresh Cheese Pack of 6,Dairy & Bakery,Cheese,319.7,218.63,NovaFresh
SKU02048,QuickBite Home Decor 500ml,Home & Kitchen,Home Decor,520.27,318.62,QuickBite
SKU02049,SoftTouch Frozen Vegetables 100g,Frozen Foods,Frozen Vegetables,706.9,516.75,SoftTouch
SKU02050,UrbanBite Chocolates 500ml,Snacks & Confectionery,Chocolates,90.73,60.97,UrbanBite
SKU02051,ValueChoice Bath & Body Medium,Personal Care,Bath & Body,454.54,363.26,ValueChoice
SKU02052,ValueChoice Pulses & Lentils 2L,Grocery,Pulses & Lentils,277.43,157.77,ValueChoice
SKU02053,TrueTaste Pulses & Lentils Small,Grocery,Pulses & Lentils,231.71,146.87,TrueTaste
SKU02054,HomeStyle Skin Care 100g,Personal Care,Skin Care,148.75,116.84,HomeStyle
SKU02055,ValueChoice Laundry 1kg,Home Care,Laundry,445.25,296.22,ValueChoice
SKU02056,PremiumSelect Kids Wear 2kg,Apparel & Footwear,Kids Wear,1399.72,878.95,PremiumSelect
SKU02057,FreshFarm Energy Drinks 250ml,Beverages,Energy Drinks,167.06,117.15,FreshFarm
SKU02058,PremiumSelect Cookware Family Pack,Home & Kitchen,Cookware,521.75,373.64,PremiumSelect
SKU02059,SparkleClean Chocolates 500ml,Snacks & Confectionery,Chocolates,45.51,26.09,SparkleClean
SKU02060,PrimeCare Energy Drinks Pack of 6,Beverages,Energy Drinks,214.74,132.03,PrimeCare
SKU02061,FamilyChoice Small Appliances Pack of 6,Electronics & Accessories,Small Appliances,4447.64,2789.75,FamilyChoice
SKU02062,CityFresh Men's Wear 500ml,Apparel & Footwear,Men's Wear,1854.01,1133.64,CityFresh
SKU02063,GoldenHarvest First Aid Family Pack,Health & Wellness,First Aid,429.58,277.39,GoldenHarvest
SKU02064,CityFresh Soft Drinks 1kg,Beverages,Soft Drinks,45.95,29.12,CityFresh
SKU02065,NovaFresh Juices 100g,Beverages,Juices,70.19,51.44,NovaFresh
SKU02066,GreenValley Hair Care Small,Personal Care,Hair Care,289.66,202.68,GreenValley
SKU02067,PurePlus Air Fresheners Pack of 6,Home Care,Air Fresheners,290.9,191.21,PurePlus
SKU02068,SoftTouch Notebooks 1kg,Stationery & Office,Notebooks,249.89,149.93,SoftTouch
SKU02069,NatureBlend Cheese Large,Dairy & Bakery,Cheese,106.49,69.77,NatureBlend
SKU02070,NutriPlus Biscuits & Cookies 500g,Snacks & Confectionery,Biscuits & Cookies,156.71,93.26,NutriPlus
SKU02071,NutriPlus Writing Instruments 1kg,Stationery & Office,Writing Instruments,179.94,141.8,NutriPlus
SKU02072,DailyBest Tea 500g,Beverages,Tea,91.41,54.25,DailyBest
SKU02073,MetroBrand Cooking Oil 500g,Grocery,Cooking Oil,463.5,354.42,MetroBrand
SKU02074,SoftTouch Dishwashing Pack of 12,Home Care,Dishwashing,110.03,77.45,SoftTouch
SKU02075,SunriseFoods Oral Care Pack of 12,Personal Care,Oral Care,587.86,442.48,SunriseFoods
SKU02076,GoldenHarvest First Aid Pack of 6,Health & Wellness,First Aid,1012.51,781.8,GoldenHarvest
SKU02077,CrispKing Cookware Medium,Home & Kitchen,Cookware,448.21,336.6,CrispKing
SKU02078,NatureBlend Office Supplies 250g,Stationery & Office,Office Supplies,161.99,112.96,NatureBlend
SKU02079,ValueChoice Yogurt Pack of 6,Dairy & Bakery,Yogurt,153.65,94.76,ValueChoice
SKU02080,PrimeCare Writing Instruments 250g,Stationery & Office,Writing Instruments,100.16,71.61,PrimeCare
SKU02081,DailyBest First Aid Family Pack,Health & Wellness,First Aid,610.19,336.34,DailyBest
SKU02082,TrueTaste Spices & Seasoning Pack of 6,Grocery,Spices & Seasoning,218.25,140.63,TrueTaste
SKU02083,SunriseFoods Writing Instruments Small,Stationery & Office,Writing Instruments,133.13,101.78,SunriseFoods
SKU02084,SoftTouch Bottled Water 2L,Beverages,Bottled Water,118.48,82.36,SoftTouch
SKU02085,PureLife First Aid 250ml,Health & Wellness,First Aid,1199.89,738.12,PureLife
SKU02086,GreenValley Men's Wear Pack of 12,Apparel & Footwear,Men's Wear,2214.88,1712.2,GreenValley
SKU02087,MetroBrand Candy Medium,Snacks & Confectionery,Candy,62.98,34.88,MetroBrand
SKU02088,PremiumSelect Cheese 500g,Dairy & Bakery,Cheese,69.31,53.42,PremiumSelect
SKU02089,EverydayPlus Dishwashing Large,Home Care,Dishwashing,410.86,303.98,EverydayPlus
SKU02090,NovaFresh Home Decor Pack of 12,Home & Kitchen,Home Decor,588.59,345.26,NovaFresh
SKU02091,CrispKing Chocolates 250g,Snacks & Confectionery,Chocolates,50.34,28.48,CrispKing
SKU02092,PurePlus First Aid Family Pack,Health & Wellness,First Aid,420.0,330.88,PurePlus
SKU02093,MetroBrand Dishwashing 500g,Home Care,Dishwashing,166.2,94.2,MetroBrand
SKU02094,CleanWave Juices Pack of 6,Beverages,Juices,242.58,192.47,CleanWave
SKU02095,GreenValley Small Appliances 250g,Electronics & Accessories,Small Appliances,463.44,303.63,GreenValley
SKU02096,PureLife Women's Wear 500g,Apparel & Footwear,Women's Wear,674.25,430.43,PureLife
SKU02097,HomeStyle Frozen Vegetables Pack of 6,Frozen Foods,Frozen Vegetables,894.0,636.98,HomeStyle
SKU02098,CleanWave Candy Pack of 12,Snacks & Confectionery,Candy,114.49,77.17,CleanWave
SKU02099,CityFresh Bottled Water Pack of 12,Beverages,Bottled Water,160.15,103.7,CityFresh
SKU02100,PurePlus Air Fresheners 250ml,Home Care,Air Fresheners,358.76,254.73,PurePlus
SKU02101,GoldenHarvest Frozen Meat Medium,Frozen Foods,Frozen Meat,1016.14,647.81,GoldenHarvest
SKU02102,ZestyCo Ice Cream 100g,Frozen Foods,Ice Cream,351.31,196.24,ZestyCo
SKU02103,MetroBrand Namkeen Medium,Snacks & Confectionery,Namkeen,113.18,85.58,MetroBrand
SKU02104,GoldenHarvest Ready Meals 2kg,Frozen Foods,Ready Meals,263.84,179.06,GoldenHarvest
SKU02105,CityFresh Cheese Pack of 6,Dairy & Bakery,Cheese,149.15,107.64,CityFresh
SKU02106,NovaFresh Small Appliances Large,Electronics & Accessories,Small Appliances,478.22,331.79,NovaFresh
SKU02107,NatureBlend Footwear 1kg,Apparel & Footwear,Footwear,810.91,570.51,NatureBlend
SKU02108,ValueChoice First Aid 500ml,Health & Wellness,First Aid,610.6,369.25,ValueChoice
SKU02109,PurePlus Rice & Grains Medium,Grocery,Rice & Grains,420.37,329.43,PurePlus
SKU02110,GreenValley Notebooks Medium,Stationery & Office,Notebooks,248.08,164.21,GreenValley
SKU02111,GreenValley Pulses & Lentils 1kg,Grocery,Pulses & Lentils,175.31,136.75,GreenValley
SKU02112,FreshFarm Notebooks 1L,Stationery & Office,Notebooks,164.09,123.35,FreshFarm
SKU02113,ZestyCo Spices & Seasoning 2kg,Grocery,Spices & Seasoning,309.55,225.98,ZestyCo
SKU02114,QuickBite Ready Meals 1L,Frozen Foods,Ready Meals,712.38,473.75,QuickBite
SKU02115,ZestyCo Tea 250ml,Beverages,Tea,112.03,62.25,ZestyCo
SKU02116,SparkleClean Tea 100g,Beverages,Tea,149.86,94.23,SparkleClean
SKU02117,FreshFarm Small Appliances Large,Electronics & Accessories,Small Appliances,3413.2,2444.58,FreshFarm
SKU02118,GoldenHarvest Batteries Pack of 6,Electronics & Accessories,Batteries,1908.77,1207.61,GoldenHarvest
SKU02119,FreshFarm Bottled Water 500ml,Beverages,Bottled Water,161.61,92.89,FreshFarm
SKU02120,ZestyCo Writing Instruments 250g,Stationery & Office,Writing Instruments,80.4,54.63,ZestyCo
SKU02121,PremiumSelect Cheese 250g,Dairy & Bakery,Cheese,217.94,128.28,PremiumSelect
SKU02122,GoldenHarvest Milk 1L,Dairy & Bakery,Milk,152.62,95.62,GoldenHarvest
SKU02123,FreshFarm Bread Pack of 6,Dairy & Bakery,Bread,214.95,145.19,FreshFarm
SKU02124,NatureBlend Pest Control 1kg,Home Care,Pest Control,165.82,96.02,NatureBlend
SKU02125,QuickBite Chips & Crisps Small,Snacks & Confectionery,Chips & Crisps,112.77,65.2,QuickBite
SKU02126,HomeStyle Dishwashing 250ml,Home Care,Dishwashing,313.98,189.18,HomeStyle
SKU02127,FamilyChoice Biscuits & Cookies 100g,Snacks & Confectionery,Biscuits & Cookies,126.63,88.38,FamilyChoice
SKU02128,HomeStyle Spices & Seasoning 2L,Grocery,Spices & Seasoning,184.2,144.28,HomeStyle
SKU02129,UrbanBite Oral Care 500g,Personal Care,Oral Care,227.28,138.59,UrbanBite
SKU02130,EverydayPlus Batteries 100g,Electronics & Accessories,Batteries,749.78,547.31,EverydayPlus
SKU02131,PureLife Kids Wear 250g,Apparel & Footwear,Kids Wear,1106.07,660.7,PureLife
SKU02132,HomeStyle Hair Care 2kg,Personal Care,Hair Care,428.85,304.0,HomeStyle
SKU02133,TrueTaste Eggs 1L,Dairy & Bakery,Eggs,212.7,124.31,TrueTaste
SKU02134,UrbanBite Men's Wear Family Pack,Apparel & Footwear,Men's Wear,658.37,501.25,UrbanBite
SKU02135,HealthFirst Mobile Accessories 1kg,Electronics & Accessories,Mobile Accessories,1205.61,886.88,HealthFirst
SKU02136,DailyBest Footwear 100g,Apparel & Footwear,Footwear,3212.47,2313.56,DailyBest
SKU02137,EverydayPlus Storage & Containers 500g,Home & Kitchen,Storage & Containers,1893.03,1048.11,EverydayPlus
SKU02138,QuickBite Men's Wear 2kg,Apparel & Footwear,Men's Wear,799.69,607.05,QuickBite
SKU02139,GoldenHarvest Writing Instruments 1kg,Stationery & Office,Writing Instruments,278.4,163.62,GoldenHarvest
SKU02140,NutriPlus Skin Care 2kg,Personal Care,Skin Care,278.82,190.54,NutriPlus
SKU02141,PureLife Bath & Body Family Pack,Personal Care,Bath & Body,471.88,351.16,PureLife
SKU02142,QuickBite Eggs 250ml,Dairy & Bakery,Eggs,150.6,106.61,QuickBite
SKU02143,SoftTouch Biscuits & Cookies Pack of 6,Snacks & Confectionery,Biscuits & Cookies,88.64,66.9,SoftTouch
SKU02144,HealthFirst Batteries Pack of 12,Electronics & Accessories,Batteries,2699.17,1962.87,HealthFirst
SKU02145,SparkleClean Mobile Accessories 250g,Electronics & Accessories,Mobile Accessories,716.15,529.25,SparkleClean
SKU02146,ZestyCo Women's Wear 1kg,Apparel & Footwear,Women's Wear,2331.97,1456.76,ZestyCo
SKU02147,TrueTaste Biscuits & Cookies 500ml,Snacks & Confectionery,Biscuits & Cookies,136.69,88.13,TrueTaste
SKU02148,SmartBuy Dishwashing 500ml,Home Care,Dishwashing,264.71,178.78,SmartBuy
SKU02149,BasicNeeds Chocolates 100g,Snacks & Confectionery,Chocolates,72.6,50.57,BasicNeeds
SKU02150,SparkleClean Home Decor Pack of 6,Home & Kitchen,Home Decor,1382.56,999.48,SparkleClean
SKU02151,TrueTaste Eggs 2kg,Dairy & Bakery,Eggs,229.08,157.81,TrueTaste
SKU02152,BasicNeeds Juices 2kg,Beverages,Juices,134.44,97.82,BasicNeeds
SKU02153,FreshFarm Ready Meals Pack of 6,Frozen Foods,Ready Meals,676.92,397.82,FreshFarm
SKU02154,SparkleClean Cookware Family Pack,Home & Kitchen,Cookware,1876.53,1217.23,SparkleClean
SKU02155,HomeStyle Home Decor Medium,Home & Kitchen,Home Decor,1113.48,866.65,HomeStyle
SKU02156,CleanWave Juices Family Pack,Beverages,Juices,184.79,111.66,CleanWave
SKU02157,NatureBlend Bread 500ml,Dairy & Bakery,Bread,182.04,106.66,NatureBlend
SKU02158,FreshFarm Juices 250g,Beverages,Juices,96.52,71.06,FreshFarm
SKU02159,PremiumSelect Eggs 1kg,Dairy & Bakery,Eggs,221.13,132.37,PremiumSelect
SKU02160,PrimeCare Frozen Meat 250ml,Frozen Foods,Frozen Meat,305.2,202.78,PrimeCare
SKU02161,CrispKing Yogurt 2kg,Dairy & Bakery,Yogurt,130.68,95.13,CrispKing
SKU02162,DailyBest Rice & Grains 1kg,Grocery,Rice & Grains,400.99,269.15,DailyBest
SKU02163,ValueChoice Ice Cream 500g,Frozen Foods,Ice Cream,791.7,613.87,ValueChoice
SKU02164,EverydayPlus Rice & Grains 500g,Grocery,Rice & Grains,341.73,262.97,EverydayPlus
SKU02165,MetroBrand Candy Pack of 6,Snacks & Confectionery,Candy,151.01,102.04,MetroBrand
SKU02166,PurePlus Cooking Oil 1L,Grocery,Cooking Oil,434.78,343.57,PurePlus
SKU02167,FreshFarm Coffee 100g,Beverages,Coffee,189.86,118.27,FreshFarm
SKU02168,NovaFresh Pest Control 2L,Home Care,Pest Control,482.68,293.7,NovaFresh
SKU02169,ZestyCo Storage & Containers Medium,Home & Kitchen,Storage & Containers,1126.93,808.64,ZestyCo
SKU02170,SmartBuy Men's Wear 500ml,Apparel & Footwear,Men's Wear,701.41,486.21,SmartBuy
SKU02171,UrbanBite Juices 2kg,Beverages,Juices,55.54,34.03,UrbanBite
SKU02172,PureLife Pulses & Lentils 2kg,Grocery,Pulses & Lentils,150.49,96.73,PureLife
SKU02173,NovaFresh Men's Grooming 250ml,Personal Care,Men's Grooming,474.22,288.45,NovaFresh
SKU02174,ValueChoice OTC Medicine 2kg,Health & Wellness,OTC Medicine,511.2,311.45,ValueChoice
SKU02175,SmartBuy Batteries Large,Electronics & Accessories,Batteries,1631.55,1047.28,SmartBuy
SKU02176,CleanWave Footwear Family Pack,Apparel & Footwear,Footwear,989.87,773.14,CleanWave
SKU02177,HomeStyle Hair Care 250ml,Personal Care,Hair Care,488.47,370.61,HomeStyle
SKU02178,EliteHome Namkeen Large,Snacks & Confectionery,Namkeen,188.27,127.67,EliteHome
SKU02179,FreshFarm Cooking Oil Medium,Grocery,Cooking Oil,195.37,130.79,FreshFarm
SKU02180,FamilyChoice Juices 250g,Beverages,Juices,98.03,54.69,FamilyChoice
SKU02181,PremiumSelect Pulses & Lentils 1L,Grocery,Pulses & Lentils,165.04,109.85,PremiumSelect
SKU02182,QuickBite Storage & Containers Pack of 6,Home & Kitchen,Storage & Containers,972.74,686.7,QuickBite
SKU02183,QuickBite Butter & Ghee 500ml,Dairy & Bakery,Butter & Ghee,254.69,189.65,QuickBite
SKU02184,NutriPlus Men's Wear 500ml,Apparel & Footwear,Men's Wear,2231.8,1426.11,NutriPlus
SKU02185,TrueTaste Frozen Meat 1L,Frozen Foods,Frozen Meat,644.41,502.54,TrueTaste
SKU02186,EverydayPlus Frozen Vegetables Pack of 12,Frozen Foods,Frozen Vegetables,553.53,420.71,EverydayPlus
SKU02187,CityFresh Pest Control 2kg,Home Care,Pest Control,242.07,138.12,CityFresh
SKU02188,CleanWave Women's Wear 2L,Apparel & Footwear,Women's Wear,2696.63,2091.88,CleanWave
SKU02189,NovaFresh Rice & Grains 1kg,Grocery,Rice & Grains,100.87,61.1,NovaFresh
SKU02190,PureLife Tea Large,Beverages,Tea,269.28,210.26,PureLife
SKU02191,QuickBite Pest Control 250g,Home Care,Pest Control,360.08,254.82,QuickBite
SKU02192,CityFresh Hair Care 250g,Personal Care,Hair Care,616.15,402.33,CityFresh
SKU02193,SoftTouch Ready Meals 100g,Frozen Foods,Ready Meals,274.13,180.68,SoftTouch
SKU02194,PrimeCare Batteries 250ml,Electronics & Accessories,Batteries,1082.06,747.38,PrimeCare
SKU02195,ValueChoice OTC Medicine Pack of 6,Health & Wellness,OTC Medicine,486.3,370.06,ValueChoice
SKU02196,SoftTouch Cheese Family Pack,Dairy & Bakery,Cheese,303.5,230.43,SoftTouch
SKU02197,HealthFirst Milk 500ml,Dairy & Bakery,Milk,133.98,87.59,HealthFirst
SKU02198,PrimeCare Women's Wear 500g,Apparel & Footwear,Women's Wear,734.76,560.08,PrimeCare
SKU02199,HealthFirst Candy 250ml,Snacks & Confectionery,Candy,106.6,71.21,HealthFirst
SKU02200,PrimeCare Ready Meals 250g,Frozen Foods,Ready Meals,866.94,567.31,PrimeCare
SKU02201,CrispKing Ready Meals 1L,Frozen Foods,Ready Meals,1064.05,649.94,CrispKing
SKU02202,CityFresh Footwear Pack of 12,Apparel & Footwear,Footwear,2114.18,1600.4,CityFresh
SKU02203,MetroBrand Batteries 100g,Electronics & Accessories,Batteries,886.54,625.02,MetroBrand
SKU02204,SparkleClean Dishwashing Small,Home Care,Dishwashing,616.79,405.71,SparkleClean
SKU02205,EliteHome Yogurt 1kg,Dairy & Bakery,Yogurt,65.71,47.02,EliteHome
SKU02206,CleanWave Oral Care Pack of 12,Personal Care,Oral Care,225.75,172.76,CleanWave
SKU02207,CityFresh Hair Care Medium,Personal Care,Hair Care,318.58,190.97,CityFresh
SKU02208,SoftTouch Biscuits & Cookies Small,Snacks & Confectionery,Biscuits & Cookies,162.14,105.08,SoftTouch
SKU02209,CityFresh OTC Medicine Pack of 12,Health & Wellness,OTC Medicine,980.37,632.41,CityFresh
SKU02210,PrimeCare Chips & Crisps Pack of 12,Snacks & Confectionery,Chips & Crisps,101.42,57.71,PrimeCare
SKU02211,NovaFresh Vitamins & Supplements 500g,Health & Wellness,Vitamins & Supplements,1230.59,779.6,NovaFresh
SKU02212,PurePlus Kids Wear 500g,Apparel & Footwear,Kids Wear,569.68,421.82,PurePlus
SKU02213,CityFresh Notebooks 250ml,Stationery & Office,Notebooks,187.12,114.77,CityFresh
SKU02214,MetroBrand Juices Pack of 6,Beverages,Juices,196.14,147.64,MetroBrand
SKU02215,SoftTouch Footwear Pack of 6,Apparel & Footwear,Footwear,731.38,576.92,SoftTouch
SKU02216,BasicNeeds Bottled Water Small,Beverages,Bottled Water,204.24,123.77,BasicNeeds
SKU02217,NutriPlus Bath & Body 2kg,Personal Care,Bath & Body,457.34,298.38,NutriPlus
SKU02218,QuickBite Chocolates Medium,Snacks & Confectionery,Chocolates,132.03,76.95,QuickBite
SKU02219,PureLife Soft Drinks 500ml,Beverages,Soft Drinks,164.19,118.72,PureLife
SKU02220,HomeStyle Chips & Crisps 1kg,Snacks & Confectionery,Chips & Crisps,146.7,98.37,HomeStyle
SKU02221,DailyBest Spices & Seasoning Small,Grocery,Spices & Seasoning,125.4,87.43,DailyBest
SKU02222,SparkleClean Men's Wear 250g,Apparel & Footwear,Men's Wear,2423.1,1804.42,SparkleClean
SKU02223,NovaFresh Flour & Atta 500ml,Grocery,Flour & Atta,257.58,191.65,NovaFresh
SKU02224,SparkleClean Hair Care Small,Personal Care,Hair Care,160.25,108.81,SparkleClean
SKU02225,GreenValley Batteries Small,Electronics & Accessories,Batteries,1087.98,838.38,GreenValley
SKU02226,GoldenHarvest Office Supplies 1kg,Stationery & Office,Office Supplies,101.4,79.39,GoldenHarvest
SKU02227,SparkleClean Storage & Containers 500g,Home & Kitchen,Storage & Containers,1096.48,775.96,SparkleClean
SKU02228,NutriPlus Tea 100g,Beverages,Tea,183.13,102.48,NutriPlus
SKU02229,HealthFirst Writing Instruments 250g,Stationery & Office,Writing Instruments,131.84,98.09,HealthFirst
SKU02230,NutriPlus First Aid Medium,Health & Wellness,First Aid,978.76,756.56,NutriPlus
SKU02231,PurePlus Namkeen Small,Snacks & Confectionery,Namkeen,50.54,34.83,PurePlus
SKU02232,PremiumSelect Laundry 1L,Home Care,Laundry,404.32,293.17,PremiumSelect
SKU02233,CrispKing Notebooks 2L,Stationery & Office,Notebooks,260.53,166.48,CrispKing
SKU02234,UrbanBite Bath & Body 2kg,Personal Care,Bath & Body,309.33,208.96,UrbanBite
SKU02235,FamilyChoice Namkeen 500g,Snacks & Confectionery,Namkeen,179.19,134.31,FamilyChoice
SKU02236,HomeStyle Cookware 100g,Home & Kitchen,Cookware,1139.18,876.02,HomeStyle
SKU02237,ValueChoice Office Supplies Pack of 12,Stationery & Office,Office Supplies,96.48,55.84,ValueChoice
SKU02238,SunriseFoods Writing Instruments 100g,Stationery & Office,Writing Instruments,164.94,91.43,SunriseFoods
SKU02239,HealthFirst Notebooks 250g,Stationery & Office,Notebooks,239.19,153.89,HealthFirst
SKU02240,PurePlus Home Decor Small,Home & Kitchen,Home Decor,1865.7,1208.47,PurePlus
SKU02241,GreenValley Pest Control 2L,Home Care,Pest Control,189.56,140.91,GreenValley
SKU02242,PrimeCare Chocolates 1L,Snacks & Confectionery,Chocolates,143.27,79.11,PrimeCare
SKU02243,SunriseFoods Vitamins & Supplements 1kg,Health & Wellness,Vitamins & Supplements,589.04,436.48,SunriseFoods
SKU02244,HealthFirst Biscuits & Cookies 500g,Snacks & Confectionery,Biscuits & Cookies,52.43,35.87,HealthFirst
SKU02245,NutriPlus Surface Cleaners 500ml,Home Care,Surface Cleaners,159.32,115.42,NutriPlus
SKU02246,UrbanBite Vitamins & Supplements 250ml,Health & Wellness,Vitamins & Supplements,757.44,513.03,UrbanBite
SKU02247,CityFresh Writing Instruments 2L,Stationery & Office,Writing Instruments,179.3,134.06,CityFresh
SKU02248,EverydayPlus Milk 500g,Dairy & Bakery,Milk,129.3,85.24,EverydayPlus
SKU02249,NatureBlend Milk 1kg,Dairy & Bakery,Milk,154.96,98.63,NatureBlend
SKU02250,CityFresh Batteries 250g,Electronics & Accessories,Batteries,2070.86,1468.51,CityFresh
SKU02251,PurePlus Spices & Seasoning 500ml,Grocery,Spices & Seasoning,183.16,121.09,PurePlus
SKU02252,MetroBrand Ready Meals 2kg,Frozen Foods,Ready Meals,523.38,327.56,MetroBrand
SKU02253,PrimeCare Mobile Accessories 1kg,Electronics & Accessories,Mobile Accessories,1411.83,1098.95,PrimeCare
SKU02254,SunriseFoods Frozen Vegetables 2L,Frozen Foods,Frozen Vegetables,563.54,411.85,SunriseFoods
SKU02255,ZestyCo Oral Care 1L,Personal Care,Oral Care,234.37,140.44,ZestyCo
SKU02256,ValueChoice Kids Wear 1kg,Apparel & Footwear,Kids Wear,3052.75,2243.85,ValueChoice
SKU02257,SunriseFoods Men's Grooming Pack of 12,Personal Care,Men's Grooming,809.38,496.23,SunriseFoods
SKU02258,HomeStyle Small Appliances 250ml,Electronics & Accessories,Small Appliances,2619.48,1723.14,HomeStyle
SKU02259,FreshFarm Surface Cleaners 250ml,Home Care,Surface Cleaners,246.16,148.77,FreshFarm
SKU02260,UrbanBite Rice & Grains 1L,Grocery,Rice & Grains,255.43,147.72,UrbanBite
SKU02261,PremiumSelect Frozen Vegetables 500g,Frozen Foods,Frozen Vegetables,468.89,304.67,PremiumSelect
SKU02262,PureLife Rice & Grains 500ml,Grocery,Rice & Grains,196.24,135.16,PureLife
SKU02263,SoftTouch Writing Instruments 2L,Stationery & Office,Writing Instruments,175.26,109.63,SoftTouch
SKU02264,SoftTouch Vitamins & Supplements 250g,Health & Wellness,Vitamins & Supplements,676.6,384.82,SoftTouch
SKU02265,DailyBest Hair Care 2L,Personal Care,Hair Care,846.76,518.56,DailyBest
SKU02266,FreshFarm Air Fresheners 100g,Home Care,Air Fresheners,515.66,315.28,FreshFarm
SKU02267,SmartBuy OTC Medicine Pack of 6,Health & Wellness,OTC Medicine,595.15,415.23,SmartBuy
SKU02268,NovaFresh Butter & Ghee 100g,Dairy & Bakery,Butter & Ghee,205.47,127.5,NovaFresh
SKU02269,UrbanBite Yogurt 500g,Dairy & Bakery,Yogurt,132.98,90.88,UrbanBite
SKU02270,PremiumSelect Air Fresheners 250ml,Home Care,Air Fresheners,153.74,102.63,PremiumSelect
SKU02271,MetroBrand Eggs Pack of 6,Dairy & Bakery,Eggs,334.93,206.51,MetroBrand
SKU02272,NovaFresh Footwear Pack of 12,Apparel & Footwear,Footwear,2530.84,1860.94,NovaFresh
SKU02273,SunriseFoods Juices 1L,Beverages,Juices,212.66,152.46,SunriseFoods
SKU02274,TrueTaste Footwear 250g,Apparel & Footwear,Footwear,2368.45,1705.45,TrueTaste
SKU02275,CleanWave Men's Grooming 250ml,Personal Care,Men's Grooming,188.12,123.86,CleanWave
SKU02276,SoftTouch Ready Meals Small,Frozen Foods,Ready Meals,681.53,428.78,SoftTouch
SKU02277,NutriPlus Tea 250g,Beverages,Tea,122.83,85.7,NutriPlus
SKU02278,EliteHome Bath & Body Pack of 12,Personal Care,Bath & Body,531.96,420.13,EliteHome
SKU02279,SmartBuy Footwear 250ml,Apparel & Footwear,Footwear,1825.01,1201.75,SmartBuy
SKU02280,GoldenHarvest Yogurt 100g,Dairy & Bakery,Yogurt,335.12,240.05,GoldenHarvest
SKU02281,FreshFarm Energy Drinks Pack of 12,Beverages,Energy Drinks,91.79,60.64,FreshFarm
SKU02282,UrbanBite Ready Meals 100g,Frozen Foods,Ready Meals,199.33,156.11,UrbanBite
SKU02283,QuickBite Bottled Water 250ml,Beverages,Bottled Water,87.82,54.11,QuickBite
SKU02284,ValueChoice Eggs 500g,Dairy & Bakery,Eggs,238.86,158.75,ValueChoice
SKU02285,CleanWave Surface Cleaners 2L,Home Care,Surface Cleaners,215.0,144.78,CleanWave
SKU02286,PureLife Ready Meals 100g,Frozen Foods,Ready Meals,486.15,355.94,PureLife
SKU02287,SoftTouch OTC Medicine 250g,Health & Wellness,OTC Medicine,665.21,485.82,SoftTouch
SKU02288,HomeStyle Small Appliances 1L,Electronics & Accessories,Small Appliances,2814.12,2067.99,HomeStyle
SKU02289,ValueChoice Storage & Containers Family Pack,Home & Kitchen,Storage & Containers,806.83,591.6,ValueChoice
SKU02290,EverydayPlus Cooking Oil 100g,Grocery,Cooking Oil,173.84,116.03,EverydayPlus
SKU02291,PrimeCare Skin Care 500ml,Personal Care,Skin Care,295.06,173.76,PrimeCare
SKU02292,EverydayPlus Flour & Atta Medium,Grocery,Flour & Atta,283.47,217.59,EverydayPlus
SKU02293,SmartBuy Flour & Atta 2kg,Grocery,Flour & Atta,171.48,108.24,SmartBuy
SKU02294,CrispKing Chocolates 1L,Snacks & Confectionery,Chocolates,61.11,35.3,CrispKing
SKU02295,FreshFarm OTC Medicine Medium,Health & Wellness,OTC Medicine,1019.04,593.28,FreshFarm
SKU02296,ValueChoice Home Decor Pack of 12,Home & Kitchen,Home Decor,1019.37,686.74,ValueChoice
SKU02297,PurePlus Men's Wear 2kg,Apparel & Footwear,Men's Wear,1276.77,838.18,PurePlus
SKU02298,UrbanBite First Aid Small,Health & Wellness,First Aid,759.4,543.64,UrbanBite
SKU02299,ValueChoice Kids Wear Pack of 12,Apparel & Footwear,Kids Wear,2732.69,1920.99,ValueChoice
SKU02300,MetroBrand Candy 1L,Snacks & Confectionery,Candy,95.66,55.18,MetroBrand
SKU02301,QuickBite Home Decor 500ml,Home & Kitchen,Home Decor,1021.41,637.55,QuickBite
SKU02302,GreenValley Home Decor Large,Home & Kitchen,Home Decor,1747.82,1352.92,GreenValley
SKU02303,PremiumSelect Energy Drinks Large,Beverages,Energy Drinks,180.7,134.02,PremiumSelect
SKU02304,SunriseFoods Pest Control Family Pack,Home Care,Pest Control,407.42,312.75,SunriseFoods
SKU02305,UrbanBite Kids Wear Pack of 12,Apparel & Footwear,Kids Wear,1919.2,1066.11,UrbanBite
SKU02306,ZestyCo Dishwashing 250ml,Home Care,Dishwashing,196.62,152.97,ZestyCo
SKU02307,CrispKing Storage & Containers 250g,Home & Kitchen,Storage & Containers,2067.44,1582.15,CrispKing
SKU02308,EverydayPlus Office Supplies 250g,Stationery & Office,Office Supplies,93.35,61.9,EverydayPlus
SKU02309,SunriseFoods Laundry Family Pack,Home Care,Laundry,272.44,195.72,SunriseFoods
SKU02310,EverydayPlus Spices & Seasoning 250ml,Grocery,Spices & Seasoning,187.67,115.98,EverydayPlus
SKU02311,EverydayPlus Oral Care 250g,Personal Care,Oral Care,650.22,464.68,EverydayPlus
SKU02312,SmartBuy Candy 1kg,Snacks & Confectionery,Candy,87.19,65.37,SmartBuy
SKU02313,NatureBlend Dishwashing 100g,Home Care,Dishwashing,176.52,118.43,NatureBlend
SKU02314,SunriseFoods OTC Medicine 1L,Health & Wellness,OTC Medicine,471.33,262.56,SunriseFoods
SKU02315,NatureBlend Surface Cleaners 2L,Home Care,Surface Cleaners,569.66,372.61,NatureBlend
SKU02316,BasicNeeds Chocolates 250ml,Snacks & Confectionery,Chocolates,161.51,118.1,BasicNeeds
SKU02317,BasicNeeds Bread Small,Dairy & Bakery,Bread,287.3,208.56,BasicNeeds
SKU02318,CrispKing Batteries 1L,Electronics & Accessories,Batteries,2419.19,1624.67,CrispKing
SKU02319,EverydayPlus Sugar & Salt Family Pack,Grocery,Sugar & Salt,111.7,88.96,EverydayPlus
SKU02320,CleanWave Chips & Crisps Small,Snacks & Confectionery,Chips & Crisps,107.86,62.48,CleanWave
SKU02321,DailyBest Home Decor 250g,Home & Kitchen,Home Decor,1199.36,707.11,DailyBest
SKU02322,DailyBest Energy Drinks 2kg,Beverages,Energy Drinks,57.33,35.23,DailyBest
SKU02323,NutriPlus Hair Care Small,Personal Care,Hair Care,422.47,317.23,NutriPlus
SKU02324,PrimeCare Biscuits & Cookies 2L,Snacks & Confectionery,Biscuits & Cookies,102.02,75.57,PrimeCare
SKU02325,BasicNeeds Bottled Water Small,Beverages,Bottled Water,166.16,123.49,BasicNeeds
SKU02326,PureLife Air Fresheners 250ml,Home Care,Air Fresheners,519.52,399.98,PureLife
SKU02327,DailyBest Ready Meals 100g,Frozen Foods,Ready Meals,753.71,498.0,DailyBest
SKU02328,PremiumSelect Namkeen Small,Snacks & Confectionery,Namkeen,58.96,37.12,PremiumSelect
SKU02329,SunriseFoods Spices & Seasoning Small,Grocery,Spices & Seasoning,166.7,116.71,SunriseFoods
SKU02330,ValueChoice Bottled Water Pack of 6,Beverages,Bottled Water,221.38,144.44,ValueChoice
SKU02331,NatureBlend First Aid 500ml,Health & Wellness,First Aid,631.92,430.31,NatureBlend
SKU02332,QuickBite Cookware 100g,Home & Kitchen,Cookware,2063.24,1207.11,QuickBite
SKU02333,NovaFresh Chocolates Pack of 12,Snacks & Confectionery,Chocolates,53.1,34.47,NovaFresh
SKU02334,HomeStyle Cheese Pack of 6,Dairy & Bakery,Cheese,240.73,160.85,HomeStyle
SKU02335,PrimeCare Skin Care Pack of 12,Personal Care,Skin Care,393.56,225.06,PrimeCare
SKU02336,PurePlus Men's Grooming 500g,Personal Care,Men's Grooming,337.07,269.19,PurePlus
SKU02337,HomeStyle Candy Pack of 12,Snacks & Confectionery,Candy,62.34,34.88,HomeStyle
SKU02338,HealthFirst Flour & Atta Pack of 12,Grocery,Flour & Atta,313.63,244.59,HealthFirst
SKU02339,UrbanBite Frozen Vegetables Medium,Frozen Foods,Frozen Vegetables,395.4,225.4,UrbanBite
SKU02340,HomeStyle Skin Care 2L,Personal Care,Skin Care,234.67,179.48,HomeStyle
SKU02341,MetroBrand Skin Care Pack of 12,Personal Care,Skin Care,404.64,278.01,MetroBrand
SKU02342,DailyBest Eggs 500ml,Dairy & Bakery,Eggs,143.15,85.76,DailyBest
SKU02343,GoldenHarvest Notebooks Pack of 12,Stationery & Office,Notebooks,209.72,127.47,GoldenHarvest
SKU02344,NatureBlend Vitamins & Supplements Pack of 12,Health & Wellness,Vitamins & Supplements,537.06,342.59,NatureBlend
SKU02345,NutriPlus Pest Control Small,Home Care,Pest Control,335.5,251.12,NutriPlus
SKU02346,NatureBlend Candy Medium,Snacks & Confectionery,Candy,74.12,43.49,NatureBlend
SKU02347,CleanWave Footwear 100g,Apparel & Footwear,Footwear,1011.11,617.34,CleanWave
SKU02348,NutriPlus Cookware Small,Home & Kitchen,Cookware,1458.3,1054.6,NutriPlus
SKU02349,GoldenHarvest Flour & Atta Small,Grocery,Flour & Atta,368.12,258.97,GoldenHarvest
SKU02350,SoftTouch Notebooks 2L,Stationery & Office,Notebooks,194.08,127.16,SoftTouch
SKU02351,HomeStyle Small Appliances 1L,Electronics & Accessories,Small Appliances,1847.9,1044.31,HomeStyle
SKU02352,BasicNeeds Soft Drinks Pack of 12,Beverages,Soft Drinks,86.07,59.36,BasicNeeds
SKU02353,HomeStyle Kids Wear 500ml,Apparel & Footwear,Kids Wear,747.09,453.71,HomeStyle
SKU02354,CrispKing Tea 500ml,Beverages,Tea,90.78,63.82,CrispKing
SKU02355,EverydayPlus Spices & Seasoning Medium,Grocery,Spices & Seasoning,321.17,198.69,EverydayPlus
SKU02356,PrimeCare Bottled Water Small,Beverages,Bottled Water,160.36,127.5,PrimeCare
SKU02357,ZestyCo Laundry 1kg,Home Care,Laundry,170.99,119.29,ZestyCo
SKU02358,CleanWave OTC Medicine Medium,Health & Wellness,OTC Medicine,756.18,523.9,CleanWave
SKU02359,FreshFarm Bath & Body 2kg,Personal Care,Bath & Body,613.59,465.83,FreshFarm
SKU02360,SmartBuy Bottled Water 500g,Beverages,Bottled Water,65.99,52.68,SmartBuy
SKU02361,EliteHome Biscuits & Cookies Large,Snacks & Confectionery,Biscuits & Cookies,70.93,52.83,EliteHome
SKU02362,SmartBuy Storage & Containers 1kg,Home & Kitchen,Storage & Containers,606.58,423.68,SmartBuy
SKU02363,CityFresh Writing Instruments 1kg,Stationery & Office,Writing Instruments,48.55,37.18,CityFresh
SKU02364,QuickBite Women's Wear 2kg,Apparel & Footwear,Women's Wear,958.69,570.71,QuickBite
SKU02365,BasicNeeds Juices 1L,Beverages,Juices,138.08,102.33,BasicNeeds
SKU02366,GreenValley Women's Wear 500g,Apparel & Footwear,Women's Wear,1439.58,1036.46,GreenValley
SKU02367,NatureBlend Mobile Accessories 500g,Electronics & Accessories,Mobile Accessories,2014.26,1391.48,NatureBlend
SKU02368,SunriseFoods Ready Meals 250ml,Frozen Foods,Ready Meals,849.39,651.22,SunriseFoods
SKU02369,SparkleClean Juices 1kg,Beverages,Juices,162.77,118.4,SparkleClean
SKU02370,GoldenHarvest Notebooks 500g,Stationery & Office,Notebooks,214.77,156.61,GoldenHarvest
SKU02371,DailyBest Laundry Large,Home Care,Laundry,499.35,388.21,DailyBest
SKU02372,FamilyChoice Sugar & Salt 2L,Grocery,Sugar & Salt,401.1,290.74,FamilyChoice
SKU02373,EverydayPlus Chocolates 100g,Snacks & Confectionery,Chocolates,111.72,68.58,EverydayPlus
SKU02374,UrbanBite Hair Care 250g,Personal Care,Hair Care,317.99,189.49,UrbanBite
SKU02375,QuickBite Cooking Oil Medium,Grocery,Cooking Oil,85.06,57.7,QuickBite
SKU02376,PurePlus Milk 2kg,Dairy & Bakery,Milk,132.8,80.84,PurePlus
SKU02377,EverydayPlus Dishwashing 500g,Home Care,Dishwashing,93.23,67.58,EverydayPlus
SKU02378,SparkleClean Notebooks Pack of 6,Stationery & Office,Notebooks,319.92,243.36,SparkleClean
SKU02379,SparkleClean Coffee Medium,Beverages,Coffee,119.83,74.65,SparkleClean
SKU02380,EverydayPlus Frozen Vegetables 250ml,Frozen Foods,Frozen Vegetables,1018.38,792.68,EverydayPlus
SKU02381,SoftTouch Storage & Containers Small,Home & Kitchen,Storage & Containers,987.93,727.83,SoftTouch
SKU02382,PremiumSelect Footwear 500ml,Apparel & Footwear,Footwear,1233.79,983.37,PremiumSelect
SKU02383,HomeStyle Office Supplies 250g,Stationery & Office,Office Supplies,328.02,196.71,HomeStyle
SKU02384,DailyBest Chocolates Small,Snacks & Confectionery,Chocolates,108.71,72.33,DailyBest
SKU02385,UrbanBite Men's Wear Large,Apparel & Footwear,Men's Wear,2269.28,1611.36,UrbanBite
SKU02386,BasicNeeds Writing Instruments Family Pack,Stationery & Office,Writing Instruments,176.47,130.72,BasicNeeds
SKU02387,SunriseFoods Cheese 250g,Dairy & Bakery,Cheese,187.76,146.07,SunriseFoods
SKU02388,PurePlus Air Fresheners 2L,Home Care,Air Fresheners,145.75,112.64,PurePlus
SKU02389,HomeStyle Frozen Meat Pack of 6,Frozen Foods,Frozen Meat,830.82,505.99,HomeStyle
SKU02390,NovaFresh Air Fresheners 250g,Home Care,Air Fresheners,271.6,178.07,NovaFresh
SKU02391,BasicNeeds Bread Family Pack,Dairy & Bakery,Bread,120.15,87.66,BasicNeeds
SKU02392,EverydayPlus Office Supplies 250g,Stationery & Office,Office Supplies,132.22,77.09,EverydayPlus
SKU02393,DailyBest Writing Instruments 2kg,Stationery & Office,Writing Instruments,273.25,215.82,DailyBest
SKU02394,CrispKing Men's Grooming Family Pack,Personal Care,Men's Grooming,490.42,361.31,CrispKing
SKU02395,NutriPlus Women's Wear 2L,Apparel & Footwear,Women's Wear,823.21,623.34,NutriPlus
SKU02396,EliteHome Bath & Body Pack of 12,Personal Care,Bath & Body,672.42,522.38,EliteHome
SKU02397,BasicNeeds Kids Wear 1L,Apparel & Footwear,Kids Wear,1787.5,1062.65,BasicNeeds
SKU02398,NovaFresh OTC Medicine Small,Health & Wellness,OTC Medicine,682.66,447.51,NovaFresh
SKU02399,DailyBest Surface Cleaners 250g,Home Care,Surface Cleaners,178.53,127.28,DailyBest
SKU02400,PurePlus Coffee Pack of 12,Beverages,Coffee,172.14,130.07,PurePlus
SKU02401,SoftTouch First Aid 100g,Health & Wellness,First Aid,524.47,385.22,SoftTouch
SKU02402,SparkleClean Butter & Ghee 500g,Dairy & Bakery,Butter & Ghee,212.06,123.08,SparkleClean
SKU02403,QuickBite Chocolates 1L,Snacks & Confectionery,Chocolates,200.51,142.65,QuickBite
SKU02404,CrispKing Namkeen 500ml,Snacks & Confectionery,Namkeen,28.16,17.56,CrispKing
SKU02405,QuickBite Writing Instruments 500g,Stationery & Office,Writing Instruments,152.08,99.1,QuickBite
SKU02406,QuickBite Soft Drinks Small,Beverages,Soft Drinks,211.48,168.88,QuickBite
SKU02407,HomeStyle Footwear 2kg,Apparel & Footwear,Footwear,496.3,292.45,HomeStyle
SKU02408,TrueTaste Home Decor Medium,Home & Kitchen,Home Decor,1619.55,933.01,TrueTaste
SKU02409,PrimeCare Rice & Grains 100g,Grocery,Rice & Grains,197.05,128.53,PrimeCare
SKU02410,PurePlus OTC Medicine 1kg,Health & Wellness,OTC Medicine,604.52,463.08,PurePlus
SKU02411,SoftTouch Ice Cream 2kg,Frozen Foods,Ice Cream,522.82,308.75,SoftTouch
SKU02412,HealthFirst Skin Care 2L,Personal Care,Skin Care,722.57,411.86,HealthFirst
SKU02413,PureLife Batteries 500ml,Electronics & Accessories,Batteries,1072.22,702.0,PureLife
SKU02414,FreshFarm Men's Grooming 500g,Personal Care,Men's Grooming,380.1,269.14,FreshFarm
SKU02415,TrueTaste Dishwashing 2L,Home Care,Dishwashing,441.21,259.73,TrueTaste
SKU02416,SoftTouch Pest Control Family Pack,Home Care,Pest Control,105.53,79.27,SoftTouch
SKU02417,EverydayPlus Women's Wear 500g,Apparel & Footwear,Women's Wear,1108.44,844.05,EverydayPlus
SKU02418,DailyBest Vitamins & Supplements 1kg,Health & Wellness,Vitamins & Supplements,263.02,179.02,DailyBest
SKU02419,CityFresh Hair Care 1L,Personal Care,Hair Care,194.06,108.21,CityFresh
SKU02420,PremiumSelect Writing Instruments Pack of 12,Stationery & Office,Writing Instruments,122.08,82.9,PremiumSelect
SKU02421,HomeStyle Kids Wear 500g,Apparel & Footwear,Kids Wear,2671.52,1612.38,HomeStyle
SKU02422,ValueChoice Office Supplies 1kg,Stationery & Office,Office Supplies,377.53,249.75,ValueChoice
SKU02423,HealthFirst Mobile Accessories 1kg,Electronics & Accessories,Mobile Accessories,3672.71,2717.56,HealthFirst
SKU02424,MetroBrand Men's Grooming Pack of 6,Personal Care,Men's Grooming,729.68,411.25,MetroBrand
SKU02425,CrispKing Kids Wear 250g,Apparel & Footwear,Kids Wear,1004.43,552.47,CrispKing
SKU02426,CityFresh Milk Pack of 6,Dairy & Bakery,Milk,191.07,111.46,CityFresh
SKU02427,FreshFarm Yogurt 500ml,Dairy & Bakery,Yogurt,118.1,66.29,FreshFarm
SKU02428,CleanWave Dishwashing 2kg,Home Care,Dishwashing,151.98,93.48,CleanWave
SKU02429,SoftTouch Writing Instruments Medium,Stationery & Office,Writing Instruments,56.48,36.77,SoftTouch
SKU02430,FamilyChoice Ice Cream Medium,Frozen Foods,Ice Cream,690.87,514.65,FamilyChoice
SKU02431,MetroBrand Skin Care Medium,Personal Care,Skin Care,430.58,240.08,MetroBrand
SKU02432,SparkleClean Dishwashing Large,Home Care,Dishwashing,326.45,208.19,SparkleClean
SKU02433,SmartBuy Eggs 1kg,Dairy & Bakery,Eggs,89.32,69.88,SmartBuy
SKU02434,SmartBuy Vitamins & Supplements Medium,Health & Wellness,Vitamins & Supplements,733.61,509.2,SmartBuy
SKU02435,PremiumSelect Skin Care 500g,Personal Care,Skin Care,309.55,234.23,PremiumSelect
SKU02436,SmartBuy Frozen Vegetables 2kg,Frozen Foods,Frozen Vegetables,410.2,275.19,SmartBuy
SKU02437,NatureBlend Men's Grooming 2L,Personal Care,Men's Grooming,282.36,162.16,NatureBlend
SKU02438,CityFresh Milk Small,Dairy & Bakery,Milk,181.83,108.5,CityFresh
SKU02439,QuickBite Notebooks 2L,Stationery & Office,Notebooks,307.32,227.27,QuickBite
SKU02440,GreenValley Oral Care 2L,Personal Care,Oral Care,133.47,102.24,GreenValley
SKU02441,GreenValley Rice & Grains 250ml,Grocery,Rice & Grains,135.57,90.41,GreenValley
SKU02442,HealthFirst Bath & Body 2L,Personal Care,Bath & Body,507.66,341.71,HealthFirst
SKU02443,ZestyCo Ice Cream 1L,Frozen Foods,Ice Cream,1182.45,783.41,ZestyCo
SKU02444,BasicNeeds Tea 1L,Beverages,Tea,75.9,42.09,BasicNeeds
SKU02445,NatureBlend Butter & Ghee 2L,Dairy & Bakery,Butter & Ghee,122.76,70.45,NatureBlend
SKU02446,QuickBite Coffee Pack of 6,Beverages,Coffee,177.81,141.89,QuickBite
SKU02447,TrueTaste Ice Cream 2kg,Frozen Foods,Ice Cream,282.85,158.54,TrueTaste
SKU02448,FreshFarm Batteries 500g,Electronics & Accessories,Batteries,2166.71,1380.72,FreshFarm
SKU02449,EverydayPlus Notebooks 2kg,Stationery & Office,Notebooks,137.83,99.61,EverydayPlus
SKU02450,NatureBlend Hair Care 500ml,Personal Care,Hair Care,252.84,165.92,NatureBlend
SKU02451,BasicNeeds Cookware 500g,Home & Kitchen,Cookware,525.16,417.85,BasicNeeds
SKU02452,CrispKing Chips & Crisps 500g,Snacks & Confectionery,Chips & Crisps,30.61,17.09,CrispKing
SKU02453,NatureBlend Women's Wear Family Pack,Apparel & Footwear,Women's Wear,2151.17,1653.47,NatureBlend
SKU02454,SunriseFoods Frozen Vegetables 2kg,Frozen Foods,Frozen Vegetables,1057.56,617.28,SunriseFoods
SKU02455,PremiumSelect Men's Wear Small,Apparel & Footwear,Men's Wear,649.78,390.65,PremiumSelect
SKU02456,MetroBrand Women's Wear 250g,Apparel & Footwear,Women's Wear,1018.45,694.66,MetroBrand
SKU02457,NutriPlus Ice Cream Family Pack,Frozen Foods,Ice Cream,822.17,631.31,NutriPlus
SKU02458,UrbanBite Cheese 1kg,Dairy & Bakery,Cheese,107.76,70.42,UrbanBite
SKU02459,CleanWave Frozen Meat 250ml,Frozen Foods,Frozen Meat,323.12,201.43,CleanWave
SKU02460,SparkleClean Men's Wear Small,Apparel & Footwear,Men's Wear,1639.93,1066.64,SparkleClean
SKU02461,PremiumSelect Notebooks 1kg,Stationery & Office,Notebooks,230.1,131.98,PremiumSelect
SKU02462,DailyBest Notebooks 2L,Stationery & Office,Notebooks,171.89,130.56,DailyBest
SKU02463,DailyBest Chocolates Small,Snacks & Confectionery,Chocolates,68.74,53.53,DailyBest
SKU02464,PureLife First Aid 100g,Health & Wellness,First Aid,736.85,529.75,PureLife
SKU02465,EverydayPlus Coffee 100g,Beverages,Coffee,107.75,71.24,EverydayPlus
SKU02466,PremiumSelect Batteries Small,Electronics & Accessories,Batteries,1967.8,1384.42,PremiumSelect
SKU02467,DailyBest Writing Instruments 1kg,Stationery & Office,Writing Instruments,254.16,174.85,DailyBest
SKU02468,CleanWave Sugar & Salt Large,Grocery,Sugar & Salt,174.85,98.42,CleanWave
SKU02469,PurePlus Vitamins & Supplements Large,Health & Wellness,Vitamins & Supplements,1489.36,966.01,PurePlus
SKU02470,SparkleClean Office Supplies Large,Stationery & Office,Office Supplies,163.41,116.71,SparkleClean
SKU02471,PremiumSelect Home Decor Family Pack,Home & Kitchen,Home Decor,1364.83,1039.93,PremiumSelect
SKU02472,UrbanBite Oral Care Medium,Personal Care,Oral Care,300.88,192.49,UrbanBite
SKU02473,ZestyCo Energy Drinks 250ml,Beverages,Energy Drinks,146.58,110.64,ZestyCo
SKU02474,PremiumSelect Notebooks Family Pack,Stationery & Office,Notebooks,145.89,107.85,PremiumSelect
SKU02475,PurePlus Office Supplies 250ml,Stationery & Office,Office Supplies,203.98,159.58,PurePlus
SKU02476,NatureBlend Ice Cream 2L,Frozen Foods,Ice Cream,756.24,602.99,NatureBlend
SKU02477,FamilyChoice Notebooks 100g,Stationery & Office,Notebooks,234.35,131.34,FamilyChoice
SKU02478,UrbanBite Rice & Grains Family Pack,Grocery,Rice & Grains,74.15,48.89,UrbanBite
SKU02479,UrbanBite OTC Medicine 2L,Health & Wellness,OTC Medicine,872.55,648.64,UrbanBite
SKU02480,PureLife Cooking Oil Family Pack,Grocery,Cooking Oil,161.91,122.37,PureLife
SKU02481,NovaFresh Notebooks 250ml,Stationery & Office,Notebooks,130.24,74.33,NovaFresh
SKU02482,MetroBrand Batteries 2kg,Electronics & Accessories,Batteries,1297.95,910.7,MetroBrand
SKU02483,PurePlus Home Decor 1L,Home & Kitchen,Home Decor,1165.81,903.05,PurePlus
SKU02484,MetroBrand Frozen Meat Medium,Frozen Foods,Frozen Meat,567.26,344.19,MetroBrand
SKU02485,CleanWave Rice & Grains 2L,Grocery,Rice & Grains,227.4,144.82,CleanWave
SKU02486,SparkleClean Pulses & Lentils Small,Grocery,Pulses & Lentils,279.85,181.54,SparkleClean
SKU02487,FamilyChoice Skin Care 1kg,Personal Care,Skin Care,363.61,235.85,FamilyChoice
SKU02488,SunriseFoods Small Appliances Small,Electronics & Accessories,Small Appliances,3504.3,2419.46,SunriseFoods
SKU02489,QuickBite Coffee Pack of 12,Beverages,Coffee,76.22,43.08,QuickBite
SKU02490,NutriPlus Home Decor Large,Home & Kitchen,Home Decor,1927.66,1435.72,NutriPlus
SKU02491,CityFresh Namkeen 100g,Snacks & Confectionery,Namkeen,68.94,40.03,CityFresh
SKU02492,CrispKing Air Fresheners 250ml,Home Care,Air Fresheners,203.43,153.25,CrispKing
SKU02493,GoldenHarvest Chocolates 250g,Snacks & Confectionery,Chocolates,212.9,118.0,GoldenHarvest
SKU02494,SoftTouch Air Fresheners 500ml,Home Care,Air Fresheners,102.3,76.39,SoftTouch
SKU02495,TrueTaste Laundry Small,Home Care,Laundry,335.1,214.07,TrueTaste
SKU02496,PremiumSelect Flour & Atta Pack of 6,Grocery,Flour & Atta,324.75,231.86,PremiumSelect
SKU02497,FreshFarm Ice Cream Small,Frozen Foods,Ice Cream,470.03,279.57,FreshFarm
SKU02498,GreenValley Men's Wear Small,Apparel & Footwear,Men's Wear,2379.11,1627.91,GreenValley
SKU02499,NutriPlus Writing Instruments Family Pack,Stationery & Office,Writing Instruments,128.23,80.12,NutriPlus
SKU02500,EliteHome Eggs Large,Dairy & Bakery,Eggs,204.09,112.45,EliteHome
SKU02501,SoftTouch Storage & Containers 2L,Home & Kitchen,Storage & Containers,490.38,358.61,SoftTouch
SKU02502,HomeStyle Storage & Containers Large,Home & Kitchen,Storage & Containers,634.68,369.89,HomeStyle
SKU02503,PremiumSelect Notebooks 100g,Stationery & Office,Notebooks,280.9,220.49,PremiumSelect
SKU02504,PremiumSelect Hair Care Pack of 12,Personal Care,Hair Care,737.52,505.89,PremiumSelect
SKU02505,TrueTaste Cookware 1L,Home & Kitchen,Cookware,1321.6,727.43,TrueTaste
SKU02506,EliteHome Frozen Meat Family Pack,Frozen Foods,Frozen Meat,461.18,362.59,EliteHome
SKU02507,GoldenHarvest Spices & Seasoning 1L,Grocery,Spices & Seasoning,156.76,91.42,GoldenHarvest
SKU02508,PrimeCare Yogurt 500g,Dairy & Bakery,Yogurt,145.13,110.08,PrimeCare
SKU02509,DailyBest Batteries Pack of 12,Electronics & Accessories,Batteries,1348.23,852.51,DailyBest
SKU02510,GoldenHarvest Tea Family Pack,Beverages,Tea,144.6,100.07,GoldenHarvest
SKU02511,EverydayPlus Air Fresheners 100g,Home Care,Air Fresheners,171.29,130.0,EverydayPlus
SKU02512,EverydayPlus Women's Wear 100g,Apparel & Footwear,Women's Wear,1609.19,905.23,EverydayPlus
SKU02513,DailyBest Bottled Water Pack of 6,Beverages,Bottled Water,101.57,73.13,DailyBest
SKU02514,NatureBlend Air Fresheners 2L,Home Care,Air Fresheners,452.69,265.79,NatureBlend
SKU02515,FreshFarm Namkeen 2L,Snacks & Confectionery,Namkeen,123.38,89.96,FreshFarm
SKU02516,MetroBrand Frozen Meat 250g,Frozen Foods,Frozen Meat,474.12,279.81,MetroBrand
SKU02517,EverydayPlus Chocolates 2L,Snacks & Confectionery,Chocolates,84.6,46.99,EverydayPlus
SKU02518,SunriseFoods Writing Instruments 2L,Stationery & Office,Writing Instruments,131.22,77.27,SunriseFoods
SKU02519,PremiumSelect Pulses & Lentils Medium,Grocery,Pulses & Lentils,421.03,297.43,PremiumSelect
SKU02520,TrueTaste Notebooks 250ml,Stationery & Office,Notebooks,158.02,125.85,TrueTaste
SKU02521,FamilyChoice Men's Wear 250ml,Apparel & Footwear,Men's Wear,1790.1,1418.71,FamilyChoice
SKU02522,SoftTouch Storage & Containers 250g,Home & Kitchen,Storage & Containers,1963.68,1446.1,SoftTouch
SKU02523,GoldenHarvest Home Decor 2L,Home & Kitchen,Home Decor,1456.58,1101.39,GoldenHarvest
SKU02524,PrimeCare Namkeen Pack of 6,Snacks & Confectionery,Namkeen,108.12,83.09,PrimeCare
SKU02525,ValueChoice Office Supplies 2kg,Stationery & Office,Office Supplies,254.9,173.86,ValueChoice
SKU02526,CleanWave Vitamins & Supplements Pack of 12,Health & Wellness,Vitamins & Supplements,698.11,423.86,CleanWave
SKU02527,EverydayPlus Office Supplies Family Pack,Stationery & Office,Office Supplies,244.41,174.82,EverydayPlus
SKU02528,UrbanBite Home Decor 500g,Home & Kitchen,Home Decor,1972.76,1154.85,UrbanBite
SKU02529,EliteHome Frozen Meat 2L,Frozen Foods,Frozen Meat,577.42,437.74,EliteHome
SKU02530,SparkleClean Hair Care Pack of 12,Personal Care,Hair Care,506.86,330.99,SparkleClean
SKU02531,MetroBrand Bottled Water 100g,Beverages,Bottled Water,143.49,88.48,MetroBrand
SKU02532,FamilyChoice Coffee 500g,Beverages,Coffee,115.67,88.01,FamilyChoice
SKU02533,CityFresh Men's Grooming 250ml,Personal Care,Men's Grooming,508.42,293.76,CityFresh
SKU02534,SmartBuy Kids Wear 500g,Apparel & Footwear,Kids Wear,835.09,662.82,SmartBuy
SKU02535,DailyBest Ice Cream 250ml,Frozen Foods,Ice Cream,985.87,776.47,DailyBest
SKU02536,FamilyChoice Air Fresheners 500g,Home Care,Air Fresheners,406.19,285.23,FamilyChoice
SKU02537,CleanWave Chips & Crisps Large,Snacks & Confectionery,Chips & Crisps,161.43,117.53,CleanWave
SKU02538,EverydayPlus Ice Cream 2L,Frozen Foods,Ice Cream,216.58,121.13,EverydayPlus
SKU02539,PrimeCare Vitamins & Supplements 2kg,Health & Wellness,Vitamins & Supplements,191.76,126.42,PrimeCare
SKU02540,FreshFarm Office Supplies Small,Stationery & Office,Office Supplies,309.18,238.43,FreshFarm
SKU02541,FamilyChoice Small Appliances 100g,Electronics & Accessories,Small Appliances,2807.09,1551.99,FamilyChoice
SKU02542,QuickBite First Aid 2L,Health & Wellness,First Aid,327.24,203.76,QuickBite
SKU02543,CityFresh Storage & Containers Pack of 12,Home & Kitchen,Storage & Containers,1956.24,1248.98,CityFresh
SKU02544,NatureBlend Air Fresheners Medium,Home Care,Air Fresheners,231.91,166.69,NatureBlend
SKU02545,PrimeCare Writing Instruments 1kg,Stationery & Office,Writing Instruments,119.33,86.66,PrimeCare
SKU02546,SparkleClean Bath & Body 2L,Personal Care,Bath & Body,521.52,295.34,SparkleClean
SKU02547,MetroBrand Tea Small,Beverages,Tea,142.4,86.06,MetroBrand
SKU02548,SunriseFoods Dishwashing Small,Home Care,Dishwashing,266.26,201.39,SunriseFoods
SKU02549,TrueTaste Soft Drinks 500g,Beverages,Soft Drinks,201.08,120.24,TrueTaste
SKU02550,PureLife Juices Family Pack,Beverages,Juices,200.42,124.59,PureLife
SKU02551,SmartBuy Storage & Containers 2kg,Home & Kitchen,Storage & Containers,2699.08,1593.97,SmartBuy
SKU02552,HealthFirst Women's Wear 250ml,Apparel & Footwear,Women's Wear,1622.92,1198.65,HealthFirst
SKU02553,NutriPlus Chocolates 500g,Snacks & Confectionery,Chocolates,97.96,54.54,NutriPlus
SKU02554,SmartBuy Cookware 500g,Home & Kitchen,Cookware,658.49,411.87,SmartBuy
SKU02555,GreenValley Sugar & Salt 1kg,Grocery,Sugar & Salt,473.51,323.44,GreenValley
SKU02556,TrueTaste Butter & Ghee 500g,Dairy & Bakery,Butter & Ghee,245.0,135.12,TrueTaste
SKU02557,SoftTouch Small Appliances Pack of 12,Electronics & Accessories,Small Appliances,2280.46,1798.13,SoftTouch
SKU02558,PrimeCare Butter & Ghee 2L,Dairy & Bakery,Butter & Ghee,87.7,67.29,PrimeCare
SKU02559,HealthFirst Batteries 250ml,Electronics & Accessories,Batteries,2266.71,1613.51,HealthFirst
SKU02560,FreshFarm Storage & Containers 2L,Home & Kitchen,Storage & Containers,1681.44,1109.39,FreshFarm
SKU02561,FamilyChoice Pulses & Lentils Pack of 6,Grocery,Pulses & Lentils,513.57,302.4,FamilyChoice
SKU02562,SunriseFoods Pulses & Lentils 500g,Grocery,Pulses & Lentils,471.28,324.43,SunriseFoods
SKU02563,CleanWave Writing Instruments 2kg,Stationery & Office,Writing Instruments,180.04,109.79,CleanWave
SKU02564,ZestyCo Ready Meals Large,Frozen Foods,Ready Meals,288.49,204.68,ZestyCo
SKU02565,PrimeCare Frozen Vegetables 100g,Frozen Foods,Frozen Vegetables,258.39,151.52,PrimeCare
SKU02566,NatureBlend Surface Cleaners Family Pack,Home Care,Surface Cleaners,264.07,192.58,NatureBlend
SKU02567,GreenValley Air Fresheners Family Pack,Home Care,Air Fresheners,372.0,234.63,GreenValley
SKU02568,MetroBrand Small Appliances 1kg,Electronics & Accessories,Small Appliances,1014.43,685.24,MetroBrand
SKU02569,PremiumSelect Frozen Meat 2kg,Frozen Foods,Frozen Meat,826.91,488.25,PremiumSelect
SKU02570,SunriseFoods Soft Drinks 1kg,Beverages,Soft Drinks,179.97,110.51,SunriseFoods
SKU02571,ValueChoice Vitamins & Supplements 2L,Health & Wellness,Vitamins & Supplements,1189.94,788.4,ValueChoice
SKU02572,CleanWave Batteries 1kg,Electronics & Accessories,Batteries,572.11,380.19,CleanWave
SKU02573,UrbanBite Coffee Small,Beverages,Coffee,125.88,100.7,UrbanBite
SKU02574,QuickBite Skin Care 250ml,Personal Care,Skin Care,378.96,240.21,QuickBite
SKU02575,SmartBuy Footwear Family Pack,Apparel & Footwear,Footwear,1652.6,943.79,SmartBuy
SKU02576,MetroBrand OTC Medicine Medium,Health & Wellness,OTC Medicine,633.16,431.22,MetroBrand
SKU02577,PrimeCare Soft Drinks 500ml,Beverages,Soft Drinks,120.46,75.94,PrimeCare
SKU02578,GreenValley Cooking Oil 2L,Grocery,Cooking Oil,237.93,183.07,GreenValley
SKU02579,NatureBlend Frozen Vegetables 100g,Frozen Foods,Frozen Vegetables,573.5,345.58,NatureBlend
SKU02580,FamilyChoice Pest Control 250g,Home Care,Pest Control,389.15,297.28,FamilyChoice
SKU02581,SmartBuy Writing Instruments 1L,Stationery & Office,Writing Instruments,200.53,143.56,SmartBuy
SKU02582,CleanWave Frozen Meat 1L,Frozen Foods,Frozen Meat,324.56,193.76,CleanWave
SKU02583,NutriPlus Notebooks 250ml,Stationery & Office,Notebooks,274.06,178.5,NutriPlus
SKU02584,PrimeCare Chocolates 250g,Snacks & Confectionery,Chocolates,159.3,107.23,PrimeCare
SKU02585,GoldenHarvest Laundry Medium,Home Care,Laundry,322.59,219.51,GoldenHarvest
SKU02586,CrispKing Juices 500ml,Beverages,Juices,49.1,31.88,CrispKing
SKU02587,SoftTouch Frozen Vegetables 1L,Frozen Foods,Frozen Vegetables,499.23,347.54,SoftTouch
SKU02588,ValueChoice Namkeen 500ml,Snacks & Confectionery,Namkeen,93.82,68.41,ValueChoice
SKU02589,GreenValley Air Fresheners 1L,Home Care,Air Fresheners,247.05,167.14,GreenValley
SKU02590,SparkleClean Oral Care Pack of 6,Personal Care,Oral Care,198.15,138.83,SparkleClean
SKU02591,EverydayPlus Chips & Crisps Small,Snacks & Confectionery,Chips & Crisps,124.36,95.12,EverydayPlus
SKU02592,FamilyChoice Bottled Water 2L,Beverages,Bottled Water,107.17,72.28,FamilyChoice
SKU02593,FreshFarm Ready Meals 500g,Frozen Foods,Ready Meals,642.49,420.24,FreshFarm
SKU02594,PurePlus Notebooks Large,Stationery & Office,Notebooks,71.91,44.0,PurePlus
SKU02595,ZestyCo Chips & Crisps 2kg,Snacks & Confectionery,Chips & Crisps,138.85,80.93,ZestyCo
SKU02596,CityFresh Skin Care 100g,Personal Care,Skin Care,264.7,164.93,CityFresh
SKU02597,ZestyCo Candy 100g,Snacks & Confectionery,Candy,123.09,80.2,ZestyCo
SKU02598,SparkleClean Men's Wear Small,Apparel & Footwear,Men's Wear,1336.35,990.32,SparkleClean
SKU02599,PremiumSelect Oral Care 250ml,Personal Care,Oral Care,600.09,362.67,PremiumSelect
SKU02600,FreshFarm Office Supplies 100g,Stationery & Office,Office Supplies,69.72,50.58,FreshFarm
SKU02601,QuickBite Namkeen Medium,Snacks & Confectionery,Namkeen,34.52,19.67,QuickBite
SKU02602,CrispKing Cooking Oil 2kg,Grocery,Cooking Oil,220.61,130.07,CrispKing
SKU02603,CleanWave Frozen Vegetables Family Pack,Frozen Foods,Frozen Vegetables,318.68,201.27,CleanWave
SKU02604,FreshFarm Vitamins & Supplements Large,Health & Wellness,Vitamins & Supplements,646.52,431.52,FreshFarm
SKU02605,PureLife Notebooks 100g,Stationery & Office,Notebooks,67.28,40.05,PureLife
SKU02606,FamilyChoice Home Decor Pack of 12,Home & Kitchen,Home Decor,1572.99,909.2,FamilyChoice
SKU02607,GoldenHarvest Cookware Pack of 6,Home & Kitchen,Cookware,1090.91,754.32,GoldenHarvest
SKU02608,FreshFarm Vitamins & Supplements 500g,Health & Wellness,Vitamins & Supplements,1070.78,699.22,FreshFarm
SKU02609,BasicNeeds Men's Grooming 250ml,Personal Care,Men's Grooming,391.85,256.26,BasicNeeds
SKU02610,EverydayPlus Surface Cleaners 1L,Home Care,Surface Cleaners,467.88,293.35,EverydayPlus
SKU02611,MetroBrand Bottled Water 500g,Beverages,Bottled Water,191.87,123.34,MetroBrand
SKU02612,SparkleClean Air Fresheners Pack of 12,Home Care,Air Fresheners,450.0,268.21,SparkleClean
SKU02613,UrbanBite Oral Care 2kg,Personal Care,Oral Care,273.94,169.2,UrbanBite
SKU02614,FamilyChoice Sugar & Salt Family Pack,Grocery,Sugar & Salt,118.14,80.99,FamilyChoice
SKU02615,CleanWave Chocolates Medium,Snacks & Confectionery,Chocolates,118.71,80.79,CleanWave
SKU02616,QuickBite Ice Cream Pack of 6,Frozen Foods,Ice Cream,564.32,438.18,QuickBite
SKU02617,PrimeCare Men's Grooming 250g,Personal Care,Men's Grooming,764.09,579.28,PrimeCare
SKU02618,TrueTaste Writing Instruments 100g,Stationery & Office,Writing Instruments,245.99,135.73,TrueTaste
SKU02619,NutriPlus Dishwashing 500g,Home Care,Dishwashing,381.92,231.99,NutriPlus
SKU02620,HomeStyle Office Supplies 1L,Stationery & Office,Office Supplies,248.89,192.12,HomeStyle
SKU02621,HomeStyle Vitamins & Supplements Small,Health & Wellness,Vitamins & Supplements,898.35,564.78,HomeStyle
SKU02622,FamilyChoice Rice & Grains 500g,Grocery,Rice & Grains,346.96,232.26,FamilyChoice
SKU02623,MetroBrand Chocolates Pack of 12,Snacks & Confectionery,Chocolates,63.44,45.6,MetroBrand
SKU02624,FreshFarm Small Appliances 100g,Electronics & Accessories,Small Appliances,3182.64,2182.78,FreshFarm
SKU02625,UrbanBite Frozen Vegetables 1kg,Frozen Foods,Frozen Vegetables,621.46,342.56,UrbanBite
SKU02626,GreenValley Yogurt 2L,Dairy & Bakery,Yogurt,197.77,118.99,GreenValley
SKU02627,SmartBuy Ready Meals Medium,Frozen Foods,Ready Meals,190.96,109.82,SmartBuy
SKU02628,CityFresh Home Decor Small,Home & Kitchen,Home Decor,640.18,378.93,CityFresh
SKU02629,SoftTouch Oral Care 1L,Personal Care,Oral Care,521.63,306.11,SoftTouch
SKU02630,CrispKing Pulses & Lentils 100g,Grocery,Pulses & Lentils,257.78,181.91,CrispKing
SKU02631,PrimeCare Bread 2kg,Dairy & Bakery,Bread,126.79,82.62,PrimeCare
SKU02632,UrbanBite Notebooks Small,Stationery & Office,Notebooks,178.45,101.12,UrbanBite
SKU02633,ValueChoice Footwear 250g,Apparel & Footwear,Footwear,2668.63,1522.65,ValueChoice
SKU02634,NutriPlus Storage & Containers Pack of 12,Home & Kitchen,Storage & Containers,2393.41,1885.02,NutriPlus
SKU02635,CityFresh Storage & Containers Pack of 12,Home & Kitchen,Storage & Containers,546.93,321.97,CityFresh
SKU02636,ZestyCo Tea Small,Beverages,Tea,226.11,138.71,ZestyCo
SKU02637,HomeStyle Eggs 1kg,Dairy & Bakery,Eggs,102.28,70.94,HomeStyle
SKU02638,UrbanBite Flour & Atta 1kg,Grocery,Flour & Atta,489.91,292.37,UrbanBite
SKU02639,SoftTouch Sugar & Salt 500g,Grocery,Sugar & Salt,166.16,99.59,SoftTouch
SKU02640,NutriPlus Home Decor 250ml,Home & Kitchen,Home Decor,1563.22,888.14,NutriPlus
SKU02641,PurePlus Office Supplies 1L,Stationery & Office,Office Supplies,63.06,50.15,PurePlus
SKU02642,TrueTaste Tea 250g,Beverages,Tea,191.59,134.4,TrueTaste
SKU02643,EverydayPlus Small Appliances 2L,Electronics & Accessories,Small Appliances,4162.05,2840.33,EverydayPlus
SKU02644,HealthFirst Frozen Meat 1kg,Frozen Foods,Frozen Meat,721.55,557.16,HealthFirst
SKU02645,EverydayPlus Rice & Grains 2L,Grocery,Rice & Grains,272.08,190.08,EverydayPlus
SKU02646,UrbanBite Storage & Containers 2kg,Home & Kitchen,Storage & Containers,561.89,346.0,UrbanBite
SKU02647,NovaFresh Home Decor Family Pack,Home & Kitchen,Home Decor,643.88,430.15,NovaFresh
SKU02648,ValueChoice Frozen Vegetables 2kg,Frozen Foods,Frozen Vegetables,883.45,591.38,ValueChoice
SKU02649,ValueChoice Batteries Large,Electronics & Accessories,Batteries,1521.83,988.46,ValueChoice
SKU02650,BasicNeeds Skin Care 500g,Personal Care,Skin Care,476.32,351.72,BasicNeeds
SKU02651,FamilyChoice Women's Wear 250g,Apparel & Footwear,Women's Wear,851.41,491.62,FamilyChoice
SKU02652,UrbanBite Laundry 500g,Home Care,Laundry,91.11,53.74,UrbanBite
SKU02653,ZestyCo Office Supplies 500ml,Stationery & Office,Office Supplies,382.55,246.0,ZestyCo
SKU02654,CrispKing Spices & Seasoning Large,Grocery,Spices & Seasoning,215.5,122.36,CrispKing
SKU02655,GreenValley Namkeen 500g,Snacks & Confectionery,Namkeen,66.91,53.32,GreenValley
SKU02656,NovaFresh Office Supplies Small,Stationery & Office,Office Supplies,188.76,127.21,NovaFresh
SKU02657,DailyBest Cheese Pack of 12,Dairy & Bakery,Cheese,128.75,72.43,DailyBest
SKU02658,MetroBrand Bread 250ml,Dairy & Bakery,Bread,111.06,77.96,MetroBrand
SKU02659,UrbanBite Men's Wear 250ml,Apparel & Footwear,Men's Wear,601.35,448.17,UrbanBite
SKU02660,HomeStyle Biscuits & Cookies Family Pack,Snacks & Confectionery,Biscuits & Cookies,81.91,53.4,HomeStyle
SKU02661,GreenValley Ice Cream Pack of 12,Frozen Foods,Ice Cream,674.41,451.94,GreenValley
SKU02662,SparkleClean Eggs 1kg,Dairy & Bakery,Eggs,128.91,93.48,SparkleClean
SKU02663,QuickBite Chips & Crisps Large,Snacks & Confectionery,Chips & Crisps,92.66,56.38,QuickBite
SKU02664,NatureBlend Office Supplies 500ml,Stationery & Office,Office Supplies,173.01,121.01,NatureBlend
SKU02665,GreenValley Chocolates 250g,Snacks & Confectionery,Chocolates,142.5,100.85,GreenValley
SKU02666,CrispKing Energy Drinks Medium,Beverages,Energy Drinks,57.14,42.92,CrispKing
SKU02667,EverydayPlus Batteries Large,Electronics & Accessories,Batteries,1192.04,921.17,EverydayPlus
SKU02668,QuickBite Storage & Containers 500ml,Home & Kitchen,Storage & Containers,1122.49,881.4,QuickBite
SKU02669,GreenValley Coffee Pack of 12,Beverages,Coffee,67.5,39.26,GreenValley
SKU02670,CrispKing Small Appliances 1kg,Electronics & Accessories,Small Appliances,2234.92,1685.28,CrispKing
SKU02671,PrimeCare Frozen Vegetables Medium,Frozen Foods,Frozen Vegetables,412.64,296.63,PrimeCare
SKU02672,NovaFresh Kids Wear 250ml,Apparel & Footwear,Kids Wear,1757.36,1129.42,NovaFresh
SKU02673,SoftTouch Soft Drinks 2kg,Beverages,Soft Drinks,101.54,79.27,SoftTouch
SKU02674,TrueTaste Writing Instruments 1L,Stationery & Office,Writing Instruments,247.36,189.24,TrueTaste
SKU02675,MetroBrand OTC Medicine 2kg,Health & Wellness,OTC Medicine,593.9,441.62,MetroBrand
SKU02676,EverydayPlus Home Decor Pack of 6,Home & Kitchen,Home Decor,1953.1,1102.27,EverydayPlus
SKU02677,SunriseFoods Hair Care Small,Personal Care,Hair Care,412.07,244.87,SunriseFoods
SKU02678,NatureBlend Writing Instruments 500ml,Stationery & Office,Writing Instruments,159.07,124.01,NatureBlend
SKU02679,MetroBrand First Aid Small,Health & Wellness,First Aid,611.77,486.7,MetroBrand
SKU02680,ValueChoice Bottled Water 500ml,Beverages,Bottled Water,268.34,166.19,ValueChoice
SKU02681,SmartBuy Notebooks Family Pack,Stationery & Office,Notebooks,123.78,76.66,SmartBuy
SKU02682,UrbanBite Women's Wear 1kg,Apparel & Footwear,Women's Wear,2202.3,1547.28,UrbanBite
SKU02683,DailyBest Butter & Ghee Pack of 12,Dairy & Bakery,Butter & Ghee,371.82,211.58,DailyBest
SKU02684,EverydayPlus Ice Cream 2L,Frozen Foods,Ice Cream,527.97,368.96,EverydayPlus
SKU02685,ZestyCo Men's Grooming Family Pack,Personal Care,Men's Grooming,296.83,235.14,ZestyCo
SKU02686,CrispKing Ice Cream 1kg,Frozen Foods,Ice Cream,364.96,227.82,CrispKing
SKU02687,GreenValley Writing Instruments 500g,Stationery & Office,Writing Instruments,96.25,70.81,GreenValley
SKU02688,FamilyChoice Storage & Containers Large,Home & Kitchen,Storage & Containers,1861.79,1268.3,FamilyChoice
SKU02689,NutriPlus Namkeen Large,Snacks & Confectionery,Namkeen,49.35,30.69,NutriPlus
SKU02690,PureLife Writing Instruments Small,Stationery & Office,Writing Instruments,249.77,163.13,PureLife
SKU02691,GreenValley Surface Cleaners 1L,Home Care,Surface Cleaners,309.21,212.67,GreenValley
SKU02692,CleanWave Mobile Accessories 500ml,Electronics & Accessories,Mobile Accessories,2095.03,1551.16,CleanWave
SKU02693,NutriPlus Footwear Pack of 6,Apparel & Footwear,Footwear,1518.89,1040.74,NutriPlus
SKU02694,MetroBrand Pest Control Small,Home Care,Pest Control,219.47,171.47,MetroBrand
SKU02695,PureLife Laundry 2kg,Home Care,Laundry,272.52,157.85,PureLife
SKU02696,PureLife Dishwashing 100g,Home Care,Dishwashing,153.52,121.19,PureLife
SKU02697,PrimeCare Cookware 250g,Home & Kitchen,Cookware,292.68,201.27,PrimeCare
SKU02698,HealthFirst Men's Grooming 250ml,Personal Care,Men's Grooming,412.28,267.14,HealthFirst
SKU02699,GoldenHarvest Milk Pack of 12,Dairy & Bakery,Milk,94.86,53.98,GoldenHarvest
SKU02700,DailyBest Hair Care 500ml,Personal Care,Hair Care,340.42,212.44,DailyBest
SKU02701,SmartBuy Biscuits & Cookies Pack of 6,Snacks & Confectionery,Biscuits & Cookies,182.01,120.03,SmartBuy
SKU02702,NovaFresh Oral Care 1L,Personal Care,Oral Care,342.08,268.28,NovaFresh
SKU02703,FreshFarm Juices 1kg,Beverages,Juices,55.42,40.96,FreshFarm
SKU02704,GreenValley Tea Small,Beverages,Tea,165.3,93.36,GreenValley
SKU02705,CrispKing Small Appliances Pack of 12,Electronics & Accessories,Small Appliances,3268.55,2065.64,CrispKing
SKU02706,SoftTouch Spices & Seasoning Family Pack,Grocery,Spices & Seasoning,232.82,156.65,SoftTouch
SKU02707,GreenValley Frozen Vegetables Medium,Frozen Foods,Frozen Vegetables,652.02,497.18,GreenValley
SKU02708,SunriseFoods Men's Wear 250ml,Apparel & Footwear,Men's Wear,1971.33,1466.88,SunriseFoods
SKU02709,SmartBuy Mobile Accessories Pack of 12,Electronics & Accessories,Mobile Accessories,890.88,538.12,SmartBuy
SKU02710,UrbanBite Pest Control 250ml,Home Care,Pest Control,460.43,259.04,UrbanBite
SKU02711,SmartBuy Namkeen Large,Snacks & Confectionery,Namkeen,111.55,65.04,SmartBuy
SKU02712,PrimeCare Writing Instruments Pack of 6,Stationery & Office,Writing Instruments,168.07,113.59,PrimeCare
SKU02713,EliteHome Home Decor Medium,Home & Kitchen,Home Decor,2081.15,1191.39,EliteHome
SKU02714,EverydayPlus First Aid 2kg,Health & Wellness,First Aid,694.67,425.44,EverydayPlus
SKU02715,ZestyCo Juices 100g,Beverages,Juices,122.27,92.36,ZestyCo
SKU02716,GreenValley Flour & Atta 500g,Grocery,Flour & Atta,511.85,332.95,GreenValley
SKU02717,EliteHome Eggs 1L,Dairy & Bakery,Eggs,188.3,150.46,EliteHome
SKU02718,SmartBuy Soft Drinks Family Pack,Beverages,Soft Drinks,136.71,101.03,SmartBuy
SKU02719,MetroBrand Storage & Containers Pack of 6,Home & Kitchen,Storage & Containers,1796.28,1106.92,MetroBrand
SKU02720,EliteHome Chocolates Medium,Snacks & Confectionery,Chocolates,139.98,77.25,EliteHome
SKU02721,QuickBite Milk 1L,Dairy & Bakery,Milk,259.98,177.25,QuickBite
SKU02722,SoftTouch Notebooks Family Pack,Stationery & Office,Notebooks,225.42,163.76,SoftTouch
SKU02723,GreenValley Women's Wear Family Pack,Apparel & Footwear,Women's Wear,3042.95,2030.93,GreenValley
SKU02724,MetroBrand Biscuits & Cookies 1kg,Snacks & Confectionery,Biscuits & Cookies,44.98,34.93,MetroBrand
SKU02725,FamilyChoice Hair Care Medium,Personal Care,Hair Care,136.0,100.91,FamilyChoice
SKU02726,ZestyCo Ice Cream 100g,Frozen Foods,Ice Cream,829.86,564.36,ZestyCo
SKU02727,FamilyChoice First Aid 2L,Health & Wellness,First Aid,492.28,273.08,FamilyChoice
SKU02728,PremiumSelect Writing Instruments 500ml,Stationery & Office,Writing Instruments,247.37,156.97,PremiumSelect
SKU02729,GoldenHarvest Home Decor 2kg,Home & Kitchen,Home Decor,883.5,595.13,GoldenHarvest
SKU02730,EliteHome Notebooks Family Pack,Stationery & Office,Notebooks,247.3,151.49,EliteHome
SKU02731,TrueTaste Cooking Oil Pack of 6,Grocery,Cooking Oil,130.96,99.45,TrueTaste
SKU02732,SunriseFoods Chips & Crisps 500g,Snacks & Confectionery,Chips & Crisps,49.39,32.41,SunriseFoods
SKU02733,PureLife Ready Meals 500g,Frozen Foods,Ready Meals,386.81,232.45,PureLife
SKU02734,SmartBuy Pulses & Lentils 250g,Grocery,Pulses & Lentils,202.18,150.58,SmartBuy
SKU02735,NutriPlus Men's Grooming 2kg,Personal Care,Men's Grooming,593.63,416.77,NutriPlus
SKU02736,PremiumSelect Juices 250g,Beverages,Juices,153.51,91.99,PremiumSelect
SKU02737,BasicNeeds Notebooks 1kg,Stationery & Office,Notebooks,315.14,215.3,BasicNeeds
SKU02738,BasicNeeds Flour & Atta Small,Grocery,Flour & Atta,230.16,166.55,BasicNeeds
SKU02739,PremiumSelect Coffee Large,Beverages,Coffee,67.69,44.82,PremiumSelect
SKU02740,CrispKing Chips & Crisps Small,Snacks & Confectionery,Chips & Crisps,104.22,65.2,CrispKing
SKU02741,NovaFresh Juices 1L,Beverages,Juices,86.2,62.27,NovaFresh
SKU02742,UrbanBite Ready Meals Pack of 12,Frozen Foods,Ready Meals,573.61,414.04,UrbanBite
SKU02743,GoldenHarvest Hair Care Family Pack,Personal Care,Hair Care,459.4,254.62,GoldenHarvest
SKU02744,PureLife Cookware 100g,Home & Kitchen,Cookware,1099.36,668.99,PureLife
SKU02745,MetroBrand Eggs Large,Dairy & Bakery,Eggs,241.52,171.86,MetroBrand
SKU02746,SunriseFoods Frozen Vegetables Pack of 12,Frozen Foods,Frozen Vegetables,509.02,308.48,SunriseFoods
SKU02747,NovaFresh OTC Medicine 250ml,Health & Wellness,OTC Medicine,561.26,443.77,NovaFresh
SKU02748,PureLife OTC Medicine 500ml,Health & Wellness,OTC Medicine,414.75,244.99,PureLife
SKU02749,CleanWave Footwear 500ml,Apparel & Footwear,Footwear,1104.61,814.16,CleanWave
SKU02750,TrueTaste Biscuits & Cookies 500g,Snacks & Confectionery,Biscuits & Cookies,282.92,226.22,TrueTaste
SKU02751,GreenValley Frozen Vegetables 1kg,Frozen Foods,Frozen Vegetables,648.07,412.59,GreenValley
SKU02752,FreshFarm Women's Wear 2kg,Apparel & Footwear,Women's Wear,705.99,494.74,FreshFarm
SKU02753,PurePlus Storage & Containers 100g,Home & Kitchen,Storage & Containers,796.75,459.27,PurePlus
SKU02754,FreshFarm OTC Medicine 1L,Health & Wellness,OTC Medicine,780.27,550.45,FreshFarm
SKU02755,SmartBuy First Aid 1L,Health & Wellness,First Aid,805.74,642.08,SmartBuy
SKU02756,SunriseFoods Home Decor 2kg,Home & Kitchen,Home Decor,1906.82,1512.52,SunriseFoods
SKU02757,EverydayPlus OTC Medicine 500g,Health & Wellness,OTC Medicine,191.03,124.73,EverydayPlus
SKU02758,FreshFarm Office Supplies Family Pack,Stationery & Office,Office Supplies,198.33,149.77,FreshFarm
SKU02759,GoldenHarvest Soft Drinks Pack of 12,Beverages,Soft Drinks,149.76,113.32,GoldenHarvest
SKU02760,PureLife Skin Care 1L,Personal Care,Skin Care,430.99,272.31,PureLife
SKU02761,CityFresh Soft Drinks Pack of 12,Beverages,Soft Drinks,124.14,93.81,CityFresh
SKU02762,TrueTaste Tea 250ml,Beverages,Tea,181.06,106.93,TrueTaste
SKU02763,TrueTaste Dishwashing 1kg,Home Care,Dishwashing,121.73,96.74,TrueTaste
SKU02764,SunriseFoods Candy Pack of 12,Snacks & Confectionery,Candy,177.05,135.63,SunriseFoods
SKU02765,DailyBest Skin Care Small,Personal Care,Skin Care,480.9,325.88,DailyBest
SKU02766,SparkleClean Pest Control Pack of 6,Home Care,Pest Control,225.53,145.77,SparkleClean
SKU02767,BasicNeeds OTC Medicine 2L,Health & Wellness,OTC Medicine,1557.51,1224.96,BasicNeeds
SKU02768,MetroBrand Notebooks 100g,Stationery & Office,Notebooks,216.52,122.94,MetroBrand
SKU02769,DailyBest Cookware Pack of 6,Home & Kitchen,Cookware,725.22,489.23,DailyBest
SKU02770,SparkleClean Hair Care Pack of 6,Personal Care,Hair Care,756.35,508.07,SparkleClean
SKU02771,SmartBuy Butter & Ghee 500ml,Dairy & Bakery,Butter & Ghee,79.2,51.11,SmartBuy
SKU02772,CrispKing Women's Wear 1kg,Apparel & Footwear,Women's Wear,2247.26,1299.27,CrispKing
SKU02773,UrbanBite Tea Family Pack,Beverages,Tea,108.88,66.73,UrbanBite
SKU02774,TrueTaste Frozen Vegetables 250ml,Frozen Foods,Frozen Vegetables,735.28,585.12,TrueTaste
SKU02775,ZestyCo Laundry 2kg,Home Care,Laundry,163.46,122.92,ZestyCo
SKU02776,SparkleClean Namkeen Pack of 12,Snacks & Confectionery,Namkeen,234.93,178.45,SparkleClean
SKU02777,SparkleClean OTC Medicine 1L,Health & Wellness,OTC Medicine,702.45,475.83,SparkleClean
SKU02778,GoldenHarvest Cheese 2L,Dairy & Bakery,Cheese,171.19,122.48,GoldenHarvest
SKU02779,PurePlus Candy Pack of 6,Snacks & Confectionery,Candy,118.72,80.28,PurePlus
SKU02780,ValueChoice First Aid 250ml,Health & Wellness,First Aid,791.92,569.66,ValueChoice
SKU02781,PrimeCare Biscuits & Cookies 500g,Snacks & Confectionery,Biscuits & Cookies,35.59,27.26,PrimeCare
SKU02782,PremiumSelect Mobile Accessories 500g,Electronics & Accessories,Mobile Accessories,1562.14,953.92,PremiumSelect
SKU02783,CleanWave Bottled Water Family Pack,Beverages,Bottled Water,260.32,205.06,CleanWave
SKU02784,GoldenHarvest Surface Cleaners 1L,Home Care,Surface Cleaners,149.12,116.08,GoldenHarvest
SKU02785,PremiumSelect Kids Wear 500ml,Apparel & Footwear,Kids Wear,1136.58,744.26,PremiumSelect
SKU02786,TrueTaste Chips & Crisps 2kg,Snacks & Confectionery,Chips & Crisps,69.89,55.51,TrueTaste
SKU02787,NutriPlus Men's Wear Pack of 12,Apparel & Footwear,Men's Wear,1635.08,1260.04,NutriPlus
SKU02788,NatureBlend Batteries Large,Electronics & Accessories,Batteries,1455.54,815.13,NatureBlend
SKU02789,HealthFirst Cookware Small,Home & Kitchen,Cookware,1348.1,755.65,HealthFirst
SKU02790,PremiumSelect Chips & Crisps 2L,Snacks & Confectionery,Chips & Crisps,70.96,51.58,PremiumSelect
SKU02791,HealthFirst Batteries 1L,Electronics & Accessories,Batteries,485.0,361.77,HealthFirst
SKU02792,PrimeCare Office Supplies Medium,Stationery & Office,Office Supplies,333.39,204.09,PrimeCare
SKU02793,PurePlus Kids Wear Medium,Apparel & Footwear,Kids Wear,1908.56,1287.68,PurePlus
SKU02794,NutriPlus Chips & Crisps 250ml,Snacks & Confectionery,Chips & Crisps,91.58,62.72,NutriPlus
SKU02795,TrueTaste Footwear Family Pack,Apparel & Footwear,Footwear,2010.34,1329.64,TrueTaste
SKU02796,CityFresh Tea Medium,Beverages,Tea,123.09,69.83,CityFresh
SKU02797,PureLife OTC Medicine Medium,Health & Wellness,OTC Medicine,370.39,223.98,PureLife
SKU02798,EliteHome Laundry 100g,Home Care,Laundry,471.71,355.49,EliteHome
SKU02799,EliteHome Ice Cream 250g,Frozen Foods,Ice Cream,524.92,298.3,EliteHome
SKU02800,GreenValley Frozen Vegetables 2kg,Frozen Foods,Frozen Vegetables,320.17,225.89,GreenValley
SKU02801,NovaFresh Flour & Atta Small,Grocery,Flour & Atta,288.37,204.32,NovaFresh
SKU02802,PurePlus Frozen Vegetables 250g,Frozen Foods,Frozen Vegetables,398.56,314.51,PurePlus
SKU02803,SmartBuy Office Supplies 250g,Stationery & Office,Office Supplies,113.88,90.75,SmartBuy
SKU02804,HealthFirst Laundry 100g,Home Care,Laundry,361.44,284.19,HealthFirst
SKU02805,GoldenHarvest Bread 500g,Dairy & Bakery,Bread,82.43,56.49,GoldenHarvest
SKU02806,PrimeCare Notebooks Large,Stationery & Office,Notebooks,82.03,45.97,PrimeCare
SKU02807,SunriseFoods Coffee Pack of 12,Beverages,Coffee,185.26,114.74,SunriseFoods
SKU02808,GoldenHarvest Surface Cleaners Pack of 12,Home Care,Surface Cleaners,471.71,315.51,GoldenHarvest
SKU02809,PrimeCare Ready Meals 2kg,Frozen Foods,Ready Meals,532.18,297.9,PrimeCare
SKU02810,CleanWave Air Fresheners Pack of 6,Home Care,Air Fresheners,159.93,89.44,CleanWave
SKU02811,PureLife Writing Instruments Small,Stationery & Office,Writing Instruments,270.53,170.71,PureLife
SKU02812,TrueTaste Laundry 1L,Home Care,Laundry,300.07,194.1,TrueTaste
SKU02813,DailyBest Writing Instruments Medium,Stationery & Office,Writing Instruments,250.52,174.16,DailyBest
SKU02814,EverydayPlus Cooking Oil 2L,Grocery,Cooking Oil,154.16,120.74,EverydayPlus
SKU02815,CityFresh Mobile Accessories 2kg,Electronics & Accessories,Mobile Accessories,689.01,446.34,CityFresh
SKU02816,FamilyChoice First Aid Pack of 6,Health & Wellness,First Aid,1306.34,734.19,FamilyChoice
SKU02817,HealthFirst Biscuits & Cookies Family Pack,Snacks & Confectionery,Biscuits & Cookies,142.98,97.94,HealthFirst
SKU02818,TrueTaste Biscuits & Cookies Medium,Snacks & Confectionery,Biscuits & Cookies,76.92,49.19,TrueTaste
SKU02819,NovaFresh Mobile Accessories 1L,Electronics & Accessories,Mobile Accessories,1160.88,900.0,NovaFresh
SKU02820,CityFresh First Aid 2L,Health & Wellness,First Aid,859.3,565.31,CityFresh
SKU02821,TrueTaste Vitamins & Supplements Family Pack,Health & Wellness,Vitamins & Supplements,965.81,608.89,TrueTaste
SKU02822,FamilyChoice Rice & Grains Small,Grocery,Rice & Grains,332.18,242.81,FamilyChoice
SKU02823,SmartBuy First Aid 1L,Health & Wellness,First Aid,596.63,401.72,SmartBuy
SKU02824,GoldenHarvest Notebooks 2kg,Stationery & Office,Notebooks,54.13,37.28,GoldenHarvest
SKU02825,NovaFresh Rice & Grains Large,Grocery,Rice & Grains,212.23,124.79,NovaFresh
SKU02826,QuickBite Surface Cleaners Family Pack,Home Care,Surface Cleaners,438.33,282.2,QuickBite
SKU02827,EverydayPlus Laundry 250g,Home Care,Laundry,129.22,72.57,EverydayPlus
SKU02828,NovaFresh Home Decor 100g,Home & Kitchen,Home Decor,1658.99,1225.53,NovaFresh
SKU02829,FreshFarm Butter & Ghee 250g,Dairy & Bakery,Butter & Ghee,445.62,272.45,FreshFarm
SKU02830,CityFresh Pest Control 250ml,Home Care,Pest Control,150.61,87.37,CityFresh
SKU02831,CleanWave Small Appliances 500g,Electronics & Accessories,Small Appliances,2870.32,2001.7,CleanWave
SKU02832,GoldenHarvest Sugar & Salt Large,Grocery,Sugar & Salt,389.88,270.91,GoldenHarvest
SKU02833,QuickBite Kids Wear Large,Apparel & Footwear,Kids Wear,3924.53,2468.33,QuickBite
SKU02834,QuickBite Women's Wear 500g,Apparel & Footwear,Women's Wear,1819.31,1438.32,QuickBite
SKU02835,ZestyCo Small Appliances Medium,Electronics & Accessories,Small Appliances,1538.54,1090.64,ZestyCo
SKU02836,PremiumSelect Vitamins & Supplements 500g,Health & Wellness,Vitamins & Supplements,1144.77,894.75,PremiumSelect
SKU02837,EliteHome Small Appliances Small,Electronics & Accessories,Small Appliances,2677.22,1673.66,EliteHome
SKU02838,UrbanBite Women's Wear 250ml,Apparel & Footwear,Women's Wear,655.85,451.19,UrbanBite
SKU02839,ZestyCo Cookware 100g,Home & Kitchen,Cookware,1889.13,1234.32,ZestyCo
SKU02840,PremiumSelect Dishwashing 500ml,Home Care,Dishwashing,267.04,174.46,PremiumSelect
SKU02841,DailyBest Dishwashing Medium,Home Care,Dishwashing,271.96,152.83,DailyBest
SKU02842,NovaFresh Vitamins & Supplements Family Pack,Health & Wellness,Vitamins & Supplements,535.34,323.83,NovaFresh
SKU02843,QuickBite Namkeen 250g,Snacks & Confectionery,Namkeen,87.14,66.87,QuickBite
SKU02844,EverydayPlus Cookware Medium,Home & Kitchen,Cookware,1381.98,1053.71,EverydayPlus
SKU02845,GoldenHarvest Footwear 2kg,Apparel & Footwear,Footwear,3553.49,2047.79,GoldenHarvest
SKU02846,SunriseFoods First Aid 500ml,Health & Wellness,First Aid,1875.69,1040.14,SunriseFoods
SKU02847,HomeStyle Eggs 250g,Dairy & Bakery,Eggs,259.88,149.56,HomeStyle
SKU02848,SoftTouch Hair Care Family Pack,Personal Care,Hair Care,334.01,237.05,SoftTouch
SKU02849,GoldenHarvest Laundry Small,Home Care,Laundry,73.3,44.71,GoldenHarvest
SKU02850,EliteHome Vitamins & Supplements Pack of 6,Health & Wellness,Vitamins & Supplements,261.58,193.74,EliteHome
SKU02851,PureLife Kids Wear Pack of 12,Apparel & Footwear,Kids Wear,2854.29,1574.02,PureLife
SKU02852,SmartBuy Small Appliances Large,Electronics & Accessories,Small Appliances,1937.58,1412.39,SmartBuy
SKU02853,DailyBest Notebooks 500g,Stationery & Office,Notebooks,149.61,115.44,DailyBest
SKU02854,ZestyCo Writing Instruments 1kg,Stationery & Office,Writing Instruments,173.3,97.26,ZestyCo
SKU02855,GoldenHarvest Small Appliances 100g,Electronics & Accessories,Small Appliances,3150.9,2416.26,GoldenHarvest
SKU02856,EliteHome Men's Grooming 1L,Personal Care,Men's Grooming,211.45,164.82,EliteHome
SKU02857,MetroBrand First Aid 1L,Health & Wellness,First Aid,527.76,360.97,MetroBrand
SKU02858,FamilyChoice Dishwashing 100g,Home Care,Dishwashing,90.7,56.34,FamilyChoice
SKU02859,SmartBuy Vitamins & Supplements Pack of 6,Health & Wellness,Vitamins & Supplements,253.49,175.09,SmartBuy
SKU02860,HealthFirst Kids Wear 100g,Apparel & Footwear,Kids Wear,1859.24,1166.95,HealthFirst
SKU02861,HomeStyle Oral Care Small,Personal Care,Oral Care,585.54,458.65,HomeStyle
SKU02862,PurePlus Frozen Vegetables Pack of 12,Frozen Foods,Frozen Vegetables,684.84,469.74,PurePlus
SKU02863,FamilyChoice Rice & Grains Medium,Grocery,Rice & Grains,110.89,83.13,FamilyChoice
SKU02864,NatureBlend Batteries 250g,Electronics & Accessories,Batteries,274.66,192.95,NatureBlend
SKU02865,GoldenHarvest Air Fresheners Large,Home Care,Air Fresheners,522.75,325.2,GoldenHarvest
SKU02866,PurePlus Laundry 2L,Home Care,Laundry,94.26,63.63,PurePlus
SKU02867,PureLife Frozen Meat Medium,Frozen Foods,Frozen Meat,930.15,716.19,PureLife
SKU02868,EliteHome Chips & Crisps Pack of 12,Snacks & Confectionery,Chips & Crisps,181.68,117.31,EliteHome
SKU02869,FamilyChoice Vitamins & Supplements Pack of 6,Health & Wellness,Vitamins & Supplements,1023.67,650.37,FamilyChoice
SKU02870,EliteHome Batteries 100g,Electronics & Accessories,Batteries,794.71,627.11,EliteHome
SKU02871,TrueTaste Hair Care Pack of 12,Personal Care,Hair Care,377.93,239.42,TrueTaste
SKU02872,HealthFirst Juices 500ml,Beverages,Juices,77.44,59.23,HealthFirst
SKU02873,NovaFresh Men's Grooming Medium,Personal Care,Men's Grooming,382.88,227.65,NovaFresh
SKU02874,UrbanBite Chips & Crisps Pack of 12,Snacks & Confectionery,Chips & Crisps,169.6,126.85,UrbanBite
SKU02875,HealthFirst Skin Care 250g,Personal Care,Skin Care,150.02,105.59,HealthFirst
SKU02876,HomeStyle OTC Medicine Large,Health & Wellness,OTC Medicine,809.36,469.47,HomeStyle
SKU02877,CrispKing Tea 100g,Beverages,Tea,92.7,52.47,CrispKing
SKU02878,TrueTaste Mobile Accessories 2kg,Electronics & Accessories,Mobile Accessories,2895.0,1808.15,TrueTaste
SKU02879,CrispKing Chocolates 1kg,Snacks & Confectionery,Chocolates,131.72,94.1,CrispKing
SKU02880,UrbanBite Storage & Containers Family Pack,Home & Kitchen,Storage & Containers,2899.44,1855.72,UrbanBite
SKU02881,NovaFresh Mobile Accessories 500g,Electronics & Accessories,Mobile Accessories,1773.86,1095.87,NovaFresh
SKU02882,SunriseFoods Bread Medium,Dairy & Bakery,Bread,147.14,102.33,SunriseFoods
SKU02883,QuickBite Ice Cream 1kg,Frozen Foods,Ice Cream,1040.02,819.68,QuickBite
SKU02884,SparkleClean Juices Pack of 6,Beverages,Juices,173.65,100.8,SparkleClean
SKU02885,SmartBuy Coffee 250g,Beverages,Coffee,118.94,84.58,SmartBuy
SKU02886,QuickBite Writing Instruments 250ml,Stationery & Office,Writing Instruments,274.35,213.47,QuickBite
SKU02887,TrueTaste Footwear Pack of 6,Apparel & Footwear,Footwear,2074.48,1421.59,TrueTaste
SKU02888,CrispKing Soft Drinks Pack of 12,Beverages,Soft Drinks,138.67,109.69,CrispKing
SKU02889,CleanWave Cheese Large,Dairy & Bakery,Cheese,184.37,128.96,CleanWave
SKU02890,ZestyCo Namkeen Medium,Snacks & Confectionery,Namkeen,158.62,113.91,ZestyCo
SKU02891,PurePlus Men's Grooming 1L,Personal Care,Men's Grooming,514.58,384.81,PurePlus
SKU02892,CityFresh Cheese 2kg,Dairy & Bakery,Cheese,77.05,46.22,CityFresh
SKU02893,GoldenHarvest Yogurt 1kg,Dairy & Bakery,Yogurt,327.2,225.78,GoldenHarvest
SKU02894,EverydayPlus Frozen Vegetables Family Pack,Frozen Foods,Frozen Vegetables,276.72,194.69,EverydayPlus
SKU02895,CleanWave Chocolates Pack of 6,Snacks & Confectionery,Chocolates,119.21,69.15,CleanWave
SKU02896,PurePlus Cookware Large,Home & Kitchen,Cookware,1512.83,1004.33,PurePlus
SKU02897,SmartBuy Batteries 500ml,Electronics & Accessories,Batteries,2337.3,1735.84,SmartBuy
SKU02898,CrispKing Footwear 1L,Apparel & Footwear,Footwear,989.39,554.23,CrispKing
SKU02899,GreenValley Namkeen Medium,Snacks & Confectionery,Namkeen,205.36,134.18,GreenValley
SKU02900,CleanWave Small Appliances Pack of 12,Electronics & Accessories,Small Appliances,1839.94,1078.99,CleanWave
SKU02901,UrbanBite Cookware 1kg,Home & Kitchen,Cookware,1081.76,642.5,UrbanBite
SKU02902,CityFresh Candy 1L,Snacks & Confectionery,Candy,84.54,57.33,CityFresh
SKU02903,HomeStyle Women's Wear 1kg,Apparel & Footwear,Women's Wear,2155.76,1201.56,HomeStyle
SKU02904,ZestyCo Bath & Body Small,Personal Care,Bath & Body,312.58,205.13,ZestyCo
SKU02905,FreshFarm Kids Wear 100g,Apparel & Footwear,Kids Wear,867.68,482.8,FreshFarm
SKU02906,NovaFresh Air Fresheners Medium,Home Care,Air Fresheners,159.53,124.66,NovaFresh
SKU02907,NovaFresh Kids Wear Large,Apparel & Footwear,Kids Wear,1495.16,1152.38,NovaFresh
SKU02908,MetroBrand Bottled Water 100g,Beverages,Bottled Water,326.35,196.76,MetroBrand
SKU02909,CrispKing Bath & Body Pack of 6,Personal Care,Bath & Body,592.56,335.66,CrispKing
SKU02910,DailyBest Yogurt 250g,Dairy & Bakery,Yogurt,143.97,88.2,DailyBest
SKU02911,FreshFarm Biscuits & Cookies 250ml,Snacks & Confectionery,Biscuits & Cookies,133.23,74.22,FreshFarm
SKU02912,FreshFarm Bread 250ml,Dairy & Bakery,Bread,156.0,114.46,FreshFarm
SKU02913,PrimeCare Skin Care 1L,Personal Care,Skin Care,348.62,241.76,PrimeCare
SKU02914,CityFresh Bottled Water Large,Beverages,Bottled Water,152.94,104.91,CityFresh
SKU02915,ZestyCo Small Appliances 500ml,Electronics & Accessories,Small Appliances,2288.75,1746.3,ZestyCo
SKU02916,SparkleClean Ice Cream 250ml,Frozen Foods,Ice Cream,811.15,610.25,SparkleClean
SKU02917,HealthFirst Men's Wear 250g,Apparel & Footwear,Men's Wear,1064.57,694.33,HealthFirst
SKU02918,PurePlus Batteries Large,Electronics & Accessories,Batteries,2294.61,1612.16,PurePlus
SKU02919,MetroBrand Coffee 2kg,Beverages,Coffee,117.84,77.83,MetroBrand
SKU02920,EverydayPlus Rice & Grains 500ml,Grocery,Rice & Grains,68.47,48.34,EverydayPlus
SKU02921,MetroBrand Laundry 250g,Home Care,Laundry,319.54,187.85,MetroBrand
SKU02922,HomeStyle Dishwashing 2kg,Home Care,Dishwashing,213.14,133.22,HomeStyle
SKU02923,EverydayPlus Namkeen 2L,Snacks & Confectionery,Namkeen,124.18,76.12,EverydayPlus
SKU02924,GreenValley Women's Wear Large,Apparel & Footwear,Women's Wear,1530.37,905.78,GreenValley
SKU02925,NatureBlend Ready Meals 2kg,Frozen Foods,Ready Meals,531.55,347.35,NatureBlend
SKU02926,EliteHome Small Appliances 2L,Electronics & Accessories,Small Appliances,2188.09,1600.86,EliteHome
SKU02927,PurePlus Tea Large,Beverages,Tea,192.51,124.94,PurePlus
SKU02928,MetroBrand Women's Wear 250ml,Apparel & Footwear,Women's Wear,1846.27,1469.0,MetroBrand
SKU02929,SmartBuy Chips & Crisps 2kg,Snacks & Confectionery,Chips & Crisps,114.61,71.69,SmartBuy
SKU02930,TrueTaste Pest Control 100g,Home Care,Pest Control,170.16,133.92,TrueTaste
SKU02931,FreshFarm Pest Control Large,Home Care,Pest Control,127.7,76.41,FreshFarm
SKU02932,FamilyChoice Women's Wear 250g,Apparel & Footwear,Women's Wear,606.53,382.23,FamilyChoice
SKU02933,HomeStyle Bread 1kg,Dairy & Bakery,Bread,92.06,54.41,HomeStyle
SKU02934,GoldenHarvest Namkeen 500g,Snacks & Confectionery,Namkeen,112.59,68.62,GoldenHarvest
SKU02935,UrbanBite Bath & Body Pack of 12,Personal Care,Bath & Body,432.23,254.7,UrbanBite
SKU02936,SmartBuy Skin Care 250ml,Personal Care,Skin Care,198.13,139.92,SmartBuy
SKU02937,SparkleClean Namkeen Pack of 12,Snacks & Confectionery,Namkeen,175.74,105.47,SparkleClean
SKU02938,MetroBrand Candy Pack of 6,Snacks & Confectionery,Candy,83.54,47.72,MetroBrand
SKU02939,PureLife Namkeen 100g,Snacks & Confectionery,Namkeen,82.66,50.97,PureLife
SKU02940,GoldenHarvest Surface Cleaners 2kg,Home Care,Surface Cleaners,322.25,231.89,GoldenHarvest
SKU02941,DailyBest Oral Care 100g,Personal Care,Oral Care,251.94,165.56,DailyBest
SKU02942,PremiumSelect Hair Care 100g,Personal Care,Hair Care,622.94,366.94,PremiumSelect
SKU02943,NatureBlend Batteries 1L,Electronics & Accessories,Batteries,909.95,514.91,NatureBlend
SKU02944,PurePlus Biscuits & Cookies 1kg,Snacks & Confectionery,Biscuits & Cookies,168.3,123.25,PurePlus
SKU02945,PurePlus Storage & Containers 250g,Home & Kitchen,Storage & Containers,866.32,628.97,PurePlus
SKU02946,ValueChoice Women's Wear 500ml,Apparel & Footwear,Women's Wear,2029.87,1350.64,ValueChoice
SKU02947,PurePlus Biscuits & Cookies 500ml,Snacks & Confectionery,Biscuits & Cookies,134.5,91.72,PurePlus
SKU02948,SparkleClean Butter & Ghee Family Pack,Dairy & Bakery,Butter & Ghee,367.9,224.46,SparkleClean
SKU02949,NatureBlend Chips & Crisps Pack of 6,Snacks & Confectionery,Chips & Crisps,157.02,105.41,NatureBlend
SKU02950,FreshFarm Eggs 250ml,Dairy & Bakery,Eggs,251.09,183.84,FreshFarm
SKU02951,FreshFarm Oral Care 1L,Personal Care,Oral Care,384.02,285.28,FreshFarm
SKU02952,PremiumSelect Energy Drinks 250g,Beverages,Energy Drinks,158.78,100.84,PremiumSelect
SKU02953,CleanWave Pulses & Lentils 250ml,Grocery,Pulses & Lentils,206.97,148.96,CleanWave
SKU02954,GoldenHarvest Air Fresheners 2L,Home Care,Air Fresheners,603.3,405.19,GoldenHarvest
SKU02955,DailyBest Mobile Accessories 100g,Electronics & Accessories,Mobile Accessories,641.96,471.73,DailyBest
SKU02956,PremiumSelect Bread Large,Dairy & Bakery,Bread,261.17,188.75,PremiumSelect
SKU02957,SmartBuy Storage & Containers 1L,Home & Kitchen,Storage & Containers,1043.91,769.98,SmartBuy
SKU02958,DailyBest Oral Care Small,Personal Care,Oral Care,521.69,308.43,DailyBest
SKU02959,BasicNeeds Storage & Containers 2kg,Home & Kitchen,Storage & Containers,1901.51,1198.96,BasicNeeds
SKU02960,UrbanBite Candy Medium,Snacks & Confectionery,Candy,61.77,38.07,UrbanBite
SKU02961,UrbanBite Frozen Meat 250ml,Frozen Foods,Frozen Meat,1130.98,748.45,UrbanBite
SKU02962,SoftTouch Footwear Large,Apparel & Footwear,Footwear,706.08,470.41,SoftTouch
SKU02963,EverydayPlus Pulses & Lentils 1L,Grocery,Pulses & Lentils,276.15,197.95,EverydayPlus
SKU02964,PremiumSelect Notebooks Pack of 6,Stationery & Office,Notebooks,215.02,148.88,PremiumSelect
SKU02965,PureLife Hair Care 1kg,Personal Care,Hair Care,150.68,104.72,PureLife
SKU02966,UrbanBite Pest Control Family Pack,Home Care,Pest Control,66.34,46.99,UrbanBite
SKU02967,EliteHome Vitamins & Supplements 500g,Health & Wellness,Vitamins & Supplements,735.42,454.65,EliteHome
SKU02968,FamilyChoice First Aid 100g,Health & Wellness,First Aid,1011.61,613.57,FamilyChoice
SKU02969,QuickBite Cooking Oil 500ml,Grocery,Cooking Oil,125.0,75.47,QuickBite
SKU02970,CrispKing Home Decor Medium,Home & Kitchen,Home Decor,562.41,418.92,CrispKing
SKU02971,GreenValley First Aid Large,Health & Wellness,First Aid,867.83,498.41,GreenValley
SKU02972,EverydayPlus Office Supplies Medium,Stationery & Office,Office Supplies,98.84,62.17,EverydayPlus
SKU02973,SunriseFoods Air Fresheners 2L,Home Care,Air Fresheners,242.96,150.65,SunriseFoods
SKU02974,CleanWave OTC Medicine Large,Health & Wellness,OTC Medicine,817.03,570.27,CleanWave
SKU02975,GreenValley Air Fresheners 1L,Home Care,Air Fresheners,606.78,473.92,GreenValley
SKU02976,GreenValley Cookware 1L,Home & Kitchen,Cookware,837.64,644.69,GreenValley
SKU02977,MetroBrand Women's Wear 500g,Apparel & Footwear,Women's Wear,2254.18,1299.19,MetroBrand
SKU02978,NatureBlend Storage & Containers Small,Home & Kitchen,Storage & Containers,1811.96,1241.29,NatureBlend
SKU02979,EliteHome Frozen Vegetables 2kg,Frozen Foods,Frozen Vegetables,473.94,265.07,EliteHome
SKU02980,EverydayPlus Men's Wear 500g,Apparel & Footwear,Men's Wear,1789.14,1338.46,EverydayPlus
SKU02981,SmartBuy Skin Care 250ml,Personal Care,Skin Care,361.07,232.41,SmartBuy
SKU02982,PureLife Air Fresheners Pack of 6,Home Care,Air Fresheners,413.73,249.78,PureLife
SKU02983,SparkleClean Kids Wear 2kg,Apparel & Footwear,Kids Wear,1062.71,713.11,SparkleClean
SKU02984,EliteHome Pulses & Lentils 250ml,Grocery,Pulses & Lentils,365.1,240.52,EliteHome
SKU02985,TrueTaste Small Appliances 2kg,Electronics & Accessories,Small Appliances,720.58,566.22,TrueTaste
SKU02986,MetroBrand Spices & Seasoning 2L,Grocery,Spices & Seasoning,366.41,204.57,MetroBrand
SKU02987,NutriPlus Ready Meals Pack of 12,Frozen Foods,Ready Meals,701.69,552.58,NutriPlus
SKU02988,NutriPlus Pest Control Pack of 12,Home Care,Pest Control,252.98,153.96,NutriPlus
SKU02989,TrueTaste Pest Control 500g,Home Care,Pest Control,186.36,109.26,TrueTaste
SKU02990,FamilyChoice Laundry 250ml,Home Care,Laundry,321.24,236.26,FamilyChoice
SKU02991,FreshFarm Air Fresheners Pack of 6,Home Care,Air Fresheners,106.67,72.6,FreshFarm
SKU02992,PureLife Hair Care 1kg,Personal Care,Hair Care,368.13,284.9,PureLife
SKU02993,NovaFresh Surface Cleaners 250g,Home Care,Surface Cleaners,391.51,268.44,NovaFresh
SKU02994,MetroBrand Ice Cream 2kg,Frozen Foods,Ice Cream,708.55,479.24,MetroBrand
SKU02995,FamilyChoice Kids Wear Pack of 12,Apparel & Footwear,Kids Wear,676.72,407.07,FamilyChoice
SKU02996,QuickBite Frozen Meat Pack of 6,Frozen Foods,Frozen Meat,543.13,427.68,QuickBite
SKU02997,FreshFarm OTC Medicine 250g,Health & Wellness,OTC Medicine,1164.54,833.95,FreshFarm
SKU02998,NutriPlus Cookware Pack of 12,Home & Kitchen,Cookware,891.24,624.22,NutriPlus
SKU02999,CleanWave Notebooks 500g,Stationery & Office,Notebooks,307.71,230.02,CleanWave
SKU03000,PrimeCare Soft Drinks Small,Beverages,Soft Drinks,172.96,99.51,PrimeCare
SKU03001,CrispKing Small Appliances 2L,Electronics & Accessories,Small Appliances,2715.32,2081.57,CrispKing
SKU03002,NutriPlus Chocolates 250g,Snacks & Confectionery,Chocolates,52.44,35.4,NutriPlus
SKU03003,HomeStyle Chocolates 250ml,Snacks & Confectionery,Chocolates,141.34,106.08,HomeStyle
SKU03004,EverydayPlus Kids Wear Medium,Apparel & Footwear,Kids Wear,2087.35,1519.92,EverydayPlus
SKU03005,NatureBlend Cooking Oil 500ml,Grocery,Cooking Oil,133.21,88.29,NatureBlend
SKU03006,TrueTaste Storage & Containers Pack of 12,Home & Kitchen,Storage & Containers,1088.75,808.32,TrueTaste
SKU03007,PrimeCare Men's Wear Small,Apparel & Footwear,Men's Wear,2447.79,1787.31,PrimeCare
SKU03008,CityFresh Notebooks 100g,Stationery & Office,Notebooks,281.2,154.92,CityFresh
SKU03009,NovaFresh Small Appliances Large,Electronics & Accessories,Small Appliances,2815.76,2047.94,NovaFresh
SKU03010,NatureBlend Storage & Containers 250ml,Home & Kitchen,Storage & Containers,768.67,520.54,NatureBlend
SKU03011,CleanWave Juices Small,Beverages,Juices,109.09,82.89,CleanWave
SKU03012,BasicNeeds Storage & Containers 1L,Home & Kitchen,Storage & Containers,1138.11,856.33,BasicNeeds
SKU03013,NatureBlend Bottled Water 2L,Beverages,Bottled Water,101.21,59.98,NatureBlend
SKU03014,NutriPlus Cheese 250ml,Dairy & Bakery,Cheese,150.16,83.4,NutriPlus
SKU03015,NutriPlus Juices Medium,Beverages,Juices,62.87,37.66,NutriPlus
SKU03016,TrueTaste Bath & Body 250g,Personal Care,Bath & Body,233.3,171.54,TrueTaste
SKU03017,GoldenHarvest Mobile Accessories Large,Electronics & Accessories,Mobile Accessories,3156.34,2423.56,GoldenHarvest
SKU03018,HomeStyle Cheese 1kg,Dairy & Bakery,Cheese,171.53,124.38,HomeStyle
SKU03019,CleanWave Women's Wear Large,Apparel & Footwear,Women's Wear,1094.04,826.16,CleanWave
SKU03020,SunriseFoods First Aid 100g,Health & Wellness,First Aid,276.62,192.75,SunriseFoods
SKU03021,TrueTaste OTC Medicine 100g,Health & Wellness,OTC Medicine,1165.36,788.52,TrueTaste
SKU03022,GoldenHarvest Office Supplies 250g,Stationery & Office,Office Supplies,86.56,68.61,GoldenHarvest
SKU03023,ValueChoice Dishwashing 2L,Home Care,Dishwashing,497.92,283.89,ValueChoice
SKU03024,NovaFresh Oral Care 1kg,Personal Care,Oral Care,280.12,183.57,NovaFresh
SKU03025,NovaFresh Notebooks 2L,Stationery & Office,Notebooks,396.16,245.43,NovaFresh
SKU03026,CityFresh Ice Cream Medium,Frozen Foods,Ice Cream,747.22,433.77,CityFresh
SKU03027,PremiumSelect Vitamins & Supplements 100g,Health & Wellness,Vitamins & Supplements,724.38,508.08,PremiumSelect
SKU03028,PremiumSelect Milk 1L,Dairy & Bakery,Milk,242.32,149.22,PremiumSelect
SKU03029,ZestyCo Namkeen Small,Snacks & Confectionery,Namkeen,67.29,44.8,ZestyCo
SKU03030,MetroBrand Chips & Crisps 500ml,Snacks & Confectionery,Chips & Crisps,108.63,63.46,MetroBrand
SKU03031,PureLife Chocolates Large,Snacks & Confectionery,Chocolates,175.91,113.9,PureLife
SKU03032,GoldenHarvest Chips & Crisps Pack of 6,Snacks & Confectionery,Chips & Crisps,110.49,66.3,GoldenHarvest
SKU03033,TrueTaste Small Appliances 100g,Electronics & Accessories,Small Appliances,1391.33,1077.22,TrueTaste
SKU03034,PureLife Spices & Seasoning 2L,Grocery,Spices & Seasoning,232.5,158.24,PureLife
SKU03035,PrimeCare First Aid 250ml,Health & Wellness,First Aid,1367.96,1025.81,PrimeCare
SKU03036,EverydayPlus Office Supplies 250g,Stationery & Office,Office Supplies,219.56,147.42,EverydayPlus
SKU03037,ZestyCo Women's Wear Family Pack,Apparel & Footwear,Women's Wear,1595.26,894.3,ZestyCo
SKU03038,BasicNeeds Skin Care 1kg,Personal Care,Skin Care,204.05,147.66,BasicNeeds
SKU03039,CityFresh Rice & Grains 250g,Grocery,Rice & Grains,135.27,76.02,CityFresh
SKU03040,CityFresh Cookware 1kg,Home & Kitchen,Cookware,2390.56,1550.9,CityFresh
SKU03041,HealthFirst Pulses & Lentils Medium,Grocery,Pulses & Lentils,320.56,220.14,HealthFirst
SKU03042,CleanWave Mobile Accessories 2L,Electronics & Accessories,Mobile Accessories,2656.05,1978.64,CleanWave
SKU03043,HealthFirst Mobile Accessories Medium,Electronics & Accessories,Mobile Accessories,4386.71,3398.16,HealthFirst
SKU03044,GoldenHarvest Chocolates 500ml,Snacks & Confectionery,Chocolates,74.7,44.91,GoldenHarvest
SKU03045,FamilyChoice Mobile Accessories 250g,Electronics & Accessories,Mobile Accessories,3615.67,2588.43,FamilyChoice
SKU03046,FreshFarm Namkeen 250ml,Snacks & Confectionery,Namkeen,109.87,73.34,FreshFarm
SKU03047,PrimeCare Biscuits & Cookies 500g,Snacks & Confectionery,Biscuits & Cookies,196.79,145.99,PrimeCare
SKU03048,DailyBest Kids Wear 2L,Apparel & Footwear,Kids Wear,1226.44,962.71,DailyBest
SKU03049,DailyBest Writing Instruments 2kg,Stationery & Office,Writing Instruments,267.4,182.7,DailyBest
SKU03050,SoftTouch Yogurt Family Pack,Dairy & Bakery,Yogurt,274.23,170.49,SoftTouch
SKU03051,ValueChoice Writing Instruments 250ml,Stationery & Office,Writing Instruments,202.67,151.93,ValueChoice
SKU03052,NovaFresh Cookware 2kg,Home & Kitchen,Cookware,2242.35,1528.57,NovaFresh
SKU03053,PremiumSelect Kids Wear Family Pack,Apparel & Footwear,Kids Wear,4086.72,3149.1,PremiumSelect
SKU03054,GreenValley Tea 1L,Beverages,Tea,90.66,62.69,GreenValley
SKU03055,CityFresh Butter & Ghee 500g,Dairy & Bakery,Butter & Ghee,130.59,102.42,CityFresh
SKU03056,FreshFarm Batteries 1L,Electronics & Accessories,Batteries,1070.06,593.22,FreshFarm
SKU03057,SoftTouch Writing Instruments 1kg,Stationery & Office,Writing Instruments,206.34,151.61,SoftTouch
SKU03058,UrbanBite Women's Wear Pack of 12,Apparel & Footwear,Women's Wear,1202.99,765.86,UrbanBite
SKU03059,BasicNeeds Dishwashing 2L,Home Care,Dishwashing,567.73,407.15,BasicNeeds
SKU03060,SparkleClean Candy Pack of 12,Snacks & Confectionery,Candy,116.18,91.27,SparkleClean
SKU03061,DailyBest Office Supplies Family Pack,Stationery & Office,Office Supplies,234.65,167.42,DailyBest
SKU03062,GreenValley Milk Pack of 12,Dairy & Bakery,Milk,250.47,184.41,GreenValley
SKU03063,NutriPlus Men's Grooming 250ml,Personal Care,Men's Grooming,363.59,214.34,NutriPlus
SKU03064,PremiumSelect Office Supplies 1kg,Stationery & Office,Office Supplies,247.54,146.7,PremiumSelect
SKU03065,GreenValley Frozen Vegetables 1L,Frozen Foods,Frozen Vegetables,209.91,145.54,GreenValley
SKU03066,CrispKing Eggs 500ml,Dairy & Bakery,Eggs,214.65,141.16,CrispKing
SKU03067,ValueChoice Flour & Atta 2kg,Grocery,Flour & Atta,102.08,58.98,ValueChoice
SKU03068,GreenValley Pest Control Medium,Home Care,Pest Control,187.88,137.54,GreenValley
SKU03069,ZestyCo Writing Instruments Large,Stationery & Office,Writing Instruments,296.3,214.74,ZestyCo
SKU03070,NovaFresh Surface Cleaners 250ml,Home Care,Surface Cleaners,524.48,300.47,NovaFresh
SKU03071,SunriseFoods Mobile Accessories Pack of 12,Electronics & Accessories,Mobile Accessories,1229.09,690.95,SunriseFoods
SKU03072,SparkleClean Cheese Family Pack,Dairy & Bakery,Cheese,201.4,129.84,SparkleClean
SKU03073,PrimeCare Kids Wear 100g,Apparel & Footwear,Kids Wear,1595.17,1129.75,PrimeCare
SKU03074,GoldenHarvest Footwear 250ml,Apparel & Footwear,Footwear,2911.21,2251.51,GoldenHarvest
SKU03075,PrimeCare OTC Medicine Small,Health & Wellness,OTC Medicine,1310.56,863.17,PrimeCare
SKU03076,MetroBrand Footwear 1L,Apparel & Footwear,Footwear,1091.52,623.29,MetroBrand
SKU03077,UrbanBite Ice Cream Small,Frozen Foods,Ice Cream,377.75,287.13,UrbanBite
SKU03078,GreenValley Oral Care 1L,Personal Care,Oral Care,362.84,210.89,GreenValley
SKU03079,HomeStyle Batteries 100g,Electronics & Accessories,Batteries,1312.41,930.96,HomeStyle
SKU03080,CityFresh Home Decor 500ml,Home & Kitchen,Home Decor,524.39,342.62,CityFresh
SKU03081,SparkleClean Cookware 500ml,Home & Kitchen,Cookware,1594.44,1239.51,SparkleClean
SKU03082,GreenValley Biscuits & Cookies Medium,Snacks & Confectionery,Biscuits & Cookies,29.69,21.56,GreenValley
SKU03083,ZestyCo Small Appliances 500g,Electronics & Accessories,Small Appliances,763.32,419.85,ZestyCo
SKU03084,PrimeCare Flour & Atta 500g,Grocery,Flour & Atta,114.28,73.5,PrimeCare
SKU03085,HomeStyle Frozen Meat 500g,Frozen Foods,Frozen Meat,460.85,274.24,HomeStyle
SKU03086,PremiumSelect Ready Meals 2L,Frozen Foods,Ready Meals,410.21,254.69,PremiumSelect
SKU03087,NatureBlend Men's Grooming Family Pack,Personal Care,Men's Grooming,330.63,214.82,NatureBlend
SKU03088,GoldenHarvest Notebooks Pack of 6,Stationery & Office,Notebooks,223.55,153.21,GoldenHarvest
SKU03089,NovaFresh Storage & Containers Medium,Home & Kitchen,Storage & Containers,1571.55,1178.03,NovaFresh
SKU03090,FreshFarm Cooking Oil Medium,Grocery,Cooking Oil,140.89,80.53,FreshFarm
SKU03091,EliteHome Namkeen Pack of 6,Snacks & Confectionery,Namkeen,90.07,59.47,EliteHome
SKU03092,BasicNeeds Candy Pack of 6,Snacks & Confectionery,Candy,108.22,82.54,BasicNeeds
SKU03093,CleanWave Storage & Containers 1kg,Home & Kitchen,Storage & Containers,416.0,273.75,CleanWave
SKU03094,FreshFarm Ready Meals Family Pack,Frozen Foods,Ready Meals,339.49,230.79,FreshFarm
SKU03095,GoldenHarvest Batteries Small,Electronics & Accessories,Batteries,1606.55,1196.32,GoldenHarvest
SKU03096,NovaFresh Footwear Large,Apparel & Footwear,Footwear,1689.66,1230.45,NovaFresh
SKU03097,NovaFresh Women's Wear Family Pack,Apparel & Footwear,Women's Wear,1659.8,1124.51,NovaFresh
SKU03098,PrimeCare Bottled Water 250ml,Beverages,Bottled Water,142.36,112.72,PrimeCare
SKU03099,NutriPlus Bottled Water 500g,Beverages,Bottled Water,189.1,105.72,NutriPlus
SKU03100,NovaFresh Men's Grooming Medium,Personal Care,Men's Grooming,403.04,227.16,NovaFresh
SKU03101,CrispKing Bath & Body 1L,Personal Care,Bath & Body,242.48,159.27,CrispKing
SKU03102,SmartBuy Mobile Accessories Family Pack,Electronics & Accessories,Mobile Accessories,1334.54,786.66,SmartBuy
SKU03103,CityFresh Soft Drinks Pack of 12,Beverages,Soft Drinks,225.45,136.2,CityFresh
SKU03104,QuickBite Oral Care 1kg,Personal Care,Oral Care,480.01,282.02,QuickBite
SKU03105,MetroBrand Candy 250ml,Snacks & Confectionery,Candy,160.13,115.79,MetroBrand
SKU03106,EliteHome Chocolates Pack of 6,Snacks & Confectionery,Chocolates,127.35,83.45,EliteHome
SKU03107,SoftTouch Chocolates 250ml,Snacks & Confectionery,Chocolates,135.95,103.12,SoftTouch
SKU03108,CrispKing Namkeen 2kg,Snacks & Confectionery,Namkeen,124.21,76.09,CrispKing
SKU03109,SoftTouch Ice Cream 1kg,Frozen Foods,Ice Cream,312.25,220.4,SoftTouch
SKU03110,PureLife Men's Grooming Pack of 6,Personal Care,Men's Grooming,304.91,183.97,PureLife
SKU03111,QuickBite Air Fresheners 100g,Home Care,Air Fresheners,546.67,302.65,QuickBite
SKU03112,PureLife Air Fresheners 250g,Home Care,Air Fresheners,382.71,276.4,PureLife
SKU03113,NutriPlus Small Appliances 100g,Electronics & Accessories,Small Appliances,1211.82,710.59,NutriPlus
SKU03114,PurePlus Storage & Containers Small,Home & Kitchen,Storage & Containers,513.11,371.21,PurePlus
SKU03115,NutriPlus Frozen Vegetables 100g,Frozen Foods,Frozen Vegetables,804.38,581.3,NutriPlus
SKU03116,FamilyChoice First Aid 500ml,Health & Wellness,First Aid,804.33,576.73,FamilyChoice
SKU03117,QuickBite Mobile Accessories 250g,Electronics & Accessories,Mobile Accessories,4755.47,3319.27,QuickBite
SKU03118,EliteHome Batteries 2L,Electronics & Accessories,Batteries,1561.39,1204.19,EliteHome
SKU03119,CrispKing Soft Drinks 100g,Beverages,Soft Drinks,37.56,21.37,CrispKing
SKU03120,HealthFirst Writing Instruments 100g,Stationery & Office,Writing Instruments,188.39,147.5,HealthFirst
SKU03121,EverydayPlus Bottled Water 500ml,Beverages,Bottled Water,50.11,28.39,EverydayPlus
SKU03122,GoldenHarvest Skin Care Pack of 12,Personal Care,Skin Care,263.85,177.79,GoldenHarvest
SKU03123,SunriseFoods Vitamins & Supplements 250g,Health & Wellness,Vitamins & Supplements,356.02,277.98,SunriseFoods
SKU03124,GreenValley Oral Care 1L,Personal Care,Oral Care,428.6,264.55,GreenValley
SKU03125,SmartBuy Chips & Crisps Medium,Snacks & Confectionery,Chips & Crisps,59.03,44.83,SmartBuy
SKU03126,SparkleClean Office Supplies Pack of 6,Stationery & Office,Office Supplies,130.29,90.98,SparkleClean
SKU03127,ZestyCo Spices & Seasoning Small,Grocery,Spices & Seasoning,248.14,189.9,ZestyCo
SKU03128,HealthFirst Namkeen 2kg,Snacks & Confectionery,Namkeen,58.56,32.92,HealthFirst
SKU03129,PurePlus Notebooks Family Pack,Stationery & Office,Notebooks,72.61,50.03,PurePlus
SKU03130,SoftTouch Small Appliances 500g,Electronics & Accessories,Small Appliances,4194.16,2504.6,SoftTouch
SKU03131,QuickBite Tea Pack of 6,Beverages,Tea,51.77,28.71,QuickBite
SKU03132,NovaFresh Women's Wear 500ml,Apparel & Footwear,Women's Wear,1920.29,1386.91,NovaFresh
SKU03133,SparkleClean Notebooks 100g,Stationery & Office,Notebooks,262.89,193.86,SparkleClean
SKU03134,BasicNeeds Tea Family Pack,Beverages,Tea,196.94,144.57,BasicNeeds
SKU03135,EliteHome Bath & Body Pack of 12,Personal Care,Bath & Body,393.82,288.18,EliteHome
SKU03136,CrispKing Laundry 1kg,Home Care,Laundry,224.84,168.63,CrispKing
SKU03137,TrueTaste Soft Drinks 100g,Beverages,Soft Drinks,165.23,110.27,TrueTaste
SKU03138,CleanWave Biscuits & Cookies Pack of 12,Snacks & Confectionery,Biscuits & Cookies,99.25,63.21,CleanWave
SKU03139,TrueTaste Chocolates 2L,Snacks & Confectionery,Chocolates,39.88,29.62,TrueTaste
SKU03140,NutriPlus Chocolates 100g,Snacks & Confectionery,Chocolates,119.93,85.94,NutriPlus
SKU03141,DailyBest Oral Care Family Pack,Personal Care,Oral Care,584.62,350.77,DailyBest
SKU03142,DailyBest Dishwashing Pack of 12,Home Care,Dishwashing,315.7,207.99,DailyBest
SKU03143,NovaFresh Chips & Crisps 500ml,Snacks & Confectionery,Chips & Crisps,76.2,45.38,NovaFresh
SKU03144,DailyBest Milk 1kg,Dairy & Bakery,Milk,383.01,285.24,DailyBest
SKU03145,FreshFarm Chips & Crisps 2kg,Snacks & Confectionery,Chips & Crisps,47.44,29.02,FreshFarm
SKU03146,NovaFresh Kids Wear 500ml,Apparel & Footwear,Kids Wear,1279.79,903.11,NovaFresh
SKU03147,NatureBlend Namkeen 100g,Snacks & Confectionery,Namkeen,151.39,111.1,NatureBlend
SKU03148,SmartBuy Storage & Containers 250ml,Home & Kitchen,Storage & Containers,1814.77,1448.01,SmartBuy
SKU03149,HomeStyle Frozen Vegetables 1kg,Frozen Foods,Frozen Vegetables,610.58,401.94,HomeStyle
SKU03150,ZestyCo Women's Wear 250g,Apparel & Footwear,Women's Wear,3570.59,2742.62,ZestyCo
SKU03151,TrueTaste OTC Medicine 250g,Health & Wellness,OTC Medicine,331.86,237.64,TrueTaste
SKU03152,QuickBite Cheese 250ml,Dairy & Bakery,Cheese,87.77,48.46,QuickBite
SKU03153,EliteHome First Aid 250ml,Health & Wellness,First Aid,315.02,204.08,EliteHome
SKU03154,CityFresh Bread 250ml,Dairy & Bakery,Bread,110.82,71.87,CityFresh
SKU03155,NutriPlus Juices Pack of 12,Beverages,Juices,124.9,72.43,NutriPlus
SKU03156,PureLife Butter & Ghee 1L,Dairy & Bakery,Butter & Ghee,200.11,131.93,PureLife
SKU03157,MetroBrand Butter & Ghee 500g,Dairy & Bakery,Butter & Ghee,167.25,96.86,MetroBrand
SKU03158,MetroBrand Bottled Water Family Pack,Beverages,Bottled Water,100.01,75.89,MetroBrand
SKU03159,FreshFarm Spices & Seasoning Pack of 12,Grocery,Spices & Seasoning,134.99,86.46,FreshFarm
SKU03160,MetroBrand Writing Instruments 1L,Stationery & Office,Writing Instruments,254.64,151.71,MetroBrand
SKU03161,SmartBuy Frozen Vegetables 100g,Frozen Foods,Frozen Vegetables,223.8,156.76,SmartBuy
SKU03162,SoftTouch Skin Care Large,Personal Care,Skin Care,365.6,279.46,SoftTouch
SKU03163,GreenValley Writing Instruments Small,Stationery & Office,Writing Instruments,301.01,235.91,GreenValley
SKU03164,EliteHome Candy 500ml,Snacks & Confectionery,Candy,55.88,43.23,EliteHome
SKU03165,HealthFirst Skin Care 500g,Personal Care,Skin Care,319.76,246.38,HealthFirst
SKU03166,NatureBlend Cookware 250g,Home & Kitchen,Cookware,333.83,212.65,NatureBlend
SKU03167,ValueChoice OTC Medicine 2kg,Health & Wellness,OTC Medicine,1255.71,849.31,ValueChoice
SKU03168,HealthFirst Oral Care 1kg,Personal Care,Oral Care,171.75,110.41,HealthFirst
SKU03169,GoldenHarvest Cheese 1kg,Dairy & Bakery,Cheese,347.71,271.41,GoldenHarvest
SKU03170,PrimeCare Pulses & Lentils 500ml,Grocery,Pulses & Lentils,324.84,186.2,PrimeCare
SKU03171,PrimeCare Tea 100g,Beverages,Tea,144.79,99.7,PrimeCare
SKU03172,ZestyCo Tea 2kg,Beverages,Tea,96.27,58.89,ZestyCo
SKU03173,SparkleClean Kids Wear Large,Apparel & Footwear,Kids Wear,1889.92,1441.24,SparkleClean
SKU03174,FamilyChoice Vitamins & Supplements Medium,Health & Wellness,Vitamins & Supplements,1052.39,668.06,FamilyChoice
SKU03175,ZestyCo Surface Cleaners 100g,Home Care,Surface Cleaners,160.68,123.07,ZestyCo
SKU03176,UrbanBite Footwear Pack of 12,Apparel & Footwear,Footwear,1236.65,967.07,UrbanBite
SKU03177,BasicNeeds Juices Family Pack,Beverages,Juices,60.33,35.78,BasicNeeds
SKU03178,PremiumSelect Biscuits & Cookies 2L,Snacks & Confectionery,Biscuits & Cookies,141.29,104.35,PremiumSelect
SKU03179,NatureBlend Skin Care 250ml,Personal Care,Skin Care,294.42,187.69,NatureBlend
SKU03180,GoldenHarvest Writing Instruments 1L,Stationery & Office,Writing Instruments,355.01,231.05,GoldenHarvest
SKU03181,SparkleClean Vitamins & Supplements 1kg,Health & Wellness,Vitamins & Supplements,500.79,309.79,SparkleClean
SKU03182,SparkleClean Cookware 250ml,Home & Kitchen,Cookware,857.46,603.79,SparkleClean
SKU03183,HealthFirst Namkeen Family Pack,Snacks & Confectionery,Namkeen,204.79,130.2,HealthFirst
SKU03184,BasicNeeds Cookware Pack of 6,Home & Kitchen,Cookware,1264.26,929.43,BasicNeeds
SKU03185,NatureBlend Sugar & Salt 500ml,Grocery,Sugar & Salt,329.11,245.06,NatureBlend
SKU03186,SunriseFoods Chocolates 250g,Snacks & Confectionery,Chocolates,66.0,42.82,SunriseFoods
SKU03187,DailyBest Frozen Meat Large,Frozen Foods,Frozen Meat,538.03,296.55,DailyBest
SKU03188,HomeStyle Flour & Atta 500g,Grocery,Flour & Atta,482.57,273.39,HomeStyle
SKU03189,FamilyChoice Storage & Containers Pack of 12,Home & Kitchen,Storage & Containers,300.85,186.06,FamilyChoice
SKU03190,PremiumSelect Storage & Containers 2kg,Home & Kitchen,Storage & Containers,1003.94,791.57,PremiumSelect
SKU03191,NovaFresh Ready Meals 2kg,Frozen Foods,Ready Meals,417.04,270.43,NovaFresh
SKU03192,SoftTouch Yogurt 500g,Dairy & Bakery,Yogurt,285.92,210.45,SoftTouch
SKU03193,GoldenHarvest Juices 250ml,Beverages,Juices,259.16,203.19,GoldenHarvest
SKU03194,ZestyCo OTC Medicine Pack of 12,Health & Wellness,OTC Medicine,649.38,412.63,ZestyCo
SKU03195,QuickBite Frozen Meat 500ml,Frozen Foods,Frozen Meat,610.08,421.15,QuickBite
SKU03196,MetroBrand Footwear 100g,Apparel & Footwear,Footwear,837.3,638.93,MetroBrand
SKU03197,SunriseFoods Vitamins & Supplements 1kg,Health & Wellness,Vitamins & Supplements,516.84,363.7,SunriseFoods
SKU03198,EverydayPlus Juices 500g,Beverages,Juices,128.85,74.48,EverydayPlus
SKU03199,QuickBite Coffee 500ml,Beverages,Coffee,78.08,57.97,QuickBite
SKU03200,PureLife Footwear Large,Apparel & Footwear,Footwear,2207.48,1713.06,PureLife
SKU03201,PurePlus Soft Drinks Family Pack,Beverages,Soft Drinks,107.6,79.86,PurePlus
SKU03202,UrbanBite Writing Instruments Family Pack,Stationery & Office,Writing Instruments,144.15,106.4,UrbanBite
SKU03203,CleanWave Bottled Water 250g,Beverages,Bottled Water,182.62,134.94,CleanWave
SKU03204,EverydayPlus Batteries 1L,Electronics & Accessories,Batteries,1690.3,1188.51,EverydayPlus
SKU03205,CityFresh Writing Instruments 100g,Stationery & Office,Writing Instruments,57.49,35.18,CityFresh
SKU03206,FamilyChoice Pest Control 1L,Home Care,Pest Control,293.85,228.53,FamilyChoice
SKU03207,QuickBite Sugar & Salt 2L,Grocery,Sugar & Salt,196.37,114.33,QuickBite
SKU03208,PurePlus Storage & Containers Small,Home & Kitchen,Storage & Containers,1141.07,863.59,PurePlus
SKU03209,GreenValley Namkeen 250ml,Snacks & Confectionery,Namkeen,76.6,49.01,GreenValley
SKU03210,EverydayPlus Ready Meals 100g,Frozen Foods,Ready Meals,1127.93,810.37,EverydayPlus
SKU03211,EliteHome Notebooks 500ml,Stationery & Office,Notebooks,133.34,100.17,EliteHome
SKU03212,QuickBite Small Appliances 500ml,Electronics & Accessories,Small Appliances,1989.37,1491.33,QuickBite
SKU03213,UrbanBite Spices & Seasoning Pack of 6,Grocery,Spices & Seasoning,226.59,133.75,UrbanBite
SKU03214,FamilyChoice Men's Wear 250g,Apparel & Footwear,Men's Wear,1764.51,1239.97,FamilyChoice
SKU03215,SunriseFoods Energy Drinks Pack of 6,Beverages,Energy Drinks,169.43,102.27,SunriseFoods
SKU03216,EliteHome Small Appliances 500ml,Electronics & Accessories,Small Appliances,2157.51,1247.1,EliteHome
SKU03217,PurePlus First Aid Small,Health & Wellness,First Aid,683.2,463.48,PurePlus
SKU03218,BasicNeeds Butter & Ghee Family Pack,Dairy & Bakery,Butter & Ghee,177.98,141.83,BasicNeeds
SKU03219,ValueChoice Surface Cleaners 1kg,Home Care,Surface Cleaners,139.02,110.58,ValueChoice
SKU03220,CrispKing Energy Drinks Small,Beverages,Energy Drinks,83.11,57.62,CrispKing
SKU03221,ZestyCo Office Supplies 250g,Stationery & Office,Office Supplies,117.16,87.05,ZestyCo
SKU03222,CleanWave Candy Family Pack,Snacks & Confectionery,Candy,61.79,37.84,CleanWave
SKU03223,NovaFresh Bread 1L,Dairy & Bakery,Bread,207.4,125.7,NovaFresh
SKU03224,NatureBlend Frozen Vegetables Small,Frozen Foods,Frozen Vegetables,318.78,231.64,NatureBlend
SKU03225,BasicNeeds Small Appliances Small,Electronics & Accessories,Small Appliances,1644.59,1227.69,BasicNeeds
SKU03226,FamilyChoice Frozen Vegetables Pack of 6,Frozen Foods,Frozen Vegetables,375.15,275.91,FamilyChoice
SKU03227,CleanWave Frozen Vegetables 250ml,Frozen Foods,Frozen Vegetables,383.56,220.98,CleanWave
SKU03228,ValueChoice Frozen Vegetables Small,Frozen Foods,Frozen Vegetables,398.21,254.48,ValueChoice
SKU03229,EverydayPlus Home Decor 1L,Home & Kitchen,Home Decor,1284.76,720.81,EverydayPlus
SKU03230,SunriseFoods Oral Care Pack of 6,Personal Care,Oral Care,622.02,464.36,SunriseFoods
SKU03231,EliteHome Men's Wear Pack of 6,Apparel & Footwear,Men's Wear,1705.55,1070.98,EliteHome
SKU03232,EverydayPlus Men's Wear 500ml,Apparel & Footwear,Men's Wear,2223.84,1462.03,EverydayPlus
SKU03233,HealthFirst Writing Instruments 250g,Stationery & Office,Writing Instruments,334.11,232.11,HealthFirst
SKU03234,PurePlus Home Decor 2kg,Home & Kitchen,Home Decor,769.12,423.12,PurePlus
SKU03235,HomeStyle Footwear Family Pack,Apparel & Footwear,Footwear,1648.55,1052.65,HomeStyle
SKU03236,FamilyChoice Chocolates 1L,Snacks & Confectionery,Chocolates,160.9,117.75,FamilyChoice
SKU03237,FamilyChoice Kids Wear Pack of 6,Apparel & Footwear,Kids Wear,1413.17,878.31,FamilyChoice
SKU03238,BasicNeeds Small Appliances 1kg,Electronics & Accessories,Small Appliances,1110.29,769.01,BasicNeeds
SKU03239,SoftTouch Yogurt Pack of 12,Dairy & Bakery,Yogurt,165.27,131.27,SoftTouch
SKU03240,EverydayPlus Mobile Accessories 1L,Electronics & Accessories,Mobile Accessories,1042.33,604.07,EverydayPlus
SKU03241,NovaFresh Yogurt 1kg,Dairy & Bakery,Yogurt,112.19,69.23,NovaFresh
SKU03242,FreshFarm Ice Cream 500g,Frozen Foods,Ice Cream,245.93,177.31,FreshFarm
SKU03243,SparkleClean Footwear 250ml,Apparel & Footwear,Footwear,1144.93,800.99,SparkleClean
SKU03244,CleanWave Chips & Crisps 2L,Snacks & Confectionery,Chips & Crisps,116.8,92.8,CleanWave
SKU03245,SunriseFoods Skin Care 2kg,Personal Care,Skin Care,388.05,216.78,SunriseFoods
SKU03246,GreenValley Footwear 1kg,Apparel & Footwear,Footwear,2508.18,1930.04,GreenValley
SKU03247,SunriseFoods Air Fresheners 2kg,Home Care,Air Fresheners,300.98,202.3,SunriseFoods
SKU03248,SparkleClean Notebooks 2kg,Stationery & Office,Notebooks,165.37,100.33,SparkleClean
SKU03249,EliteHome Sugar & Salt Small,Grocery,Sugar & Salt,442.88,299.32,EliteHome
SKU03250,ValueChoice Mobile Accessories 1L,Electronics & Accessories,Mobile Accessories,972.67,635.2,ValueChoice
SKU03251,SmartBuy Kids Wear 1L,Apparel & Footwear,Kids Wear,2046.55,1217.36,SmartBuy
SKU03252,GoldenHarvest Notebooks 500g,Stationery & Office,Notebooks,478.33,289.32,GoldenHarvest
SKU03253,FreshFarm Soft Drinks 2L,Beverages,Soft Drinks,94.95,59.06,FreshFarm
SKU03254,NutriPlus Office Supplies Family Pack,Stationery & Office,Office Supplies,196.07,134.91,NutriPlus
SKU03255,SunriseFoods Men's Grooming Small,Personal Care,Men's Grooming,402.87,229.95,SunriseFoods
SKU03256,CityFresh Skin Care 500ml,Personal Care,Skin Care,454.99,260.35,CityFresh
SKU03257,PurePlus Skin Care 2kg,Personal Care,Skin Care,358.81,227.1,PurePlus
SKU03258,GreenValley First Aid 250ml,Health & Wellness,First Aid,1275.38,926.98,GreenValley
SKU03259,CleanWave Vitamins & Supplements 100g,Health & Wellness,Vitamins & Supplements,602.04,478.37,CleanWave
SKU03260,EverydayPlus Air Fresheners 100g,Home Care,Air Fresheners,199.9,110.54,EverydayPlus
SKU03261,FamilyChoice Sugar & Salt Small,Grocery,Sugar & Salt,92.36,73.25,FamilyChoice
SKU03262,SunriseFoods Office Supplies Medium,Stationery & Office,Office Supplies,239.42,172.74,SunriseFoods
SKU03263,EverydayPlus Biscuits & Cookies Family Pack,Snacks & Confectionery,Biscuits & Cookies,74.64,57.86,EverydayPlus
SKU03264,HomeStyle Juices Pack of 6,Beverages,Juices,225.45,154.23,HomeStyle
SKU03265,EverydayPlus OTC Medicine Large,Health & Wellness,OTC Medicine,616.83,410.65,EverydayPlus
SKU03266,MetroBrand Skin Care 500ml,Personal Care,Skin Care,419.02,312.71,MetroBrand
SKU03267,EliteHome First Aid 1kg,Health & Wellness,First Aid,216.74,149.07,EliteHome
SKU03268,NutriPlus Storage & Containers 1kg,Home & Kitchen,Storage & Containers,734.99,569.13,NutriPlus
SKU03269,PrimeCare Coffee 1kg,Beverages,Coffee,147.74,114.24,PrimeCare
SKU03270,UrbanBite Cheese Small,Dairy & Bakery,Cheese,147.5,100.69,UrbanBite
SKU03271,UrbanBite Ready Meals 100g,Frozen Foods,Ready Meals,587.02,407.06,UrbanBite
SKU03272,UrbanBite Kids Wear Family Pack,Apparel & Footwear,Kids Wear,857.58,569.49,UrbanBite
SKU03273,NutriPlus Vitamins & Supplements Small,Health & Wellness,Vitamins & Supplements,1262.9,912.26,NutriPlus
SKU03274,PremiumSelect Hair Care 250ml,Personal Care,Hair Care,156.95,113.1,PremiumSelect
SKU03275,FamilyChoice Vitamins & Supplements Pack of 12,Health & Wellness,Vitamins & Supplements,849.13,605.13,FamilyChoice
SKU03276,ZestyCo Writing Instruments 500g,Stationery & Office,Writing Instruments,273.21,154.52,ZestyCo
SKU03277,DailyBest Dishwashing 500ml,Home Care,Dishwashing,224.28,177.38,DailyBest
SKU03278,NutriPlus Cookware 250g,Home & Kitchen,Cookware,1619.2,1026.41,NutriPlus
SKU03279,PurePlus Kids Wear 250g,Apparel & Footwear,Kids Wear,1970.77,1205.23,PurePlus
SKU03280,NutriPlus Bread 100g,Dairy & Bakery,Bread,211.26,127.34,NutriPlus
SKU03281,SoftTouch Chips & Crisps Small,Snacks & Confectionery,Chips & Crisps,170.76,96.88,SoftTouch
SKU03282,PremiumSelect Men's Wear Small,Apparel & Footwear,Men's Wear,1550.85,1030.17,PremiumSelect
SKU03283,NutriPlus Chips & Crisps Large,Snacks & Confectionery,Chips & Crisps,93.64,52.48,NutriPlus
SKU03284,TrueTaste Bath & Body Family Pack,Personal Care,Bath & Body,248.67,146.77,TrueTaste
SKU03285,PrimeCare Biscuits & Cookies Family Pack,Snacks & Confectionery,Biscuits & Cookies,61.67,34.0,PrimeCare
SKU03286,PremiumSelect Vitamins & Supplements Family Pack,Health & Wellness,Vitamins & Supplements,731.23,434.11,PremiumSelect
SKU03287,MetroBrand Cheese 100g,Dairy & Bakery,Cheese,160.51,128.22,MetroBrand
SKU03288,NutriPlus OTC Medicine Small,Health & Wellness,OTC Medicine,1290.49,884.45,NutriPlus
SKU03289,CleanWave Notebooks Pack of 12,Stationery & Office,Notebooks,47.01,26.64,CleanWave
SKU03290,EverydayPlus Kids Wear 500g,Apparel & Footwear,Kids Wear,1672.77,1155.95,EverydayPlus
SKU03291,PremiumSelect Writing Instruments 500g,Stationery & Office,Writing Instruments,28.88,20.22,PremiumSelect
SKU03292,SoftTouch Pulses & Lentils Family Pack,Grocery,Pulses & Lentils,164.03,112.68,SoftTouch
SKU03293,NovaFresh Dishwashing Large,Home Care,Dishwashing,274.48,174.02,NovaFresh
SKU03294,SoftTouch Chips & Crisps 2kg,Snacks & Confectionery,Chips & Crisps,96.06,68.62,SoftTouch
SKU03295,SoftTouch Office Supplies 250g,Stationery & Office,Office Supplies,106.45,62.34,SoftTouch
SKU03296,PrimeCare Batteries 250ml,Electronics & Accessories,Batteries,3683.62,2228.19,PrimeCare
SKU03297,DailyBest Butter & Ghee 100g,Dairy & Bakery,Butter & Ghee,185.56,148.2,DailyBest
SKU03298,GreenValley Frozen Vegetables Pack of 12,Frozen Foods,Frozen Vegetables,380.92,249.08,GreenValley
SKU03299,ZestyCo OTC Medicine 250ml,Health & Wellness,OTC Medicine,1035.55,607.81,ZestyCo
SKU03300,PrimeCare Dishwashing 100g,Home Care,Dishwashing,279.78,169.06,PrimeCare
SKU03301,NovaFresh Surface Cleaners Family Pack,Home Care,Surface Cleaners,296.26,216.58,NovaFresh
SKU03302,SoftTouch Sugar & Salt Medium,Grocery,Sugar & Salt,426.07,246.72,SoftTouch
SKU03303,ZestyCo Air Fresheners Large,Home Care,Air Fresheners,240.49,153.55,ZestyCo
SKU03304,PurePlus Bath & Body Family Pack,Personal Care,Bath & Body,305.66,193.21,PurePlus
SKU03305,GoldenHarvest Footwear 100g,Apparel & Footwear,Footwear,1428.81,867.28,GoldenHarvest
SKU03306,FreshFarm Cookware Small,Home & Kitchen,Cookware,1549.76,1037.11,FreshFarm
SKU03307,UrbanBite Footwear Small,Apparel & Footwear,Footwear,732.34,422.95,UrbanBite
SKU03308,TrueTaste Flour & Atta Small,Grocery,Flour & Atta,274.59,182.37,TrueTaste
SKU03309,DailyBest Storage & Containers 1kg,Home & Kitchen,Storage & Containers,983.01,548.67,DailyBest
SKU03310,EliteHome Hair Care 250ml,Personal Care,Hair Care,724.69,574.38,EliteHome
SKU03311,QuickBite Bath & Body Large,Personal Care,Bath & Body,320.36,224.64,QuickBite
SKU03312,BasicNeeds Office Supplies 100g,Stationery & Office,Office Supplies,229.18,130.35,BasicNeeds
SKU03313,ValueChoice Home Decor Pack of 6,Home & Kitchen,Home Decor,322.08,192.5,ValueChoice
SKU03314,ValueChoice Rice & Grains Small,Grocery,Rice & Grains,199.25,146.27,ValueChoice
SKU03315,TrueTaste Oral Care Small,Personal Care,Oral Care,283.47,207.76,TrueTaste
SKU03316,PremiumSelect Small Appliances 2L,Electronics & Accessories,Small Appliances,1032.58,662.14,PremiumSelect
SKU03317,CrispKing Frozen Meat Small,Frozen Foods,Frozen Meat,498.63,292.75,CrispKing
SKU03318,HealthFirst Eggs Large,Dairy & Bakery,Eggs,348.98,238.7,HealthFirst
SKU03319,EverydayPlus Ice Cream Small,Frozen Foods,Ice Cream,397.04,245.81,EverydayPlus
SKU03320,DailyBest Cookware 250g,Home & Kitchen,Cookware,626.69,359.85,DailyBest
SKU03321,NutriPlus Chocolates 1kg,Snacks & Confectionery,Chocolates,86.3,54.93,NutriPlus
SKU03322,CityFresh Mobile Accessories 2kg,Electronics & Accessories,Mobile Accessories,3565.54,2630.49,CityFresh
SKU03323,UrbanBite Batteries 250ml,Electronics & Accessories,Batteries,3001.52,1916.58,UrbanBite
SKU03324,NovaFresh Storage & Containers 250ml,Home & Kitchen,Storage & Containers,1776.24,995.04,NovaFresh
SKU03325,SmartBuy Eggs 1kg,Dairy & Bakery,Eggs,62.69,36.37,SmartBuy
SKU03326,EliteHome Candy Pack of 12,Snacks & Confectionery,Candy,42.13,29.45,EliteHome
SKU03327,CrispKing Frozen Meat 250g,Frozen Foods,Frozen Meat,1118.06,760.88,CrispKing
SKU03328,HealthFirst Ice Cream Small,Frozen Foods,Ice Cream,617.66,443.92,HealthFirst
SKU03329,SoftTouch Bath & Body Pack of 6,Personal Care,Bath & Body,357.82,247.95,SoftTouch
SKU03330,ZestyCo Kids Wear Family Pack,Apparel & Footwear,Kids Wear,1155.58,779.22,ZestyCo
SKU03331,FreshFarm Kids Wear 100g,Apparel & Footwear,Kids Wear,1582.87,1058.59,FreshFarm
SKU03332,EliteHome Namkeen 2kg,Snacks & Confectionery,Namkeen,37.58,29.7,EliteHome
SKU03333,UrbanBite Footwear Large,Apparel & Footwear,Footwear,1220.63,934.48,UrbanBite
SKU03334,CleanWave Candy 1L,Snacks & Confectionery,Candy,42.39,27.37,CleanWave
SKU03335,ZestyCo Skin Care 2L,Personal Care,Skin Care,401.36,286.32,ZestyCo
SKU03336,PurePlus Cooking Oil 100g,Grocery,Cooking Oil,114.85,63.75,PurePlus
SKU03337,TrueTaste Oral Care Small,Personal Care,Oral Care,501.41,278.4,TrueTaste
SKU03338,NovaFresh Writing Instruments 1kg,Stationery & Office,Writing Instruments,154.69,97.4,NovaFresh
SKU03339,NatureBlend Surface Cleaners Family Pack,Home Care,Surface Cleaners,89.68,66.25,NatureBlend
SKU03340,DailyBest Small Appliances 250ml,Electronics & Accessories,Small Appliances,2111.32,1649.71,DailyBest
SKU03341,CleanWave Bottled Water 500g,Beverages,Bottled Water,163.6,117.91,CleanWave
SKU03342,DailyBest Vitamins & Supplements 2L,Health & Wellness,Vitamins & Supplements,445.26,323.52,DailyBest
SKU03343,SoftTouch Oral Care 1L,Personal Care,Oral Care,294.71,164.46,SoftTouch
SKU03344,NutriPlus Small Appliances 1L,Electronics & Accessories,Small Appliances,941.86,737.04,NutriPlus
SKU03345,DailyBest Notebooks Family Pack,Stationery & Office,Notebooks,132.54,75.77,DailyBest
SKU03346,MetroBrand Frozen Vegetables 250ml,Frozen Foods,Frozen Vegetables,612.84,482.14,MetroBrand
SKU03347,HealthFirst Energy Drinks 250ml,Beverages,Energy Drinks,90.7,53.1,HealthFirst
SKU03348,EverydayPlus Laundry Pack of 6,Home Care,Laundry,285.9,159.63,EverydayPlus
SKU03349,GreenValley Tea 500g,Beverages,Tea,54.49,37.65,GreenValley
SKU03350,PureLife Pest Control Medium,Home Care,Pest Control,143.76,83.15,PureLife
SKU03351,HomeStyle Pulses & Lentils 1kg,Grocery,Pulses & Lentils,192.83,107.45,HomeStyle
SKU03352,NovaFresh First Aid 1kg,Health & Wellness,First Aid,538.86,386.34,NovaFresh
SKU03353,EverydayPlus Cheese 100g,Dairy & Bakery,Cheese,48.61,35.71,EverydayPlus
SKU03354,FreshFarm Chips & Crisps 250ml,Snacks & Confectionery,Chips & Crisps,47.44,29.57,FreshFarm
SKU03355,NovaFresh Rice & Grains 2L,Grocery,Rice & Grains,127.47,87.11,NovaFresh
SKU03356,HealthFirst Cookware Pack of 12,Home & Kitchen,Cookware,1150.81,801.55,HealthFirst
SKU03357,EliteHome Storage & Containers Large,Home & Kitchen,Storage & Containers,731.86,431.95,EliteHome
SKU03358,SmartBuy Kids Wear Small,Apparel & Footwear,Kids Wear,1876.25,1238.35,SmartBuy
SKU03359,SunriseFoods Rice & Grains 2kg,Grocery,Rice & Grains,379.91,269.45,SunriseFoods
SKU03360,EverydayPlus Men's Grooming Medium,Personal Care,Men's Grooming,346.96,267.65,EverydayPlus
SKU03361,PremiumSelect Office Supplies 500g,Stationery & Office,Office Supplies,296.27,193.97,PremiumSelect
SKU03362,DailyBest Frozen Vegetables 1kg,Frozen Foods,Frozen Vegetables,722.06,523.37,DailyBest
SKU03363,CleanWave Energy Drinks 250ml,Beverages,Energy Drinks,111.1,75.04,CleanWave
SKU03364,HealthFirst Soft Drinks 2L,Beverages,Soft Drinks,136.35,99.1,HealthFirst
SKU03365,FreshFarm Bread 1kg,Dairy & Bakery,Bread,236.1,176.42,FreshFarm
SKU03366,FamilyChoice Writing Instruments Large,Stationery & Office,Writing Instruments,123.42,84.25,FamilyChoice
SKU03367,FreshFarm Chocolates 2kg,Snacks & Confectionery,Chocolates,124.08,70.14,FreshFarm
SKU03368,PrimeCare Home Decor 250ml,Home & Kitchen,Home Decor,1766.25,1357.98,PrimeCare
SKU03369,FamilyChoice Small Appliances Pack of 6,Electronics & Accessories,Small Appliances,1198.4,839.18,FamilyChoice
SKU03370,GoldenHarvest Notebooks 500ml,Stationery & Office,Notebooks,56.2,39.35,GoldenHarvest
SKU03371,CityFresh Kids Wear 500ml,Apparel & Footwear,Kids Wear,1424.23,964.73,CityFresh
SKU03372,PurePlus Yogurt Family Pack,Dairy & Bakery,Yogurt,279.34,165.79,PurePlus
SKU03373,GoldenHarvest Kids Wear 500ml,Apparel & Footwear,Kids Wear,1636.4,1098.91,GoldenHarvest
SKU03374,EliteHome Candy 250g,Snacks & Confectionery,Candy,70.93,48.53,EliteHome
SKU03375,EliteHome Butter & Ghee Pack of 12,Dairy & Bakery,Butter & Ghee,103.36,66.76,EliteHome
SKU03376,SmartBuy Biscuits & Cookies Pack of 12,Snacks & Confectionery,Biscuits & Cookies,68.38,40.16,SmartBuy
SKU03377,NatureBlend Tea 1kg,Beverages,Tea,169.11,125.24,NatureBlend
SKU03378,PureLife Coffee Medium,Beverages,Coffee,119.38,79.29,PureLife
SKU03379,QuickBite Candy 250ml,Snacks & Confectionery,Candy,57.39,41.62,QuickBite
SKU03380,ZestyCo Coffee 500g,Beverages,Coffee,41.15,23.12,ZestyCo
SKU03381,BasicNeeds Bath & Body 500g,Personal Care,Bath & Body,176.04,119.02,BasicNeeds
SKU03382,QuickBite Flour & Atta Pack of 12,Grocery,Flour & Atta,255.94,145.49,QuickBite
SKU03383,NovaFresh Pulses & Lentils 1kg,Grocery,Pulses & Lentils,214.46,157.28,NovaFresh
SKU03384,BasicNeeds Writing Instruments 1L,Stationery & Office,Writing Instruments,150.88,104.9,BasicNeeds
SKU03385,CleanWave Bottled Water Small,Beverages,Bottled Water,153.8,101.95,CleanWave
SKU03386,SunriseFoods Spices & Seasoning Medium,Grocery,Spices & Seasoning,290.62,230.52,SunriseFoods
SKU03387,SunriseFoods Flour & Atta 1L,Grocery,Flour & Atta,137.3,86.71,SunriseFoods
SKU03388,BasicNeeds Coffee Large,Beverages,Coffee,148.3,97.24,BasicNeeds
SKU03389,FreshFarm Frozen Vegetables 2kg,Frozen Foods,Frozen Vegetables,580.11,426.02,FreshFarm
SKU03390,SoftTouch Footwear Large,Apparel & Footwear,Footwear,1913.05,1303.29,SoftTouch
SKU03391,PurePlus Batteries 1kg,Electronics & Accessories,Batteries,1440.2,1029.21,PurePlus
SKU03392,CleanWave Ready Meals 100g,Frozen Foods,Ready Meals,1170.37,929.36,CleanWave
SKU03393,DailyBest Bottled Water Pack of 12,Beverages,Bottled Water,70.49,51.03,DailyBest
SKU03394,EliteHome Women's Wear Small,Apparel & Footwear,Women's Wear,1013.75,595.76,EliteHome
SKU03395,FamilyChoice Rice & Grains Large,Grocery,Rice & Grains,271.84,163.74,FamilyChoice
SKU03396,EverydayPlus OTC Medicine Large,Health & Wellness,OTC Medicine,661.74,507.86,EverydayPlus
SKU03397,SmartBuy Bath & Body 250g,Personal Care,Bath & Body,393.07,220.9,SmartBuy
SKU03398,CityFresh Home Decor Pack of 6,Home & Kitchen,Home Decor,1438.97,974.61,CityFresh
SKU03399,PurePlus Milk Pack of 12,Dairy & Bakery,Milk,159.0,123.46,PurePlus
SKU03400,MetroBrand Vitamins & Supplements Pack of 6,Health & Wellness,Vitamins & Supplements,256.16,190.6,MetroBrand
SKU03401,MetroBrand Pest Control 100g,Home Care,Pest Control,341.39,197.64,MetroBrand
SKU03402,SoftTouch Frozen Vegetables 100g,Frozen Foods,Frozen Vegetables,612.66,450.38,SoftTouch
SKU03403,BasicNeeds Writing Instruments Pack of 12,Stationery & Office,Writing Instruments,97.13,62.7,BasicNeeds
SKU03404,SoftTouch Batteries Medium,Electronics & Accessories,Batteries,2511.82,1947.47,SoftTouch
SKU03405,PurePlus Men's Grooming 500g,Personal Care,Men's Grooming,395.68,274.28,PurePlus
SKU03406,ValueChoice Pest Control 100g,Home Care,Pest Control,256.16,176.03,ValueChoice
SKU03407,CrispKing Small Appliances 500ml,Electronics & Accessories,Small Appliances,2410.17,1330.84,CrispKing
SKU03408,CleanWave Hair Care 2kg,Personal Care,Hair Care,250.13,153.18,CleanWave
SKU03409,MetroBrand Chocolates Family Pack,Snacks & Confectionery,Chocolates,117.67,76.86,MetroBrand
SKU03410,SparkleClean Air Fresheners Large,Home Care,Air Fresheners,470.86,344.19,SparkleClean
SKU03411,FreshFarm Sugar & Salt 2L,Grocery,Sugar & Salt,207.68,141.22,FreshFarm
SKU03412,SoftTouch Chips & Crisps Family Pack,Snacks & Confectionery,Chips & Crisps,131.71,100.51,SoftTouch
SKU03413,DailyBest Pest Control 1kg,Home Care,Pest Control,314.95,175.93,DailyBest
SKU03414,SoftTouch Women's Wear Family Pack,Apparel & Footwear,Women's Wear,958.95,604.83,SoftTouch
SKU03415,EliteHome Men's Wear 500ml,Apparel & Footwear,Men's Wear,1197.64,837.63,EliteHome
SKU03416,NutriPlus Bread 1L,Dairy & Bakery,Bread,176.91,126.44,NutriPlus
SKU03417,FreshFarm Air Fresheners 100g,Home Care,Air Fresheners,471.5,318.55,FreshFarm
SKU03418,PurePlus Soft Drinks 500g,Beverages,Soft Drinks,144.08,93.61,PurePlus
SKU03419,EliteHome Men's Wear 500g,Apparel & Footwear,Men's Wear,851.34,483.47,EliteHome
SKU03420,QuickBite Candy 1L,Snacks & Confectionery,Candy,143.9,104.19,QuickBite
SKU03421,DailyBest Footwear 500g,Apparel & Footwear,Footwear,2151.7,1669.57,DailyBest
SKU03422,MetroBrand Cookware 250g,Home & Kitchen,Cookware,1121.44,843.56,MetroBrand
SKU03423,DailyBest Small Appliances Pack of 6,Electronics & Accessories,Small Appliances,387.84,281.3,DailyBest
SKU03424,EverydayPlus Yogurt Large,Dairy & Bakery,Yogurt,150.83,106.87,EverydayPlus
SKU03425,QuickBite Office Supplies 250g,Stationery & Office,Office Supplies,202.48,150.44,QuickBite
SKU03426,SparkleClean Mobile Accessories 2L,Electronics & Accessories,Mobile Accessories,1315.65,979.08,SparkleClean
SKU03427,SparkleClean First Aid Family Pack,Health & Wellness,First Aid,807.12,445.32,SparkleClean
SKU03428,TrueTaste Home Decor 500ml,Home & Kitchen,Home Decor,399.86,255.7,TrueTaste
SKU03429,GoldenHarvest Home Decor 500g,Home & Kitchen,Home Decor,1112.21,853.08,GoldenHarvest
SKU03430,PremiumSelect Flour & Atta 250g,Grocery,Flour & Atta,348.18,265.56,PremiumSelect
SKU03431,CleanWave Cookware Family Pack,Home & Kitchen,Cookware,738.15,537.0,CleanWave
SKU03432,SoftTouch Men's Wear 500ml,Apparel & Footwear,Men's Wear,2629.94,1649.68,SoftTouch
SKU03433,HealthFirst Biscuits & Cookies 250g,Snacks & Confectionery,Biscuits & Cookies,162.07,121.47,HealthFirst
SKU03434,ZestyCo Milk Medium,Dairy & Bakery,Milk,108.68,66.07,ZestyCo
SKU03435,DailyBest Men's Wear Medium,Apparel & Footwear,Men's Wear,833.81,505.31,DailyBest
SKU03436,SparkleClean Chips & Crisps Pack of 12,Snacks & Confectionery,Chips & Crisps,186.38,127.47,SparkleClean
SKU03437,QuickBite Air Fresheners 250g,Home Care,Air Fresheners,275.11,190.61,QuickBite
SKU03438,EliteHome Batteries 250g,Electronics & Accessories,Batteries,1292.78,824.58,EliteHome
SKU03439,UrbanBite First Aid 1kg,Health & Wellness,First Aid,1316.84,923.03,UrbanBite
SKU03440,NutriPlus Home Decor 500g,Home & Kitchen,Home Decor,1688.83,1228.25,NutriPlus
SKU03441,HomeStyle Bottled Water 1L,Beverages,Bottled Water,275.82,164.13,HomeStyle
SKU03442,ValueChoice Butter & Ghee 250ml,Dairy & Bakery,Butter & Ghee,157.67,98.09,ValueChoice
SKU03443,MetroBrand Notebooks Small,Stationery & Office,Notebooks,100.22,72.66,MetroBrand
SKU03444,HealthFirst Frozen Meat 250g,Frozen Foods,Frozen Meat,386.65,302.29,HealthFirst
SKU03445,CityFresh Chips & Crisps Pack of 12,Snacks & Confectionery,Chips & Crisps,53.18,41.01,CityFresh
SKU03446,HomeStyle Bread Family Pack,Dairy & Bakery,Bread,142.94,83.25,HomeStyle
SKU03447,GreenValley Men's Grooming 250g,Personal Care,Men's Grooming,329.78,228.35,GreenValley
SKU03448,ValueChoice Ice Cream Pack of 6,Frozen Foods,Ice Cream,445.39,334.06,ValueChoice
SKU03449,NatureBlend Cheese 1L,Dairy & Bakery,Cheese,350.83,213.77,NatureBlend
SKU03450,UrbanBite OTC Medicine 250g,Health & Wellness,OTC Medicine,288.17,204.83,UrbanBite
SKU03451,SunriseFoods Pest Control 2kg,Home Care,Pest Control,145.02,95.27,SunriseFoods
SKU03452,PrimeCare First Aid Small,Health & Wellness,First Aid,1169.31,836.86,PrimeCare
SKU03453,ZestyCo Juices Large,Beverages,Juices,219.01,122.21,ZestyCo
SKU03454,QuickBite OTC Medicine 250ml,Health & Wellness,OTC Medicine,849.48,533.68,QuickBite
SKU03455,FreshFarm Notebooks 250g,Stationery & Office,Notebooks,309.96,194.29,FreshFarm
SKU03456,SunriseFoods Energy Drinks 1kg,Beverages,Energy Drinks,234.0,153.19,SunriseFoods
SKU03457,PremiumSelect Cheese Medium,Dairy & Bakery,Cheese,207.73,120.2,PremiumSelect
SKU03458,SoftTouch Batteries 2L,Electronics & Accessories,Batteries,1311.02,864.17,SoftTouch
SKU03459,NovaFresh OTC Medicine 500ml,Health & Wellness,OTC Medicine,797.02,546.26,NovaFresh
SKU03460,FamilyChoice Mobile Accessories 100g,Electronics & Accessories,Mobile Accessories,3034.93,1689.44,FamilyChoice
SKU03461,FreshFarm Frozen Vegetables Small,Frozen Foods,Frozen Vegetables,861.75,538.79,FreshFarm
SKU03462,HealthFirst Mobile Accessories 500ml,Electronics & Accessories,Mobile Accessories,1587.45,943.46,HealthFirst
SKU03463,TrueTaste First Aid 2L,Health & Wellness,First Aid,683.91,542.37,TrueTaste
SKU03464,MetroBrand Flour & Atta Medium,Grocery,Flour & Atta,244.37,142.36,MetroBrand
SKU03465,DailyBest Men's Wear 2L,Apparel & Footwear,Men's Wear,2905.8,2053.98,DailyBest
SKU03466,NatureBlend Dishwashing Large,Home Care,Dishwashing,352.05,229.0,NatureBlend
SKU03467,PureLife Spices & Seasoning 2L,Grocery,Spices & Seasoning,277.32,172.45,PureLife
SKU03468,PrimeCare Men's Grooming 250ml,Personal Care,Men's Grooming,662.07,505.5,PrimeCare
SKU03469,PremiumSelect Laundry Large,Home Care,Laundry,539.19,386.07,PremiumSelect
SKU03470,HealthFirst Tea Pack of 6,Beverages,Tea,86.06,60.68,HealthFirst
SKU03471,TrueTaste Notebooks Small,Stationery & Office,Notebooks,281.87,161.63,TrueTaste
SKU03472,HomeStyle Chocolates 1kg,Snacks & Confectionery,Chocolates,195.92,120.44,HomeStyle
SKU03473,NutriPlus Yogurt Pack of 12,Dairy & Bakery,Yogurt,195.88,121.27,NutriPlus
SKU03474,FreshFarm Air Fresheners 2L,Home Care,Air Fresheners,521.03,343.15,FreshFarm
SKU03475,DailyBest Men's Wear 250g,Apparel & Footwear,Men's Wear,2304.28,1798.18,DailyBest
SKU03476,CleanWave Mobile Accessories 1kg,Electronics & Accessories,Mobile Accessories,681.44,443.56,CleanWave
SKU03477,GreenValley Footwear Large,Apparel & Footwear,Footwear,1607.13,1015.71,GreenValley
SKU03478,GreenValley Candy 2L,Snacks & Confectionery,Candy,66.84,37.95,GreenValley
SKU03479,SparkleClean Cookware Small,Home & Kitchen,Cookware,1227.13,793.02,SparkleClean
SKU03480,MetroBrand Men's Wear 500g,Apparel & Footwear,Men's Wear,1003.83,565.25,MetroBrand
SKU03481,SoftTouch Surface Cleaners 1kg,Home Care,Surface Cleaners,492.83,316.05,SoftTouch
SKU03482,HomeStyle Ice Cream Family Pack,Frozen Foods,Ice Cream,333.71,264.28,HomeStyle
SKU03483,HealthFirst Cooking Oil 500ml,Grocery,Cooking Oil,487.7,336.03,HealthFirst
SKU03484,QuickBite Footwear Large,Apparel & Footwear,Footwear,1430.82,861.67,QuickBite
SKU03485,EliteHome Office Supplies Medium,Stationery & Office,Office Supplies,94.18,58.84,EliteHome
SKU03486,HomeStyle Air Fresheners 250ml,Home Care,Air Fresheners,494.17,342.35,HomeStyle
SKU03487,GreenValley Frozen Vegetables Family Pack,Frozen Foods,Frozen Vegetables,190.24,105.55,GreenValley
SKU03488,GreenValley Pest Control Small,Home Care,Pest Control,136.44,105.73,GreenValley
SKU03489,NovaFresh Spices & Seasoning 250g,Grocery,Spices & Seasoning,62.41,43.35,NovaFresh
SKU03490,CityFresh First Aid 250g,Health & Wellness,First Aid,1217.06,819.17,CityFresh
SKU03491,SoftTouch Batteries 250g,Electronics & Accessories,Batteries,2647.6,1930.26,SoftTouch
SKU03492,QuickBite Office Supplies Small,Stationery & Office,Office Supplies,71.49,42.9,QuickBite
SKU03493,CityFresh Office Supplies 500g,Stationery & Office,Office Supplies,216.47,120.23,CityFresh
SKU03494,NatureBlend Surface Cleaners 2kg,Home Care,Surface Cleaners,72.09,50.74,NatureBlend
SKU03495,ZestyCo Notebooks 500ml,Stationery & Office,Notebooks,77.84,45.93,ZestyCo
SKU03496,SunriseFoods Ice Cream 500g,Frozen Foods,Ice Cream,377.16,208.59,SunriseFoods
SKU03497,EverydayPlus OTC Medicine 2kg,Health & Wellness,OTC Medicine,524.06,409.94,EverydayPlus
SKU03498,PurePlus Vitamins & Supplements Pack of 12,Health & Wellness,Vitamins & Supplements,715.4,534.48,PurePlus
SKU03499,HealthFirst Office Supplies Family Pack,Stationery & Office,Office Supplies,189.82,109.82,HealthFirst
SKU03500,EliteHome Mobile Accessories 1L,Electronics & Accessories,Mobile Accessories,1732.5,1341.11,EliteHome
SKU03501,SoftTouch Energy Drinks Small,Beverages,Energy Drinks,168.06,95.27,SoftTouch
SKU03502,ValueChoice Flour & Atta 1L,Grocery,Flour & Atta,100.1,75.15,ValueChoice
SKU03503,TrueTaste Hair Care 500ml,Personal Care,Hair Care,225.31,147.27,TrueTaste
SKU03504,NovaFresh Frozen Vegetables 1L,Frozen Foods,Frozen Vegetables,847.78,576.1,NovaFresh
SKU03505,QuickBite Mobile Accessories Family Pack,Electronics & Accessories,Mobile Accessories,3317.78,2379.12,QuickBite
SKU03506,PremiumSelect Air Fresheners 100g,Home Care,Air Fresheners,541.05,310.94,PremiumSelect
SKU03507,SparkleClean Frozen Meat 1L,Frozen Foods,Frozen Meat,695.35,540.24,SparkleClean
SKU03508,NutriPlus Office Supplies 100g,Stationery & Office,Office Supplies,63.24,37.05,NutriPlus
SKU03509,DailyBest Hair Care Large,Personal Care,Hair Care,493.07,387.26,DailyBest
SKU03510,TrueTaste Pest Control Pack of 6,Home Care,Pest Control,143.24,82.06,TrueTaste
SKU03511,TrueTaste Ready Meals 100g,Frozen Foods,Ready Meals,709.78,420.9,TrueTaste
SKU03512,SunriseFoods Laundry Pack of 6,Home Care,Laundry,439.58,248.09,SunriseFoods
SKU03513,EliteHome Writing Instruments 500ml,Stationery & Office,Writing Instruments,216.89,140.86,EliteHome
SKU03514,NutriPlus Office Supplies 100g,Stationery & Office,Office Supplies,318.97,222.55,NutriPlus
SKU03515,GreenValley Frozen Meat Family Pack,Frozen Foods,Frozen Meat,266.34,188.11,GreenValley
SKU03516,GoldenHarvest Laundry 250ml,Home Care,Laundry,143.34,108.53,GoldenHarvest
SKU03517,HealthFirst OTC Medicine 100g,Health & Wellness,OTC Medicine,986.38,672.8,HealthFirst
SKU03518,CityFresh Chocolates Pack of 6,Snacks & Confectionery,Chocolates,126.26,85.54,CityFresh
SKU03519,FreshFarm Laundry 250ml,Home Care,Laundry,140.28,88.59,FreshFarm
SKU03520,PrimeCare Candy Pack of 6,Snacks & Confectionery,Candy,101.31,72.21,PrimeCare
SKU03521,SmartBuy Coffee 500g,Beverages,Coffee,44.89,34.89,SmartBuy
SKU03522,UrbanBite Soft Drinks Medium,Beverages,Soft Drinks,112.92,72.14,UrbanBite
SKU03523,GoldenHarvest Vitamins & Supplements 500ml,Health & Wellness,Vitamins & Supplements,348.18,222.52,GoldenHarvest
SKU03524,PurePlus Rice & Grains 500ml,Grocery,Rice & Grains,141.25,89.81,PurePlus
SKU03525,GoldenHarvest OTC Medicine Medium,Health & Wellness,OTC Medicine,880.36,534.25,GoldenHarvest
SKU03526,QuickBite Laundry 2L,Home Care,Laundry,154.53,106.88,QuickBite
SKU03527,CleanWave Bath & Body 100g,Personal Care,Bath & Body,419.97,242.07,CleanWave
SKU03528,CityFresh Kids Wear 2L,Apparel & Footwear,Kids Wear,1680.2,1274.77,CityFresh
SKU03529,FamilyChoice Ice Cream Pack of 6,Frozen Foods,Ice Cream,253.11,147.93,FamilyChoice
SKU03530,FamilyChoice Small Appliances 2kg,Electronics & Accessories,Small Appliances,2126.37,1261.96,FamilyChoice
SKU03531,SparkleClean Small Appliances 500g,Electronics & Accessories,Small Appliances,1772.13,1005.05,SparkleClean
SKU03532,SparkleClean Rice & Grains 100g,Grocery,Rice & Grains,94.55,61.02,SparkleClean
SKU03533,MetroBrand Chips & Crisps Medium,Snacks & Confectionery,Chips & Crisps,33.3,24.62,MetroBrand
SKU03534,CityFresh Frozen Vegetables 100g,Frozen Foods,Frozen Vegetables,333.74,259.49,CityFresh
SKU03535,DailyBest Office Supplies 2L,Stationery & Office,Office Supplies,178.62,117.63,DailyBest
SKU03536,SparkleClean Tea Medium,Beverages,Tea,127.11,77.38,SparkleClean
SKU03537,UrbanBite Soft Drinks 250ml,Beverages,Soft Drinks,150.25,109.89,UrbanBite
SKU03538,CleanWave Notebooks 1kg,Stationery & Office,Notebooks,85.84,61.98,CleanWave
SKU03539,GoldenHarvest Writing Instruments Pack of 12,Stationery & Office,Writing Instruments,68.39,49.27,GoldenHarvest
SKU03540,NutriPlus Namkeen Pack of 6,Snacks & Confectionery,Namkeen,203.99,134.81,NutriPlus
SKU03541,HealthFirst Hair Care 100g,Personal Care,Hair Care,711.13,491.62,HealthFirst
SKU03542,DailyBest OTC Medicine 2L,Health & Wellness,OTC Medicine,1566.44,885.81,DailyBest
SKU03543,NutriPlus Candy 100g,Snacks & Confectionery,Candy,203.21,124.47,NutriPlus
SKU03544,CrispKing Eggs 250ml,Dairy & Bakery,Eggs,184.75,144.43,CrispKing
SKU03545,DailyBest Oral Care 2kg,Personal Care,Oral Care,401.05,224.77,DailyBest
SKU03546,PrimeCare OTC Medicine Medium,Health & Wellness,OTC Medicine,496.17,310.3,PrimeCare
SKU03547,EliteHome Eggs Family Pack,Dairy & Bakery,Eggs,99.34,60.27,EliteHome
SKU03548,CrispKing Oral Care Pack of 12,Personal Care,Oral Care,170.33,99.23,CrispKing
SKU03549,SoftTouch Butter & Ghee Small,Dairy & Bakery,Butter & Ghee,173.56,135.57,SoftTouch
SKU03550,NatureBlend Footwear 100g,Apparel & Footwear,Footwear,865.57,503.31,NatureBlend
SKU03551,CleanWave Tea 100g,Beverages,Tea,177.14,119.1,CleanWave
SKU03552,CityFresh Chips & Crisps Small,Snacks & Confectionery,Chips & Crisps,93.62,71.14,CityFresh
SKU03553,PremiumSelect Candy 500ml,Snacks & Confectionery,Candy,236.82,130.48,PremiumSelect
SKU03554,SoftTouch Cookware 1L,Home & Kitchen,Cookware,1617.45,933.48,SoftTouch
SKU03555,EliteHome Office Supplies Pack of 12,Stationery & Office,Office Supplies,213.41,135.62,EliteHome
SKU03556,SparkleClean Ice Cream 250ml,Frozen Foods,Ice Cream,656.88,385.51,SparkleClean
SKU03557,EverydayPlus Tea Pack of 12,Beverages,Tea,154.56,92.07,EverydayPlus
SKU03558,PrimeCare Men's Wear Pack of 12,Apparel & Footwear,Men's Wear,1950.04,1360.72,PrimeCare
SKU03559,ZestyCo Surface Cleaners 1kg,Home Care,Surface Cleaners,121.55,72.04,ZestyCo
SKU03560,UrbanBite Home Decor Pack of 12,Home & Kitchen,Home Decor,3326.74,2361.03,UrbanBite
SKU03561,NovaFresh Hair Care 500g,Personal Care,Hair Care,616.36,480.07,NovaFresh
SKU03562,CleanWave Office Supplies 2kg,Stationery & Office,Office Supplies,51.41,31.22,CleanWave
SKU03563,HealthFirst Footwear Small,Apparel & Footwear,Footwear,793.38,478.46,HealthFirst
SKU03564,GoldenHarvest Candy Family Pack,Snacks & Confectionery,Candy,105.88,58.54,GoldenHarvest
SKU03565,HomeStyle Batteries 100g,Electronics & Accessories,Batteries,1015.46,562.23,HomeStyle
SKU03566,ZestyCo Cheese Pack of 6,Dairy & Bakery,Cheese,120.06,77.94,ZestyCo
SKU03567,EliteHome Bath & Body 2L,Personal Care,Bath & Body,458.98,308.55,EliteHome
SKU03568,CrispKing Butter & Ghee Pack of 6,Dairy & Bakery,Butter & Ghee,252.26,150.27,CrispKing
SKU03569,CrispKing Batteries Small,Electronics & Accessories,Batteries,3079.29,1942.25,CrispKing
SKU03570,GreenValley Eggs 250g,Dairy & Bakery,Eggs,208.44,121.95,GreenValley
SKU03571,ZestyCo OTC Medicine Small,Health & Wellness,OTC Medicine,1043.87,751.91,ZestyCo
SKU03572,CrispKing Frozen Vegetables 2kg,Frozen Foods,Frozen Vegetables,654.81,424.47,CrispKing
SKU03573,BasicNeeds Footwear 500g,Apparel & Footwear,Footwear,1738.69,1275.47,BasicNeeds
SKU03574,SmartBuy Writing Instruments 500ml,Stationery & Office,Writing Instruments,130.96,90.05,SmartBuy
SKU03575,SoftTouch Sugar & Salt 100g,Grocery,Sugar & Salt,162.88,104.95,SoftTouch
SKU03576,DailyBest Writing Instruments Pack of 6,Stationery & Office,Writing Instruments,61.97,43.79,DailyBest
SKU03577,DailyBest Energy Drinks 2L,Beverages,Energy Drinks,88.75,48.97,DailyBest
SKU03578,ZestyCo Ready Meals 1L,Frozen Foods,Ready Meals,225.73,163.11,ZestyCo
SKU03579,EverydayPlus Men's Grooming 100g,Personal Care,Men's Grooming,573.52,368.64,EverydayPlus
SKU03580,MetroBrand OTC Medicine Small,Health & Wellness,OTC Medicine,659.95,447.71,MetroBrand
SKU03581,ZestyCo Batteries 100g,Electronics & Accessories,Batteries,2270.43,1545.83,ZestyCo
SKU03582,CleanWave Cookware 1kg,Home & Kitchen,Cookware,1131.96,780.6,CleanWave
SKU03583,FreshFarm Hair Care 250ml,Personal Care,Hair Care,306.2,222.18,FreshFarm
SKU03584,MetroBrand Writing Instruments Pack of 12,Stationery & Office,Writing Instruments,48.59,28.07,MetroBrand
SKU03585,PureLife Eggs 500ml,Dairy & Bakery,Eggs,95.51,64.21,PureLife
SKU03586,PurePlus Chocolates Medium,Snacks & Confectionery,Chocolates,140.05,79.94,PurePlus
SKU03587,SunriseFoods Oral Care Family Pack,Personal Care,Oral Care,252.72,153.79,SunriseFoods
SKU03588,QuickBite Frozen Vegetables Small,Frozen Foods,Frozen Vegetables,609.28,363.93,QuickBite
SKU03589,PureLife Small Appliances 100g,Electronics & Accessories,Small Appliances,1456.54,1019.11,PureLife
SKU03590,ValueChoice Women's Wear Small,Apparel & Footwear,Women's Wear,3078.0,2159.29,ValueChoice
SKU03591,MetroBrand Chips & Crisps 1kg,Snacks & Confectionery,Chips & Crisps,128.36,97.26,MetroBrand
SKU03592,PureLife Cheese Large,Dairy & Bakery,Cheese,297.65,202.54,PureLife
SKU03593,SoftTouch Office Supplies Family Pack,Stationery & Office,Office Supplies,25.67,18.9,SoftTouch
SKU03594,EliteHome Laundry 250g,Home Care,Laundry,477.39,368.67,EliteHome
SKU03595,ZestyCo Chocolates 250g,Snacks & Confectionery,Chocolates,164.86,96.18,ZestyCo
SKU03596,EverydayPlus Writing Instruments Pack of 12,Stationery & Office,Writing Instruments,222.89,162.76,EverydayPlus
SKU03597,GreenValley Laundry 500g,Home Care,Laundry,411.9,260.31,GreenValley
SKU03598,CleanWave Notebooks Family Pack,Stationery & Office,Notebooks,83.08,51.47,CleanWave
SKU03599,UrbanBite Office Supplies 2L,Stationery & Office,Office Supplies,160.95,127.27,UrbanBite
SKU03600,CrispKing Storage & Containers 2L,Home & Kitchen,Storage & Containers,708.02,425.95,CrispKing
SKU03601,PrimeCare Frozen Vegetables Medium,Frozen Foods,Frozen Vegetables,790.24,615.31,PrimeCare
SKU03602,MetroBrand Men's Wear 1kg,Apparel & Footwear,Men's Wear,1565.25,1183.22,MetroBrand
SKU03603,NatureBlend Writing Instruments 2L,Stationery & Office,Writing Instruments,222.12,170.96,NatureBlend
SKU03604,NovaFresh Eggs Family Pack,Dairy & Bakery,Eggs,122.62,85.4,NovaFresh
SKU03605,FamilyChoice Spices & Seasoning 100g,Grocery,Spices & Seasoning,75.17,52.33,FamilyChoice
SKU03606,ZestyCo Cheese 500g,Dairy & Bakery,Cheese,152.07,98.94,ZestyCo
SKU03607,SparkleClean OTC Medicine 500g,Health & Wellness,OTC Medicine,325.03,211.34,SparkleClean
SKU03608,PureLife Ready Meals 250ml,Frozen Foods,Ready Meals,1095.08,835.18,PureLife
SKU03609,CityFresh Pulses & Lentils 250g,Grocery,Pulses & Lentils,139.89,90.5,CityFresh
SKU03610,GreenValley Frozen Vegetables 500g,Frozen Foods,Frozen Vegetables,462.94,310.94,GreenValley
SKU03611,CityFresh Candy Medium,Snacks & Confectionery,Candy,164.98,131.84,CityFresh
SKU03612,PurePlus Ice Cream 500ml,Frozen Foods,Ice Cream,290.1,185.25,PurePlus
SKU03613,FamilyChoice Ready Meals 250ml,Frozen Foods,Ready Meals,434.98,328.69,FamilyChoice
SKU03614,QuickBite Vitamins & Supplements 500ml,Health & Wellness,Vitamins & Supplements,1256.7,778.27,QuickBite
SKU03615,SunriseFoods Hair Care Family Pack,Personal Care,Hair Care,801.2,445.68,SunriseFoods
SKU03616,SoftTouch Hair Care 1L,Personal Care,Hair Care,372.86,260.39,SoftTouch
SKU03617,DailyBest Mobile Accessories 1L,Electronics & Accessories,Mobile Accessories,1976.08,1323.65,DailyBest
SKU03618,BasicNeeds Batteries Large,Electronics & Accessories,Batteries,374.62,279.72,BasicNeeds
SKU03619,SparkleClean Men's Wear 100g,Apparel & Footwear,Men's Wear,1080.68,595.5,SparkleClean
SKU03620,NatureBlend Men's Grooming 1L,Personal Care,Men's Grooming,962.2,546.18,NatureBlend
SKU03621,SparkleClean Surface Cleaners Small,Home Care,Surface Cleaners,370.39,283.32,SparkleClean
SKU03622,NatureBlend Yogurt 1L,Dairy & Bakery,Yogurt,288.6,193.42,NatureBlend
SKU03623,FamilyChoice Ice Cream Large,Frozen Foods,Ice Cream,521.36,352.75,FamilyChoice
SKU03624,PrimeCare Juices Large,Beverages,Juices,108.21,65.61,PrimeCare
SKU03625,SparkleClean Surface Cleaners 250ml,Home Care,Surface Cleaners,135.59,105.96,SparkleClean
SKU03626,GoldenHarvest Chips & Crisps Medium,Snacks & Confectionery,Chips & Crisps,187.54,146.02,GoldenHarvest
SKU03627,HealthFirst Ready Meals 1kg,Frozen Foods,Ready Meals,1083.01,735.55,HealthFirst
SKU03628,NutriPlus Home Decor 1kg,Home & Kitchen,Home Decor,914.74,552.92,NutriPlus
SKU03629,EverydayPlus Notebooks Family Pack,Stationery & Office,Notebooks,190.67,151.72,EverydayPlus
SKU03630,NutriPlus Surface Cleaners 100g,Home Care,Surface Cleaners,234.93,181.63,NutriPlus
SKU03631,FreshFarm Flour & Atta 250ml,Grocery,Flour & Atta,394.93,268.69,FreshFarm
SKU03632,NutriPlus Biscuits & Cookies Pack of 6,Snacks & Confectionery,Biscuits & Cookies,87.25,61.65,NutriPlus
SKU03633,SunriseFoods Soft Drinks 500ml,Beverages,Soft Drinks,118.27,78.05,SunriseFoods
SKU03634,ZestyCo Footwear Medium,Apparel & Footwear,Footwear,2372.1,1426.85,ZestyCo
SKU03635,CityFresh Notebooks 1kg,Stationery & Office,Notebooks,230.58,166.1,CityFresh
SKU03636,PurePlus Ice Cream 2L,Frozen Foods,Ice Cream,299.31,214.69,PurePlus
SKU03637,TrueTaste Biscuits & Cookies 250g,Snacks & Confectionery,Biscuits & Cookies,91.64,62.94,TrueTaste
SKU03638,CrispKing Flour & Atta 1kg,Grocery,Flour & Atta,133.01,100.24,CrispKing
SKU03639,CrispKing Notebooks 500g,Stationery & Office,Notebooks,137.55,91.19,CrispKing
SKU03640,UrbanBite Butter & Ghee Small,Dairy & Bakery,Butter & Ghee,331.65,253.79,UrbanBite
SKU03641,GreenValley Tea 1kg,Beverages,Tea,134.3,81.15,GreenValley
SKU03642,GreenValley Chocolates Pack of 12,Snacks & Confectionery,Chocolates,273.44,216.14,GreenValley
SKU03643,BasicNeeds Bread 250ml,Dairy & Bakery,Bread,259.02,155.74,BasicNeeds
SKU03644,SmartBuy Vitamins & Supplements 2L,Health & Wellness,Vitamins & Supplements,649.61,383.29,SmartBuy
SKU03645,EliteHome Storage & Containers Large,Home & Kitchen,Storage & Containers,2452.91,1719.12,EliteHome
SKU03646,NovaFresh Eggs Medium,Dairy & Bakery,Eggs,342.83,196.53,NovaFresh
SKU03647,PremiumSelect Batteries 100g,Electronics & Accessories,Batteries,1456.54,862.25,PremiumSelect
SKU03648,NutriPlus Rice & Grains Small,Grocery,Rice & Grains,312.11,228.55,NutriPlus
SKU03649,MetroBrand Sugar & Salt Family Pack,Grocery,Sugar & Salt,451.0,282.79,MetroBrand
SKU03650,NatureBlend Spices & Seasoning Pack of 12,Grocery,Spices & Seasoning,250.71,188.04,NatureBlend
SKU03651,PrimeCare Office Supplies 500g,Stationery & Office,Office Supplies,193.72,114.08,PrimeCare
SKU03652,CleanWave Ready Meals Pack of 6,Frozen Foods,Ready Meals,905.61,585.32,CleanWave
SKU03653,HealthFirst Footwear Pack of 6,Apparel & Footwear,Footwear,2747.25,1776.29,HealthFirst
SKU03654,MetroBrand Spices & Seasoning Pack of 6,Grocery,Spices & Seasoning,98.57,66.05,MetroBrand
SKU03655,SparkleClean Flour & Atta 500ml,Grocery,Flour & Atta,335.52,218.96,SparkleClean
SKU03656,PureLife Cookware 1L,Home & Kitchen,Cookware,1079.71,698.24,PureLife
SKU03657,PremiumSelect Tea Pack of 6,Beverages,Tea,321.49,203.22,PremiumSelect
SKU03658,ZestyCo Juices 500ml,Beverages,Juices,202.55,112.17,ZestyCo
SKU03659,DailyBest Ready Meals Small,Frozen Foods,Ready Meals,484.55,341.19,DailyBest
SKU03660,SunriseFoods First Aid Pack of 12,Health & Wellness,First Aid,340.18,227.37,SunriseFoods
SKU03661,QuickBite Candy 2kg,Snacks & Confectionery,Candy,195.37,125.69,QuickBite
SKU03662,BasicNeeds Surface Cleaners Pack of 6,Home Care,Surface Cleaners,275.54,166.11,BasicNeeds
SKU03663,FreshFarm Batteries Small,Electronics & Accessories,Batteries,2474.65,1912.53,FreshFarm
SKU03664,TrueTaste Pest Control 1L,Home Care,Pest Control,139.83,85.22,TrueTaste
SKU03665,BasicNeeds Oral Care Pack of 12,Personal Care,Oral Care,311.73,243.22,BasicNeeds
SKU03666,BasicNeeds Cooking Oil 250g,Grocery,Cooking Oil,125.46,75.82,BasicNeeds
SKU03667,BasicNeeds Dishwashing 250ml,Home Care,Dishwashing,291.82,231.37,BasicNeeds
SKU03668,CityFresh Footwear Pack of 12,Apparel & Footwear,Footwear,2009.1,1315.88,CityFresh
SKU03669,QuickBite OTC Medicine Large,Health & Wellness,OTC Medicine,1245.54,850.93,QuickBite
SKU03670,SoftTouch Cookware Pack of 6,Home & Kitchen,Cookware,955.67,597.01,SoftTouch
SKU03671,EverydayPlus Bottled Water Pack of 6,Beverages,Bottled Water,91.48,71.79,EverydayPlus
SKU03672,TrueTaste Cooking Oil 250ml,Grocery,Cooking Oil,193.3,119.97,TrueTaste
SKU03673,GoldenHarvest Ice Cream Pack of 12,Frozen Foods,Ice Cream,619.3,453.67,GoldenHarvest
SKU03674,NutriPlus Chips & Crisps 250ml,Snacks & Confectionery,Chips & Crisps,266.04,147.68,NutriPlus
SKU03675,EliteHome OTC Medicine 100g,Health & Wellness,OTC Medicine,1591.33,1097.51,EliteHome
SKU03676,QuickBite Home Decor 1kg,Home & Kitchen,Home Decor,1392.72,1024.2,QuickBite
SKU03677,PrimeCare Hair Care Pack of 6,Personal Care,Hair Care,507.31,338.74,PrimeCare
SKU03678,TrueTaste Frozen Vegetables Family Pack,Frozen Foods,Frozen Vegetables,508.25,361.28,TrueTaste
SKU03679,DailyBest Batteries 1L,Electronics & Accessories,Batteries,1956.97,1452.1,DailyBest
SKU03680,TrueTaste Juices Medium,Beverages,Juices,169.14,114.18,TrueTaste
SKU03681,BasicNeeds Home Decor Small,Home & Kitchen,Home Decor,581.19,351.34,BasicNeeds
SKU03682,FamilyChoice Namkeen 2L,Snacks & Confectionery,Namkeen,34.13,22.16,FamilyChoice
SKU03683,SmartBuy Footwear Medium,Apparel & Footwear,Footwear,1392.52,1020.29,SmartBuy
SKU03684,CleanWave First Aid 500ml,Health & Wellness,First Aid,1376.71,850.49,CleanWave
SKU03685,PurePlus Energy Drinks 500ml,Beverages,Energy Drinks,44.86,31.76,PurePlus
SKU03686,QuickBite Mobile Accessories Small,Electronics & Accessories,Mobile Accessories,1933.77,1135.26,QuickBite
SKU03687,DailyBest Biscuits & Cookies Pack of 6,Snacks & Confectionery,Biscuits & Cookies,100.41,78.58,DailyBest
SKU03688,FreshFarm Vitamins & Supplements 1L,Health & Wellness,Vitamins & Supplements,671.66,470.66,FreshFarm
SKU03689,SparkleClean Office Supplies 500ml,Stationery & Office,Office Supplies,368.35,245.71,SparkleClean
SKU03690,EliteHome Writing Instruments Family Pack,Stationery & Office,Writing Instruments,312.29,235.12,EliteHome
SKU03691,NutriPlus Cookware 100g,Home & Kitchen,Cookware,736.36,551.75,NutriPlus
SKU03692,TrueTaste Dishwashing 100g,Home Care,Dishwashing,267.69,153.74,TrueTaste
SKU03693,UrbanBite Ice Cream 1L,Frozen Foods,Ice Cream,1381.82,866.08,UrbanBite
SKU03694,HealthFirst Cheese 100g,Dairy & Bakery,Cheese,328.79,218.53,HealthFirst
SKU03695,EliteHome Writing Instruments 250ml,Stationery & Office,Writing Instruments,209.27,132.91,EliteHome
SKU03696,PrimeCare Air Fresheners 2L,Home Care,Air Fresheners,211.56,133.14,PrimeCare
SKU03697,EverydayPlus Men's Wear 500ml,Apparel & Footwear,Men's Wear,2871.26,1832.0,EverydayPlus
SKU03698,MetroBrand Hair Care 1kg,Personal Care,Hair Care,422.86,247.59,MetroBrand
SKU03699,ValueChoice Batteries 2kg,Electronics & Accessories,Batteries,2185.11,1267.05,ValueChoice
SKU03700,CleanWave Chocolates Pack of 6,Snacks & Confectionery,Chocolates,85.82,52.79,CleanWave
SKU03701,CrispKing Mobile Accessories Family Pack,Electronics & Accessories,Mobile Accessories,2591.76,1470.88,CrispKing
SKU03702,HomeStyle Cooking Oil Small,Grocery,Cooking Oil,473.65,320.92,HomeStyle
SKU03703,CleanWave Tea 2L,Beverages,Tea,115.62,68.02,CleanWave
SKU03704,GoldenHarvest Skin Care 500g,Personal Care,Skin Care,370.99,210.31,GoldenHarvest
SKU03705,MetroBrand Surface Cleaners 1kg,Home Care,Surface Cleaners,254.25,193.05,MetroBrand
SKU03706,SmartBuy Mobile Accessories 500ml,Electronics & Accessories,Mobile Accessories,2125.77,1481.4,SmartBuy
SKU03707,GreenValley Skin Care 1kg,Personal Care,Skin Care,247.37,191.61,GreenValley
SKU03708,ZestyCo Pulses & Lentils Pack of 12,Grocery,Pulses & Lentils,102.64,81.69,ZestyCo
SKU03709,PurePlus Cheese 250ml,Dairy & Bakery,Cheese,266.41,186.06,PurePlus
SKU03710,CityFresh Laundry Medium,Home Care,Laundry,95.93,71.85,CityFresh
SKU03711,SparkleClean Ready Meals 2kg,Frozen Foods,Ready Meals,521.8,307.8,SparkleClean
SKU03712,GoldenHarvest Vitamins & Supplements 1L,Health & Wellness,Vitamins & Supplements,756.91,548.45,GoldenHarvest
SKU03713,PrimeCare Candy Pack of 12,Snacks & Confectionery,Candy,197.54,135.79,PrimeCare
SKU03714,SparkleClean OTC Medicine 1kg,Health & Wellness,OTC Medicine,1127.31,810.65,SparkleClean
SKU03715,NatureBlend OTC Medicine Small,Health & Wellness,OTC Medicine,930.79,536.3,NatureBlend
SKU03716,EliteHome Footwear 2L,Apparel & Footwear,Footwear,883.69,692.77,EliteHome
SKU03717,FreshFarm Frozen Vegetables Pack of 6,Frozen Foods,Frozen Vegetables,240.36,157.28,FreshFarm
SKU03718,PureLife Women's Wear 500ml,Apparel & Footwear,Women's Wear,2305.93,1715.5,PureLife
SKU03719,PureLife Namkeen Family Pack,Snacks & Confectionery,Namkeen,134.23,107.07,PureLife
SKU03720,QuickBite Batteries Small,Electronics & Accessories,Batteries,2020.2,1552.18,QuickBite
SKU03721,PurePlus Rice & Grains 500g,Grocery,Rice & Grains,300.22,188.52,PurePlus
SKU03722,SparkleClean Tea 2L,Beverages,Tea,78.55,51.1,SparkleClean
SKU03723,NovaFresh Home Decor Large,Home & Kitchen,Home Decor,912.9,650.13,NovaFresh
SKU03724,SmartBuy Pest Control 2kg,Home Care,Pest Control,380.37,260.37,SmartBuy
SKU03725,FamilyChoice First Aid 2L,Health & Wellness,First Aid,977.64,637.98,FamilyChoice
SKU03726,ValueChoice Vitamins & Supplements Small,Health & Wellness,Vitamins & Supplements,411.19,293.32,ValueChoice
SKU03727,QuickBite Mobile Accessories 2kg,Electronics & Accessories,Mobile Accessories,1660.93,1291.18,QuickBite
SKU03728,DailyBest Biscuits & Cookies 1L,Snacks & Confectionery,Biscuits & Cookies,126.47,79.34,DailyBest
SKU03729,FamilyChoice Biscuits & Cookies 2L,Snacks & Confectionery,Biscuits & Cookies,111.51,64.91,FamilyChoice
SKU03730,FreshFarm Pulses & Lentils 500g,Grocery,Pulses & Lentils,223.49,160.68,FreshFarm
SKU03731,GoldenHarvest Storage & Containers 500g,Home & Kitchen,Storage & Containers,1599.44,1115.45,GoldenHarvest
SKU03732,SparkleClean Chips & Crisps 2L,Snacks & Confectionery,Chips & Crisps,114.01,88.52,SparkleClean
SKU03733,NatureBlend Frozen Meat 500g,Frozen Foods,Frozen Meat,598.28,440.13,NatureBlend
SKU03734,SunriseFoods Dishwashing Family Pack,Home Care,Dishwashing,441.41,286.6,SunriseFoods
SKU03735,MetroBrand Soft Drinks 1L,Beverages,Soft Drinks,128.98,91.36,MetroBrand
SKU03736,ValueChoice Men's Grooming Pack of 12,Personal Care,Men's Grooming,234.21,179.31,ValueChoice
SKU03737,FreshFarm Spices & Seasoning 250ml,Grocery,Spices & Seasoning,235.68,150.1,FreshFarm
SKU03738,EliteHome Candy 2kg,Snacks & Confectionery,Candy,62.53,34.61,EliteHome
SKU03739,NatureBlend Tea 1L,Beverages,Tea,140.88,99.54,NatureBlend
SKU03740,SoftTouch Men's Wear Pack of 12,Apparel & Footwear,Men's Wear,2021.49,1124.92,SoftTouch
SKU03741,HealthFirst Ready Meals 250ml,Frozen Foods,Ready Meals,497.2,389.99,HealthFirst
SKU03742,HealthFirst Writing Instruments 2kg,Stationery & Office,Writing Instruments,83.18,49.25,HealthFirst
SKU03743,PremiumSelect Air Fresheners 500g,Home Care,Air Fresheners,253.24,162.98,PremiumSelect
SKU03744,SparkleClean Biscuits & Cookies 2L,Snacks & Confectionery,Biscuits & Cookies,72.29,56.86,SparkleClean
SKU03745,SmartBuy First Aid Pack of 12,Health & Wellness,First Aid,574.68,327.56,SmartBuy
SKU03746,SparkleClean Writing Instruments 1L,Stationery & Office,Writing Instruments,223.44,123.13,SparkleClean
SKU03747,CityFresh Frozen Meat 1kg,Frozen Foods,Frozen Meat,411.88,237.21,CityFresh
SKU03748,SparkleClean Flour & Atta 1kg,Grocery,Flour & Atta,165.67,131.96,SparkleClean
SKU03749,PremiumSelect Eggs 250ml,Dairy & Bakery,Eggs,229.84,182.25,PremiumSelect
SKU03750,FamilyChoice Notebooks 250ml,Stationery & Office,Notebooks,148.43,95.91,FamilyChoice
SKU03751,CityFresh Frozen Vegetables 1kg,Frozen Foods,Frozen Vegetables,393.38,289.42,CityFresh
SKU03752,EliteHome Office Supplies Family Pack,Stationery & Office,Office Supplies,119.85,87.97,EliteHome
SKU03753,SparkleClean Ice Cream 2kg,Frozen Foods,Ice Cream,653.46,375.71,SparkleClean
SKU03754,CityFresh Sugar & Salt 1kg,Grocery,Sugar & Salt,421.65,256.69,CityFresh
SKU03755,SoftTouch Storage & Containers Pack of 6,Home & Kitchen,Storage & Containers,1185.42,915.44,SoftTouch
SKU03756,GreenValley Kids Wear Medium,Apparel & Footwear,Kids Wear,1150.76,680.59,GreenValley
SKU03757,FamilyChoice Small Appliances 500ml,Electronics & Accessories,Small Appliances,1271.47,864.87,FamilyChoice
SKU03758,NutriPlus Writing Instruments Pack of 12,Stationery & Office,Writing Instruments,118.71,72.54,NutriPlus
SKU03759,PrimeCare Biscuits & Cookies 250g,Snacks & Confectionery,Biscuits & Cookies,117.37,80.92,PrimeCare
SKU03760,SparkleClean Storage & Containers 1L,Home & Kitchen,Storage & Containers,643.46,385.52,SparkleClean
SKU03761,NovaFresh Biscuits & Cookies 100g,Snacks & Confectionery,Biscuits & Cookies,141.48,85.45,NovaFresh
SKU03762,SunriseFoods Writing Instruments 500g,Stationery & Office,Writing Instruments,220.73,123.98,SunriseFoods
SKU03763,GoldenHarvest Namkeen 2L,Snacks & Confectionery,Namkeen,85.93,68.53,GoldenHarvest
SKU03764,FreshFarm Frozen Vegetables 1kg,Frozen Foods,Frozen Vegetables,945.01,546.47,FreshFarm
SKU03765,CityFresh Kids Wear 100g,Apparel & Footwear,Kids Wear,1105.89,723.15,CityFresh
SKU03766,ValueChoice Flour & Atta 500g,Grocery,Flour & Atta,268.44,175.66,ValueChoice
SKU03767,UrbanBite Pulses & Lentils Small,Grocery,Pulses & Lentils,360.34,225.54,UrbanBite
SKU03768,CleanWave Cookware 2L,Home & Kitchen,Cookware,3321.91,2486.44,CleanWave
SKU03769,GoldenHarvest Spices & Seasoning 250ml,Grocery,Spices & Seasoning,96.33,61.11,GoldenHarvest
SKU03770,SmartBuy OTC Medicine Family Pack,Health & Wellness,OTC Medicine,691.48,488.44,SmartBuy
SKU03771,FreshFarm Office Supplies 250ml,Stationery & Office,Office Supplies,153.58,105.32,FreshFarm
SKU03772,CleanWave First Aid Large,Health & Wellness,First Aid,245.96,188.41,CleanWave
SKU03773,CleanWave Air Fresheners 250ml,Home Care,Air Fresheners,152.43,115.06,CleanWave
SKU03774,HomeStyle Surface Cleaners 100g,Home Care,Surface Cleaners,384.33,232.32,HomeStyle
SKU03775,HealthFirst First Aid 250g,Health & Wellness,First Aid,787.79,581.02,HealthFirst
SKU03776,EliteHome Frozen Meat 2kg,Frozen Foods,Frozen Meat,335.33,250.87,EliteHome
SKU03777,EverydayPlus Frozen Vegetables 500g,Frozen Foods,Frozen Vegetables,361.49,281.89,EverydayPlus
SKU03778,SoftTouch Energy Drinks 500g,Beverages,Energy Drinks,155.82,123.22,SoftTouch
SKU03779,PureLife First Aid 250ml,Health & Wellness,First Aid,638.13,468.54,PureLife
SKU03780,DailyBest Mobile Accessories Family Pack,Electronics & Accessories,Mobile Accessories,3123.93,2069.55,DailyBest
SKU03781,SmartBuy Small Appliances 1kg,Electronics & Accessories,Small Appliances,1471.19,916.91,SmartBuy
SKU03782,ValueChoice Rice & Grains 1kg,Grocery,Rice & Grains,58.53,44.84,ValueChoice
SKU03783,CrispKing Batteries Family Pack,Electronics & Accessories,Batteries,1069.2,832.79,CrispKing
SKU03784,ValueChoice Mobile Accessories 1kg,Electronics & Accessories,Mobile Accessories,1234.71,709.21,ValueChoice
SKU03785,PremiumSelect Biscuits & Cookies Medium,Snacks & Confectionery,Biscuits & Cookies,233.48,160.77,PremiumSelect
SKU03786,HomeStyle Storage & Containers Pack of 6,Home & Kitchen,Storage & Containers,1371.52,798.63,HomeStyle
SKU03787,MetroBrand Ready Meals Large,Frozen Foods,Ready Meals,694.67,425.76,MetroBrand
SKU03788,EliteHome Pest Control 2L,Home Care,Pest Control,82.95,53.57,EliteHome
SKU03789,BasicNeeds Small Appliances 2L,Electronics & Accessories,Small Appliances,1048.14,658.01,BasicNeeds
SKU03790,EliteHome Frozen Vegetables 1kg,Frozen Foods,Frozen Vegetables,745.39,543.39,EliteHome
SKU03791,TrueTaste Frozen Vegetables 2L,Frozen Foods,Frozen Vegetables,836.9,476.82,TrueTaste
SKU03792,HealthFirst Yogurt Pack of 12,Dairy & Bakery,Yogurt,235.81,165.88,HealthFirst
SKU03793,FamilyChoice Office Supplies Family Pack,Stationery & Office,Office Supplies,232.87,161.93,FamilyChoice
SKU03794,CleanWave Notebooks 250g,Stationery & Office,Notebooks,131.35,98.09,CleanWave
SKU03795,SparkleClean Soft Drinks 500g,Beverages,Soft Drinks,162.83,93.49,SparkleClean
SKU03796,GoldenHarvest Batteries 100g,Electronics & Accessories,Batteries,1839.46,1164.66,GoldenHarvest
SKU03797,PremiumSelect Rice & Grains Small,Grocery,Rice & Grains,361.59,261.89,PremiumSelect
SKU03798,NatureBlend Skin Care 250g,Personal Care,Skin Care,531.23,386.69,NatureBlend
SKU03799,FreshFarm Office Supplies Large,Stationery & Office,Office Supplies,272.04,180.2,FreshFarm
SKU03800,ValueChoice Chocolates 250ml,Snacks & Confectionery,Chocolates,114.46,76.17,ValueChoice
SKU03801,BasicNeeds Skin Care 2kg,Personal Care,Skin Care,657.63,520.34,BasicNeeds
SKU03802,NovaFresh Namkeen Family Pack,Snacks & Confectionery,Namkeen,37.67,23.79,NovaFresh
SKU03803,SparkleClean Batteries Pack of 12,Electronics & Accessories,Batteries,989.21,581.19,SparkleClean
SKU03804,BasicNeeds Surface Cleaners 2L,Home Care,Surface Cleaners,257.43,202.91,BasicNeeds
SKU03805,FamilyChoice OTC Medicine Large,Health & Wellness,OTC Medicine,1279.53,962.72,FamilyChoice
SKU03806,HomeStyle Notebooks Small,Stationery & Office,Notebooks,81.99,49.95,HomeStyle
SKU03807,TrueTaste Ice Cream Pack of 6,Frozen Foods,Ice Cream,347.25,265.41,TrueTaste
SKU03808,HealthFirst Small Appliances 2kg,Electronics & Accessories,Small Appliances,1626.96,997.45,HealthFirst
SKU03809,NovaFresh Bottled Water Family Pack,Beverages,Bottled Water,39.49,29.89,NovaFresh
SKU03810,SparkleClean Candy Pack of 12,Snacks & Confectionery,Candy,174.05,123.08,SparkleClean
SKU03811,NutriPlus Writing Instruments Family Pack,Stationery & Office,Writing Instruments,239.04,160.31,NutriPlus
SKU03812,CityFresh Storage & Containers Family Pack,Home & Kitchen,Storage & Containers,1167.25,912.81,CityFresh
SKU03813,PurePlus OTC Medicine 2L,Health & Wellness,OTC Medicine,1597.17,1201.62,PurePlus
SKU03814,NatureBlend Bath & Body 250ml,Personal Care,Bath & Body,390.08,227.21,NatureBlend
SKU03815,EliteHome Candy Family Pack,Snacks & Confectionery,Candy,160.57,116.64,EliteHome
SKU03816,FreshFarm Home Decor Family Pack,Home & Kitchen,Home Decor,2031.96,1518.64,FreshFarm
SKU03817,SoftTouch Kids Wear 250g,Apparel & Footwear,Kids Wear,677.89,464.55,SoftTouch
SKU03818,TrueTaste Biscuits & Cookies Pack of 6,Snacks & Confectionery,Biscuits & Cookies,148.24,91.76,TrueTaste
SKU03819,CityFresh First Aid Pack of 6,Health & Wellness,First Aid,470.54,286.38,CityFresh
SKU03820,ZestyCo OTC Medicine Small,Health & Wellness,OTC Medicine,961.05,762.63,ZestyCo
SKU03821,CityFresh Air Fresheners Family Pack,Home Care,Air Fresheners,132.88,87.59,CityFresh
SKU03822,NutriPlus Notebooks 1kg,Stationery & Office,Notebooks,242.23,164.65,NutriPlus
SKU03823,HomeStyle Juices Family Pack,Beverages,Juices,54.63,38.22,HomeStyle
SKU03824,EliteHome Eggs Pack of 6,Dairy & Bakery,Eggs,470.84,270.81,EliteHome
SKU03825,BasicNeeds Juices 250g,Beverages,Juices,105.66,60.26,BasicNeeds
SKU03826,PurePlus Mobile Accessories 1L,Electronics & Accessories,Mobile Accessories,3319.6,1990.21,PurePlus
SKU03827,DailyBest OTC Medicine 500g,Health & Wellness,OTC Medicine,403.01,228.24,DailyBest
SKU03828,NovaFresh Notebooks Family Pack,Stationery & Office,Notebooks,327.11,253.39,NovaFresh
SKU03829,EliteHome Ready Meals Small,Frozen Foods,Ready Meals,660.71,387.84,EliteHome
SKU03830,PurePlus Tea Large,Beverages,Tea,136.62,82.88,PurePlus
SKU03831,SmartBuy Pest Control Pack of 6,Home Care,Pest Control,110.38,75.54,SmartBuy
SKU03832,GreenValley Tea 250ml,Beverages,Tea,107.73,83.39,GreenValley
SKU03833,DailyBest Small Appliances 500ml,Electronics & Accessories,Small Appliances,2097.29,1179.22,DailyBest
SKU03834,GoldenHarvest Small Appliances Family Pack,Electronics & Accessories,Small Appliances,1737.86,1049.66,GoldenHarvest
SKU03835,TrueTaste Cookware 500g,Home & Kitchen,Cookware,897.0,654.22,TrueTaste
SKU03836,SmartBuy Men's Grooming Large,Personal Care,Men's Grooming,442.52,300.82,SmartBuy
SKU03837,GoldenHarvest Eggs 500ml,Dairy & Bakery,Eggs,197.06,137.67,GoldenHarvest
SKU03838,MetroBrand Rice & Grains 2L,Grocery,Rice & Grains,259.95,144.07,MetroBrand
SKU03839,HealthFirst Skin Care Pack of 12,Personal Care,Skin Care,598.7,459.02,HealthFirst
SKU03840,HealthFirst Dishwashing 250g,Home Care,Dishwashing,255.12,177.23,HealthFirst
SKU03841,UrbanBite Men's Wear 500g,Apparel & Footwear,Men's Wear,989.04,750.28,UrbanBite
SKU03842,PremiumSelect Women's Wear 500g,Apparel & Footwear,Women's Wear,941.03,744.29,PremiumSelect
SKU03843,FamilyChoice Energy Drinks Small,Beverages,Energy Drinks,125.55,92.03,FamilyChoice
SKU03844,TrueTaste Butter & Ghee 250g,Dairy & Bakery,Butter & Ghee,100.64,56.13,TrueTaste
SKU03845,MetroBrand Frozen Vegetables Pack of 6,Frozen Foods,Frozen Vegetables,622.07,452.79,MetroBrand
SKU03846,SoftTouch Oral Care 250g,Personal Care,Oral Care,245.51,169.61,SoftTouch
SKU03847,FamilyChoice Pulses & Lentils Small,Grocery,Pulses & Lentils,100.07,57.63,FamilyChoice
SKU03848,PremiumSelect Home Decor Family Pack,Home & Kitchen,Home Decor,1270.1,784.42,PremiumSelect
SKU03849,MetroBrand Mobile Accessories 500ml,Electronics & Accessories,Mobile Accessories,613.72,363.45,MetroBrand
SKU03850,TrueTaste Ready Meals 1kg,Frozen Foods,Ready Meals,514.7,402.09,TrueTaste
SKU03851,SoftTouch Butter & Ghee 500ml,Dairy & Bakery,Butter & Ghee,99.5,74.51,SoftTouch
SKU03852,TrueTaste Cookware Pack of 12,Home & Kitchen,Cookware,568.41,412.22,TrueTaste
SKU03853,DailyBest Spices & Seasoning Pack of 12,Grocery,Spices & Seasoning,326.25,241.7,DailyBest
SKU03854,SmartBuy Surface Cleaners Pack of 6,Home Care,Surface Cleaners,482.43,337.85,SmartBuy
SKU03855,MetroBrand Footwear 2L,Apparel & Footwear,Footwear,683.9,522.37,MetroBrand
SKU03856,EliteHome Writing Instruments Pack of 6,Stationery & Office,Writing Instruments,115.78,70.3,EliteHome
SKU03857,HomeStyle Eggs 1kg,Dairy & Bakery,Eggs,233.07,142.78,HomeStyle
SKU03858,MetroBrand First Aid 1kg,Health & Wellness,First Aid,620.77,433.26,MetroBrand
SKU03859,NovaFresh Chips & Crisps Large,Snacks & Confectionery,Chips & Crisps,109.65,82.52,NovaFresh
SKU03860,FamilyChoice Soft Drinks 2L,Beverages,Soft Drinks,107.87,81.87,FamilyChoice
SKU03861,TrueTaste Oral Care Medium,Personal Care,Oral Care,803.59,638.1,TrueTaste
SKU03862,EverydayPlus Storage & Containers Pack of 6,Home & Kitchen,Storage & Containers,965.23,714.82,EverydayPlus
SKU03863,PremiumSelect Small Appliances 500ml,Electronics & Accessories,Small Appliances,1941.52,1180.8,PremiumSelect
SKU03864,BasicNeeds Surface Cleaners 2L,Home Care,Surface Cleaners,266.5,161.94,BasicNeeds
SKU03865,GreenValley Yogurt Pack of 12,Dairy & Bakery,Yogurt,266.91,176.53,GreenValley
SKU03866,PurePlus Juices 500g,Beverages,Juices,126.0,89.78,PurePlus
SKU03867,GoldenHarvest Butter & Ghee 500ml,Dairy & Bakery,Butter & Ghee,62.88,42.65,GoldenHarvest
SKU03868,NovaFresh Coffee Pack of 12,Beverages,Coffee,115.75,65.61,NovaFresh
SKU03869,EliteHome Chips & Crisps 250g,Snacks & Confectionery,Chips & Crisps,109.56,73.46,EliteHome
SKU03870,MetroBrand Mobile Accessories 250g,Electronics & Accessories,Mobile Accessories,301.78,227.63,MetroBrand
SKU03871,ValueChoice Coffee 500g,Beverages,Coffee,35.34,21.56,ValueChoice
SKU03872,DailyBest Flour & Atta 2L,Grocery,Flour & Atta,403.77,286.18,DailyBest
SKU03873,SmartBuy Ready Meals 1kg,Frozen Foods,Ready Meals,855.7,528.33,SmartBuy
SKU03874,CityFresh Bread 500ml,Dairy & Bakery,Bread,224.65,154.77,CityFresh
SKU03875,EliteHome Pest Control 500g,Home Care,Pest Control,203.41,147.52,EliteHome
SKU03876,NovaFresh Energy Drinks 1kg,Beverages,Energy Drinks,232.78,140.09,NovaFresh
SKU03877,SoftTouch Candy 100g,Snacks & Confectionery,Candy,87.54,64.33,SoftTouch
SKU03878,SparkleClean Laundry Medium,Home Care,Laundry,123.56,88.86,SparkleClean
SKU03879,TrueTaste Batteries 500ml,Electronics & Accessories,Batteries,2646.29,1662.37,TrueTaste
SKU03880,GoldenHarvest Skin Care 500g,Personal Care,Skin Care,719.08,556.38,GoldenHarvest
SKU03881,BasicNeeds Frozen Vegetables 1L,Frozen Foods,Frozen Vegetables,565.72,421.53,BasicNeeds
SKU03882,CityFresh Frozen Meat Large,Frozen Foods,Frozen Meat,290.83,197.85,CityFresh
SKU03883,MetroBrand Bread Medium,Dairy & Bakery,Bread,181.52,103.59,MetroBrand
SKU03884,SoftTouch Butter & Ghee Large,Dairy & Bakery,Butter & Ghee,307.65,203.1,SoftTouch
SKU03885,MetroBrand Pest Control 500ml,Home Care,Pest Control,497.7,314.78,MetroBrand
SKU03886,NovaFresh Pulses & Lentils 250ml,Grocery,Pulses & Lentils,190.65,117.37,NovaFresh
SKU03887,MetroBrand Batteries 2kg,Electronics & Accessories,Batteries,514.28,365.6,MetroBrand
SKU03888,NovaFresh OTC Medicine 2kg,Health & Wellness,OTC Medicine,697.0,543.96,NovaFresh
SKU03889,PurePlus Yogurt Large,Dairy & Bakery,Yogurt,291.44,170.97,PurePlus
SKU03890,ValueChoice Hair Care 500g,Personal Care,Hair Care,659.39,484.92,ValueChoice
SKU03891,MetroBrand Eggs Medium,Dairy & Bakery,Eggs,159.69,112.65,MetroBrand
SKU03892,CityFresh Vitamins & Supplements Large,Health & Wellness,Vitamins & Supplements,510.74,366.08,CityFresh
SKU03893,MetroBrand Kids Wear Medium,Apparel & Footwear,Kids Wear,1643.55,1251.23,MetroBrand
SKU03894,CityFresh Bottled Water Pack of 6,Beverages,Bottled Water,88.51,56.99,CityFresh
SKU03895,BasicNeeds Men's Grooming Medium,Personal Care,Men's Grooming,173.56,120.6,BasicNeeds
SKU03896,CleanWave Spices & Seasoning 100g,Grocery,Spices & Seasoning,380.04,235.32,CleanWave
SKU03897,SmartBuy Pest Control Medium,Home Care,Pest Control,97.07,60.29,SmartBuy
SKU03898,SunriseFoods Candy 1L,Snacks & Confectionery,Candy,196.68,133.41,SunriseFoods
SKU03899,EliteHome Oral Care Family Pack,Personal Care,Oral Care,369.05,203.65,EliteHome
SKU03900,GreenValley Air Fresheners 250g,Home Care,Air Fresheners,516.82,316.31,GreenValley
SKU03901,CrispKing Milk Large,Dairy & Bakery,Milk,110.45,64.93,CrispKing
SKU03902,MetroBrand Oral Care 2L,Personal Care,Oral Care,342.12,198.42,MetroBrand
SKU03903,FreshFarm Men's Wear 250g,Apparel & Footwear,Men's Wear,1303.15,842.04,FreshFarm
SKU03904,EliteHome Kids Wear 1L,Apparel & Footwear,Kids Wear,2752.22,1585.53,EliteHome
SKU03905,DailyBest Sugar & Salt 100g,Grocery,Sugar & Salt,404.11,237.85,DailyBest
SKU03906,GoldenHarvest Bath & Body 250g,Personal Care,Bath & Body,125.53,90.03,GoldenHarvest
SKU03907,QuickBite Home Decor 1L,Home & Kitchen,Home Decor,876.73,624.96,QuickBite
SKU03908,NutriPlus Frozen Vegetables Medium,Frozen Foods,Frozen Vegetables,951.93,748.46,NutriPlus
SKU03909,CityFresh Candy 250g,Snacks & Confectionery,Candy,78.39,61.15,CityFresh
SKU03910,FamilyChoice First Aid 1kg,Health & Wellness,First Aid,664.29,510.5,FamilyChoice
SKU03911,BasicNeeds Coffee 250ml,Beverages,Coffee,89.02,64.34,BasicNeeds
SKU03912,NovaFresh Spices & Seasoning 2L,Grocery,Spices & Seasoning,181.63,112.0,NovaFresh
SKU03913,NutriPlus First Aid 100g,Health & Wellness,First Aid,468.93,278.8,NutriPlus
SKU03914,CrispKing Frozen Meat Pack of 6,Frozen Foods,Frozen Meat,268.05,211.05,CrispKing
SKU03915,FreshFarm Kids Wear 1L,Apparel & Footwear,Kids Wear,1708.53,1349.58,FreshFarm
SKU03916,CrispKing Bath & Body Family Pack,Personal Care,Bath & Body,149.76,101.25,CrispKing
SKU03917,EverydayPlus Home Decor 2kg,Home & Kitchen,Home Decor,1503.21,1032.86,EverydayPlus
SKU03918,GreenValley Surface Cleaners 1L,Home Care,Surface Cleaners,192.73,106.26,GreenValley
SKU03919,MetroBrand Batteries 250g,Electronics & Accessories,Batteries,535.43,314.38,MetroBrand
SKU03920,UrbanBite Tea Large,Beverages,Tea,230.58,158.29,UrbanBite
SKU03921,MetroBrand Soft Drinks Medium,Beverages,Soft Drinks,69.99,41.68,MetroBrand
SKU03922,NutriPlus Men's Wear 250ml,Apparel & Footwear,Men's Wear,2095.66,1403.43,NutriPlus
SKU03923,HomeStyle Cookware 500ml,Home & Kitchen,Cookware,1592.34,1192.23,HomeStyle
SKU03924,GreenValley Writing Instruments Medium,Stationery & Office,Writing Instruments,272.17,204.18,GreenValley
SKU03925,BasicNeeds Butter & Ghee 2kg,Dairy & Bakery,Butter & Ghee,166.83,127.69,BasicNeeds
SKU03926,TrueTaste Sugar & Salt 1kg,Grocery,Sugar & Salt,411.28,250.44,TrueTaste
SKU03927,GoldenHarvest Office Supplies 1kg,Stationery & Office,Office Supplies,287.74,189.33,GoldenHarvest
SKU03928,FamilyChoice Vitamins & Supplements Pack of 12,Health & Wellness,Vitamins & Supplements,501.18,354.19,FamilyChoice
SKU03929,CrispKing Chips & Crisps 1kg,Snacks & Confectionery,Chips & Crisps,126.5,87.95,CrispKing
SKU03930,SmartBuy Women's Wear 250g,Apparel & Footwear,Women's Wear,1786.19,1428.54,SmartBuy
SKU03931,GreenValley Home Decor 500g,Home & Kitchen,Home Decor,1536.0,950.89,GreenValley
SKU03932,QuickBite Milk Family Pack,Dairy & Bakery,Milk,188.65,107.12,QuickBite
SKU03933,NovaFresh Men's Wear Large,Apparel & Footwear,Men's Wear,2467.37,1596.3,NovaFresh
SKU03934,HomeStyle Men's Wear Family Pack,Apparel & Footwear,Men's Wear,1977.79,1343.92,HomeStyle
SKU03935,PrimeCare Frozen Meat 2kg,Frozen Foods,Frozen Meat,522.89,338.21,PrimeCare
SKU03936,DailyBest OTC Medicine 500ml,Health & Wellness,OTC Medicine,1559.07,981.97,DailyBest
SKU03937,EverydayPlus Eggs 1L,Dairy & Bakery,Eggs,235.76,144.83,EverydayPlus
SKU03938,CrispKing Writing Instruments 1L,Stationery & Office,Writing Instruments,132.09,86.77,CrispKing
SKU03939,DailyBest Notebooks 100g,Stationery & Office,Notebooks,126.76,91.56,DailyBest
SKU03940,NatureBlend Writing Instruments 2L,Stationery & Office,Writing Instruments,235.21,138.12,NatureBlend
SKU03941,CityFresh Batteries 100g,Electronics & Accessories,Batteries,2059.71,1578.53,CityFresh
SKU03942,NatureBlend Pulses & Lentils 2kg,Grocery,Pulses & Lentils,240.46,170.79,NatureBlend
SKU03943,UrbanBite Bath & Body 2kg,Personal Care,Bath & Body,216.19,124.71,UrbanBite
SKU03944,SoftTouch Pest Control Pack of 12,Home Care,Pest Control,344.74,191.63,SoftTouch
SKU03945,ZestyCo Notebooks Large,Stationery & Office,Notebooks,140.02,78.81,ZestyCo
SKU03946,ZestyCo Frozen Meat Pack of 12,Frozen Foods,Frozen Meat,849.0,486.13,ZestyCo
SKU03947,PrimeCare Frozen Vegetables 500ml,Frozen Foods,Frozen Vegetables,464.65,330.31,PrimeCare
SKU03948,MetroBrand Coffee 1L,Beverages,Coffee,68.23,53.58,MetroBrand
SKU03949,SunriseFoods Women's Wear 1L,Apparel & Footwear,Women's Wear,1149.07,670.28,SunriseFoods
SKU03950,FreshFarm Hair Care 500g,Personal Care,Hair Care,318.71,197.95,FreshFarm
SKU03951,CityFresh Juices Family Pack,Beverages,Juices,156.85,120.22,CityFresh
SKU03952,CityFresh Notebooks Large,Stationery & Office,Notebooks,382.65,258.83,CityFresh
SKU03953,ZestyCo Chocolates 1kg,Snacks & Confectionery,Chocolates,132.43,86.98,ZestyCo
SKU03954,CrispKing Spices & Seasoning 250g,Grocery,Spices & Seasoning,378.57,253.0,CrispKing
SKU03955,MetroBrand Pulses & Lentils 500g,Grocery,Pulses & Lentils,499.04,287.09,MetroBrand
SKU03956,SoftTouch Laundry Pack of 6,Home Care,Laundry,223.29,135.07,SoftTouch
SKU03957,CityFresh Bottled Water 100g,Beverages,Bottled Water,88.38,69.86,CityFresh
SKU03958,PrimeCare Home Decor 250g,Home & Kitchen,Home Decor,707.73,503.09,PrimeCare
SKU03959,PurePlus Frozen Meat Pack of 6,Frozen Foods,Frozen Meat,316.0,196.42,PurePlus
SKU03960,GreenValley Cheese 500g,Dairy & Bakery,Cheese,171.93,135.26,GreenValley
SKU03961,DailyBest Rice & Grains 250g,Grocery,Rice & Grains,132.37,85.96,DailyBest
SKU03962,SoftTouch Air Fresheners 100g,Home Care,Air Fresheners,298.31,174.58,SoftTouch
SKU03963,ZestyCo Energy Drinks Pack of 12,Beverages,Energy Drinks,127.38,100.8,ZestyCo
SKU03964,PremiumSelect Office Supplies 250ml,Stationery & Office,Office Supplies,109.67,78.58,PremiumSelect
SKU03965,FamilyChoice Bread 2kg,Dairy & Bakery,Bread,81.54,60.19,FamilyChoice
SKU03966,UrbanBite Air Fresheners Pack of 6,Home Care,Air Fresheners,367.96,204.45,UrbanBite
SKU03967,NatureBlend Cooking Oil 500g,Grocery,Cooking Oil,173.22,107.53,NatureBlend
SKU03968,EliteHome Soft Drinks 1L,Beverages,Soft Drinks,119.45,93.93,EliteHome
SKU03969,ZestyCo Biscuits & Cookies 1L,Snacks & Confectionery,Biscuits & Cookies,109.07,64.23,ZestyCo
SKU03970,PrimeCare Spices & Seasoning Pack of 12,Grocery,Spices & Seasoning,526.03,404.19,PrimeCare
SKU03971,EverydayPlus Batteries Pack of 6,Electronics & Accessories,Batteries,1736.31,1289.41,EverydayPlus
SKU03972,HomeStyle Office Supplies Pack of 12,Stationery & Office,Office Supplies,257.16,165.77,HomeStyle
SKU03973,FamilyChoice Office Supplies 1kg,Stationery & Office,Office Supplies,79.3,61.19,FamilyChoice
SKU03974,NovaFresh Cheese 500g,Dairy & Bakery,Cheese,228.41,178.31,NovaFresh
SKU03975,DailyBest Men's Wear 2L,Apparel & Footwear,Men's Wear,1906.33,1461.62,DailyBest
SKU03976,FreshFarm Frozen Meat 100g,Frozen Foods,Frozen Meat,451.64,294.41,FreshFarm
SKU03977,UrbanBite Sugar & Salt 500ml,Grocery,Sugar & Salt,227.8,158.73,UrbanBite
SKU03978,PurePlus Coffee Pack of 6,Beverages,Coffee,192.57,120.65,PurePlus
SKU03979,SoftTouch Frozen Vegetables Medium,Frozen Foods,Frozen Vegetables,823.95,479.94,SoftTouch
SKU03980,SoftTouch Laundry Pack of 6,Home Care,Laundry,315.01,244.3,SoftTouch
SKU03981,GreenValley Flour & Atta Family Pack,Grocery,Flour & Atta,285.57,227.11,GreenValley
SKU03982,BasicNeeds Writing Instruments 2L,Stationery & Office,Writing Instruments,217.81,122.99,BasicNeeds
SKU03983,FamilyChoice Small Appliances 500ml,Electronics & Accessories,Small Appliances,2768.56,1998.72,FamilyChoice
SKU03984,SparkleClean Ready Meals 1kg,Frozen Foods,Ready Meals,331.05,260.64,SparkleClean
SKU03985,MetroBrand Notebooks Pack of 12,Stationery & Office,Notebooks,195.76,137.42,MetroBrand
SKU03986,NatureBlend Notebooks Medium,Stationery & Office,Notebooks,239.18,134.37,NatureBlend
SKU03987,CleanWave Writing Instruments 2kg,Stationery & Office,Writing Instruments,167.23,92.6,CleanWave
SKU03988,PrimeCare Bread 250g,Dairy & Bakery,Bread,227.15,153.56,PrimeCare
SKU03989,NovaFresh Home Decor 100g,Home & Kitchen,Home Decor,544.65,427.54,NovaFresh
SKU03990,SparkleClean Ice Cream Pack of 6,Frozen Foods,Ice Cream,690.44,427.88,SparkleClean
SKU03991,DailyBest Batteries Pack of 6,Electronics & Accessories,Batteries,2711.33,1728.69,DailyBest
SKU03992,QuickBite Cookware 250g,Home & Kitchen,Cookware,1113.75,834.2,QuickBite
SKU03993,HealthFirst Soft Drinks 100g,Beverages,Soft Drinks,64.74,48.58,HealthFirst
SKU03994,CrispKing Pest Control Pack of 6,Home Care,Pest Control,281.11,220.93,CrispKing
SKU03995,NutriPlus Coffee 250ml,Beverages,Coffee,177.76,135.04,NutriPlus
SKU03996,ZestyCo Milk 500ml,Dairy & Bakery,Milk,304.55,212.72,ZestyCo
SKU03997,SoftTouch Bath & Body 1kg,Personal Care,Bath & Body,308.27,241.9,SoftTouch
SKU03998,MetroBrand Storage & Containers Pack of 12,Home & Kitchen,Storage & Containers,625.71,440.25,MetroBrand
SKU03999,GoldenHarvest Storage & Containers Small,Home & Kitchen,Storage & Containers,494.75,346.52,GoldenHarvest
SKU04000,HealthFirst Men's Grooming 100g,Personal Care,Men's Grooming,682.46,378.0,HealthFirst
SKU04001,SoftTouch Yogurt 250g,Dairy & Bakery,Yogurt,183.48,121.81,SoftTouch
SKU04002,EverydayPlus Frozen Vegetables 2L,Frozen Foods,Frozen Vegetables,714.86,400.85,EverydayPlus
SKU04003,BasicNeeds Cookware Pack of 6,Home & Kitchen,Cookware,1197.42,927.63,BasicNeeds
SKU04004,CrispKing Office Supplies 500g,Stationery & Office,Office Supplies,309.68,171.13,CrispKing
SKU04005,EverydayPlus Candy 500g,Snacks & Confectionery,Candy,129.46,81.14,EverydayPlus
SKU04006,CityFresh Chips & Crisps Pack of 12,Snacks & Confectionery,Chips & Crisps,198.6,158.64,CityFresh
SKU04007,SoftTouch Small Appliances 500ml,Electronics & Accessories,Small Appliances,1079.7,808.44,SoftTouch
SKU04008,GreenValley Butter & Ghee 250g,Dairy & Bakery,Butter & Ghee,284.43,210.31,GreenValley
SKU04009,FreshFarm Chocolates Pack of 6,Snacks & Confectionery,Chocolates,63.37,46.15,FreshFarm
SKU04010,NatureBlend Rice & Grains 250g,Grocery,Rice & Grains,253.31,142.57,NatureBlend
SKU04011,TrueTaste Bath & Body 1kg,Personal Care,Bath & Body,107.6,66.93,TrueTaste
SKU04012,BasicNeeds Bath & Body Pack of 12,Personal Care,Bath & Body,631.0,473.01,BasicNeeds
SKU04013,GoldenHarvest Ice Cream 1kg,Frozen Foods,Ice Cream,447.28,346.14,GoldenHarvest
SKU04014,PremiumSelect Namkeen 100g,Snacks & Confectionery,Namkeen,76.21,48.58,PremiumSelect
SKU04015,SoftTouch Small Appliances Family Pack,Electronics & Accessories,Small Appliances,1698.51,1044.34,SoftTouch
SKU04016,HealthFirst Small Appliances 1kg,Electronics & Accessories,Small Appliances,1492.65,908.98,HealthFirst
SKU04017,FamilyChoice Air Fresheners 1L,Home Care,Air Fresheners,119.49,82.09,FamilyChoice
SKU04018,CrispKing Candy Medium,Snacks & Confectionery,Candy,96.14,59.88,CrispKing
SKU04019,NatureBlend Ice Cream Family Pack,Frozen Foods,Ice Cream,496.8,275.89,NatureBlend
SKU04020,NutriPlus Small Appliances Medium,Electronics & Accessories,Small Appliances,3224.18,2088.26,NutriPlus
SKU04021,SparkleClean Oral Care 250ml,Personal Care,Oral Care,180.53,124.28,SparkleClean
SKU04022,TrueTaste Eggs Medium,Dairy & Bakery,Eggs,234.26,165.99,TrueTaste
SKU04023,HomeStyle Frozen Vegetables 100g,Frozen Foods,Frozen Vegetables,898.44,571.17,HomeStyle
SKU04024,TrueTaste Oral Care 2kg,Personal Care,Oral Care,267.98,168.42,TrueTaste
SKU04025,CrispKing Oral Care 500g,Personal Care,Oral Care,542.11,336.63,CrispKing
SKU04026,FreshFarm Men's Grooming 1L,Personal Care,Men's Grooming,240.97,170.08,FreshFarm
SKU04027,GreenValley Milk Large,Dairy & Bakery,Milk,118.29,73.45,GreenValley
SKU04028,HomeStyle Batteries Small,Electronics & Accessories,Batteries,2080.9,1621.46,HomeStyle
SKU04029,CityFresh Laundry Family Pack,Home Care,Laundry,560.36,347.66,CityFresh
SKU04030,ZestyCo Pest Control 500g,Home Care,Pest Control,327.86,245.15,ZestyCo
SKU04031,SoftTouch OTC Medicine Small,Health & Wellness,OTC Medicine,763.98,481.26,SoftTouch
SKU04032,SunriseFoods Hair Care Pack of 12,Personal Care,Hair Care,203.7,144.36,SunriseFoods
SKU04033,SparkleClean Energy Drinks 500ml,Beverages,Energy Drinks,141.22,102.35,SparkleClean
SKU04034,EliteHome Storage & Containers 250g,Home & Kitchen,Storage & Containers,1575.82,935.4,EliteHome
SKU04035,ValueChoice Sugar & Salt 250g,Grocery,Sugar & Salt,140.98,90.93,ValueChoice
SKU04036,PremiumSelect Ice Cream Large,Frozen Foods,Ice Cream,952.04,553.99,PremiumSelect
SKU04037,SunriseFoods Milk 2kg,Dairy & Bakery,Milk,85.42,57.89,SunriseFoods
SKU04038,HealthFirst Biscuits & Cookies Pack of 6,Snacks & Confectionery,Biscuits & Cookies,38.55,29.97,HealthFirst
SKU04039,SmartBuy Cooking Oil Family Pack,Grocery,Cooking Oil,381.69,266.82,SmartBuy
SKU04040,PureLife Cookware 1L,Home & Kitchen,Cookware,1438.32,1043.38,PureLife
SKU04041,PurePlus Laundry 1kg,Home Care,Laundry,575.93,357.52,PurePlus
SKU04042,GoldenHarvest Men's Grooming 1L,Personal Care,Men's Grooming,242.79,161.95,GoldenHarvest
SKU04043,NutriPlus Small Appliances 1kg,Electronics & Accessories,Small Appliances,1422.75,1046.0,NutriPlus
SKU04044,SunriseFoods Cooking Oil 500g,Grocery,Cooking Oil,301.4,175.66,SunriseFoods
SKU04045,FreshFarm Frozen Vegetables Medium,Frozen Foods,Frozen Vegetables,615.16,357.06,FreshFarm
SKU04046,CleanWave Laundry 250ml,Home Care,Laundry,114.83,69.6,CleanWave
SKU04047,DailyBest Ready Meals Pack of 12,Frozen Foods,Ready Meals,795.11,484.38,DailyBest
SKU04048,GoldenHarvest Juices Pack of 12,Beverages,Juices,89.34,70.63,GoldenHarvest
SKU04049,HealthFirst Notebooks 2L,Stationery & Office,Notebooks,329.02,194.01,HealthFirst
SKU04050,NovaFresh Biscuits & Cookies 2L,Snacks & Confectionery,Biscuits & Cookies,118.91,68.53,NovaFresh
SKU04051,PremiumSelect Batteries 500g,Electronics & Accessories,Batteries,1548.72,905.1,PremiumSelect
SKU04052,CleanWave Batteries 1L,Electronics & Accessories,Batteries,412.3,247.68,CleanWave
SKU04053,BasicNeeds Hair Care Small,Personal Care,Hair Care,315.46,202.58,BasicNeeds
SKU04054,GoldenHarvest Energy Drinks 500g,Beverages,Energy Drinks,34.95,20.95,GoldenHarvest
SKU04055,BasicNeeds Bread 1kg,Dairy & Bakery,Bread,141.34,80.84,BasicNeeds
SKU04056,EliteHome Footwear Pack of 12,Apparel & Footwear,Footwear,1184.05,691.67,EliteHome
SKU04057,PremiumSelect Storage & Containers Family Pack,Home & Kitchen,Storage & Containers,1531.28,1144.5,PremiumSelect
SKU04058,PurePlus Writing Instruments 250ml,Stationery & Office,Writing Instruments,74.66,50.77,PurePlus
SKU04059,HealthFirst Biscuits & Cookies Medium,Snacks & Confectionery,Biscuits & Cookies,111.8,82.34,HealthFirst
SKU04060,FreshFarm OTC Medicine 500g,Health & Wellness,OTC Medicine,983.88,584.6,FreshFarm
SKU04061,CleanWave Coffee 2L,Beverages,Coffee,65.6,41.08,CleanWave
SKU04062,PurePlus Mobile Accessories Family Pack,Electronics & Accessories,Mobile Accessories,3430.14,2728.94,PurePlus
SKU04063,NatureBlend Men's Grooming 500ml,Personal Care,Men's Grooming,471.49,269.42,NatureBlend
SKU04064,QuickBite Small Appliances 1L,Electronics & Accessories,Small Appliances,3845.32,2536.63,QuickBite
SKU04065,CityFresh Small Appliances 500g,Electronics & Accessories,Small Appliances,3743.61,2335.8,CityFresh
SKU04066,EliteHome Notebooks 1L,Stationery & Office,Notebooks,275.52,152.04,EliteHome
SKU04067,UrbanBite Air Fresheners 2L,Home Care,Air Fresheners,148.44,102.14,UrbanBite
SKU04068,CleanWave Skin Care Family Pack,Personal Care,Skin Care,584.31,401.71,CleanWave
SKU04069,EverydayPlus Frozen Vegetables 1kg,Frozen Foods,Frozen Vegetables,485.51,305.93,EverydayPlus
SKU04070,UrbanBite Energy Drinks 250ml,Beverages,Energy Drinks,41.17,27.5,UrbanBite
SKU04071,SmartBuy Soft Drinks Pack of 6,Beverages,Soft Drinks,174.5,113.07,SmartBuy
SKU04072,NatureBlend Ready Meals Family Pack,Frozen Foods,Ready Meals,174.03,115.91,NatureBlend
SKU04073,ValueChoice Women's Wear 1kg,Apparel & Footwear,Women's Wear,514.74,392.24,ValueChoice
SKU04074,EliteHome Frozen Meat Pack of 12,Frozen Foods,Frozen Meat,340.42,247.99,EliteHome
SKU04075,SparkleClean Men's Wear Large,Apparel & Footwear,Men's Wear,875.69,542.98,SparkleClean
SKU04076,PureLife Namkeen Pack of 6,Snacks & Confectionery,Namkeen,165.54,100.96,PureLife
SKU04077,PurePlus Air Fresheners 500ml,Home Care,Air Fresheners,110.69,80.95,PurePlus
SKU04078,MetroBrand First Aid 1kg,Health & Wellness,First Aid,357.55,216.72,MetroBrand
SKU04079,HealthFirst Men's Grooming 2kg,Personal Care,Men's Grooming,226.24,175.77,HealthFirst
SKU04080,BasicNeeds Pulses & Lentils 100g,Grocery,Pulses & Lentils,253.73,192.38,BasicNeeds
SKU04081,EliteHome Flour & Atta 500g,Grocery,Flour & Atta,115.77,70.98,EliteHome
SKU04082,FamilyChoice Notebooks 500ml,Stationery & Office,Notebooks,52.98,39.75,FamilyChoice
SKU04083,EliteHome First Aid 500g,Health & Wellness,First Aid,724.3,433.01,EliteHome
SKU04084,SoftTouch Milk 100g,Dairy & Bakery,Milk,89.59,49.83,SoftTouch
SKU04085,EverydayPlus Butter & Ghee Pack of 12,Dairy & Bakery,Butter & Ghee,185.15,146.32,EverydayPlus
SKU04086,PureLife Flour & Atta 250g,Grocery,Flour & Atta,140.18,103.78,PureLife
SKU04087,FamilyChoice Writing Instruments 500g,Stationery & Office,Writing Instruments,79.2,53.24,FamilyChoice
SKU04088,CrispKing Bottled Water 2L,Beverages,Bottled Water,146.66,111.58,CrispKing
SKU04089,FreshFarm Kids Wear Large,Apparel & Footwear,Kids Wear,1597.51,908.91,FreshFarm
SKU04090,QuickBite Chocolates Pack of 12,Snacks & Confectionery,Chocolates,180.74,132.83,QuickBite
SKU04091,TrueTaste Hair Care 100g,Personal Care,Hair Care,590.54,465.98,TrueTaste
SKU04092,SoftTouch Cheese 500g,Dairy & Bakery,Cheese,207.57,156.64,SoftTouch
SKU04093,QuickBite Kids Wear Small,Apparel & Footwear,Kids Wear,2722.86,1791.42,QuickBite
SKU04094,NovaFresh Sugar & Salt Pack of 12,Grocery,Sugar & Salt,203.65,129.64,NovaFresh
SKU04095,FreshFarm Bath & Body 250ml,Personal Care,Bath & Body,433.45,335.1,FreshFarm
SKU04096,NatureBlend Bread Family Pack,Dairy & Bakery,Bread,155.65,96.95,NatureBlend
SKU04097,EliteHome Yogurt Large,Dairy & Bakery,Yogurt,405.48,318.04,EliteHome
SKU04098,FamilyChoice Candy Small,Snacks & Confectionery,Candy,80.48,50.7,FamilyChoice
SKU04099,CrispKing Storage & Containers Small,Home & Kitchen,Storage & Containers,2252.94,1309.53,CrispKing
SKU04100,FreshFarm Skin Care Small,Personal Care,Skin Care,152.37,92.79,FreshFarm
SKU04101,CityFresh Air Fresheners 500g,Home Care,Air Fresheners,368.62,250.61,CityFresh
SKU04102,CityFresh Bath & Body Pack of 12,Personal Care,Bath & Body,358.12,208.7,CityFresh
SKU04103,FamilyChoice Notebooks Family Pack,Stationery & Office,Notebooks,104.71,67.54,FamilyChoice
SKU04104,ZestyCo Men's Grooming 1kg,Personal Care,Men's Grooming,572.29,444.36,ZestyCo
SKU04105,BasicNeeds Men's Grooming 100g,Personal Care,Men's Grooming,464.78,266.54,BasicNeeds
SKU04106,EverydayPlus Cheese 250ml,Dairy & Bakery,Cheese,92.02,64.75,EverydayPlus
SKU04107,PremiumSelect Butter & Ghee 2kg,Dairy & Bakery,Butter & Ghee,193.61,126.03,PremiumSelect
SKU04108,PremiumSelect Juices Family Pack,Beverages,Juices,263.58,187.63,PremiumSelect
SKU04109,EverydayPlus Vitamins & Supplements 500ml,Health & Wellness,Vitamins & Supplements,345.6,232.38,EverydayPlus
SKU04110,ZestyCo Pulses & Lentils Pack of 6,Grocery,Pulses & Lentils,449.47,345.72,ZestyCo
SKU04111,CityFresh Biscuits & Cookies Family Pack,Snacks & Confectionery,Biscuits & Cookies,87.41,56.87,CityFresh
SKU04112,EverydayPlus Biscuits & Cookies Small,Snacks & Confectionery,Biscuits & Cookies,108.72,73.62,EverydayPlus
SKU04113,PrimeCare Milk Small,Dairy & Bakery,Milk,233.8,136.2,PrimeCare
SKU04114,QuickBite Women's Wear Family Pack,Apparel & Footwear,Women's Wear,1503.26,1011.06,QuickBite
SKU04115,NatureBlend First Aid Pack of 12,Health & Wellness,First Aid,1344.22,777.88,NatureBlend
SKU04116,GreenValley Notebooks 1kg,Stationery & Office,Notebooks,128.93,89.71,GreenValley
SKU04117,CityFresh Oral Care Pack of 12,Personal Care,Oral Care,572.57,376.09,CityFresh
SKU04118,PrimeCare Notebooks 2kg,Stationery & Office,Notebooks,201.13,150.01,PrimeCare
SKU04119,NovaFresh Spices & Seasoning 2kg,Grocery,Spices & Seasoning,475.6,311.34,NovaFresh
SKU04120,ZestyCo Ice Cream Pack of 6,Frozen Foods,Ice Cream,185.88,131.54,ZestyCo
SKU04121,EverydayPlus Footwear 2kg,Apparel & Footwear,Footwear,2511.37,1418.29,EverydayPlus
SKU04122,PureLife Frozen Vegetables 100g,Frozen Foods,Frozen Vegetables,499.33,363.26,PureLife
SKU04123,ValueChoice Office Supplies Family Pack,Stationery & Office,Office Supplies,121.48,95.89,ValueChoice
SKU04124,UrbanBite Butter & Ghee 2L,Dairy & Bakery,Butter & Ghee,93.29,61.75,UrbanBite
SKU04125,SunriseFoods Rice & Grains Pack of 12,Grocery,Rice & Grains,219.82,121.44,SunriseFoods
SKU04126,CrispKing Kids Wear Medium,Apparel & Footwear,Kids Wear,1646.95,1154.37,CrispKing
SKU04127,FreshFarm Pulses & Lentils Pack of 6,Grocery,Pulses & Lentils,97.29,57.04,FreshFarm
SKU04128,SparkleClean Men's Wear Pack of 6,Apparel & Footwear,Men's Wear,1710.44,1140.85,SparkleClean
SKU04129,BasicNeeds Small Appliances Small,Electronics & Accessories,Small Appliances,823.72,459.73,BasicNeeds
SKU04130,UrbanBite Cookware 2kg,Home & Kitchen,Cookware,710.24,469.26,UrbanBite
SKU04131,NutriPlus Surface Cleaners Medium,Home Care,Surface Cleaners,587.01,451.19,NutriPlus
SKU04132,PrimeCare Cookware Pack of 12,Home & Kitchen,Cookware,2255.25,1316.72,PrimeCare
SKU04133,CleanWave Chips & Crisps 500g,Snacks & Confectionery,Chips & Crisps,181.25,122.27,CleanWave
SKU04134,SparkleClean Laundry 500g,Home Care,Laundry,394.74,242.16,SparkleClean
SKU04135,GoldenHarvest Soft Drinks Large,Beverages,Soft Drinks,128.12,78.83,GoldenHarvest
SKU04136,TrueTaste Women's Wear Large,Apparel & Footwear,Women's Wear,1348.93,958.85,TrueTaste
SKU04137,PrimeCare Batteries Family Pack,Electronics & Accessories,Batteries,2390.77,1762.16,PrimeCare
SKU04138,DailyBest Men's Wear 250g,Apparel & Footwear,Men's Wear,2075.16,1594.39,DailyBest
SKU04139,HealthFirst Women's Wear Large,Apparel & Footwear,Women's Wear,1671.05,1035.32,HealthFirst
SKU04140,PremiumSelect Cheese Medium,Dairy & Bakery,Cheese,331.4,188.13,PremiumSelect
SKU04141,ValueChoice Flour & Atta Small,Grocery,Flour & Atta,270.8,178.88,ValueChoice
SKU04142,SparkleClean Office Supplies 1L,Stationery & Office,Office Supplies,143.76,100.08,SparkleClean
SKU04143,UrbanBite Air Fresheners 1L,Home Care,Air Fresheners,413.46,303.85,UrbanBite
SKU04144,CleanWave Energy Drinks 500ml,Beverages,Energy Drinks,66.69,49.29,CleanWave
SKU04145,CleanWave Notebooks 100g,Stationery & Office,Notebooks,293.61,224.88,CleanWave
SKU04146,TrueTaste Notebooks 1L,Stationery & Office,Notebooks,227.31,126.79,TrueTaste
SKU04147,CleanWave Air Fresheners 1kg,Home Care,Air Fresheners,173.16,137.71,CleanWave
SKU04148,SparkleClean Women's Wear 1kg,Apparel & Footwear,Women's Wear,838.78,664.07,SparkleClean
SKU04149,ZestyCo Sugar & Salt 100g,Grocery,Sugar & Salt,229.63,128.34,ZestyCo
SKU04150,NutriPlus Bottled Water 500ml,Beverages,Bottled Water,143.14,89.94,NutriPlus
SKU04151,CrispKing Cheese 100g,Dairy & Bakery,Cheese,426.73,316.37,CrispKing
SKU04152,ValueChoice OTC Medicine Medium,Health & Wellness,OTC Medicine,1148.97,769.38,ValueChoice
SKU04153,DailyBest Tea Large,Beverages,Tea,136.77,75.38,DailyBest
SKU04154,TrueTaste Spices & Seasoning Medium,Grocery,Spices & Seasoning,351.77,224.67,TrueTaste
SKU04155,NovaFresh Batteries 2kg,Electronics & Accessories,Batteries,2612.22,1814.8,NovaFresh
SKU04156,CityFresh Men's Wear 500g,Apparel & Footwear,Men's Wear,3610.04,2779.35,CityFresh
SKU04157,PremiumSelect Small Appliances 1L,Electronics & Accessories,Small Appliances,2678.35,2028.35,PremiumSelect
SKU04158,EliteHome Men's Wear Pack of 12,Apparel & Footwear,Men's Wear,2594.6,2040.86,EliteHome
SKU04159,SmartBuy Kids Wear 100g,Apparel & Footwear,Kids Wear,2188.36,1459.6,SmartBuy
SKU04160,BasicNeeds First Aid Medium,Health & Wellness,First Aid,366.83,274.96,BasicNeeds
SKU04161,UrbanBite Ready Meals 500ml,Frozen Foods,Ready Meals,189.64,109.08,UrbanBite
SKU04162,TrueTaste Home Decor Medium,Home & Kitchen,Home Decor,364.89,247.98,TrueTaste
SKU04163,SoftTouch Oral Care 250g,Personal Care,Oral Care,413.53,322.2,SoftTouch
SKU04164,PremiumSelect Energy Drinks 500ml,Beverages,Energy Drinks,159.68,121.31,PremiumSelect
SKU04165,PremiumSelect Men's Wear 500ml,Apparel & Footwear,Men's Wear,2295.86,1639.02,PremiumSelect
SKU04166,NatureBlend Milk 100g,Dairy & Bakery,Milk,263.67,154.85,NatureBlend
SKU04167,EverydayPlus Office Supplies Pack of 12,Stationery & Office,Office Supplies,200.13,119.18,EverydayPlus
SKU04168,HomeStyle Oral Care Large,Personal Care,Oral Care,701.3,504.7,HomeStyle
SKU04169,GreenValley Storage & Containers 2L,Home & Kitchen,Storage & Containers,1989.46,1256.13,GreenValley
SKU04170,UrbanBite Rice & Grains 250ml,Grocery,Rice & Grains,393.34,248.73,UrbanBite
SKU04171,CityFresh Vitamins & Supplements Pack of 6,Health & Wellness,Vitamins & Supplements,652.08,496.82,CityFresh
SKU04172,EliteHome Air Fresheners 250ml,Home Care,Air Fresheners,346.11,192.13,EliteHome
SKU04173,CleanWave Pest Control 250ml,Home Care,Pest Control,235.28,152.49,CleanWave
SKU04174,EverydayPlus Yogurt Small,Dairy & Bakery,Yogurt,77.98,47.53,EverydayPlus
SKU04175,HomeStyle Writing Instruments 2L,Stationery & Office,Writing Instruments,202.45,112.72,HomeStyle
SKU04176,EliteHome Oral Care 1kg,Personal Care,Oral Care,275.44,166.41,EliteHome
SKU04177,PrimeCare Cookware 500ml,Home & Kitchen,Cookware,2641.42,1574.45,PrimeCare
SKU04178,HealthFirst Laundry Medium,Home Care,Laundry,295.35,199.69,HealthFirst
SKU04179,NovaFresh Cooking Oil 1L,Grocery,Cooking Oil,147.82,97.38,NovaFresh
SKU04180,SmartBuy Storage & Containers 250g,Home & Kitchen,Storage & Containers,1250.78,835.43,SmartBuy
SKU04181,PurePlus Chips & Crisps Medium,Snacks & Confectionery,Chips & Crisps,63.14,48.58,PurePlus
SKU04182,PrimeCare Butter & Ghee Small,Dairy & Bakery,Butter & Ghee,244.93,164.99,PrimeCare
SKU04183,CleanWave Storage & Containers 2kg,Home & Kitchen,Storage & Containers,764.94,542.92,CleanWave
SKU04184,SparkleClean Home Decor Family Pack,Home & Kitchen,Home Decor,853.17,607.35,SparkleClean
SKU04185,QuickBite Office Supplies Family Pack,Stationery & Office,Office Supplies,79.83,54.22,QuickBite
SKU04186,HomeStyle Dishwashing Family Pack,Home Care,Dishwashing,176.5,110.52,HomeStyle
SKU04187,SunriseFoods Women's Wear 250ml,Apparel & Footwear,Women's Wear,1212.81,940.89,SunriseFoods
SKU04188,ValueChoice Yogurt Large,Dairy & Bakery,Yogurt,180.9,119.31,ValueChoice
SKU04189,EverydayPlus Small Appliances Medium,Electronics & Accessories,Small Appliances,1301.46,901.63,EverydayPlus
SKU04190,NovaFresh Frozen Meat Large,Frozen Foods,Frozen Meat,272.17,187.74,NovaFresh
SKU04191,HomeStyle Spices & Seasoning 2L,Grocery,Spices & Seasoning,106.7,80.76,HomeStyle
SKU04192,MetroBrand Laundry 2kg,Home Care,Laundry,155.38,106.23,MetroBrand
SKU04193,GoldenHarvest Surface Cleaners 1kg,Home Care,Surface Cleaners,215.47,143.12,GoldenHarvest
SKU04194,ValueChoice Cheese Family Pack,Dairy & Bakery,Cheese,201.25,133.83,ValueChoice
SKU04195,UrbanBite Men's Grooming 1L,Personal Care,Men's Grooming,435.0,324.07,UrbanBite
SKU04196,TrueTaste Frozen Vegetables Large,Frozen Foods,Frozen Vegetables,452.19,286.01,TrueTaste
SKU04197,HomeStyle Sugar & Salt 2L,Grocery,Sugar & Salt,358.95,281.31,HomeStyle
SKU04198,QuickBite Juices 2L,Beverages,Juices,122.84,93.56,QuickBite
SKU04199,PremiumSelect Men's Wear 250g,Apparel & Footwear,Men's Wear,1729.75,1011.19,PremiumSelect
SKU04200,CleanWave Bath & Body 500ml,Personal Care,Bath & Body,520.84,327.77,CleanWave
SKU04201,UrbanBite OTC Medicine 2L,Health & Wellness,OTC Medicine,704.93,547.31,UrbanBite
SKU04202,NovaFresh Frozen Vegetables 250g,Frozen Foods,Frozen Vegetables,1054.73,653.5,NovaFresh
SKU04203,CleanWave Frozen Vegetables 500g,Frozen Foods,Frozen Vegetables,709.74,446.72,CleanWave
SKU04204,GreenValley Skin Care 2L,Personal Care,Skin Care,714.36,431.73,GreenValley
SKU04205,FamilyChoice Surface Cleaners 1kg,Home Care,Surface Cleaners,318.36,179.43,FamilyChoice
SKU04206,CityFresh Men's Wear Pack of 12,Apparel & Footwear,Men's Wear,667.18,446.75,CityFresh
SKU04207,CityFresh Office Supplies 500ml,Stationery & Office,Office Supplies,165.9,122.55,CityFresh
SKU04208,SmartBuy Milk 500ml,Dairy & Bakery,Milk,436.42,312.04,SmartBuy
SKU04209,EliteHome Small Appliances 250g,Electronics & Accessories,Small Appliances,1922.46,1070.63,EliteHome
SKU04210,ZestyCo Office Supplies 500ml,Stationery & Office,Office Supplies,41.89,28.52,ZestyCo
SKU04211,EverydayPlus Spices & Seasoning 2L,Grocery,Spices & Seasoning,311.36,196.96,EverydayPlus
SKU04212,GoldenHarvest Footwear 2L,Apparel & Footwear,Footwear,1540.6,1094.51,GoldenHarvest
SKU04213,PremiumSelect Pest Control 2kg,Home Care,Pest Control,541.97,352.98,PremiumSelect
SKU04214,EverydayPlus Notebooks 100g,Stationery & Office,Notebooks,34.09,27.11,EverydayPlus
SKU04215,SoftTouch Frozen Meat Family Pack,Frozen Foods,Frozen Meat,508.26,384.81,SoftTouch
SKU04216,PureLife Home Decor Family Pack,Home & Kitchen,Home Decor,1422.8,1031.66,PureLife
SKU04217,SoftTouch Bottled Water Large,Beverages,Bottled Water,187.16,127.07,SoftTouch
SKU04218,CleanWave Coffee 2kg,Beverages,Coffee,96.37,67.24,CleanWave
SKU04219,CrispKing Office Supplies Pack of 6,Stationery & Office,Office Supplies,198.03,130.81,CrispKing
SKU04220,DailyBest Ready Meals 500g,Frozen Foods,Ready Meals,689.69,516.35,DailyBest
SKU04221,PurePlus Frozen Meat Large,Frozen Foods,Frozen Meat,443.13,344.34,PurePlus
SKU04222,PrimeCare Biscuits & Cookies 100g,Snacks & Confectionery,Biscuits & Cookies,118.3,94.61,PrimeCare
SKU04223,CityFresh Chips & Crisps 1L,Snacks & Confectionery,Chips & Crisps,43.92,30.73,CityFresh
SKU04224,GoldenHarvest Women's Wear Medium,Apparel & Footwear,Women's Wear,2360.61,1700.75,GoldenHarvest
SKU04225,QuickBite Cheese Pack of 12,Dairy & Bakery,Cheese,166.53,108.24,QuickBite
SKU04226,ZestyCo First Aid Medium,Health & Wellness,First Aid,372.26,205.53,ZestyCo
SKU04227,ZestyCo Butter & Ghee 1L,Dairy & Bakery,Butter & Ghee,283.28,205.61,ZestyCo
SKU04228,UrbanBite Yogurt 250g,Dairy & Bakery,Yogurt,79.26,62.1,UrbanBite
SKU04229,ValueChoice Coffee 100g,Beverages,Coffee,143.71,109.92,ValueChoice
SKU04230,QuickBite Office Supplies 500g,Stationery & Office,Office Supplies,164.23,126.4,QuickBite
SKU04231,CleanWave Notebooks 100g,Stationery & Office,Notebooks,25.75,16.75,CleanWave
SKU04232,MetroBrand Bottled Water 500ml,Beverages,Bottled Water,98.56,71.79,MetroBrand
SKU04233,SunriseFoods Bath & Body 100g,Personal Care,Bath & Body,271.64,192.76,SunriseFoods
SKU04234,FreshFarm Frozen Vegetables 500g,Frozen Foods,Frozen Vegetables,823.14,564.04,FreshFarm
SKU04235,PureLife Oral Care 500ml,Personal Care,Oral Care,205.43,120.77,PureLife
SKU04236,ValueChoice Small Appliances Small,Electronics & Accessories,Small Appliances,1751.93,1215.6,ValueChoice
SKU04237,PurePlus Eggs Pack of 12,Dairy & Bakery,Eggs,248.5,155.22,PurePlus
SKU04238,SunriseFoods Sugar & Salt 100g,Grocery,Sugar & Salt,270.65,196.46,SunriseFoods
SKU04239,SoftTouch Oral Care Large,Personal Care,Oral Care,460.95,362.4,SoftTouch
SKU04240,HealthFirst First Aid 2L,Health & Wellness,First Aid,701.01,513.08,HealthFirst
SKU04241,ZestyCo Biscuits & Cookies 250ml,Snacks & Confectionery,Biscuits & Cookies,38.94,23.94,ZestyCo
SKU04242,NatureBlend Kids Wear 250ml,Apparel & Footwear,Kids Wear,1092.68,728.07,NatureBlend
SKU04243,NutriPlus Cooking Oil Medium,Grocery,Cooking Oil,86.81,60.0,NutriPlus
SKU04244,GreenValley Cooking Oil 500ml,Grocery,Cooking Oil,193.64,141.66,GreenValley
SKU04245,PrimeCare Frozen Vegetables 1kg,Frozen Foods,Frozen Vegetables,217.78,127.83,PrimeCare
SKU04246,FamilyChoice Frozen Meat 500ml,Frozen Foods,Frozen Meat,580.11,395.29,FamilyChoice
SKU04247,GoldenHarvest Cheese 250g,Dairy & Bakery,Cheese,74.64,57.1,GoldenHarvest
SKU04248,SparkleClean Bread 500g,Dairy & Bakery,Bread,158.02,88.0,SparkleClean
SKU04249,HealthFirst Sugar & Salt 2kg,Grocery,Sugar & Salt,151.82,111.12,HealthFirst
SKU04250,PureLife OTC Medicine 1kg,Health & Wellness,OTC Medicine,1351.22,1040.59,PureLife
SKU04251,DailyBest Oral Care 250ml,Personal Care,Oral Care,184.58,138.24,DailyBest
SKU04252,SoftTouch Energy Drinks 100g,Beverages,Energy Drinks,116.03,90.85,SoftTouch
SKU04253,CleanWave Men's Grooming Pack of 6,Personal Care,Men's Grooming,130.21,97.09,CleanWave
SKU04254,CleanWave Writing Instruments 250g,Stationery & Office,Writing Instruments,105.82,71.91,CleanWave
SKU04255,FamilyChoice Eggs 1kg,Dairy & Bakery,Eggs,285.12,190.81,FamilyChoice
SKU04256,NovaFresh Storage & Containers Family Pack,Home & Kitchen,Storage & Containers,1909.53,1065.44,NovaFresh
SKU04257,ValueChoice Yogurt 100g,Dairy & Bakery,Yogurt,285.09,158.13,ValueChoice
SKU04258,CityFresh Biscuits & Cookies 2kg,Snacks & Confectionery,Biscuits & Cookies,47.15,33.47,CityFresh
SKU04259,FamilyChoice Cheese 1L,Dairy & Bakery,Cheese,127.11,78.66,FamilyChoice
SKU04260,NutriPlus Milk 2kg,Dairy & Bakery,Milk,206.7,129.55,NutriPlus
SKU04261,CityFresh Energy Drinks 2kg,Beverages,Energy Drinks,100.41,75.48,CityFresh
SKU04262,PrimeCare Vitamins & Supplements 250g,Health & Wellness,Vitamins & Supplements,726.24,419.63,PrimeCare
SKU04263,NutriPlus Men's Grooming 500ml,Personal Care,Men's Grooming,284.31,176.54,NutriPlus
SKU04264,ValueChoice Mobile Accessories Small,Electronics & Accessories,Mobile Accessories,2568.45,1852.52,ValueChoice
SKU04265,PurePlus Surface Cleaners 2L,Home Care,Surface Cleaners,83.19,46.39,PurePlus
SKU04266,PurePlus Surface Cleaners Large,Home Care,Surface Cleaners,188.77,128.35,PurePlus
SKU04267,FamilyChoice Surface Cleaners Pack of 12,Home Care,Surface Cleaners,489.41,279.63,FamilyChoice
SKU04268,HomeStyle Juices Small,Beverages,Juices,140.65,104.14,HomeStyle
SKU04269,CleanWave Mobile Accessories 500ml,Electronics & Accessories,Mobile Accessories,2740.73,1942.21,CleanWave
SKU04270,NutriPlus Bottled Water Pack of 6,Beverages,Bottled Water,151.93,106.68,NutriPlus
SKU04271,EliteHome Batteries 2L,Electronics & Accessories,Batteries,1188.3,719.3,EliteHome
SKU04272,MetroBrand Office Supplies Medium,Stationery & Office,Office Supplies,238.28,174.22,MetroBrand
SKU04273,CityFresh Women's Wear 1L,Apparel & Footwear,Women's Wear,1786.15,1117.09,CityFresh
SKU04274,HealthFirst Dishwashing 500ml,Home Care,Dishwashing,153.61,106.41,HealthFirst
SKU04275,NatureBlend Cheese 250g,Dairy & Bakery,Cheese,240.04,137.54,NatureBlend
SKU04276,QuickBite Storage & Containers Medium,Home & Kitchen,Storage & Containers,1212.48,695.99,QuickBite
SKU04277,CityFresh Butter & Ghee 500ml,Dairy & Bakery,Butter & Ghee,288.73,172.8,CityFresh
SKU04278,NutriPlus Pest Control Small,Home Care,Pest Control,440.26,265.92,NutriPlus
SKU04279,ValueChoice Women's Wear Pack of 12,Apparel & Footwear,Women's Wear,466.51,271.33,ValueChoice
SKU04280,BasicNeeds Writing Instruments 100g,Stationery & Office,Writing Instruments,318.92,184.83,BasicNeeds
SKU04281,FamilyChoice Notebooks Pack of 6,Stationery & Office,Notebooks,234.97,180.87,FamilyChoice
SKU04282,DailyBest Juices 1L,Beverages,Juices,160.02,110.2,DailyBest
SKU04283,SmartBuy Home Decor 1kg,Home & Kitchen,Home Decor,1868.67,1318.43,SmartBuy
SKU04284,PureLife Bottled Water 1kg,Beverages,Bottled Water,89.66,55.76,PureLife
SKU04285,FamilyChoice First Aid Pack of 6,Health & Wellness,First Aid,1088.25,613.63,FamilyChoice
SKU04286,SparkleClean Writing Instruments 250g,Stationery & Office,Writing Instruments,222.23,176.02,SparkleClean
SKU04287,SmartBuy Vitamins & Supplements Pack of 6,Health & Wellness,Vitamins & Supplements,857.39,483.15,SmartBuy
SKU04288,FreshFarm Writing Instruments Medium,Stationery & Office,Writing Instruments,172.44,130.31,FreshFarm
SKU04289,HomeStyle Hair Care 250g,Personal Care,Hair Care,533.97,382.47,HomeStyle
SKU04290,HomeStyle Milk 100g,Dairy & Bakery,Milk,199.57,130.1,HomeStyle
SKU04291,GoldenHarvest Butter & Ghee 100g,Dairy & Bakery,Butter & Ghee,285.96,210.65,GoldenHarvest
SKU04292,CrispKing Oral Care Pack of 12,Personal Care,Oral Care,175.78,130.29,CrispKing
SKU04293,EverydayPlus Mobile Accessories Medium,Electronics & Accessories,Mobile Accessories,907.97,698.75,EverydayPlus
SKU04294,HomeStyle Surface Cleaners Family Pack,Home Care,Surface Cleaners,499.57,342.82,HomeStyle
SKU04295,UrbanBite Small Appliances 100g,Electronics & Accessories,Small Appliances,2337.99,1410.81,UrbanBite
SKU04296,MetroBrand Hair Care 1L,Personal Care,Hair Care,315.31,218.56,MetroBrand
SKU04297,HealthFirst Yogurt 100g,Dairy & Bakery,Yogurt,327.55,188.29,HealthFirst
SKU04298,UrbanBite Namkeen 250ml,Snacks & Confectionery,Namkeen,120.34,77.51,UrbanBite
SKU04299,MetroBrand Ready Meals 2kg,Frozen Foods,Ready Meals,677.46,475.98,MetroBrand
SKU04300,QuickBite Cookware Pack of 6,Home & Kitchen,Cookware,1829.79,1121.61,QuickBite
SKU04301,SparkleClean Home Decor Large,Home & Kitchen,Home Decor,522.92,400.7,SparkleClean
SKU04302,GreenValley Butter & Ghee Medium,Dairy & Bakery,Butter & Ghee,174.83,138.82,GreenValley
SKU04303,TrueTaste Air Fresheners 100g,Home Care,Air Fresheners,205.17,116.74,TrueTaste
SKU04304,NovaFresh Small Appliances 1kg,Electronics & Accessories,Small Appliances,393.38,236.61,NovaFresh
SKU04305,GoldenHarvest Vitamins & Supplements 2kg,Health & Wellness,Vitamins & Supplements,782.22,522.72,GoldenHarvest
SKU04306,ZestyCo Pulses & Lentils 1kg,Grocery,Pulses & Lentils,162.94,91.16,ZestyCo
SKU04307,PremiumSelect Vitamins & Supplements 250ml,Health & Wellness,Vitamins & Supplements,278.81,159.82,PremiumSelect
SKU04308,HomeStyle Flour & Atta Pack of 6,Grocery,Flour & Atta,149.95,116.24,HomeStyle
SKU04309,HealthFirst Coffee Small,Beverages,Coffee,126.84,71.21,HealthFirst
SKU04310,CityFresh First Aid Family Pack,Health & Wellness,First Aid,403.96,247.17,CityFresh
SKU04311,NatureBlend Soft Drinks Pack of 12,Beverages,Soft Drinks,105.14,68.96,NatureBlend
SKU04312,ZestyCo Hair Care 2kg,Personal Care,Hair Care,291.02,161.55,ZestyCo
SKU04313,DailyBest First Aid 500g,Health & Wellness,First Aid,644.69,485.22,DailyBest
SKU04314,CrispKing OTC Medicine 250ml,Health & Wellness,OTC Medicine,567.99,430.25,CrispKing
SKU04315,HealthFirst Laundry Small,Home Care,Laundry,497.47,322.69,HealthFirst
SKU04316,HomeStyle Bottled Water Family Pack,Beverages,Bottled Water,74.8,44.91,HomeStyle
SKU04317,QuickBite Kids Wear 250ml,Apparel & Footwear,Kids Wear,1598.65,1235.9,QuickBite
SKU04318,SoftTouch Notebooks 500g,Stationery & Office,Notebooks,205.5,147.89,SoftTouch
SKU04319,HealthFirst Home Decor 100g,Home & Kitchen,Home Decor,806.99,549.53,HealthFirst
SKU04320,NutriPlus Small Appliances 250g,Electronics & Accessories,Small Appliances,2952.52,1913.53,NutriPlus
SKU04321,EliteHome Hair Care Pack of 6,Personal Care,Hair Care,961.3,658.32,EliteHome
SKU04322,HealthFirst Home Decor 2L,Home & Kitchen,Home Decor,511.19,313.04,HealthFirst
SKU04323,NatureBlend Air Fresheners Pack of 6,Home Care,Air Fresheners,253.43,167.87,NatureBlend
SKU04324,CleanWave Coffee 100g,Beverages,Coffee,86.49,62.4,CleanWave
SKU04325,MetroBrand Cookware 500ml,Home & Kitchen,Cookware,2888.57,1885.77,MetroBrand
SKU04326,NutriPlus Milk 500g,Dairy & Bakery,Milk,165.63,119.46,NutriPlus
SKU04327,BasicNeeds Writing Instruments 250ml,Stationery & Office,Writing Instruments,49.9,36.66,BasicNeeds
SKU04328,SunriseFoods Skin Care Pack of 6,Personal Care,Skin Care,155.77,115.02,SunriseFoods
SKU04329,SoftTouch Cookware 2kg,Home & Kitchen,Cookware,2452.07,1697.55,SoftTouch
SKU04330,PremiumSelect Ice Cream Pack of 6,Frozen Foods,Ice Cream,456.24,271.96,PremiumSelect
SKU04331,NatureBlend Surface Cleaners 2kg,Home Care,Surface Cleaners,294.81,213.78,NatureBlend
SKU04332,EliteHome Cheese 1L,Dairy & Bakery,Cheese,141.92,107.12,EliteHome
SKU04333,GreenValley Cookware 500ml,Home & Kitchen,Cookware,777.72,446.08,GreenValley
SKU04334,FreshFarm Pulses & Lentils 250ml,Grocery,Pulses & Lentils,287.82,222.77,FreshFarm
SKU04335,EverydayPlus Surface Cleaners 250g,Home Care,Surface Cleaners,284.74,223.61,EverydayPlus
SKU04336,SparkleClean Bath & Body 2L,Personal Care,Bath & Body,831.58,596.29,SparkleClean
SKU04337,PureLife Frozen Meat Family Pack,Frozen Foods,Frozen Meat,508.17,293.6,PureLife
SKU04338,BasicNeeds Cheese Pack of 6,Dairy & Bakery,Cheese,163.32,116.52,BasicNeeds
SKU04339,NovaFresh First Aid Small,Health & Wellness,First Aid,1534.07,980.3,NovaFresh
SKU04340,EverydayPlus Skin Care Medium,Personal Care,Skin Care,328.65,205.71,EverydayPlus
SKU04341,SparkleClean Biscuits & Cookies 100g,Snacks & Confectionery,Biscuits & Cookies,67.39,37.68,SparkleClean
SKU04342,CityFresh Chips & Crisps Small,Snacks & Confectionery,Chips & Crisps,60.73,44.41,CityFresh
SKU04343,UrbanBite Batteries 1kg,Electronics & Accessories,Batteries,2601.67,1799.5,UrbanBite
SKU04344,FamilyChoice Butter & Ghee Pack of 6,Dairy & Bakery,Butter & Ghee,201.81,133.74,FamilyChoice
SKU04345,NovaFresh Bread Family Pack,Dairy & Bakery,Bread,144.23,93.34,NovaFresh
SKU04346,HomeStyle First Aid Large,Health & Wellness,First Aid,970.29,633.56,HomeStyle
SKU04347,PremiumSelect Butter & Ghee 500ml,Dairy & Bakery,Butter & Ghee,305.95,202.93,PremiumSelect
SKU04348,HealthFirst Men's Grooming Medium,Personal Care,Men's Grooming,274.76,183.92,HealthFirst
SKU04349,CityFresh Candy Pack of 6,Snacks & Confectionery,Candy,69.0,39.63,CityFresh
SKU04350,NutriPlus Skin Care 250g,Personal Care,Skin Care,394.93,254.76,NutriPlus
SKU04351,NutriPlus Small Appliances 1kg,Electronics & Accessories,Small Appliances,3226.69,1826.34,NutriPlus
SKU04352,ValueChoice Frozen Vegetables Family Pack,Frozen Foods,Frozen Vegetables,611.27,454.77,ValueChoice
SKU04353,MetroBrand Notebooks Large,Stationery & Office,Notebooks,225.63,153.55,MetroBrand
SKU04354,MetroBrand Kids Wear Large,Apparel & Footwear,Kids Wear,1741.96,1306.26,MetroBrand
SKU04355,FreshFarm Rice & Grains 250ml,Grocery,Rice & Grains,84.69,55.67,FreshFarm
SKU04356,PremiumSelect Hair Care 2kg,Personal Care,Hair Care,785.48,462.08,PremiumSelect
SKU04357,CleanWave Cheese Medium,Dairy & Bakery,Cheese,332.16,207.56,CleanWave
SKU04358,NutriPlus First Aid 100g,Health & Wellness,First Aid,430.16,261.74,NutriPlus
SKU04359,PureLife Eggs Large,Dairy & Bakery,Eggs,231.83,153.0,PureLife
SKU04360,ValueChoice Office Supplies Pack of 6,Stationery & Office,Office Supplies,133.98,100.11,ValueChoice
SKU04361,NutriPlus Cheese Pack of 6,Dairy & Bakery,Cheese,257.41,149.08,NutriPlus
SKU04362,PurePlus Ice Cream 500ml,Frozen Foods,Ice Cream,233.42,151.73,PurePlus
SKU04363,ZestyCo Bottled Water Family Pack,Beverages,Bottled Water,151.12,86.58,ZestyCo
SKU04364,EverydayPlus Storage & Containers Small,Home & Kitchen,Storage & Containers,2159.21,1398.87,EverydayPlus
SKU04365,SoftTouch Storage & Containers 100g,Home & Kitchen,Storage & Containers,1774.69,1234.53,SoftTouch
SKU04366,SmartBuy Footwear 1L,Apparel & Footwear,Footwear,1951.78,1107.13,SmartBuy
SKU04367,FamilyChoice Oral Care Medium,Personal Care,Oral Care,362.71,205.53,FamilyChoice
SKU04368,SparkleClean Rice & Grains 250g,Grocery,Rice & Grains,303.19,222.13,SparkleClean
SKU04369,CleanWave Small Appliances Small,Electronics & Accessories,Small Appliances,1681.45,1096.09,CleanWave
SKU04370,PurePlus Pest Control 1kg,Home Care,Pest Control,396.28,252.77,PurePlus
SKU04371,TrueTaste Notebooks 1L,Stationery & Office,Notebooks,267.42,192.96,TrueTaste
SKU04372,FamilyChoice Batteries Large,Electronics & Accessories,Batteries,1628.24,930.04,FamilyChoice
SKU04373,SunriseFoods Ready Meals 1L,Frozen Foods,Ready Meals,1033.69,790.7,SunriseFoods
SKU04374,BasicNeeds Writing Instruments 100g,Stationery & Office,Writing Instruments,318.7,237.07,BasicNeeds
SKU04375,SmartBuy Women's Wear 100g,Apparel & Footwear,Women's Wear,1761.68,1140.53,SmartBuy
SKU04376,ValueChoice Pest Control Small,Home Care,Pest Control,347.19,231.64,ValueChoice
SKU04377,CrispKing Spices & Seasoning Large,Grocery,Spices & Seasoning,152.67,99.15,CrispKing
SKU04378,NovaFresh Tea 2kg,Beverages,Tea,224.62,167.64,NovaFresh
SKU04379,TrueTaste Laundry Family Pack,Home Care,Laundry,375.7,209.36,TrueTaste
SKU04380,ValueChoice Frozen Meat 500ml,Frozen Foods,Frozen Meat,286.93,205.97,ValueChoice
SKU04381,UrbanBite Spices & Seasoning 100g,Grocery,Spices & Seasoning,192.07,120.17,UrbanBite
SKU04382,PurePlus Juices 1L,Beverages,Juices,75.31,56.1,PurePlus
SKU04383,CityFresh Batteries Family Pack,Electronics & Accessories,Batteries,1576.66,1254.99,CityFresh
SKU04384,ZestyCo Kids Wear 1kg,Apparel & Footwear,Kids Wear,1615.0,1000.89,ZestyCo
SKU04385,ZestyCo Rice & Grains Family Pack,Grocery,Rice & Grains,423.71,280.27,ZestyCo
SKU04386,NutriPlus Ice Cream Pack of 6,Frozen Foods,Ice Cream,837.35,575.17,NutriPlus
SKU04387,CleanWave Spices & Seasoning 250ml,Grocery,Spices & Seasoning,177.78,122.27,CleanWave
SKU04388,SmartBuy Mobile Accessories Pack of 12,Electronics & Accessories,Mobile Accessories,1796.48,1058.38,SmartBuy
SKU04389,PureLife Storage & Containers 500ml,Home & Kitchen,Storage & Containers,363.35,252.82,PureLife
SKU04390,CleanWave Home Decor 250g,Home & Kitchen,Home Decor,1832.3,1339.37,CleanWave
SKU04391,GoldenHarvest Vitamins & Supplements Large,Health & Wellness,Vitamins & Supplements,1303.04,1024.2,GoldenHarvest
SKU04392,PremiumSelect First Aid 250ml,Health & Wellness,First Aid,1055.39,771.85,PremiumSelect
SKU04393,EliteHome Notebooks 2L,Stationery & Office,Notebooks,206.15,144.48,EliteHome
SKU04394,SmartBuy First Aid Small,Health & Wellness,First Aid,260.92,158.72,SmartBuy
SKU04395,CleanWave Air Fresheners 250g,Home Care,Air Fresheners,421.34,242.05,CleanWave
SKU04396,NovaFresh Men's Wear Pack of 12,Apparel & Footwear,Men's Wear,3425.67,2427.37,NovaFresh
SKU04397,FamilyChoice Vitamins & Supplements 250ml,Health & Wellness,Vitamins & Supplements,725.16,512.18,FamilyChoice
SKU04398,GoldenHarvest Storage & Containers 2L,Home & Kitchen,Storage & Containers,538.69,409.32,GoldenHarvest
SKU04399,PremiumSelect Ready Meals 500ml,Frozen Foods,Ready Meals,665.83,440.46,PremiumSelect
SKU04400,SparkleClean Cookware Small,Home & Kitchen,Cookware,1119.54,663.9,SparkleClean
SKU04401,CrispKing Spices & Seasoning 500g,Grocery,Spices & Seasoning,194.32,117.79,CrispKing
SKU04402,TrueTaste Rice & Grains 250g,Grocery,Rice & Grains,187.4,125.39,TrueTaste
SKU04403,DailyBest Bottled Water 500ml,Beverages,Bottled Water,108.77,68.31,DailyBest
SKU04404,SoftTouch Frozen Meat 250g,Frozen Foods,Frozen Meat,240.58,143.16,SoftTouch
SKU04405,CleanWave Batteries 1kg,Electronics & Accessories,Batteries,1244.17,717.84,CleanWave
SKU04406,QuickBite Chips & Crisps Pack of 6,Snacks & Confectionery,Chips & Crisps,128.17,83.71,QuickBite
SKU04407,ValueChoice Coffee Medium,Beverages,Coffee,215.04,136.42,ValueChoice
SKU04408,NutriPlus Cookware Pack of 12,Home & Kitchen,Cookware,667.56,528.25,NutriPlus
SKU04409,SunriseFoods Footwear 2kg,Apparel & Footwear,Footwear,2585.87,1975.87,SunriseFoods
SKU04410,TrueTaste First Aid Medium,Health & Wellness,First Aid,1439.57,857.8,TrueTaste
SKU04411,UrbanBite Surface Cleaners 500ml,Home Care,Surface Cleaners,412.29,304.41,UrbanBite
SKU04412,SparkleClean Dishwashing 500g,Home Care,Dishwashing,520.37,348.67,SparkleClean
SKU04413,PurePlus Flour & Atta Small,Grocery,Flour & Atta,460.58,359.95,PurePlus
SKU04414,DailyBest Candy 1L,Snacks & Confectionery,Candy,167.57,117.64,DailyBest
SKU04415,SparkleClean Home Decor 250ml,Home & Kitchen,Home Decor,665.01,399.67,SparkleClean
SKU04416,UrbanBite Men's Grooming Pack of 6,Personal Care,Men's Grooming,600.57,359.74,UrbanBite
SKU04417,HealthFirst Mobile Accessories Pack of 12,Electronics & Accessories,Mobile Accessories,1557.6,1233.35,HealthFirst
SKU04418,GreenValley Batteries 1kg,Electronics & Accessories,Batteries,3188.54,2485.69,GreenValley
SKU04419,UrbanBite Butter & Ghee 250g,Dairy & Bakery,Butter & Ghee,61.65,41.35,UrbanBite
SKU04420,SmartBuy Candy 1L,Snacks & Confectionery,Candy,128.23,88.61,SmartBuy
SKU04421,HomeStyle Small Appliances 100g,Electronics & Accessories,Small Appliances,3670.67,2520.92,HomeStyle
SKU04422,SmartBuy Energy Drinks Pack of 6,Beverages,Energy Drinks,68.36,50.65,SmartBuy
SKU04423,CleanWave Laundry 500ml,Home Care,Laundry,225.6,150.84,CleanWave
SKU04424,HealthFirst Cookware 1kg,Home & Kitchen,Cookware,1200.53,697.1,HealthFirst
SKU04425,NatureBlend Small Appliances 2L,Electronics & Accessories,Small Appliances,851.2,537.17,NatureBlend
SKU04426,GreenValley Kids Wear 250ml,Apparel & Footwear,Kids Wear,2055.78,1422.74,GreenValley
SKU04427,ZestyCo Cooking Oil 250ml,Grocery,Cooking Oil,149.59,95.4,ZestyCo
SKU04428,EliteHome Chips & Crisps 1kg,Snacks & Confectionery,Chips & Crisps,64.16,48.34,EliteHome
SKU04429,PremiumSelect Milk Pack of 12,Dairy & Bakery,Milk,206.49,162.5,PremiumSelect
SKU04430,HomeStyle Eggs Large,Dairy & Bakery,Eggs,132.15,80.68,HomeStyle
SKU04431,HomeStyle Chocolates Pack of 6,Snacks & Confectionery,Chocolates,38.21,29.51,HomeStyle
SKU04432,SoftTouch Writing Instruments 1kg,Stationery & Office,Writing Instruments,340.8,248.42,SoftTouch
SKU04433,CrispKing Coffee Medium,Beverages,Coffee,90.88,63.32,CrispKing
SKU04434,FreshFarm Mobile Accessories 250g,Electronics & Accessories,Mobile Accessories,790.43,460.5,FreshFarm
SKU04435,GreenValley OTC Medicine 2kg,Health & Wellness,OTC Medicine,356.87,232.94,GreenValley
SKU04436,BasicNeeds Vitamins & Supplements 100g,Health & Wellness,Vitamins & Supplements,671.85,536.7,BasicNeeds
SKU04437,HealthFirst Candy Medium,Snacks & Confectionery,Candy,24.41,17.38,HealthFirst
SKU04438,UrbanBite Yogurt 100g,Dairy & Bakery,Yogurt,146.23,102.06,UrbanBite
SKU04439,ValueChoice First Aid 2L,Health & Wellness,First Aid,1440.53,805.12,ValueChoice
SKU04440,QuickBite Cheese 500g,Dairy & Bakery,Cheese,267.24,168.42,QuickBite
SKU04441,NutriPlus Mobile Accessories 1kg,Electronics & Accessories,Mobile Accessories,4156.79,2793.52,NutriPlus
SKU04442,CityFresh Pulses & Lentils Pack of 6,Grocery,Pulses & Lentils,270.65,192.27,CityFresh
SKU04443,QuickBite Sugar & Salt Medium,Grocery,Sugar & Salt,152.19,116.32,QuickBite
SKU04444,PureLife Mobile Accessories 100g,Electronics & Accessories,Mobile Accessories,1363.32,905.95,PureLife
SKU04445,NovaFresh First Aid 500g,Health & Wellness,First Aid,975.78,603.63,NovaFresh
SKU04446,DailyBest Cooking Oil 2kg,Grocery,Cooking Oil,142.26,88.25,DailyBest
SKU04447,NutriPlus Home Decor Family Pack,Home & Kitchen,Home Decor,1190.64,695.87,NutriPlus
SKU04448,SmartBuy Sugar & Salt 100g,Grocery,Sugar & Salt,95.31,55.89,SmartBuy
SKU04449,SoftTouch Writing Instruments 500g,Stationery & Office,Writing Instruments,220.79,138.29,SoftTouch
SKU04450,QuickBite Small Appliances 500ml,Electronics & Accessories,Small Appliances,507.9,376.68,QuickBite
SKU04451,CrispKing Writing Instruments 2kg,Stationery & Office,Writing Instruments,60.61,39.6,CrispKing
SKU04452,EverydayPlus Writing Instruments 100g,Stationery & Office,Writing Instruments,240.8,184.19,EverydayPlus
SKU04453,TrueTaste Milk 2L,Dairy & Bakery,Milk,265.58,209.09,TrueTaste
SKU04454,QuickBite Men's Wear Pack of 6,Apparel & Footwear,Men's Wear,2848.95,1620.64,QuickBite
SKU04455,GreenValley Chocolates 500g,Snacks & Confectionery,Chocolates,143.47,104.4,GreenValley
SKU04456,FamilyChoice Laundry Pack of 12,Home Care,Laundry,179.5,102.55,FamilyChoice
SKU04457,SmartBuy Biscuits & Cookies 100g,Snacks & Confectionery,Biscuits & Cookies,60.85,34.56,SmartBuy
SKU04458,SunriseFoods Surface Cleaners Pack of 12,Home Care,Surface Cleaners,159.55,98.75,SunriseFoods
SKU04459,CleanWave Storage & Containers 1kg,Home & Kitchen,Storage & Containers,1349.01,776.22,CleanWave
SKU04460,MetroBrand Pest Control 1kg,Home Care,Pest Control,322.19,230.61,MetroBrand
SKU04461,BasicNeeds Energy Drinks 500g,Beverages,Energy Drinks,146.84,107.05,BasicNeeds
SKU04462,EverydayPlus Eggs Large,Dairy & Bakery,Eggs,191.58,135.99,EverydayPlus
SKU04463,NovaFresh Men's Wear 1L,Apparel & Footwear,Men's Wear,1282.18,889.63,NovaFresh
SKU04464,DailyBest Frozen Meat Pack of 12,Frozen Foods,Frozen Meat,281.56,209.85,DailyBest
SKU04465,BasicNeeds Ice Cream 1kg,Frozen Foods,Ice Cream,307.29,228.36,BasicNeeds
SKU04466,HealthFirst Surface Cleaners 100g,Home Care,Surface Cleaners,224.59,172.39,HealthFirst
SKU04467,HealthFirst Butter & Ghee 100g,Dairy & Bakery,Butter & Ghee,263.78,190.79,HealthFirst
SKU04468,GreenValley First Aid 500ml,Health & Wellness,First Aid,570.35,364.44,GreenValley
SKU04469,HomeStyle First Aid 2kg,Health & Wellness,First Aid,496.08,337.91,HomeStyle
SKU04470,SoftTouch Storage & Containers Small,Home & Kitchen,Storage & Containers,2062.67,1387.45,SoftTouch
SKU04471,CrispKing Vitamins & Supplements Small,Health & Wellness,Vitamins & Supplements,1515.36,874.31,CrispKing
SKU04472,SoftTouch Writing Instruments 2kg,Stationery & Office,Writing Instruments,153.69,115.72,SoftTouch
SKU04473,ValueChoice Men's Wear 500ml,Apparel & Footwear,Men's Wear,1577.0,1227.24,ValueChoice
SKU04474,FreshFarm Spices & Seasoning 250ml,Grocery,Spices & Seasoning,168.07,133.8,FreshFarm
SKU04475,GreenValley Men's Grooming Pack of 12,Personal Care,Men's Grooming,146.88,89.89,GreenValley
SKU04476,PrimeCare Oral Care Pack of 6,Personal Care,Oral Care,134.95,77.45,PrimeCare
SKU04477,SparkleClean Cooking Oil Pack of 6,Grocery,Cooking Oil,97.54,56.35,SparkleClean
SKU04478,NutriPlus Candy 100g,Snacks & Confectionery,Candy,165.95,124.64,NutriPlus
SKU04479,ZestyCo Kids Wear 250ml,Apparel & Footwear,Kids Wear,1328.83,940.73,ZestyCo
SKU04480,ZestyCo Oral Care Family Pack,Personal Care,Oral Care,584.24,431.77,ZestyCo
SKU04481,EliteHome Soft Drinks 250ml,Beverages,Soft Drinks,144.61,112.26,EliteHome
SKU04482,HomeStyle Milk 500g,Dairy & Bakery,Milk,111.71,67.76,HomeStyle
SKU04483,PremiumSelect Cheese 500g,Dairy & Bakery,Cheese,337.04,216.05,PremiumSelect
SKU04484,FamilyChoice Biscuits & Cookies 100g,Snacks & Confectionery,Biscuits & Cookies,219.98,164.57,FamilyChoice
SKU04485,NovaFresh Coffee Small,Beverages,Coffee,280.12,172.23,NovaFresh
SKU04486,CityFresh Kids Wear 100g,Apparel & Footwear,Kids Wear,1402.38,948.72,CityFresh
SKU04487,NovaFresh Footwear 2L,Apparel & Footwear,Footwear,2192.04,1448.64,NovaFresh
SKU04488,EverydayPlus Surface Cleaners 250ml,Home Care,Surface Cleaners,267.57,186.98,EverydayPlus
SKU04489,PureLife OTC Medicine 250g,Health & Wellness,OTC Medicine,251.01,200.07,PureLife
SKU04490,ZestyCo Writing Instruments Large,Stationery & Office,Writing Instruments,300.33,172.97,ZestyCo
SKU04491,CrispKing Storage & Containers Small,Home & Kitchen,Storage & Containers,1022.9,686.53,CrispKing
SKU04492,PurePlus Spices & Seasoning Medium,Grocery,Spices & Seasoning,166.43,131.44,PurePlus
SKU04493,SparkleClean Writing Instruments Family Pack,Stationery & Office,Writing Instruments,52.07,33.17,SparkleClean
SKU04494,PurePlus Pulses & Lentils Large,Grocery,Pulses & Lentils,82.11,60.36,PurePlus
SKU04495,SunriseFoods Cooking Oil Pack of 12,Grocery,Cooking Oil,266.02,208.11,SunriseFoods
SKU04496,SoftTouch Bath & Body 2L,Personal Care,Bath & Body,278.23,169.76,SoftTouch
SKU04497,CityFresh Batteries Pack of 12,Electronics & Accessories,Batteries,2310.89,1318.0,CityFresh
SKU04498,SmartBuy Spices & Seasoning 500ml,Grocery,Spices & Seasoning,338.51,192.59,SmartBuy
SKU04499,BasicNeeds Yogurt 500g,Dairy & Bakery,Yogurt,310.76,176.59,BasicNeeds
SKU04500,SparkleClean Butter & Ghee 250ml,Dairy & Bakery,Butter & Ghee,157.68,100.54,SparkleClean
SKU04501,ValueChoice Hair Care 1L,Personal Care,Hair Care,365.13,212.34,ValueChoice
SKU04502,CleanWave Writing Instruments 100g,Stationery & Office,Writing Instruments,44.87,29.22,CleanWave
SKU04503,UrbanBite Yogurt Medium,Dairy & Bakery,Yogurt,149.26,110.23,UrbanBite
SKU04504,CityFresh Chips & Crisps Large,Snacks & Confectionery,Chips & Crisps,195.03,121.81,CityFresh
SKU04505,SoftTouch Energy Drinks 500ml,Beverages,Energy Drinks,120.68,80.84,SoftTouch
SKU04506,PrimeCare Chocolates 1L,Snacks & Confectionery,Chocolates,84.16,48.97,PrimeCare
SKU04507,UrbanBite Energy Drinks Medium,Beverages,Energy Drinks,129.78,94.04,UrbanBite
SKU04508,FreshFarm Ready Meals 500ml,Frozen Foods,Ready Meals,375.55,236.38,FreshFarm
SKU04509,QuickBite Air Fresheners Pack of 12,Home Care,Air Fresheners,307.91,179.76,QuickBite
SKU04510,PrimeCare Pest Control 1L,Home Care,Pest Control,381.82,301.13,PrimeCare
SKU04511,EliteHome Men's Wear 2kg,Apparel & Footwear,Men's Wear,1370.63,1017.56,EliteHome
SKU04512,CrispKing Ice Cream Small,Frozen Foods,Ice Cream,391.11,278.89,CrispKing
SKU04513,DailyBest Soft Drinks 500g,Beverages,Soft Drinks,129.12,94.35,DailyBest
SKU04514,FamilyChoice Hair Care 1kg,Personal Care,Hair Care,804.2,527.86,FamilyChoice
SKU04515,PrimeCare Milk Pack of 12,Dairy & Bakery,Milk,244.19,152.52,PrimeCare
SKU04516,CleanWave Kids Wear Pack of 12,Apparel & Footwear,Kids Wear,1767.67,1193.17,CleanWave
SKU04517,FreshFarm Bread Family Pack,Dairy & Bakery,Bread,183.95,139.12,FreshFarm
SKU04518,QuickBite Coffee Pack of 12,Beverages,Coffee,137.78,108.98,QuickBite
SKU04519,ValueChoice Mobile Accessories 100g,Electronics & Accessories,Mobile Accessories,1350.52,947.15,ValueChoice
SKU04520,SoftTouch Dishwashing Medium,Home Care,Dishwashing,258.45,166.47,SoftTouch
SKU04521,SmartBuy Coffee 500ml,Beverages,Coffee,46.06,33.6,SmartBuy
SKU04522,SmartBuy Small Appliances 100g,Electronics & Accessories,Small Appliances,754.02,546.11,SmartBuy
SKU04523,HomeStyle Candy 2L,Snacks & Confectionery,Candy,175.54,107.41,HomeStyle
SKU04524,QuickBite Cookware 500g,Home & Kitchen,Cookware,1741.19,1147.23,QuickBite
SKU04525,CityFresh Women's Wear 500ml,Apparel & Footwear,Women's Wear,2000.16,1167.1,CityFresh
SKU04526,SunriseFoods Skin Care 1L,Personal Care,Skin Care,318.07,206.93,SunriseFoods
SKU04527,NovaFresh Ready Meals 250g,Frozen Foods,Ready Meals,956.58,708.53,NovaFresh
SKU04528,GreenValley Frozen Vegetables Medium,Frozen Foods,Frozen Vegetables,388.54,244.19,GreenValley
SKU04529,PureLife OTC Medicine 1L,Health & Wellness,OTC Medicine,1190.28,843.03,PureLife
SKU04530,SmartBuy Rice & Grains Family Pack,Grocery,Rice & Grains,243.09,153.61,SmartBuy
SKU04531,GreenValley Milk 500ml,Dairy & Bakery,Milk,105.09,61.66,GreenValley
SKU04532,ValueChoice Candy 2L,Snacks & Confectionery,Candy,89.87,66.09,ValueChoice
SKU04533,SunriseFoods Batteries Medium,Electronics & Accessories,Batteries,1847.12,1288.05,SunriseFoods
SKU04534,FreshFarm Cooking Oil 1kg,Grocery,Cooking Oil,93.22,70.51,FreshFarm
SKU04535,NutriPlus Ice Cream Large,Frozen Foods,Ice Cream,346.7,249.53,NutriPlus
SKU04536,FamilyChoice Mobile Accessories 500g,Electronics & Accessories,Mobile Accessories,1495.19,1127.82,FamilyChoice
SKU04537,GoldenHarvest Office Supplies Family Pack,Stationery & Office,Office Supplies,100.09,58.93,GoldenHarvest
SKU04538,PurePlus Butter & Ghee Pack of 6,Dairy & Bakery,Butter & Ghee,215.34,151.52,PurePlus
SKU04539,CleanWave Pulses & Lentils 1L,Grocery,Pulses & Lentils,221.53,142.19,CleanWave
SKU04540,ZestyCo Batteries 1kg,Electronics & Accessories,Batteries,1978.18,1457.18,ZestyCo
SKU04541,SparkleClean Rice & Grains 2L,Grocery,Rice & Grains,91.46,63.57,SparkleClean
SKU04542,ValueChoice Pulses & Lentils 2L,Grocery,Pulses & Lentils,123.29,69.48,ValueChoice
SKU04543,NovaFresh Writing Instruments Family Pack,Stationery & Office,Writing Instruments,62.88,42.97,NovaFresh
SKU04544,CleanWave Cookware Medium,Home & Kitchen,Cookware,361.72,266.25,CleanWave
SKU04545,TrueTaste Mobile Accessories 1L,Electronics & Accessories,Mobile Accessories,869.49,535.34,TrueTaste
SKU04546,SunriseFoods Storage & Containers 250ml,Home & Kitchen,Storage & Containers,1929.18,1376.72,SunriseFoods
SKU04547,ValueChoice Cooking Oil 250ml,Grocery,Cooking Oil,343.88,261.43,ValueChoice
SKU04548,GoldenHarvest Soft Drinks 250ml,Beverages,Soft Drinks,139.81,79.17,GoldenHarvest
SKU04549,ZestyCo Eggs 100g,Dairy & Bakery,Eggs,106.08,73.67,ZestyCo
SKU04550,GreenValley Spices & Seasoning 100g,Grocery,Spices & Seasoning,155.92,120.35,GreenValley
SKU04551,DailyBest Cookware Small,Home & Kitchen,Cookware,2498.23,1452.98,DailyBest
SKU04552,PurePlus Pulses & Lentils 1kg,Grocery,Pulses & Lentils,207.59,128.15,PurePlus
SKU04553,NutriPlus Frozen Meat 500ml,Frozen Foods,Frozen Meat,298.21,210.68,NutriPlus
SKU04554,UrbanBite Home Decor Pack of 12,Home & Kitchen,Home Decor,2001.13,1393.38,UrbanBite
SKU04555,EliteHome Mobile Accessories Pack of 6,Electronics & Accessories,Mobile Accessories,3307.44,2475.12,EliteHome
SKU04556,NatureBlend Candy 250ml,Snacks & Confectionery,Candy,51.09,36.13,NatureBlend
SKU04557,PureLife Dishwashing Small,Home Care,Dishwashing,290.14,201.35,PureLife
SKU04558,EliteHome Frozen Vegetables 500g,Frozen Foods,Frozen Vegetables,839.49,556.55,EliteHome
SKU04559,GreenValley Footwear 1L,Apparel & Footwear,Footwear,2625.43,1495.35,GreenValley
SKU04560,SunriseFoods Laundry 250g,Home Care,Laundry,262.25,182.99,SunriseFoods
SKU04561,FamilyChoice Milk 1L,Dairy & Bakery,Milk,192.67,113.51,FamilyChoice
SKU04562,SoftTouch Footwear 250g,Apparel & Footwear,Footwear,1316.91,1052.16,SoftTouch
SKU04563,BasicNeeds Storage & Containers Family Pack,Home & Kitchen,Storage & Containers,2647.1,1507.85,BasicNeeds
SKU04564,SparkleClean Surface Cleaners Pack of 6,Home Care,Surface Cleaners,88.51,50.36,SparkleClean
SKU04565,FreshFarm Spices & Seasoning 1kg,Grocery,Spices & Seasoning,464.62,346.99,FreshFarm
SKU04566,UrbanBite Ice Cream Pack of 6,Frozen Foods,Ice Cream,257.94,148.39,UrbanBite
SKU04567,NovaFresh Storage & Containers 250ml,Home & Kitchen,Storage & Containers,1470.95,957.98,NovaFresh
SKU04568,FreshFarm Notebooks 1L,Stationery & Office,Notebooks,278.9,218.06,FreshFarm
SKU04569,ZestyCo Oral Care 500g,Personal Care,Oral Care,558.84,417.44,ZestyCo
SKU04570,QuickBite Juices 1L,Beverages,Juices,122.7,74.63,QuickBite
SKU04571,EliteHome Ready Meals 250g,Frozen Foods,Ready Meals,868.52,532.19,EliteHome
SKU04572,SunriseFoods Kids Wear 500g,Apparel & Footwear,Kids Wear,1130.67,789.28,SunriseFoods
SKU04573,SparkleClean Notebooks 2L,Stationery & Office,Notebooks,269.93,181.29,SparkleClean
SKU04574,HealthFirst Sugar & Salt 1L,Grocery,Sugar & Salt,71.96,41.68,HealthFirst
SKU04575,SparkleClean Cheese 2kg,Dairy & Bakery,Cheese,80.19,47.28,SparkleClean
SKU04576,FamilyChoice Dishwashing 100g,Home Care,Dishwashing,242.59,182.12,FamilyChoice
SKU04577,CleanWave Energy Drinks 500ml,Beverages,Energy Drinks,223.66,142.29,CleanWave
SKU04578,BasicNeeds Home Decor Large,Home & Kitchen,Home Decor,802.76,601.87,BasicNeeds
SKU04579,PrimeCare Energy Drinks Pack of 12,Beverages,Energy Drinks,92.85,55.47,PrimeCare
SKU04580,HomeStyle First Aid 100g,Health & Wellness,First Aid,696.36,487.35,HomeStyle
SKU04581,UrbanBite Office Supplies Family Pack,Stationery & Office,Office Supplies,109.6,74.12,UrbanBite
SKU04582,DailyBest Mobile Accessories 500ml,Electronics & Accessories,Mobile Accessories,2442.08,1542.41,DailyBest
SKU04583,NatureBlend Kids Wear 2L,Apparel & Footwear,Kids Wear,966.08,678.33,NatureBlend
SKU04584,HomeStyle Cheese 100g,Dairy & Bakery,Cheese,278.58,161.89,HomeStyle
SKU04585,PremiumSelect Women's Wear 2kg,Apparel & Footwear,Women's Wear,2908.51,2222.44,PremiumSelect
SKU04586,HealthFirst Dishwashing Small,Home Care,Dishwashing,481.38,354.22,HealthFirst
SKU04587,EverydayPlus Pulses & Lentils 2kg,Grocery,Pulses & Lentils,400.31,248.89,EverydayPlus
SKU04588,SmartBuy Oral Care 500g,Personal Care,Oral Care,279.4,194.19,SmartBuy
SKU04589,SmartBuy Men's Grooming 250g,Personal Care,Men's Grooming,402.1,311.85,SmartBuy
SKU04590,SmartBuy Ice Cream Large,Frozen Foods,Ice Cream,960.96,629.98,SmartBuy
SKU04591,SunriseFoods Butter & Ghee Medium,Dairy & Bakery,Butter & Ghee,186.58,119.57,SunriseFoods
SKU04592,FreshFarm Surface Cleaners 100g,Home Care,Surface Cleaners,100.25,75.16,FreshFarm
SKU04593,PurePlus Surface Cleaners Large,Home Care,Surface Cleaners,207.04,113.93,PurePlus
SKU04594,PremiumSelect Cheese Medium,Dairy & Bakery,Cheese,223.1,160.99,PremiumSelect
SKU04595,FamilyChoice Batteries 250ml,Electronics & Accessories,Batteries,1742.83,1052.58,FamilyChoice
SKU04596,ValueChoice Eggs Pack of 6,Dairy & Bakery,Eggs,335.55,242.79,ValueChoice
SKU04597,DailyBest Men's Wear 1kg,Apparel & Footwear,Men's Wear,1464.2,965.6,DailyBest
SKU04598,BasicNeeds Bread 1kg,Dairy & Bakery,Bread,312.26,173.33,BasicNeeds
SKU04599,FreshFarm Home Decor Pack of 12,Home & Kitchen,Home Decor,1987.33,1527.39,FreshFarm
SKU04600,ValueChoice Oral Care 1kg,Personal Care,Oral Care,150.03,103.02,ValueChoice
SKU04601,QuickBite Pulses & Lentils 250ml,Grocery,Pulses & Lentils,346.35,217.65,QuickBite
SKU04602,UrbanBite Tea 250ml,Beverages,Tea,100.41,72.88,UrbanBite
SKU04603,PurePlus Footwear 500g,Apparel & Footwear,Footwear,1338.73,902.28,PurePlus
SKU04604,DailyBest Cookware Medium,Home & Kitchen,Cookware,318.32,177.86,DailyBest
SKU04605,NatureBlend Chocolates Pack of 12,Snacks & Confectionery,Chocolates,182.32,129.91,NatureBlend
SKU04606,NatureBlend OTC Medicine Medium,Health & Wellness,OTC Medicine,1007.37,798.22,NatureBlend
SKU04607,PrimeCare Frozen Meat 1L,Frozen Foods,Frozen Meat,407.99,247.04,PrimeCare
SKU04608,PrimeCare Bottled Water 500g,Beverages,Bottled Water,173.43,132.8,PrimeCare
SKU04609,PrimeCare Pest Control 2kg,Home Care,Pest Control,575.8,406.08,PrimeCare
SKU04610,CleanWave Batteries 250ml,Electronics & Accessories,Batteries,2079.89,1184.44,CleanWave
SKU04611,ValueChoice Writing Instruments Family Pack,Stationery & Office,Writing Instruments,272.61,199.69,ValueChoice
SKU04612,CleanWave Cookware 1kg,Home & Kitchen,Cookware,805.8,532.13,CleanWave
SKU04613,NutriPlus Energy Drinks Pack of 12,Beverages,Energy Drinks,182.83,136.84,NutriPlus
SKU04614,SoftTouch Chocolates 250g,Snacks & Confectionery,Chocolates,177.07,125.53,SoftTouch
SKU04615,NutriPlus Air Fresheners Family Pack,Home Care,Air Fresheners,277.75,152.96,NutriPlus
SKU04616,NatureBlend Tea Pack of 6,Beverages,Tea,223.77,130.14,NatureBlend
SKU04617,CrispKing Frozen Meat 500ml,Frozen Foods,Frozen Meat,774.69,494.34,CrispKing
SKU04618,PurePlus Cooking Oil 250ml,Grocery,Cooking Oil,433.58,290.7,PurePlus
SKU04619,MetroBrand Coffee 250ml,Beverages,Coffee,297.98,233.33,MetroBrand
SKU04620,GreenValley Sugar & Salt 1kg,Grocery,Sugar & Salt,206.16,155.75,GreenValley
SKU04621,CrispKing Milk 2L,Dairy & Bakery,Milk,270.2,202.76,CrispKing
SKU04622,HealthFirst Footwear Medium,Apparel & Footwear,Footwear,2025.83,1387.48,HealthFirst
SKU04623,PrimeCare Candy 1kg,Snacks & Confectionery,Candy,71.42,40.94,PrimeCare
SKU04624,ValueChoice Notebooks Small,Stationery & Office,Notebooks,61.27,45.12,ValueChoice
SKU04625,HealthFirst Milk 2L,Dairy & Bakery,Milk,66.1,37.79,HealthFirst
SKU04626,GreenValley Spices & Seasoning Small,Grocery,Spices & Seasoning,468.52,268.4,GreenValley
SKU04627,SunriseFoods Men's Grooming Small,Personal Care,Men's Grooming,630.47,386.96,SunriseFoods
SKU04628,PurePlus Batteries 100g,Electronics & Accessories,Batteries,1915.76,1495.52,PurePlus
SKU04629,SunriseFoods Tea 100g,Beverages,Tea,166.85,123.05,SunriseFoods
SKU04630,CrispKing Sugar & Salt Large,Grocery,Sugar & Salt,118.95,67.7,CrispKing
SKU04631,SmartBuy Cookware 500g,Home & Kitchen,Cookware,520.22,405.63,SmartBuy
SKU04632,GoldenHarvest Vitamins & Supplements 2L,Health & Wellness,Vitamins & Supplements,892.4,665.59,GoldenHarvest
SKU04633,CrispKing Men's Grooming Small,Personal Care,Men's Grooming,620.55,434.95,CrispKing
SKU04634,NovaFresh Women's Wear 1L,Apparel & Footwear,Women's Wear,973.21,566.16,NovaFresh
SKU04635,GreenValley Storage & Containers 100g,Home & Kitchen,Storage & Containers,687.51,433.15,GreenValley
SKU04636,CrispKing Oral Care 100g,Personal Care,Oral Care,633.26,395.9,CrispKing
SKU04637,CrispKing Ice Cream Pack of 12,Frozen Foods,Ice Cream,502.55,356.82,CrispKing
SKU04638,TrueTaste Pulses & Lentils Large,Grocery,Pulses & Lentils,338.74,236.09,TrueTaste
SKU04639,FamilyChoice Eggs 250ml,Dairy & Bakery,Eggs,254.04,157.33,FamilyChoice
SKU04640,PremiumSelect OTC Medicine 2L,Health & Wellness,OTC Medicine,676.99,425.0,PremiumSelect
SKU04641,NatureBlend Biscuits & Cookies Family Pack,Snacks & Confectionery,Biscuits & Cookies,113.8,77.34,NatureBlend
SKU04642,FamilyChoice Writing Instruments Medium,Stationery & Office,Writing Instruments,330.34,251.5,FamilyChoice
SKU04643,EverydayPlus Notebooks 2L,Stationery & Office,Notebooks,247.04,143.67,EverydayPlus
SKU04644,SoftTouch Cheese Pack of 6,Dairy & Bakery,Cheese,359.73,263.12,SoftTouch
SKU04645,QuickBite Men's Grooming Family Pack,Personal Care,Men's Grooming,155.83,124.5,QuickBite
SKU04646,ZestyCo Chocolates Small,Snacks & Confectionery,Chocolates,82.38,60.75,ZestyCo
SKU04647,NutriPlus Ice Cream 500ml,Frozen Foods,Ice Cream,288.31,190.4,NutriPlus
SKU04648,CityFresh Energy Drinks Pack of 12,Beverages,Energy Drinks,73.65,53.98,CityFresh
SKU04649,HomeStyle Bath & Body 2kg,Personal Care,Bath & Body,541.59,414.41,HomeStyle
SKU04650,HealthFirst Ready Meals Large,Frozen Foods,Ready Meals,578.07,429.0,HealthFirst
SKU04651,NatureBlend OTC Medicine 250g,Health & Wellness,OTC Medicine,655.85,362.81,NatureBlend
SKU04652,ValueChoice First Aid 1kg,Health & Wellness,First Aid,1268.21,739.21,ValueChoice
SKU04653,CleanWave Namkeen 250ml,Snacks & Confectionery,Namkeen,179.35,103.45,CleanWave
SKU04654,GoldenHarvest Women's Wear 1kg,Apparel & Footwear,Women's Wear,2988.03,1667.19,GoldenHarvest
SKU04655,HomeStyle Small Appliances 2L,Electronics & Accessories,Small Appliances,2076.21,1512.79,HomeStyle
SKU04656,ZestyCo Men's Wear Pack of 12,Apparel & Footwear,Men's Wear,1418.65,875.08,ZestyCo
SKU04657,TrueTaste Pest Control Large,Home Care,Pest Control,395.47,288.89,TrueTaste
SKU04658,MetroBrand Home Decor 1L,Home & Kitchen,Home Decor,1654.62,1185.58,MetroBrand
SKU04659,CrispKing Skin Care Pack of 6,Personal Care,Skin Care,578.23,393.72,CrispKing
SKU04660,ValueChoice Kids Wear 2L,Apparel & Footwear,Kids Wear,2394.77,1352.87,ValueChoice
SKU04661,BasicNeeds Candy 100g,Snacks & Confectionery,Candy,81.09,50.79,BasicNeeds
SKU04662,NovaFresh Chocolates Pack of 12,Snacks & Confectionery,Chocolates,186.44,103.81,NovaFresh
SKU04663,NovaFresh Frozen Meat 100g,Frozen Foods,Frozen Meat,715.73,556.48,NovaFresh
SKU04664,NatureBlend Ready Meals 2L,Frozen Foods,Ready Meals,729.2,457.32,NatureBlend
SKU04665,TrueTaste Batteries Family Pack,Electronics & Accessories,Batteries,1605.02,920.86,TrueTaste
SKU04666,EliteHome Milk Small,Dairy & Bakery,Milk,118.07,65.01,EliteHome
SKU04667,SmartBuy Cookware 1L,Home & Kitchen,Cookware,883.22,620.8,SmartBuy
SKU04668,EliteHome Eggs 2kg,Dairy & Bakery,Eggs,116.64,82.26,EliteHome
SKU04669,MetroBrand Frozen Meat Medium,Frozen Foods,Frozen Meat,508.26,405.96,MetroBrand
SKU04670,CrispKing Notebooks Medium,Stationery & Office,Notebooks,308.99,192.24,CrispKing
SKU04671,BasicNeeds Ready Meals 250ml,Frozen Foods,Ready Meals,205.55,115.44,BasicNeeds
SKU04672,TrueTaste Mobile Accessories 250g,Electronics & Accessories,Mobile Accessories,2160.93,1609.56,TrueTaste
SKU04673,FreshFarm Cookware 2L,Home & Kitchen,Cookware,1061.88,664.89,FreshFarm
SKU04674,TrueTaste Writing Instruments Pack of 6,Stationery & Office,Writing Instruments,161.82,102.38,TrueTaste
SKU04675,SparkleClean Laundry Family Pack,Home Care,Laundry,116.52,90.53,SparkleClean
SKU04676,DailyBest Dishwashing Large,Home Care,Dishwashing,398.8,276.7,DailyBest
SKU04677,UrbanBite Candy 1kg,Snacks & Confectionery,Candy,167.85,109.12,UrbanBite
SKU04678,EliteHome Ready Meals 1kg,Frozen Foods,Ready Meals,215.64,169.85,EliteHome
SKU04679,NutriPlus Office Supplies Family Pack,Stationery & Office,Office Supplies,45.71,28.17,NutriPlus
SKU04680,QuickBite Dishwashing 2kg,Home Care,Dishwashing,142.59,79.19,QuickBite
SKU04681,SoftTouch Skin Care 500ml,Personal Care,Skin Care,215.11,130.73,SoftTouch
SKU04682,PremiumSelect Coffee 2kg,Beverages,Coffee,129.38,72.59,PremiumSelect
SKU04683,EverydayPlus Hair Care 250ml,Personal Care,Hair Care,481.63,313.99,EverydayPlus
SKU04684,CrispKing Namkeen 2L,Snacks & Confectionery,Namkeen,124.43,94.29,CrispKing
SKU04685,GreenValley Notebooks 2kg,Stationery & Office,Notebooks,173.01,137.33,GreenValley
SKU04686,FamilyChoice Ice Cream 500ml,Frozen Foods,Ice Cream,417.94,303.04,FamilyChoice
SKU04687,SparkleClean Tea 250ml,Beverages,Tea,58.4,45.64,SparkleClean
SKU04688,EverydayPlus Sugar & Salt 250g,Grocery,Sugar & Salt,277.95,181.26,EverydayPlus
SKU04689,CrispKing Cookware Small,Home & Kitchen,Cookware,1087.98,680.72,CrispKing
SKU04690,DailyBest Writing Instruments Large,Stationery & Office,Writing Instruments,120.94,71.18,DailyBest
SKU04691,UrbanBite Footwear 1L,Apparel & Footwear,Footwear,1341.17,905.59,UrbanBite
SKU04692,GreenValley Bottled Water 1kg,Beverages,Bottled Water,57.36,36.24,GreenValley
SKU04693,MetroBrand Tea Pack of 6,Beverages,Tea,225.63,130.16,MetroBrand
SKU04694,HomeStyle Chips & Crisps 2L,Snacks & Confectionery,Chips & Crisps,149.97,117.42,HomeStyle
SKU04695,GreenValley Kids Wear 2L,Apparel & Footwear,Kids Wear,2192.57,1273.72,GreenValley
SKU04696,FreshFarm Women's Wear 2L,Apparel & Footwear,Women's Wear,1571.33,1154.83,FreshFarm
SKU04697,PureLife Storage & Containers Pack of 12,Home & Kitchen,Storage & Containers,517.49,293.43,PureLife
SKU04698,SunriseFoods Energy Drinks 100g,Beverages,Energy Drinks,85.45,58.26,SunriseFoods
SKU04699,UrbanBite Tea 250g,Beverages,Tea,143.53,103.16,UrbanBite
SKU04700,TrueTaste Storage & Containers 250g,Home & Kitchen,Storage & Containers,1503.53,915.1,TrueTaste
SKU04701,SunriseFoods Notebooks 500g,Stationery & Office,Notebooks,171.7,97.68,SunriseFoods
SKU04702,HomeStyle Batteries Family Pack,Electronics & Accessories,Batteries,2187.66,1527.73,HomeStyle
SKU04703,PureLife Energy Drinks Pack of 12,Beverages,Energy Drinks,134.39,94.17,PureLife
SKU04704,CityFresh Pulses & Lentils Pack of 6,Grocery,Pulses & Lentils,56.92,35.75,CityFresh
SKU04705,ValueChoice Flour & Atta Pack of 12,Grocery,Flour & Atta,147.03,94.69,ValueChoice
SKU04706,UrbanBite Batteries 100g,Electronics & Accessories,Batteries,625.94,351.4,UrbanBite
SKU04707,ZestyCo Cookware 1kg,Home & Kitchen,Cookware,978.23,610.36,ZestyCo
SKU04708,EliteHome OTC Medicine Small,Health & Wellness,OTC Medicine,1333.42,1027.6,EliteHome
SKU04709,CityFresh Butter & Ghee 500ml,Dairy & Bakery,Butter & Ghee,194.24,115.15,CityFresh
SKU04710,SmartBuy Women's Wear 1L,Apparel & Footwear,Women's Wear,1632.84,1089.13,SmartBuy
SKU04711,SmartBuy Flour & Atta Small,Grocery,Flour & Atta,291.42,209.59,SmartBuy
SKU04712,BasicNeeds Footwear 250g,Apparel & Footwear,Footwear,2174.66,1632.56,BasicNeeds
SKU04713,EliteHome Home Decor Small,Home & Kitchen,Home Decor,1913.4,1091.19,EliteHome
SKU04714,QuickBite Batteries Pack of 12,Electronics & Accessories,Batteries,2007.28,1401.0,QuickBite
SKU04715,TrueTaste Storage & Containers 500ml,Home & Kitchen,Storage & Containers,1276.44,902.22,TrueTaste
SKU04716,SparkleClean OTC Medicine 1L,Health & Wellness,OTC Medicine,296.19,177.52,SparkleClean
SKU04717,QuickBite Dishwashing 250g,Home Care,Dishwashing,523.77,292.11,QuickBite
SKU04718,UrbanBite Cheese 1kg,Dairy & Bakery,Cheese,148.59,113.09,UrbanBite
SKU04719,FamilyChoice Writing Instruments 1kg,Stationery & Office,Writing Instruments,240.75,158.9,FamilyChoice
SKU04720,NovaFresh Batteries Large,Electronics & Accessories,Batteries,2230.86,1260.87,NovaFresh
SKU04721,PrimeCare Namkeen 250g,Snacks & Confectionery,Namkeen,41.69,28.95,PrimeCare
SKU04722,EverydayPlus Notebooks 2kg,Stationery & Office,Notebooks,328.81,211.83,EverydayPlus
SKU04723,CityFresh Spices & Seasoning 250g,Grocery,Spices & Seasoning,369.02,210.36,CityFresh
SKU04724,DailyBest First Aid 2kg,Health & Wellness,First Aid,1215.98,756.07,DailyBest
SKU04725,SunriseFoods Candy 100g,Snacks & Confectionery,Candy,84.88,53.62,SunriseFoods
SKU04726,CleanWave OTC Medicine 2kg,Health & Wellness,OTC Medicine,789.0,547.35,CleanWave
SKU04727,DailyBest Men's Grooming Pack of 12,Personal Care,Men's Grooming,491.3,319.75,DailyBest
SKU04728,CrispKing Air Fresheners Small,Home Care,Air Fresheners,217.88,125.66,CrispKing
SKU04729,PrimeCare Batteries 250ml,Electronics & Accessories,Batteries,1746.02,1237.64,PrimeCare
SKU04730,SmartBuy Men's Wear Pack of 12,Apparel & Footwear,Men's Wear,1506.33,1102.93,SmartBuy
SKU04731,SoftTouch Hair Care Pack of 6,Personal Care,Hair Care,98.95,66.97,SoftTouch
SKU04732,FamilyChoice Office Supplies Large,Stationery & Office,Office Supplies,102.18,57.82,FamilyChoice
SKU04733,TrueTaste Dishwashing Medium,Home Care,Dishwashing,486.39,280.07,TrueTaste
SKU04734,BasicNeeds Soft Drinks 1kg,Beverages,Soft Drinks,159.5,125.39,BasicNeeds
SKU04735,PremiumSelect Pulses & Lentils 2L,Grocery,Pulses & Lentils,604.76,361.25,PremiumSelect
SKU04736,SparkleClean Chocolates Small,Snacks & Confectionery,Chocolates,143.03,89.66,SparkleClean
SKU04737,TrueTaste Batteries 2kg,Electronics & Accessories,Batteries,1427.53,1030.5,TrueTaste
SKU04738,UrbanBite Ready Meals 2L,Frozen Foods,Ready Meals,768.39,574.72,UrbanBite
SKU04739,SparkleClean Men's Grooming 500ml,Personal Care,Men's Grooming,273.32,212.58,SparkleClean
SKU04740,PurePlus Surface Cleaners 2kg,Home Care,Surface Cleaners,145.53,94.42,PurePlus
SKU04741,TrueTaste Storage & Containers 500g,Home & Kitchen,Storage & Containers,1088.07,868.36,TrueTaste
SKU04742,QuickBite Ready Meals 100g,Frozen Foods,Ready Meals,362.06,208.54,QuickBite
SKU04743,TrueTaste Rice & Grains Small,Grocery,Rice & Grains,385.89,291.98,TrueTaste
SKU04744,QuickBite Flour & Atta Medium,Grocery,Flour & Atta,232.79,143.87,QuickBite
SKU04745,SoftTouch Surface Cleaners Pack of 6,Home Care,Surface Cleaners,335.38,263.03,SoftTouch
SKU04746,SoftTouch Bath & Body 1kg,Personal Care,Bath & Body,364.33,279.55,SoftTouch
SKU04747,EliteHome Home Decor 100g,Home & Kitchen,Home Decor,1085.05,803.55,EliteHome
SKU04748,SunriseFoods Ice Cream Pack of 6,Frozen Foods,Ice Cream,553.81,388.19,SunriseFoods
SKU04749,CleanWave Kids Wear 500g,Apparel & Footwear,Kids Wear,1569.69,947.49,CleanWave
SKU04750,SunriseFoods OTC Medicine 2L,Health & Wellness,OTC Medicine,914.6,608.65,SunriseFoods
SKU04751,ValueChoice Oral Care Family Pack,Personal Care,Oral Care,210.56,117.64,ValueChoice
SKU04752,GoldenHarvest Vitamins & Supplements 100g,Health & Wellness,Vitamins & Supplements,833.79,606.46,GoldenHarvest
SKU04753,QuickBite Vitamins & Supplements 2L,Health & Wellness,Vitamins & Supplements,641.27,371.28,QuickBite
SKU04754,ZestyCo Small Appliances Family Pack,Electronics & Accessories,Small Appliances,2886.78,1774.13,ZestyCo
SKU04755,FreshFarm Namkeen 250ml,Snacks & Confectionery,Namkeen,176.07,107.62,FreshFarm
SKU04756,PrimeCare Vitamins & Supplements Medium,Health & Wellness,Vitamins & Supplements,665.32,496.99,PrimeCare
SKU04757,GreenValley Yogurt Medium,Dairy & Bakery,Yogurt,318.55,207.11,GreenValley
SKU04758,NutriPlus Footwear 1L,Apparel & Footwear,Footwear,2060.11,1408.36,NutriPlus
SKU04759,TrueTaste Kids Wear 2kg,Apparel & Footwear,Kids Wear,1217.72,733.26,TrueTaste
SKU04760,NatureBlend Vitamins & Supplements Pack of 12,Health & Wellness,Vitamins & Supplements,216.71,137.29,NatureBlend
SKU04761,FreshFarm Office Supplies Pack of 6,Stationery & Office,Office Supplies,287.71,195.06,FreshFarm
SKU04762,ValueChoice Frozen Vegetables 1L,Frozen Foods,Frozen Vegetables,437.45,261.84,ValueChoice
SKU04763,MetroBrand Cooking Oil 500g,Grocery,Cooking Oil,99.27,71.72,MetroBrand
SKU04764,SparkleClean OTC Medicine Small,Health & Wellness,OTC Medicine,1249.29,827.43,SparkleClean
SKU04765,NutriPlus Kids Wear 1kg,Apparel & Footwear,Kids Wear,2309.27,1837.98,NutriPlus
SKU04766,BasicNeeds Juices 500g,Beverages,Juices,112.83,69.01,BasicNeeds
SKU04767,PremiumSelect Soft Drinks 250g,Beverages,Soft Drinks,116.26,75.45,PremiumSelect
SKU04768,GreenValley Butter & Ghee 500ml,Dairy & Bakery,Butter & Ghee,104.95,81.98,GreenValley
SKU04769,CleanWave Home Decor 250g,Home & Kitchen,Home Decor,2064.58,1592.82,CleanWave
SKU04770,QuickBite Ice Cream 250ml,Frozen Foods,Ice Cream,343.82,230.72,QuickBite
SKU04771,ValueChoice Notebooks 1kg,Stationery & Office,Notebooks,76.55,44.47,ValueChoice
SKU04772,SunriseFoods Cookware 500ml,Home & Kitchen,Cookware,1952.93,1273.69,SunriseFoods
SKU04773,HomeStyle Ice Cream Small,Frozen Foods,Ice Cream,434.24,302.59,HomeStyle
SKU04774,EliteHome Mobile Accessories 500ml,Electronics & Accessories,Mobile Accessories,378.76,232.39,EliteHome
SKU04775,TrueTaste Milk 2L,Dairy & Bakery,Milk,121.08,72.38,TrueTaste
SKU04776,PurePlus Bottled Water 500g,Beverages,Bottled Water,218.83,149.43,PurePlus
SKU04777,EliteHome Oral Care 250g,Personal Care,Oral Care,135.53,80.51,EliteHome
SKU04778,SmartBuy Vitamins & Supplements Family Pack,Health & Wellness,Vitamins & Supplements,485.82,373.42,SmartBuy
SKU04779,EliteHome Biscuits & Cookies Pack of 6,Snacks & Confectionery,Biscuits & Cookies,192.22,109.29,EliteHome
SKU04780,NatureBlend Biscuits & Cookies 100g,Snacks & Confectionery,Biscuits & Cookies,37.42,29.82,NatureBlend
SKU04781,CleanWave Cooking Oil 2L,Grocery,Cooking Oil,79.52,54.43,CleanWave
SKU04782,NovaFresh Mobile Accessories 100g,Electronics & Accessories,Mobile Accessories,1639.0,1304.46,NovaFresh
SKU04783,PureLife Cookware 250g,Home & Kitchen,Cookware,1943.37,1433.97,PureLife
SKU04784,CrispKing Women's Wear 250ml,Apparel & Footwear,Women's Wear,1758.96,1034.66,CrispKing
SKU04785,NovaFresh Skin Care Pack of 6,Personal Care,Skin Care,423.51,257.01,NovaFresh
SKU04786,HomeStyle Vitamins & Supplements Pack of 6,Health & Wellness,Vitamins & Supplements,1022.18,589.53,HomeStyle
SKU04787,NatureBlend Writing Instruments Small,Stationery & Office,Writing Instruments,161.55,118.3,NatureBlend
SKU04788,HealthFirst Vitamins & Supplements 500g,Health & Wellness,Vitamins & Supplements,583.18,345.34,HealthFirst
SKU04789,FreshFarm Bread 500g,Dairy & Bakery,Bread,67.08,48.88,FreshFarm
SKU04790,EliteHome Bath & Body 1L,Personal Care,Bath & Body,155.92,119.26,EliteHome
SKU04791,CleanWave Batteries Large,Electronics & Accessories,Batteries,2688.04,1755.1,CleanWave
SKU04792,HomeStyle Air Fresheners Pack of 12,Home Care,Air Fresheners,429.4,307.13,HomeStyle
SKU04793,CityFresh Home Decor Pack of 12,Home & Kitchen,Home Decor,582.12,450.44,CityFresh
SKU04794,BasicNeeds Cookware 250g,Home & Kitchen,Cookware,2218.35,1637.77,BasicNeeds
SKU04795,CleanWave Pulses & Lentils Large,Grocery,Pulses & Lentils,281.26,163.89,CleanWave
SKU04796,CleanWave Mobile Accessories Family Pack,Electronics & Accessories,Mobile Accessories,1974.55,1230.4,CleanWave
SKU04797,BasicNeeds Bath & Body 2L,Personal Care,Bath & Body,297.66,203.57,BasicNeeds
SKU04798,EverydayPlus Ready Meals 250ml,Frozen Foods,Ready Meals,640.44,394.55,EverydayPlus
SKU04799,SoftTouch Yogurt Pack of 6,Dairy & Bakery,Yogurt,161.33,109.14,SoftTouch
SKU04800,SoftTouch Oral Care Pack of 6,Personal Care,Oral Care,816.44,643.52,SoftTouch
SKU04801,EverydayPlus Butter & Ghee Large,Dairy & Bakery,Butter & Ghee,108.26,71.81,EverydayPlus
SKU04802,MetroBrand Cooking Oil 250g,Grocery,Cooking Oil,237.57,146.2,MetroBrand
SKU04803,PurePlus Men's Wear 1L,Apparel & Footwear,Men's Wear,1055.76,619.36,PurePlus
SKU04804,SunriseFoods Bottled Water Pack of 12,Beverages,Bottled Water,229.19,177.69,SunriseFoods
SKU04805,EverydayPlus Oral Care 250ml,Personal Care,Oral Care,136.32,82.81,EverydayPlus
SKU04806,FreshFarm Biscuits & Cookies Medium,Snacks & Confectionery,Biscuits & Cookies,92.11,55.12,FreshFarm
SKU04807,CleanWave Coffee 100g,Beverages,Coffee,137.43,94.52,CleanWave
SKU04808,PrimeCare Men's Grooming 250g,Personal Care,Men's Grooming,492.31,327.6,PrimeCare
SKU04809,CleanWave Notebooks Small,Stationery & Office,Notebooks,219.51,141.89,CleanWave
SKU04810,SmartBuy Office Supplies 250g,Stationery & Office,Office Supplies,33.31,23.14,SmartBuy
SKU04811,MetroBrand Skin Care 500ml,Personal Care,Skin Care,281.13,194.64,MetroBrand
SKU04812,MetroBrand Ready Meals 2kg,Frozen Foods,Ready Meals,251.69,142.73,MetroBrand
SKU04813,GoldenHarvest Office Supplies Pack of 12,Stationery & Office,Office Supplies,397.81,260.06,GoldenHarvest
SKU04814,SmartBuy Biscuits & Cookies 100g,Snacks & Confectionery,Biscuits & Cookies,53.95,39.4,SmartBuy
SKU04815,NovaFresh Writing Instruments 250ml,Stationery & Office,Writing Instruments,287.64,185.65,NovaFresh
SKU04816,ValueChoice Juices Family Pack,Beverages,Juices,90.49,72.34,ValueChoice
SKU04817,HomeStyle Namkeen 250ml,Snacks & Confectionery,Namkeen,40.86,24.88,HomeStyle
SKU04818,HealthFirst Skin Care 2L,Personal Care,Skin Care,254.31,171.43,HealthFirst
SKU04819,SoftTouch Pulses & Lentils Family Pack,Grocery,Pulses & Lentils,222.61,159.94,SoftTouch
SKU04820,FreshFarm Women's Wear Pack of 6,Apparel & Footwear,Women's Wear,1659.68,1140.14,FreshFarm
SKU04821,PurePlus Cookware Small,Home & Kitchen,Cookware,335.99,188.08,PurePlus
SKU04822,HealthFirst Hair Care Family Pack,Personal Care,Hair Care,457.47,310.36,HealthFirst
SKU04823,SoftTouch Storage & Containers Pack of 6,Home & Kitchen,Storage & Containers,1018.52,806.27,SoftTouch
SKU04824,GoldenHarvest Kids Wear Medium,Apparel & Footwear,Kids Wear,1024.94,667.92,GoldenHarvest
SKU04825,PremiumSelect Kids Wear 1L,Apparel & Footwear,Kids Wear,1503.66,870.69,PremiumSelect
SKU04826,NovaFresh Men's Wear Medium,Apparel & Footwear,Men's Wear,1610.45,894.31,NovaFresh
SKU04827,SunriseFoods Frozen Vegetables Pack of 6,Frozen Foods,Frozen Vegetables,319.42,208.6,SunriseFoods
SKU04828,UrbanBite Energy Drinks 250ml,Beverages,Energy Drinks,145.98,87.05,UrbanBite
SKU04829,GreenValley Notebooks 2L,Stationery & Office,Notebooks,159.42,120.95,GreenValley
SKU04830,NovaFresh Vitamins & Supplements 250ml,Health & Wellness,Vitamins & Supplements,258.35,203.6,NovaFresh
SKU04831,HomeStyle Storage & Containers 250ml,Home & Kitchen,Storage & Containers,856.16,672.2,HomeStyle
SKU04832,NatureBlend Notebooks 2kg,Stationery & Office,Notebooks,208.17,133.98,NatureBlend
SKU04833,EverydayPlus Biscuits & Cookies 1L,Snacks & Confectionery,Biscuits & Cookies,115.48,76.64,EverydayPlus
SKU04834,CityFresh Men's Grooming 250ml,Personal Care,Men's Grooming,263.24,165.52,CityFresh
SKU04835,FreshFarm Biscuits & Cookies Pack of 6,Snacks & Confectionery,Biscuits & Cookies,62.1,36.16,FreshFarm
SKU04836,TrueTaste Spices & Seasoning 250ml,Grocery,Spices & Seasoning,370.47,255.54,TrueTaste
SKU04837,DailyBest Writing Instruments 1L,Stationery & Office,Writing Instruments,246.51,147.06,DailyBest
SKU04838,GreenValley Writing Instruments 500g,Stationery & Office,Writing Instruments,110.85,62.61,GreenValley
SKU04839,NovaFresh Writing Instruments 250ml,Stationery & Office,Writing Instruments,51.2,39.03,NovaFresh
SKU04840,FamilyChoice Storage & Containers 250ml,Home & Kitchen,Storage & Containers,639.65,479.5,FamilyChoice
SKU04841,PureLife Vitamins & Supplements Family Pack,Health & Wellness,Vitamins & Supplements,1189.41,929.61,PureLife
SKU04842,TrueTaste Frozen Vegetables 500ml,Frozen Foods,Frozen Vegetables,806.29,509.46,TrueTaste
SKU04843,SmartBuy Office Supplies 100g,Stationery & Office,Office Supplies,272.97,209.55,SmartBuy
SKU04844,ZestyCo Frozen Vegetables 2kg,Frozen Foods,Frozen Vegetables,259.02,168.26,ZestyCo
SKU04845,SparkleClean OTC Medicine Pack of 12,Health & Wellness,OTC Medicine,1000.23,568.33,SparkleClean
SKU04846,MetroBrand Chocolates 500g,Snacks & Confectionery,Chocolates,118.61,78.81,MetroBrand
SKU04847,ValueChoice Small Appliances 500g,Electronics & Accessories,Small Appliances,630.96,434.38,ValueChoice
SKU04848,QuickBite Women's Wear 250ml,Apparel & Footwear,Women's Wear,472.99,311.24,QuickBite
SKU04849,SunriseFoods Batteries 250ml,Electronics & Accessories,Batteries,1457.98,1088.18,SunriseFoods
SKU04850,NovaFresh Air Fresheners 1L,Home Care,Air Fresheners,273.9,174.74,NovaFresh
SKU04851,DailyBest Biscuits & Cookies 100g,Snacks & Confectionery,Biscuits & Cookies,86.17,67.24,DailyBest
SKU04852,MetroBrand Pulses & Lentils Pack of 12,Grocery,Pulses & Lentils,366.43,208.33,MetroBrand
SKU04853,EliteHome First Aid 1kg,Health & Wellness,First Aid,541.65,395.46,EliteHome
SKU04854,SparkleClean Batteries Pack of 12,Electronics & Accessories,Batteries,1401.83,1096.57,SparkleClean
SKU04855,EliteHome Women's Wear 2L,Apparel & Footwear,Women's Wear,1757.08,1209.38,EliteHome
SKU04856,HomeStyle Office Supplies 1kg,Stationery & Office,Office Supplies,245.47,188.93,HomeStyle
SKU04857,SoftTouch Air Fresheners 1L,Home Care,Air Fresheners,451.19,326.19,SoftTouch
SKU04858,EverydayPlus Men's Wear 100g,Apparel & Footwear,Men's Wear,1174.96,650.5,EverydayPlus
SKU04859,CityFresh Small Appliances Pack of 12,Electronics & Accessories,Small Appliances,2004.51,1438.86,CityFresh
SKU04860,MetroBrand Milk 2kg,Dairy & Bakery,Milk,142.95,102.09,MetroBrand
SKU04861,QuickBite Storage & Containers 250ml,Home & Kitchen,Storage & Containers,1503.58,826.98,QuickBite
SKU04862,TrueTaste Cooking Oil 500g,Grocery,Cooking Oil,74.31,48.47,TrueTaste
SKU04863,CleanWave First Aid 250ml,Health & Wellness,First Aid,801.26,448.47,CleanWave
SKU04864,NatureBlend Office Supplies 250ml,Stationery & Office,Office Supplies,110.36,68.78,NatureBlend
SKU04865,PureLife OTC Medicine 1kg,Health & Wellness,OTC Medicine,1576.52,1255.93,PureLife
SKU04866,PremiumSelect Writing Instruments Family Pack,Stationery & Office,Writing Instruments,132.78,104.24,PremiumSelect
SKU04867,TrueTaste Sugar & Salt 2kg,Grocery,Sugar & Salt,275.33,198.57,TrueTaste
SKU04868,NutriPlus Ice Cream 500g,Frozen Foods,Ice Cream,647.03,415.21,NutriPlus
SKU04869,NovaFresh Footwear 2L,Apparel & Footwear,Footwear,1157.49,751.34,NovaFresh
SKU04870,EliteHome First Aid 2kg,Health & Wellness,First Aid,328.18,183.63,EliteHome
SKU04871,GreenValley Cookware 500ml,Home & Kitchen,Cookware,761.27,483.08,GreenValley
SKU04872,NutriPlus Dishwashing Pack of 12,Home Care,Dishwashing,154.36,115.17,NutriPlus
SKU04873,SparkleClean Batteries 250g,Electronics & Accessories,Batteries,1165.65,792.45,SparkleClean
SKU04874,ValueChoice Surface Cleaners 1L,Home Care,Surface Cleaners,272.79,182.54,ValueChoice
SKU04875,ZestyCo Cookware 100g,Home & Kitchen,Cookware,1349.03,772.69,ZestyCo
SKU04876,PurePlus Juices 100g,Beverages,Juices,66.28,51.68,PurePlus
SKU04877,PureLife Yogurt 250g,Dairy & Bakery,Yogurt,190.33,118.15,PureLife
SKU04878,PureLife Coffee 500g,Beverages,Coffee,150.39,97.11,PureLife
SKU04879,SunriseFoods Small Appliances 250ml,Electronics & Accessories,Small Appliances,1631.86,1032.44,SunriseFoods
SKU04880,SparkleClean Chips & Crisps Family Pack,Snacks & Confectionery,Chips & Crisps,134.41,84.97,SparkleClean
SKU04881,HealthFirst Milk Large,Dairy & Bakery,Milk,391.06,273.68,HealthFirst
SKU04882,MetroBrand Cookware 250g,Home & Kitchen,Cookware,1130.0,798.64,MetroBrand
SKU04883,PurePlus Men's Grooming Family Pack,Personal Care,Men's Grooming,399.81,279.72,PurePlus
SKU04884,FamilyChoice Tea Pack of 6,Beverages,Tea,234.65,133.08,FamilyChoice
SKU04885,SunriseFoods Spices & Seasoning 2L,Grocery,Spices & Seasoning,336.37,266.53,SunriseFoods
SKU04886,PureLife Chocolates Small,Snacks & Confectionery,Chocolates,155.4,113.21,PureLife
SKU04887,SmartBuy Storage & Containers 1L,Home & Kitchen,Storage & Containers,970.11,747.65,SmartBuy
SKU04888,CleanWave Ice Cream 1kg,Frozen Foods,Ice Cream,362.75,213.99,CleanWave
SKU04889,NutriPlus Office Supplies 1L,Stationery & Office,Office Supplies,175.19,137.18,NutriPlus
SKU04890,NovaFresh Chocolates Pack of 12,Snacks & Confectionery,Chocolates,96.81,70.71,NovaFresh
SKU04891,FamilyChoice Oral Care Pack of 12,Personal Care,Oral Care,647.88,437.43,FamilyChoice
SKU04892,PurePlus Energy Drinks 500g,Beverages,Energy Drinks,110.29,61.3,PurePlus
SKU04893,ValueChoice Hair Care Family Pack,Personal Care,Hair Care,764.67,468.97,ValueChoice
SKU04894,CleanWave Ready Meals 2kg,Frozen Foods,Ready Meals,262.59,199.49,CleanWave
SKU04895,PurePlus Kids Wear Medium,Apparel & Footwear,Kids Wear,1875.04,1209.02,PurePlus
SKU04896,EverydayPlus Men's Grooming 2kg,Personal Care,Men's Grooming,481.62,346.56,EverydayPlus
SKU04897,NatureBlend Women's Wear 100g,Apparel & Footwear,Women's Wear,904.26,662.55,NatureBlend
SKU04898,HomeStyle First Aid Family Pack,Health & Wellness,First Aid,966.22,718.78,HomeStyle
SKU04899,FreshFarm Cheese 2L,Dairy & Bakery,Cheese,222.1,143.39,FreshFarm
SKU04900,HomeStyle Storage & Containers 1kg,Home & Kitchen,Storage & Containers,1236.82,961.58,HomeStyle
SKU04901,GreenValley Dishwashing 100g,Home Care,Dishwashing,225.62,140.57,GreenValley
SKU04902,CrispKing Tea 250g,Beverages,Tea,275.17,208.86,CrispKing
SKU04903,EliteHome Office Supplies 500g,Stationery & Office,Office Supplies,237.98,156.16,EliteHome
SKU04904,HealthFirst Storage & Containers Large,Home & Kitchen,Storage & Containers,1471.86,895.71,HealthFirst
SKU04905,PureLife Cooking Oil 500g,Grocery,Cooking Oil,117.04,74.42,PureLife
SKU04906,HealthFirst Cookware 500g,Home & Kitchen,Cookware,2009.44,1506.86,HealthFirst
SKU04907,SparkleClean Office Supplies Medium,Stationery & Office,Office Supplies,198.11,139.41,SparkleClean
SKU04908,SoftTouch Kids Wear Large,Apparel & Footwear,Kids Wear,1133.38,662.09,SoftTouch
SKU04909,SmartBuy Bread 1kg,Dairy & Bakery,Bread,190.96,110.95,SmartBuy
SKU04910,HomeStyle Vitamins & Supplements Pack of 6,Health & Wellness,Vitamins & Supplements,369.87,266.97,HomeStyle
SKU04911,PureLife Frozen Vegetables 2L,Frozen Foods,Frozen Vegetables,524.33,319.77,PureLife
SKU04912,GreenValley Vitamins & Supplements 2L,Health & Wellness,Vitamins & Supplements,191.17,115.12,GreenValley
SKU04913,TrueTaste OTC Medicine 2kg,Health & Wellness,OTC Medicine,466.91,344.29,TrueTaste
SKU04914,DailyBest OTC Medicine Small,Health & Wellness,OTC Medicine,423.79,267.27,DailyBest
SKU04915,CrispKing Frozen Vegetables Large,Frozen Foods,Frozen Vegetables,752.96,426.99,CrispKing
SKU04916,SoftTouch Mobile Accessories Pack of 12,Electronics & Accessories,Mobile Accessories,1699.1,1114.96,SoftTouch
SKU04917,PureLife Ready Meals Large,Frozen Foods,Ready Meals,282.51,195.58,PureLife
SKU04918,PurePlus Flour & Atta 250g,Grocery,Flour & Atta,64.2,44.96,PurePlus
SKU04919,GoldenHarvest Pulses & Lentils Pack of 6,Grocery,Pulses & Lentils,374.09,211.22,GoldenHarvest
SKU04920,CleanWave Writing Instruments Family Pack,Stationery & Office,Writing Instruments,31.96,21.2,CleanWave
SKU04921,SparkleClean Cookware 2L,Home & Kitchen,Cookware,373.55,239.03,SparkleClean
SKU04922,NatureBlend Vitamins & Supplements Family Pack,Health & Wellness,Vitamins & Supplements,1250.82,828.34,NatureBlend
SKU04923,NutriPlus Biscuits & Cookies 250ml,Snacks & Confectionery,Biscuits & Cookies,64.54,36.17,NutriPlus
SKU04924,MetroBrand Footwear Large,Apparel & Footwear,Footwear,2799.28,1746.48,MetroBrand
SKU04925,CleanWave Coffee Family Pack,Beverages,Coffee,136.47,97.01,CleanWave
SKU04926,BasicNeeds Skin Care Pack of 6,Personal Care,Skin Care,458.92,266.85,BasicNeeds
SKU04927,GreenValley Bread Pack of 12,Dairy & Bakery,Bread,201.34,159.02,GreenValley
SKU04928,GreenValley Sugar & Salt 1L,Grocery,Sugar & Salt,382.38,305.32,GreenValley
SKU04929,CrispKing Footwear 2kg,Apparel & Footwear,Footwear,745.44,477.16,CrispKing
SKU04930,FreshFarm Ready Meals 2L,Frozen Foods,Ready Meals,682.34,491.45,FreshFarm
SKU04931,EverydayPlus Milk Family Pack,Dairy & Bakery,Milk,321.18,227.66,EverydayPlus
SKU04932,NatureBlend Frozen Vegetables 100g,Frozen Foods,Frozen Vegetables,311.93,184.6,NatureBlend
SKU04933,QuickBite Pulses & Lentils 1kg,Grocery,Pulses & Lentils,184.36,119.29,QuickBite
SKU04934,SoftTouch Laundry 1L,Home Care,Laundry,223.16,177.45,SoftTouch
SKU04935,CrispKing Frozen Vegetables 250ml,Frozen Foods,Frozen Vegetables,623.85,363.03,CrispKing
SKU04936,QuickBite Hair Care Pack of 6,Personal Care,Hair Care,328.89,228.18,QuickBite
SKU04937,GoldenHarvest Kids Wear 250ml,Apparel & Footwear,Kids Wear,1504.37,1052.75,GoldenHarvest
SKU04938,CityFresh Biscuits & Cookies Pack of 6,Snacks & Confectionery,Biscuits & Cookies,145.29,85.99,CityFresh
SKU04939,SunriseFoods Bottled Water 250g,Beverages,Bottled Water,173.32,118.52,SunriseFoods
SKU04940,ValueChoice Frozen Vegetables 2kg,Frozen Foods,Frozen Vegetables,617.3,481.1,ValueChoice
SKU04941,SmartBuy Cookware Pack of 12,Home & Kitchen,Cookware,332.87,192.7,SmartBuy
SKU04942,ZestyCo Men's Grooming 1L,Personal Care,Men's Grooming,281.75,168.33,ZestyCo
SKU04943,SunriseFoods Flour & Atta Pack of 12,Grocery,Flour & Atta,145.62,89.4,SunriseFoods
SKU04944,MetroBrand Notebooks Pack of 6,Stationery & Office,Notebooks,90.88,67.05,MetroBrand
SKU04945,FreshFarm Pest Control 2kg,Home Care,Pest Control,204.86,142.24,FreshFarm
SKU04946,PurePlus Candy 500ml,Snacks & Confectionery,Candy,42.93,29.02,PurePlus
SKU04947,FreshFarm OTC Medicine Family Pack,Health & Wellness,OTC Medicine,546.17,408.54,FreshFarm
SKU04948,GreenValley Milk Family Pack,Dairy & Bakery,Milk,288.18,228.98,GreenValley
SKU04949,PureLife Writing Instruments 100g,Stationery & Office,Writing Instruments,193.04,115.63,PureLife
SKU04950,NovaFresh Yogurt Pack of 12,Dairy & Bakery,Yogurt,340.58,256.46,NovaFresh
SKU04951,ZestyCo Ready Meals 1L,Frozen Foods,Ready Meals,484.55,311.33,ZestyCo
SKU04952,FamilyChoice Frozen Vegetables 100g,Frozen Foods,Frozen Vegetables,607.42,356.25,FamilyChoice
SKU04953,EliteHome Candy Pack of 6,Snacks & Confectionery,Candy,59.22,36.37,EliteHome
SKU04954,PureLife Surface Cleaners 100g,Home Care,Surface Cleaners,374.72,243.5,PureLife
SKU04955,PureLife Bottled Water 2kg,Beverages,Bottled Water,186.3,144.34,PureLife
SKU04956,FreshFarm First Aid Pack of 12,Health & Wellness,First Aid,597.85,400.32,FreshFarm
SKU04957,NutriPlus Footwear Medium,Apparel & Footwear,Footwear,1148.55,808.09,NutriPlus
SKU04958,CrispKing Notebooks 500ml,Stationery & Office,Notebooks,180.7,100.89,CrispKing
SKU04959,QuickBite Bread Medium,Dairy & Bakery,Bread,140.13,79.31,QuickBite
SKU04960,PureLife Eggs Medium,Dairy & Bakery,Eggs,156.63,122.89,PureLife
SKU04961,FamilyChoice Ice Cream 500ml,Frozen Foods,Ice Cream,217.61,165.29,FamilyChoice
SKU04962,SmartBuy Mobile Accessories 500g,Electronics & Accessories,Mobile Accessories,1443.52,970.64,SmartBuy
SKU04963,NovaFresh Notebooks Pack of 6,Stationery & Office,Notebooks,124.11,74.48,NovaFresh
SKU04964,FreshFarm Flour & Atta 100g,Grocery,Flour & Atta,295.19,165.32,FreshFarm
SKU04965,ValueChoice Namkeen Large,Snacks & Confectionery,Namkeen,83.76,66.49,ValueChoice
SKU04966,ZestyCo Bread 250ml,Dairy & Bakery,Bread,121.77,67.15,ZestyCo
SKU04967,NutriPlus Yogurt Small,Dairy & Bakery,Yogurt,160.72,97.94,NutriPlus
SKU04968,PremiumSelect Air Fresheners Small,Home Care,Air Fresheners,329.41,237.5,PremiumSelect
SKU04969,GoldenHarvest Storage & Containers 1L,Home & Kitchen,Storage & Containers,658.15,516.3,GoldenHarvest
SKU04970,FamilyChoice Rice & Grains Family Pack,Grocery,Rice & Grains,204.02,118.18,FamilyChoice
SKU04971,FamilyChoice Kids Wear Small,Apparel & Footwear,Kids Wear,1795.74,1335.08,FamilyChoice
SKU04972,SmartBuy Vitamins & Supplements Large,Health & Wellness,Vitamins & Supplements,688.96,436.07,SmartBuy
SKU04973,DailyBest OTC Medicine 250g,Health & Wellness,OTC Medicine,909.63,654.87,DailyBest
SKU04974,FreshFarm Mobile Accessories 1L,Electronics & Accessories,Mobile Accessories,1576.81,905.34,FreshFarm
SKU04975,GreenValley Energy Drinks Family Pack,Beverages,Energy Drinks,125.79,96.38,GreenValley
SKU04976,GreenValley Mobile Accessories Medium,Electronics & Accessories,Mobile Accessories,415.56,302.03,GreenValley
SKU04977,PurePlus Chocolates 500ml,Snacks & Confectionery,Chocolates,41.59,32.81,PurePlus
SKU04978,EverydayPlus Frozen Vegetables 250g,Frozen Foods,Frozen Vegetables,230.93,156.02,EverydayPlus
SKU04979,DailyBest Mobile Accessories 2kg,Electronics & Accessories,Mobile Accessories,403.4,311.39,DailyBest
SKU04980,FreshFarm OTC Medicine 2L,Health & Wellness,OTC Medicine,1147.16,785.92,FreshFarm
SKU04981,CityFresh Cheese Pack of 6,Dairy & Bakery,Cheese,149.4,101.32,CityFresh
SKU04982,FamilyChoice Oral Care Large,Personal Care,Oral Care,253.41,145.37,FamilyChoice
SKU04983,NatureBlend Pest Control 250g,Home Care,Pest Control,220.71,166.31,NatureBlend
SKU04984,PurePlus Flour & Atta 250ml,Grocery,Flour & Atta,236.75,154.61,PurePlus
SKU04985,QuickBite Mobile Accessories 2kg,Electronics & Accessories,Mobile Accessories,1179.22,825.46,QuickBite
SKU04986,QuickBite Bottled Water Family Pack,Beverages,Bottled Water,63.68,45.38,QuickBite
SKU04987,GreenValley Dishwashing 500g,Home Care,Dishwashing,421.88,313.75,GreenValley
SKU04988,SmartBuy Vitamins & Supplements 1kg,Health & Wellness,Vitamins & Supplements,315.9,219.18,SmartBuy
SKU04989,PrimeCare Pulses & Lentils 2kg,Grocery,Pulses & Lentils,80.54,56.78,PrimeCare
SKU04990,CityFresh Writing Instruments 250g,Stationery & Office,Writing Instruments,132.24,89.95,CityFresh
SKU04991,GreenValley Hair Care Pack of 6,Personal Care,Hair Care,206.19,145.05,GreenValley
SKU04992,QuickBite Pulses & Lentils 1L,Grocery,Pulses & Lentils,108.64,71.82,QuickBite
SKU04993,GreenValley First Aid 2L,Health & Wellness,First Aid,1067.68,794.46,GreenValley
SKU04994,NatureBlend Frozen Meat Large,Frozen Foods,Frozen Meat,261.4,196.74,NatureBlend
SKU04995,NutriPlus Vitamins & Supplements 500ml,Health & Wellness,Vitamins & Supplements,1081.35,734.54,NutriPlus
SKU04996,DailyBest Women's Wear 2kg,Apparel & Footwear,Women's Wear,1057.53,620.41,DailyBest
SKU04997,CrispKing Pest Control 250ml,Home Care,Pest Control,587.79,378.17,CrispKing
SKU04998,CleanWave Kids Wear Medium,Apparel & Footwear,Kids Wear,1238.94,941.58,CleanWave
SKU04999,NovaFresh Oral Care 1L,Personal Care,Oral Care,336.69,262.34,NovaFresh
SKU05000,NovaFresh Ready Meals 500g,Frozen Foods,Ready Meals,437.06,269.56,NovaFresh
